1937713912	您的周更博主已上线 ​​​	[<艾船儿>: 人好看，火锅也[舔屏][舔屏],<天使爱吃可丽饼>: 火锅[憧憬][憧憬][憧憬],<_你给我退下>: 哈哈终于等到你[鼓掌][鼓掌][鼓掌],<想要一屋子的酸奶>: 嘻嘻求裤子[羞嗒嗒]]
1937713912	更博倦怠期发几张自pei ​​​	[<Aries-99>: 回复 @取个什么名字好呢嘻嘻 :好吧 谢谢[可爱],<天使爱吃可丽饼>: 唇色和发型可以说是非常好看了,<取个什么名字好呢嘻嘻>: 回复 @艾船儿 :又看到你啦 尊好,<取个什么名字好呢嘻嘻>: 回复 @榴莲张张 :啾,<取个什么名字好呢嘻嘻>: 回复 @无论你在或不在 :啾啾,<取个什么名字好呢嘻嘻>: 回复 @一颗白菠萝 :最近太丧了,<取个什么名字好呢嘻嘻>: 回复 @我就是点点啊啊啊 :爆炸卷[并不简单],<取个什么名字好呢嘻嘻>: 回复 @是阿xin呀 :[污][污][污],<取个什么名字好呢嘻嘻>: 回复 @懒懒呐_ :都是vsco的功劳,<__jeuna>: 回复 @取个什么名字好呢嘻嘻 :[害羞][害羞][害羞],<我就是点点啊啊啊>: 这个卷好好看啊[好爱哦][好爱哦][好爱哦][好爱哦],<取个什么名字好呢嘻嘻>: 回复 @咦是冰冰妹儿呀 :好久不见[并不简单],<取个什么名字好呢嘻嘻>: 回复 @__jeuna :唉妈真会夸,<一颗白菠萝>: 夏天真真是倦怠期[摊手][摊手],<艾船儿>: 又在可爱啦[鼓掌],<取个什么名字好呢嘻嘻>: 回复 @Aries-99 :那是我闺蜜的,<__jeuna>: 唉妈真好看[笑而不语][笑而不语],<Aries-99>: 请问黄t有链接吗[爱你]]
1937713912	天天下雨神烦[愤怒] ​​​	[<取个什么名字好呢嘻嘻>: 回复 @BBKhunnie : @gogomylittlebanana,<取个什么名字好呢嘻嘻>: 回复 @只有你眉眼百看不厌_珂 :我也木有 我都是平底的[允悲],<取个什么名字好呢嘻嘻>: t @SEEK_SIMPLE,<一颗白菠萝>: 被长沙天气搞疯[摊手],<宇杭圆圆圆>: 一直下雨快烦死啦[二哈][二哈][二哈],<只有你眉眼百看不厌_珂>: 小仙女们！有木有下雨能穿的好看点的凉鞋，不要平跟我矮！求推荐嘤嘤嘤皮鞋要穿烂了！,<-小黄帽儿>: 今天充满港味的嘻妹[噢耶],<__jeuna>: 我这边也是都快下一个月了[笑cry],<艾船儿>: 天天烈日，神烦[笑cry][笑cry]]
1937713912	终于喝到一点点的我并没有觉得多好喝[拜拜] ​​​	[<取个什么名字好呢嘻嘻>: 回复 @Tse是意中人啊 :之前去的,<Tse是意中人啊>: 嘻妹去乌鲁木齐了啊,<Siopllpp>: 今天看到好多人排队买 我嫌热就没排[笑cry],<一颗白菠萝>: 感觉配料好吃 波霸好q！,<x77i>: 有隐藏菜单   冰淇淋红茶+波霸+奶霜 去冰三分甜[馋嘴],<小仙女ajing>: 我也觉得并怎么好喝,<joenad>: 回复 @joenad :好哒[爱你],<取个什么名字好呢嘻嘻>: 回复 @joenad : @gogomylittlebanana  这里,<取个什么名字好呢嘻嘻>: 回复 @大萌萌harina :可能是我没点对 我就随意点了个波霸奶茶[允悲],<joenad>: 亲，你的衬衣有🔗吗[心],<取个什么名字好呢嘻嘻>: 回复 @一二三六十十 :还有这样操作的[傻眼],<大萌萌harina>: 人太多了是不是！我觉得还不错喝的啊,<爱哭的宝宝不值得被爱>: 回复 @取个什么名字好呢嘻嘻 :真的，但是我不明白一堆人天天吹捧的味道在哪,<取个什么名字好呢嘻嘻>: 回复 @鱼与渔屿 :卡西欧G－shock,<鱼与渔屿>: 好可爱的嘻妹～能问下你帅气的班长 手表是什么品牌吗！蟹蟹[羞嗒嗒],<一二三六十十>: 你要喝多几次！我一开始也是这样认为然后就上瘾了[二哈],<取个什么名字好呢嘻嘻>: 回复 @樊小胖- :没太注意[晕],<樊小胖->: 回复 @取个什么名字好呢嘻嘻 :那化妆戴眼镜不会卡粉吗,<取个什么名字好呢嘻嘻>: 回复 @一七一冰淇淋 :我觉得一般般 就普通奶茶啊[允悲],<取个什么名字好呢嘻嘻>: 回复 @樊小胖- :会留印，不过过一会就没了,<一七一冰淇淋>: 嗷嗷不好喝吗？我一直想喝,<樊小胖->: 小仙女 戴眼镜不会留印吗？ 就是戴一会儿 再摘下来]
1937713912	戏非常多了 ​​​	[<陈翔橙的橙橙橙橙橙>: 嘻妹的背景布在哪里买的[眼泪],<佳文呢>: 这个风格好喜欢 有点旧旧的感觉 有发带链接吗,<假的王哥>: 喜慌你的红发带嘻嘻,<小鳄鱼爱洗澡爱放屁>: 眉毛太好看了 ！,<一颗白菠萝>: 有种油画的feel[哆啦A梦微笑]所以这个时候我应该问一下发带链接[幽灵],<一颗甜柚子呀>: 不只是好看了，风格太棒啦，美呆啦,<_BUYED>: 跟小姐姐的男朋友真的很像[喵喵],<展展展红绫>: 今天的风格好喜欢[兔子],<展颜2013>: 78有点像阿沁[馋嘴][馋嘴],<绿里以>: 和小姐姐同款了 开森！,<ZzweizZ->: 好喜欢这组照片 嘻妹好美 很有feel,<Seven七仔呀>: 我也买了这件 还没发货[笑cry],<取个什么名字好呢嘻嘻>: 回复 @小仙女ajing :因为我卧室装修的时候刷的就是蓝色油漆，现在越看越不喜欢了[允悲],<justRabbitLoveCarrot>: 好可爱，拍得真好,<待见祢>: 换了一种味道[熊猫],<取个什么名字好呢嘻嘻>: 衣 @JUSLIN时装,<小仙女ajing>: 回复 @取个什么名字好呢嘻嘻 :为啥看上去蓝色哒,<取个什么名字好呢嘻嘻>: 回复 @Siopllpp :第二个哈哈,<取个什么名字好呢嘻嘻>: 回复 @小仙女ajing :谈不上布置[允悲]就是拉了块白布,<__jeuna>: 哎哟真是好看！！[笑而不语],<icebabes>: 这个背景好好看啊～,<1hiico>: 嘻妹好港[并不简单],<小仙女ajing>: 纸片人~~这背景也是自己布置的吗,<爱乱看的二Ni>: 7、8有点港味！好看！,<艾船儿>: 可爱也非常多了[太开心],<12345H54321>: 敲美[兔子][兔子][兔子],<echo雀斑少女>: 越来越美丽了[爱你],<Siopllpp>: 哈哈哈 我是第一个吗[噢耶]]
1937713912	杂七杂八 ​​​	[<一七一冰淇淋>: 回复 @取个什么名字好呢嘻嘻 :快去喝！美味啊 天润奶啤,<Siopllpp>: 这个合照太模糊啦[笑cry],<取个什么名字好呢嘻嘻>: 回复 @ubbggccn :哈哈哈没 我们在家闹着玩呢,<ubbggccn>: 3 7是喝多了吗！哈哈哈哈,<取个什么名字好呢嘻嘻>: 回复 @一七一冰淇淋 :没，都没听过[允悲],<一七一冰淇淋>: 哈哈哈哈哈喝奶啤了没！！,<-张栗子>: 回复 @取个什么名字好呢嘻嘻 :哈哈 好哒,<取个什么名字好呢嘻嘻>: 回复 @-张栗子 :已经回来啦～我还会去新疆很多次的 以后还有机会[笑而不语],<-张栗子>: 回复 @取个什么名字好呢嘻嘻 :我在哈密～ 来找我 请你和班长吃哈密瓜[坏笑][坏笑][坏笑],<取个什么名字好呢嘻嘻>: 回复 @艾船儿 :贼好吃,<取个什么名字好呢嘻嘻>: 回复 @-张栗子 :这你都知道,<艾船儿>: 我的关注点停在了烤肉上[笑cry],<取个什么名字好呢嘻嘻>: 回复 @泡芙小姐姐记录日常 :本来就不白]
1937713912	在试衣间可以凹一百张照片 ​​​	[<取个什么名字好呢嘻嘻>: 回复 @_你给我退下 :不是最近 整个夏天都喜欢买吊带哈哈哈,<_你给我退下>: 最近嘻妹是比较偏爱小露香肩的衣服吗🙈🙈🙈,<-小黄帽儿>: 我看到了项圈很吸精哦[噢耶],<爱乱看的二Ni>: 红格子也好看哈哈！,<1hiico>: 最近忙着啃书 闲暇时光看到嘻妹哈哈哈哈,<肥牛卷_>: 我可以给你一百个啵啵,<ubbggccn>: 还是因为瘦[二哈],<JAJPSOND>: 嘻妹瘦的让人羡慕,<icebabes>: 但是你比我瘦下面可以配牛仔裤！我比较胖下面都不知道配什么🌚,<icebabes>: 我昨天也买了这件！！！！,<一颗甜柚子呀>: 你美你说了算！为啥子这么美[二哈][二哈][二哈],<展颜2013>: 锁骨好看的呀[爱你][爱你],<__jeuna>: 就是很喜欢你呀[害羞][害羞],<gooswoman>: 衣服什么牌子的，好好看，推荐呗[心][心][心],<haluhhh>: 求项圈！！[二哈],<你等等我我腿长跑不快啊>: 项圈加分➕[舔屏]]
1937713912	[白云]️ ​​​	[<取个什么名字好呢嘻嘻>: 回复 @1hiico :新疆[喵喵],<小萱在啊>: 我要承包嘻妹的笑容,<Oooones_yo>: 风景好靓～人也靓,<曾旭zzzzz>: 哇 嘻妹儿好看[憧憬],<1hiico>: 嘻妹去哪里玩儿了,<Jelly-wuuu>: 嘻妹出去野了[doge],<ZzweizZ->: 哈哈哈哈嘻妹好可爱啊,<giraffe祝杰伦新婚快乐>: 这小细腰~注意防晒啊！,<_你给我退下>: 今天有[熊] 喔[doge][doge][doge],<十八子小溪_>: 今天胸大腰细腿长～满分,<-小黄帽儿>: 这一身特别特别显高呀[噢耶],<一颗甜柚子呀>: 景美人更美[爱你][爱你][爱你],<__jeuna>: 美少女能让我亲一下吗[笑而不语]🙈[害羞]]
1937713912	这会天还没有黑我开心的时候 就想发微博🙊 ​​​	[<哎哟喂dei>: 小粉丝想知道无肩带内衣有🔗嘛？[憧憬],<叫我小心->: 回复 @取个什么名字好呢嘻嘻 :酱紫。好美好好看,<a张小张爱三岁>: 我的天美死了美死了,<森林暖洋icon>: 回复 @取个什么名字好呢嘻嘻 :只在课本上学到新疆早上九点上课[笑cry]。原来是真的，时区差异这么明显好。,<未命名的w君>: 回复 @取个什么名字好呢嘻嘻 :想买绿色没有了！！！,<取个什么名字好呢嘻嘻>: 回复 @一颗白菠萝 :爱您,<取个什么名字好呢嘻嘻>: 回复 @叫我小心- :不是的[允悲],<取个什么名字好呢嘻嘻>: 回复 @嘻皮儿A :男朋友送的，没有链接哦,<取个什么名字好呢嘻嘻>: 回复 @森林暖洋icon :这里的点很奇怪 中饭3点吃 晚饭8点吃[允悲],<取个什么名字好呢嘻嘻>: 回复 @LLY_ANC :以前发过的那家,<取个什么名字好呢嘻嘻>: 回复 @展颜2013 :有缘银,<取个什么名字好呢嘻嘻>: 回复 @假的王哥 :哈哈哈哈,<取个什么名字好呢嘻嘻>: 回复 @未命名的w君 :感谢热心网友替我解答🙊,<取个什么名字好呢嘻嘻>: choker店阻v信：544403595🙊报我id可以减5元并且包邮,<未命名的w君>: 回复 @LLY_ANC :呀谢谢小姐姐,<取个什么名字好呢嘻嘻>: 裤子 @JUSLIN时装,<展颜2013>: 已经有三件跟你同款了，我都快成你的小迷妹了[馋嘴][馋嘴],<森林暖洋icon>: 哈哈会不会天黑晚，天亮也晚,<LLY_ANC>: 回复 @未命名的w君 :背心是rp家的，还在售好像。,<LLY_ANC>: 亲，请问帽子怎么买的,<funnyy->: 求裤裤🔗哇[污][污][污],<嘻皮儿A>: bb求戒指链接[可愛],<嘿可以叫我milk呀>: 哇 想要裤子链接 好好看呀么么哒,<-小黄帽儿>: 看你发微博就好开心[并不简单],<ZzweizZ->: 小姐姐好好看啊啊啊啊[舔屏][舔屏],<叫我小心->: 里面穿的是胸贴吗。小美眉[doge],<发发的隐藏小号>: 敲好看 背心好特别,<爱乱看的二Ni>: 小背心好有特点！,<鲤鱼鲤鱼快长高>: 美死了[好爱哦],<一颗白菠萝>: 我开不开心都想给你评论[喵喵]]
1937713912	来到了一个很多维族小帅哥的地方[笑而不语]先把存图发掉🙊 乌鲁木齐 ​​​	[<取个什么名字好呢嘻嘻>: 回复 @一七一冰淇淋 :是的[笑而不语],<取个什么名字好呢嘻嘻>: 裙 @许仙不是仙人,<ubbggccn>: 小姐姐可以驾驭这种颜色[害羞],<蛋蛋姑娘小小号>: 吼看呀，耍嗨皮嘻妹,<是阿xin呀>: 怎么感觉好久不见嘻妹[哆啦A梦花心],<小头哥儿>: 哇 新疆超美诶！,<Siopllpp>: 答辩完出去玩啦～玩开心哦,<一七一冰淇淋>: 你去乌鲁木齐啦！！好好吃 我去年去吃了很多好吃的]
1937713912	怎么办呢今天太多照片了我都想放出来大家忍受一下这么多个我 ​​​	[<取个什么名字好呢嘻嘻>: 回复 @是阿xin呀 :好的，遵命🙊,<取个什么名字好呢嘻嘻>: 回复 @现在我叫泡泡了 :你的也好看！适合你这种甜甜的仙女,<取个什么名字好呢嘻嘻>: 回复 @豁二妹哟 :我也看不腻你[憧憬],<艾船儿>: 真美，真好[笑哈哈][笑哈哈],<现在我叫泡泡了>: 好看！咱们发型发型差不多哈哈哈 就是我没有卷,<取个什么名字好呢嘻嘻>: 回复 @SuperiorJoe :哈哈你不是第一个这么说的人！是的我是他亲妹妹🙊,<SuperiorJoe>: 回复 @取个什么名字好呢嘻嘻 :李钟硕🙊,<取个什么名字好呢嘻嘻>: 回复 @SuperiorJoe :像啥,<取个什么名字好呢嘻嘻>: 回复 @_你给我退下 :不是 烫的,<取个什么名字好呢嘻嘻>: 回复 @余温温温_ : @许仙不是仙人  这里,<1hiico>: 回复 @取个什么名字好呢嘻嘻 :哈哈哈哈哈哈可爱,<取个什么名字好呢嘻嘻>: 回复 @Siopllpp :老了老了,<取个什么名字好呢嘻嘻>: 回复 @长久愿 :是的呀,<取个什么名字好呢嘻嘻>: 回复 @想想的妈咪yoyo :哈哈老了几岁的感觉,<取个什么名字好呢嘻嘻>: 回复 @1hiico :反正迟早要知道的[喵喵],<取个什么名字好呢嘻嘻>: 回复 @好听有趣的名字 :不知道几个卷，让理发师自由发挥的,<取个什么名字好呢嘻嘻>: 回复 @发发的隐藏小号 :哈哈是的 搞了个爆炸头,<取个什么名字好呢嘻嘻>: 回复 @榴莲张张 :就这几天！前两天还在下雨[允悲],<取个什么名字好呢嘻嘻>: 回复 @假的王哥 :毕竟要工作了🙊,<取个什么名字好呢嘻嘻>: 帆布包 @Cassie爱喝卡士,<取个什么名字好呢嘻嘻>: 一身 @许仙不是仙人,<1hiico>: 这下好了吧 大家都知道你换发型了,<-小黄帽儿>: 我看到你换发型啦[噢耶],<想想的妈咪yoyo>: 卷了发 气质爆棚好吗 一夜长大 喜欢,<长久愿>: 诶新发型吗[羞嗒嗒],<爱乱看的二Ni>: 哈哈哈trouble maker,<Siopllpp>: 烫头发了吗～看起来比以前成熟了点[噢耶],<Jelly-wuuu>: 完全看不厌 还可以再看n个[二哈],<假的王哥>: 卷的嘻妹感觉不再是小朋友了[喵喵],<一颗甜柚子呀>: 不是忍受 是享受[色][色][色],<余温温温_>: 请问上衣有链接嘛  好稀饭[爱你],<好听有趣的名字>: 也想烫这种头发，几个卷啊[污],<发发的隐藏小号>: 烫头发了吗！敲美,<榴莲张张>: 可以看出来嘻妹那边的天气好到没朋友！！,<鲤鱼鲤鱼快长高>: 做头发啦嘻妹！[好爱哦],<是阿xin呀>: 那你能不能每天都这样[兔子],<_你给我退下>: 今天的秀发是自己卷的嘛？[太开心],<我就是个有趣的人>: 越多越好 我喜欢 [并不简单],<xxxibgdrgn_bobo>: 感觉头发长了好多,<FENGxx->: 哇好好看[哆啦A梦美味],<我是胖子要减减减肥>: 美！ 什么滤镜！,<-夏沫summer->: 每张都那么好看[嘻嘻],<我是糖水呀>: 好好看！[噢耶],<_你给我退下>: 怎么办呢 今天太多照片了 我都想看多几眼 大家享受一下这么多个嘻妹 [doge][doge][doge],<SuperiorJoe>: 嗷 我一直都觉得小姐姐长得很像...[羞嗒嗒],<xm_两个西柚>: [羞嗒嗒]发型好好看,<这样的阿董>: [羞嗒嗒]小姐姐真好看吖,<小鳄鱼爱洗澡爱放屁>: 天哪！太美了！今天我居然和这么美的嘻妹尬聊！[允悲][允悲]]
1937713912	昨天发过的小黄哦很好看的黄 ​​​	[<取个什么名字好呢嘻嘻>: 回复 @ubbggccn :爱你！每次都夸我[哆啦A梦亲亲][哆啦A梦亲亲],<取个什么名字好呢嘻嘻>: 回复 @SteMMphy : @小四-design,<取个什么名字好呢嘻嘻>: 鞋 @小四-design,<取个什么名字好呢嘻嘻>: 一身 @许仙不是仙人,<SteMMphy>: 想要鞋子链接[熊猫][熊猫][熊猫],<喵吃瓜汪>: 裤子好好看哦!我想求个链接可以嘛[兔子],<纹印c>: [doge]腿好长！,<ubbggccn>: 这个裤子好显腿长啊！这个头发好好看 超适合你！,<__jeuna>: 这个黄色真好看！！！,<小雨喜栗栗>: 真的还不错[哈哈]]
1937713912	各位欣赏一哈自pei了一小时呢 ​​​	[<取个什么名字好呢嘻嘻>: 回复 @懒懒呐_ :应该是八点的样子🙊,<小鳄鱼爱洗澡爱放屁>: 让我来猜一猜[并不简单]下面是长裤～,<小鳄鱼爱洗澡爱放屁>: 回复 @取个什么名字好呢嘻嘻 :我想嘻妹了～[抱抱][抱抱][抱抱],<懒懒呐_>: 耳饰好好看，几点直播？,<不想上课咔咔>: 回复 @取个什么名字好呢嘻嘻 :[爱你][爱你],<取个什么名字好呢嘻嘻>: 回复 @啊娜呀呀 : @许仙不是仙人  这里的哈！我明天会再发一组全身搭配图！很好看的黄色,<丹丹噢->: 回复 @取个什么名字好呢嘻嘻 :好的 谢谢噢[羞嗒嗒],<取个什么名字好呢嘻嘻>: 回复 @取个什么名字好呢嘻嘻 :顶一个,<取个什么名字好呢嘻嘻>: 回复 @-VIVI菌 :ysl羽毛,<取个什么名字好呢嘻嘻>: 回复 @52skawngur :见评论,<取个什么名字好呢嘻嘻>: 回复 @丹丹噢- :评论里有,<取个什么名字好呢嘻嘻>: 回复 @是的是的是的林静是我- :我高妹这里买的！ @一只蔚_,<取个什么名字好呢嘻嘻>: 回复 @不想上课咔咔 :放评论了,<取个什么名字好呢嘻嘻>: 发带！  http://t.cn/RSW6HB4,<取个什么名字好呢嘻嘻>: 回复 @Zzz__李尽欢 :耳饰加v544403595,<取个什么名字好呢嘻嘻>: 回复 @小邓喂- :耳夹哈,<取个什么名字好呢嘻嘻>: 耳夹这里！店阻v信：544403595🙊店阻说报我id可以减5元并且包邮（画重点！！,<啊娜呀呀>: 小姐姐 短袖好眼熟,<堇王王王王>: 这小姐姐美得[笑而不语]等看直播哈哈,<佳文呢>: 很好看！真的！[羞嗒嗒],<Siopllpp>: 必须夸你[噢耶],<不想上课咔咔>: 想要发带链接[害羞],<小邓喂->: 是是耳夹还是耳洞款啊！,<Tse是意中人啊>: 要看小姐姐直播了[doge],<Liiiiizzzzzz是胖胖>: [1]️不是我本人么,<艾船儿>: 眼镜好看，人也好看[污],<-小黄帽儿>: 好不一样的你呀 好看🤗,<ZzweizZ->: 好看啊啊啊啊！！眼镜也好好看[舔屏][舔屏],<是的是的是的林静是我->: 想求眼镜链接哈哈,<一颗甜柚子呀>: 蛋黄味儿的嘻妹[色][色][色],<丹丹噢->: 小仙女可以分享一下发带哪里入的吗[舔屏],<52skawngur>: 喜欢发带！带着好适合你啊～有🔗吗[哆啦A梦开心]打扰啦,<-VIVI菌>: 想知道小姐姐用什么粉底[兔子],<取个什么名字好呢嘻嘻>: 回复 @蛋蛋姑娘小小号 :啊？中啥奖了……我怎么不知道,<蛋蛋姑娘小小号>: 回复 @取个什么名字好呢嘻嘻 :反正我看到你中奖了哈哈哈哈哈,<取个什么名字好呢嘻嘻>: 今晚直播一下好吗 好的／聊聊我最近入的小配饰好吗 好的,<aMeiss>: 今天很酷嘛哈哈哈,<蛋蛋姑娘小小号>: 可以说非常的好看了,<取个什么名字好呢嘻嘻>: 回复 @负债累累的权太太 :不是[喵喵],<负债累累的权太太>: 发带是nana家的吗？,<鱼小甜大大>: 发带好看！人更美[噢耶][噢耶][噢耶],<取个什么名字好呢嘻嘻>: 回复 @唐肉松 :很捧场了]
1937713912	发完这一条就匿几天最近太忙了 忙哭 ​​​	[<李迷藏>: 我最近作业也超多,<HerecomesLeonie>: 好喜欢包包呀[憧憬],<__jeuna>: 我的嘻想死你啦[好爱哦][好爱哦],<Jelly-wuuu>: 忙完快回来 会很想你的,<aMeiss>: 锁骨太好看了[花痴],<_你给我退下>: 我也是忙哭了要写8000字学年论文，幸亏初级会计过了嘤嘤嘤🙈,<取个什么名字好呢嘻嘻>: 衣服 @惠子AHui]
1937713912	[哆啦A梦开心][哆啦A梦美味][哆啦A梦亲亲][哆啦A梦笑][哆啦A梦无奈]新表情蜜汁可爱 ​​​	[<李迷藏>: 哈哈哈对 超爱新表情,<小萱在啊>: 那还是嘻妹最可爱,<ZzweizZ->: 粉粉嫩嫩好可爱啊[舔屏][舔屏],<橘子味小阿慧>: 你是不是天使来的,<取个什么名字好呢嘻嘻>: 回复 @佳佳酱95 :最近没时间哦，13号以后吧🙊,<佳佳酱95>: 什么时候直播啊，,<发发的隐藏小号>: 你更可爱 这组超喜欢,<十三嗨>: 对呀新电影的哆啦A梦造型,<小仙女ajing>: 小吊带穿起来[哆啦A梦美味][哆啦A梦美味][哆啦A梦美味],<_Brume>: 你才是蜜汁可爱～,<__jeuna>: 回复 @取个什么名字好呢嘻嘻 :快来  http://t.cn/RMY16pD,<取个什么名字好呢嘻嘻>: 回复 @爱乱看的二Ni :你也可爱[偷乐],<取个什么名字好呢嘻嘻>: 回复 @Seven七仔呀 :你也是[哆啦A梦美味],<取个什么名字好呢嘻嘻>: 回复 @小花花花嗯花花 :哈哈哈来 给抱,<取个什么名字好呢嘻嘻>: 回复 @施华洛世奇玻璃心 :实话[哆啦A梦美味],<取个什么名字好呢嘻嘻>: 回复 @_你给我退下 :哈哈哈哈,<取个什么名字好呢嘻嘻>: 回复 @展颜2013 :爱你哟,<__jeuna>: 你的胳膊简直让我想紧紧抱住[喵喵][喵喵][喵喵],<_你给我退下>: 嘻妹是喝露水长大的吗[doge][doge][doge],<Seven七仔呀>: 你更可爱[憧憬],<小鳄鱼爱洗澡爱放屁>: 哟嚯～ [奥特曼][奥特曼][奥特曼],<展颜2013>: 卧槽卧槽，看了辣么多，这组惊艳到我了，给你比个小心心[心][心][心],<蛋蛋姑娘小小号>: 新衣服好喜欢，太好看了吧,<纹印c>: 笑起来好看[doge],<爱乱看的二Ni>: 哎呀你也可爱[哆啦A梦开心][哆啦A梦美味][哆啦A梦亲亲][哆啦A梦笑][哆啦A梦无奈],<艾船儿>: [哆啦A梦开心][哆啦A梦美味][哆啦A梦亲亲][哆啦A梦笑][哆啦A梦无奈]跟你一样可爱*^o^*,<施华洛世奇玻璃心>: 像你[哆啦A梦美味][哆啦A梦美味]可爱]
1937713912	我实在是想发自拍了大家随意看看存图太多了 ​​​	[<取个什么名字好呢嘻嘻>: 回复 @舌甘阿姨 :欢迎[鼓掌],<取个什么名字好呢嘻嘻>: 回复 @神奇女侠zzz :曲江书城,<神奇女侠zzz>: 曲江的一个书店应该是,<小仙女ajing>: 迷妹在这[emoji],<芒果小丸子77>: 回复 @取个什么名字好呢嘻嘻 :嘻嘻六一快乐[心],<取个什么名字好呢嘻嘻>: 回复 @看_头顶有朵太阳花 :图片评论  http://t.cn/RSMxQbM,<芒果小丸子77>: 好看[舔屏]求帽子链接~,<栗慧子>: 回复 @取个什么名字好呢嘻嘻 :谢谢～[心],<lesscomplaintwillbebetter>: 回复 @取个什么名字好呢嘻嘻 :谢谢[羞嗒嗒],<蛋蛋姑娘小小号>: 可以说非常的美了,<取个什么名字好呢嘻嘻>: 回复 @栗慧子 :阿玛尼黑管501和得鲜m06,<取个什么名字好呢嘻嘻>: 回复 @一只减肥的六六君 :啊哈哈哈开熏 我喜欢二硕,<取个什么名字好呢嘻嘻>: 回复 @PEARLAY :得鲜m06,<取个什么名字好呢嘻嘻>: 回复 @lucy的小怪兽 :图一阿玛尼黑管501，剩下两张自拍均是得鲜m06,<取个什么名字好呢嘻嘻>: 回复 @ubbggccn :爱您,<取个什么名字好呢嘻嘻>: 回复 @-是旭旭呀 :有一丢丢,<森林暖洋icon>: 很好看呀 [月亮],<取个什么名字好呢嘻嘻>: 回复 @旺嘻嘻wx :我和鹿姐姐都在忙毕设哈哈,<取个什么名字好呢嘻嘻>: 回复 @塔塔夯_ :手机自带相机拍的，vsco调色,<取个什么名字好呢嘻嘻>: 回复 @我就瞎说呢 :得鲜m06,<PEARLAY>: 最后一张什么口红,<取个什么名字好呢嘻嘻>: 回复 @赵大豆zzy :randompiece,<ZzweizZ->: 好美！！喜欢[舔屏],<取个什么名字好呢嘻嘻>: 回复 @lesscomplaintwillbebetter :之前发过的，你翻翻前几条微博哈,<lucy的小怪兽>: 想知道口红[舔屏][舔屏][舔屏]吼吼看,<lesscomplaintwillbebetter>: 想问问漂亮小姐姐白色连体裤有没有链接呀[好喜欢],<小头哥儿>: 喜欢最后一张！超夏天！,<爱乱看的二Ni>: 哈哈哈哈精灵感的小姑娘！,<赵大豆zzy>: 可以说一下帆布包么，好好看[太开心],<__jeuna>: 美死啦你[好爱哦][好爱哦][好爱哦][好爱哦],<假的王哥>: 最后一张美到我了🙈🙈,<一只减肥的六六君>: 嘻妹哈哈哈哈哈我觉得你有点像女版的二硕！,<栗慧子>: 口红是什么！美哭了！,<丁淳希>: 前置拍都这么可爱,<塔塔夯_>: 请问用什么软件拍的？ 🤓,<旺嘻嘻wx>: 多发多发[好爱哦]每天都在等你和鹿姐姐[笑哈哈][笑哈哈],<是阿xin呀>: 就想看自拍[偷乐],<ubbggccn>: 发什么都喜欢 🙈]
1937713912	很是俏皮了毕竟明天要过节🙊 ​​​	[<李迷藏>: 最可爱也就这样子了,<Tse是意中人啊>: 嘻妹头发是不是长了[奥特曼],<我爱你胜过money>: 儿童节快乐呀！刘海长长了,<取个什么名字好呢嘻嘻>: 裙 @许仙不是仙人,<取个什么名字好呢嘻嘻>: 回复 @很想很想说再见o :就是一起的[允悲],<取个什么名字好呢嘻嘻>: 回复 @小考咩 :你更可爱！,<取个什么名字好呢嘻嘻>: 回复 @橘子榨汽水呀 :你也快乐,<取个什么名字好呢嘻嘻>: 回复 @一颗甜柚子呀 :哈哈一起[笑而不语],<听飞机唱歌>: 回复 @取个什么名字好呢嘻嘻 :哈哈哈开玩笑 很美啦,<取个什么名字好呢嘻嘻>: 回复 @一颗白菠萝 :一起🙊,<取个什么名字好呢嘻嘻>: 回复 @南瓜粥April :真宠我哈哈哈,<很想很想说再见o>: 包跟衣服融为一体,<取个什么名字好呢嘻嘻>: 回复 @听飞机唱歌 :？？？睡裙？[允悲],<橘子榨汽水呀>: 嘻妹，六一快乐[并不简单],<听飞机唱歌>: 来抢个热门吧 睡裙真好看[微笑]（我是黑粉）,<展颜2013>: [鲜花][鲜花][鲜花][鲜花],<一颗甜柚子呀>: 走走走过节去[二哈][二哈][二哈],<南瓜粥April>: 嘻妹儿童节快乐[羞嗒嗒],<一颗白菠萝>: 一起过节[摊手],<取个什么名字好呢嘻嘻>: 回复 @爱乱看的二Ni :啊哈哈 也祝你快乐[喵喵],<爱乱看的二Ni>: 真可爱！提前预祝儿童节快乐！]
1937713912	码完论文的我心里美滋滋 ​​​	[<一颗甜柚子呀>: 呀呀呀可以美美的拍毕业照啦,<蛋蛋姑娘小小号>: 才看到，好美嘻美,<发发的隐藏小号>: 我明天早上查重[允悲][爱你],<小萱在啊>: 嘻妹完成了一件大事  [鼓掌],<-小黄帽儿>: 哈哈哈整个人看起来都更美了[噢耶],<神奇女侠zzz>: 真是羡慕手臂没肉的人,<听飞机唱歌>: 这个帽子防晒吗！！！我最近也想买来着,<佳文呢>: 我已经离瘦越来越远了[摊手],<取个什么名字好呢嘻嘻>: 回复 @a张小张爱三岁 :长了 放飞自我了🙊,<怪味大姐姐吖>: 这么美好吗！！！,<色哥-coloars>: 回复 @穆恩欧巴 :色哥这里[鲜花],<a张小张爱三岁>: 哈哈你的刘海呢[费解],<噜啦嘿x>: 这个裙子今年真的是红红火火恍恍惚惚[笑cry],<鱼小甜大大>: 哈哈哈哈哈可以出去放松了！[偷笑],<张大妈->: 喜欢好久没有买 给了我买的理由[爱你],<Tse是意中人啊>: 回复 @取个什么名字好呢嘻嘻 :真的啊[爱你],<小仙女ajing>: 吊带穿起来~~~我也好喜欢,<橘子味小阿慧>: 回复 @取个什么名字好呢嘻嘻 :嗯嗯买！,<__jeuna>: 回复 @取个什么名字好呢嘻嘻 :biu~biu~  http://t.cn/RMY10WQ,<取个什么名字好呢嘻嘻>: 一身 @RandomPiece,<取个什么名字好呢嘻嘻>: 回复 @Tse是意中人啊 :尊的吗[喵喵],<取个什么名字好呢嘻嘻>: 回复 @人贱人爱的贱贱 :比心[爱你],<取个什么名字好呢嘻嘻>: 回复 @一颗白菠萝 :还是要等答辩完才能彻底放松[喵喵],<取个什么名字好呢嘻嘻>: 回复 @Siopllpp :离要工作又近了一步[哈欠],<取个什么名字好呢嘻嘻>: 回复 @橘子味小阿慧 :快买 这个真的好看！,<取个什么名字好呢嘻嘻>: 回复 @穆恩欧巴 : @色哥-coloars  这里哈,<取个什么名字好呢嘻嘻>: 回复 @一只灿欧巴 :会夸！啾啾你,<1个贝贝妮>: 回复 @取个什么名字好呢嘻嘻 :虽然我搞得差不多了，但是还是心里很悬觉得,<取个什么名字好呢嘻嘻>: 回复 @半沓煎饼果子芯 :并没有 我还有答辩[允悲],<取个什么名字好呢嘻嘻>: 回复 @一只小小号呀 :就是新版的那个,<取个什么名字好呢嘻嘻>: 回复 @小花花花嗯花花 :开熏🙊,<取个什么名字好呢嘻嘻>: 回复 @aMeiss :你也是[憧憬],<取个什么名字好呢嘻嘻>: 回复 @1个贝贝妮 :我们也要答辩啊[允悲]但搞完论文就感觉轻松了一大半,<aMeiss>: 唔 羡慕嘻嘻 又瘦又美[羞嗒嗒],<Tse是意中人啊>: 你把我迷的不要不要的了[doge][doge],<一只小小号呀>: 恭喜[鼓掌]我已经答辩完啦，想问一下你的999是滋润版的还是哑光版的呀,<1个贝贝妮>: 你们真好，搞个论文就行，我们还要演示答辩,<一只灿欧巴>: 嘻妹  你美得犯规了    超好看,<一颗白菠萝>: 可以说完成一件大事了,<Siopllpp>: 离回家又近一步了[噢耶],<小头哥儿>: 好瘦！穿吊带都这么瘦！羡慕！哈哈哈,<宇杭圆圆圆>: 恭喜！！开心[爱你][爱你][爱你],<假的王哥>: 不说了不说了直接抱走了,<取个什么名字好呢嘻嘻>: 回复 @_你给我退下 :你每次给我评论都好可爱 我太喜欢你了哈哈,<人贱人爱的贱贱>: Rp的呀 小姐姐真美,<_你给我退下>: 恭喜嘻妹贺喜嘻妹 接下来可以好好地吃一顿了[doge][doge][doge],<穆恩欧巴>: 求鞋子[羞嗒嗒],<__jeuna>: 哈哈哈哈同款斑马  http://t.cn/RVTifs0,<橘子味小阿慧>: 刚想买这件你就发啦！一如既往的美]
1937713912	更一个很黄 ​​​	[<取个什么名字好呢嘻嘻>: 回复 @现在我叫泡泡了 :自拍,<我就是个有趣的人>: 咦？黄的我很喜欢 [doge],<一七一冰淇淋>: 嘻妹瘦的！想捏你,<十八子小溪_>: 可以，很黄很美～,<ubbggccn>: 今天的腿 可以说非常好看了,<趣味占>: 回复 @取个什么名字好呢嘻嘻 :好谢谢,<小仙女ajing>: 你看p5瘦到 血管都这么明显🤔,<小仙女ajing>: 又是姜黄色耶[羞嗒嗒][羞嗒嗒],<你自个看吧>: 这一抹黄和小细腿 好看好看,<取个什么名字好呢嘻嘻>: 回复 @趣味占 :蜜桃派,<趣味占>: 回复 @取个什么名字好呢嘻嘻 :求 哈哈哈哈哈哈哈 胸太小的我裹不住[可爱],<一只减肥的六六君>: 想 分 你 十 斤 肉！,<取个什么名字好呢嘻嘻>: 回复 @趣味占 :无肩带bra,<取个什么名字好呢嘻嘻>: 回复 @绿油子儿 :没有哈，店里买的,<小鳄鱼爱洗澡爱放屁>: 嘻妹～论文加油～[噢耶],<绿油子儿>: 亲亲，皮带有链接吗,<__jeuna>: 羡慕死你的手臂[泪][泪][泪],<榴莲张张>: 嗯  嘻妹很黄！鉴定完毕,<取个什么名字好呢嘻嘻>: 裤子 @-Anke,<aMeiss>: 瘦阿露手臂真的太好看了[羞嗒嗒],<取个什么名字好呢嘻嘻>: 回复 @a张小张爱三岁 :很黄[并不简单],<取个什么名字好呢嘻嘻>: 回复 @我就是点点啊啊啊 :抱抱[来],<取个什么名字好呢嘻嘻>: 回复 @Seven七仔呀 :哈哈去年买的 今年依然很喜欢[偷乐],<取个什么名字好呢嘻嘻>: 回复 @肥牛卷_ :早🙊,<a张小张爱三岁>: 很黄很喜欢[花痴],<Seven七仔呀>: 我也有这个吊带[笑cry],<我就是点点啊啊啊>: 我去，你太瘦啦，要抱抱]
1937713912	这裤子非常凉快了 当防晒裤穿[并不简单] ​​​	[<-小黄帽儿>: 这裤子可以营造腿长一米八的感觉[二哈],<取个什么名字好呢嘻嘻>: 回复 @Chouchou馮_ :不好穿,<_你给我退下>: 每次穿搭博除了美 好看 瘦 我就不知道说什么了[doge][doge][doge],<Chouchou馮_>: 鞋子好穿嘛[污],<aMeiss>: 这身材 啧啧啧 厉害[doge],<取个什么名字好呢嘻嘻>: 回复 @一颗甜柚子呀 :非常会说话,<鱼小甜大大>: 看起来就超舒服的样子！,<取个什么名字好呢嘻嘻>: 回复 @爱折腾的小短腿儿 :晚上好,<取个什么名字好呢嘻嘻>: 回复 @Oooones_yo :[喵喵][喵喵],<取个什么名字好呢嘻嘻>: 回复 @ZzweizZ- :脚下生风,<取个什么名字好呢嘻嘻>: 回复 @Cyndihooooo :rp的哈,<取个什么名字好呢嘻嘻>: 回复 @a张小张爱三岁 :主要是不用擦防晒了🙊,<取个什么名字好呢嘻嘻>: 回复 @向阳处的苏苏201005 :恩，rp的,<取个什么名字好呢嘻嘻>: 回复 @小头哥儿 :买买买[并不简单],<a张小张爱三岁>: 感觉夏天穿这种裤子比短裙舒服多了[摊手],<小头哥儿>: 哇 你穿好看 你穿想买哈哈哈,<一颗甜柚子呀>: 可以说是非常美了[可爱][可爱][可爱],<ubbggccn>: 回复 @向阳处的苏苏201005 :外套rp家,<向阳处的苏苏201005>: 开衫开衫，太好看了[太开心][太开心][太开心]，可以给链接么,<施华洛世奇玻璃心>: 又高又瘦又美丽[好喜欢],<橘子味小阿慧>: 太好看了 好需要一个这样的开衫 求个链接！,<BBKhunnie>: 回复 @取个什么名字好呢嘻嘻 :谢谢啦,<取个什么名字好呢嘻嘻>: 回复 @杨很爱生气 :是的 我也喜欢[憧憬],<取个什么名字好呢嘻嘻>: 回复 @蛋蛋姑娘小小号 :我也喜欢你,<取个什么名字好呢嘻嘻>: 回复 @BBKhunnie :评论里有哈,<取个什么名字好呢嘻嘻>: 裤 @米米米米米米米米修_,<取个什么名字好呢嘻嘻>: 回复 @咣当咣当咚 : @米米米米米米米米修_  这家的,<很想很想说再见o>: 悄悄告诉你，你真的很美,<BBKhunnie>: 求个链接，么么哒,<ZzweizZ->: 哈哈哈哈可以夏天凉快最重要[憧憬],<蛋蛋姑娘小小号>: 好好看，风格太喜欢啦]
1937713912	不知道说些啥🙊🙊🙊 ​​​	[<__jeuna>: 美就好了嘛[doge][坏笑],<取个什么名字好呢嘻嘻>: 回复 @叫我小心- :[亲亲][亲亲],<取个什么名字好呢嘻嘻>: 回复 @十八子小溪_ :你家嘻妹,<取个什么名字好呢嘻嘻>: 回复 @堇王王王王 :[酷][酷],<取个什么名字好呢嘻嘻>: 回复 @小萱在啊 :接受你的表白哈哈,<取个什么名字好呢嘻嘻>: 回复 @神奇女侠zzz :你绝对是西安的,<神奇女侠zzz>: 而且有胸诶  好评,<神奇女侠zzz>: 贼贼贼 你真的好他妈瘦,<小鳄鱼爱洗澡爱放屁>: 回复 @小鳄鱼爱洗澡爱放屁 :[好爱哦][好爱哦][好爱哦],<堇王王王王>: 照片才重要[并不简单],<十八子小溪_>: 这位酷girl是谁～,<小萱在啊>: 那我就来表个白～,<取个什么名字好呢嘻嘻>: 回复 @一七一冰淇淋 :我也喜欢[喵喵],<取个什么名字好呢嘻嘻>: 回复 @嗬錵_ :一身 @RandomPiece  鞋子 @色哥-coloars,<一七一冰淇淋>: 我喜欢这个牛仔裙,<嗬錵_>: 裙子，衣服，鞋子衔接，谢谢可爱的小姐姐,<取个什么名字好呢嘻嘻>: 回复 @蛋蛋姑娘小小号 :比心心,<取个什么名字好呢嘻嘻>: 回复 @我就是个有趣的人 :哈哈够了,<取个什么名字好呢嘻嘻>: 回复 @施华洛世奇玻璃心 :非常会说话了,<取个什么名字好呢嘻嘻>: 回复 @小鳄鱼爱洗澡爱放屁 :夏天需要这种基础款[喵喵],<取个什么名字好呢嘻嘻>: 回复 @一只灿欧巴 :爱你哦,<取个什么名字好呢嘻嘻>: 回复 @宇杭圆圆圆 :哈哈这里 @RandomPiece,<取个什么名字好呢嘻嘻>: 回复 @aMeiss :亲亲你,<取个什么名字好呢嘻嘻>: 回复 @-sunny酱- :应该不会小，我两身材差不多，我穿刚刚好[笑而不语],<-sunny酱->: 啊啊啊啊你的裙子到了 我的还没发[伤心] 我买的25不知道会不会小,<一只灿欧巴>: 小姐姐超级好看诶！,<取个什么名字好呢嘻嘻>: 一身 @RandomPiece,<取个什么名字好呢嘻嘻>: 回复 @肥牛卷_ :222,<取个什么名字好呢嘻嘻>: 回复 @发发的隐藏小号 :给你一朵小发发[污],<取个什么名字好呢嘻嘻>: 回复 @榴莲张张 :你也是我的菜[笑而不语],<施华洛世奇玻璃心>: 除了美 不知道说啥[喵喵],<榴莲张张>: 嘻妹这T恤 半裙 布袋子都是我的菜[噢耶],<aMeiss>: 瘦瘦瘦 美美美 哈哈[羞嗒嗒],<snug_心慌慌>: [笑哈哈][笑哈哈],<我就是个有趣的人>: 美就好了 还说些啥 [摊手],<宇杭圆圆圆>: 红T！我喜欢链接来[羞嗒嗒]]
1937713912	世界上 三千个地方你想要去哪 ​​​	[<取个什么名字好呢嘻嘻>: 回复 @ubbggccn :真会夸！,<取个什么名字好呢嘻嘻>: 回复 @我就是个有趣的人 :来啊 尬歌啊[并不简单],<我就是个有趣的人>: 看来有必要去一趟优衣库了 [作揖],<取个什么名字好呢嘻嘻>: 回复 @lostarsss :不几道诶，吊牌早扔了,<lostarsss>: 回复 @取个什么名字好呢嘻嘻 :求货号啊宝宝,<我就是个有趣的人>: 告诉我 答案是什么,<ubbggccn>: 优衣库被嘻妹穿的好看诶,<七月照相馆m>: 回复 @取个什么名字好呢嘻嘻 :没事~也很正常哈哈,<取个什么名字好呢嘻嘻>: 回复 @-小黄帽儿 :哈哈哈头发油了才扎 [挖鼻],<榴莲张张>: 去嘻妹在的地方就好[憧憬],<取个什么名字好呢嘻嘻>: 回复 @Siopllpp :对哇,<Siopllpp>: 头发是不是没洗才扎起来的[并不简单],<-小黄帽儿>: 关注你以来第一次看你把头发扎起来嘻嘻[噢耶],<-我叫我叫小仙女hh>: 回复 @取个什么名字好呢嘻嘻 :好，蟹蟹,<取个什么名字好呢嘻嘻>: 回复 @Seven七仔呀 :你穿也好看！[舔屏],<取个什么名字好呢嘻嘻>: 回复 @爱乱看的二Ni :优衣库的99元 你值得拥有[并不简单],<取个什么名字好呢嘻嘻>: 回复 @七月照相馆m :略过 我经常乱记歌词的[并不简单],<Seven七仔呀>: 你穿太好看了 简直不是同一件了都,<爱乱看的二Ni>: 这个柠檬黄衬衫好看！,<七月照相馆m>: 回复 @取个什么名字好呢嘻嘻 :我还想是不是我听错了[笑cry],<取个什么名字好呢嘻嘻>: 回复 @肥牛卷_ :哈哈哈懂我,<肥牛卷_>: 回复 @肥牛卷_ :绑……,<肥牛卷_>: 你一定是因为没洗头才藏起来的,<取个什么名字好呢嘻嘻>: 回复 @-我叫我叫小仙女hh :发过好多次啦，翻一下之前的微博吧,<-我叫我叫小仙女hh>: 鞋鞋有链接不[爱你][爱你][许愿],<取个什么名字好呢嘻嘻>: 回复 @一颗白菠萝 :快来[并不简单],<取个什么名字好呢嘻嘻>: 回复 @小鳄鱼爱洗澡爱放屁 :爱你哦,<取个什么名字好呢嘻嘻>: 回复 @发发的隐藏小号 :我打算先留着哈哈哈，不知道能不能忍住不剪,<发发的隐藏小号>: 去你身边[喵喵] 我还在挣扎头发留长还是再修短点,<取个什么名字好呢嘻嘻>: 我智障了 是“七千个” 歌词都能记错 没谁了[并不简单],<一颗白菠萝>: 去嘻妹心里[二哈],<小鳄鱼爱洗澡爱放屁>: 你心里～[污][污]]
1937713912	要被烤焦了[并不简单] ​​​	[<Chouchou馮_>: 超美啊[心]注意防晒啊,<发发的隐藏小号>: 白裙子好可爱 想要嘻妹的小细腿！,<ubbggccn>: 没有刘海也好看哟,<Aries-99>: 回复 @取个什么名字好呢嘻嘻 :谢谢[爱你],<取个什么名字好呢嘻嘻>: 回复 @Siopllpp :那可不[并不简单],<一颗甜柚子呀>: 啧啧真是太美啦[污][污][污],<取个什么名字好呢嘻嘻>: 回复 @我就是点点啊啊啊 :我的包终于到了[允悲],<取个什么名字好呢嘻嘻>: 回复 @懒懒呐_ :恩呐[爱你][爱你],<取个什么名字好呢嘻嘻>: 回复 @无聊的人不哭 :看评论哈,<取个什么名字好呢嘻嘻>: 回复 @Aries-99 :评论里,<取个什么名字好呢嘻嘻>: 回复 @大小鹿_ :[笑而不语][笑而不语],<取个什么名字好呢嘻嘻>: 回复 @小仙女ajing :我们这也快下雨了哈哈,<取个什么名字好呢嘻嘻>: 回复 @蛋蛋姑娘小小号 : @putcheer  这里！给你！,<取个什么名字好呢嘻嘻>: 回复 @小花花花嗯花花 :爱死你[笑而不语],<取个什么名字好呢嘻嘻>: 回复 @鱼小甜大大 :每天都要用好多[允悲],<取个什么名字好呢嘻嘻>: 回复 @榴莲张张 :心疼我们寄几,<取个什么名字好呢嘻嘻>: 回复 @小萱在啊 :十分热了,<取个什么名字好呢嘻嘻>: 回复 @一七一冰淇淋 :昨天拍的，今天真的是热炸,<取个什么名字好呢嘻嘻>: 包 @putcheer,<取个什么名字好呢嘻嘻>: 鞋 @色哥-coloars,<取个什么名字好呢嘻嘻>: 一身 @EGGKA快时尚,<榴莲张张>: 嘻妹 我也是 同感！,<蛋蛋姑娘小小号>: 你的菜蓝子我喜欢，要链接呀买买买,<小鳄鱼爱洗澡爱放屁>: 有一双会说话的眼睛～[羞嗒嗒][羞嗒嗒],<小仙女ajing>: 看到你就是好~~我们这今天下雨了，有点凉,<小萱在啊>: 这个天气外出拍照真的是考验了,<Aries-99>: 请问拖鞋很链接吗,<__jeuna>: 美死你[好喜欢],<展颜2013>: 法式少女[鲜花][鲜花],<无聊的人不哭>: 裙子好好看，要个链接,<Siopllpp>: 班长在拍的照片就是多[二哈][二哈][并不简单],<艾船儿>: 真的是清爽干净[太开心],<_你给我退下>: 衣服看起来好清爽[坏笑],<十二toor>: 前排[憧憬][憧憬][憧憬][憧憬][憧憬][憧憬]]
1937713912	[并不简单] ​​​	[<十二toor>: 图一也太好看了啊我的嫽[憧憬][憧憬][憧憬][憧憬][憧憬][憧憬],<施华洛世奇玻璃心>: 专业模特[并不简单],<假的王哥>: 今天的高度能和班长平起平坐了[喵喵],<取个什么名字好呢嘻嘻>: 项链 @煎饼果子也还行,<取个什么名字好呢嘻嘻>: 连体裤 @FannJy,<取个什么名字好呢嘻嘻>: 回复 @泡衬衫的44Kg :没有狗粮 每天都很甜[喵喵],<爱乱看的二Ni>: 哇哦！仙气！背景也棒！,<Tse是意中人啊>: 哎呀~一米八的嘻妹[爱你],<取个什么名字好呢嘻嘻>: 回复 @Siopllpp :是非常不方便啊,<泡衬衫的44Kg>: 快发糖 我乖乖的等狗粮,<Siopllpp>: 连体裤吗～我看到第一个想法就是感觉上厕所好不方便哦[笑cry],<一颗甜柚子呀>: 是嘞是嘞不简单美的不简单[污][污][污],<橘子榨汽水呀>: 除了上厕所麻烦点，其他都没毛病，嘻妹美死了[并不简单]]
1937713912	先把存图发了😋 ​​​	[<小仙女ajing>: 格子真的好好看哦,<取个什么名字好呢嘻嘻>: 回复 @b2694658259488 :看评论,<取个什么名字好呢嘻嘻>: 鞋子发过好几次了 别再问我了靴靴 这家的 @色哥-coloars,<一颗甜柚子呀>: 美哒反正就是美[二哈][二哈][二哈],<小鳄鱼爱洗澡爱放屁>: 锁骨太性感了～[污][污],<取个什么名字好呢嘻嘻>: 回复 @-小黄帽儿 :哈哈哈对,<-小黄帽儿>: 回复 @取个什么名字好呢嘻嘻 :是不是拍了好多然后反复选哈哈哈,<取个什么名字好呢嘻嘻>: 回复 @我是小胖墩墩儿 :哈哈我记得你,<取个什么名字好呢嘻嘻>: 回复 @-小黄帽儿 :其实有很多图的，但放了最满意的几张[并不简单],<-小黄帽儿>: 哎呀  没有凑够九图[污],<我是小胖墩墩儿>: 从你60几个粉丝就开始关注  今天一看哇5000了,<爱乱看的二Ni>: 小女人气息十足呀[兔子],<取个什么名字好呢嘻嘻>: 回复 @小萱在啊 :哈哈贼喜欢这双鞋,<取个什么名字好呢嘻嘻>: 回复 @一颗毛啊豆啊 :[憧憬][憧憬]毛豆,<小萱在啊>: 美美美！鞋子透明拼接好特别啊,<取个什么名字好呢嘻嘻>: 回复 @我就是个有趣的人 :么么你,<取个什么名字好呢嘻嘻>: 回复 @很想很想说再见o :不急，我还有存图[笑而不语],<__jeuna>: 回复 @取个什么名字好呢嘻嘻 :[好爱哦][好爱哦][好爱哦],<很想很想说再见o>: 存图发了就有新图了,<取个什么名字好呢嘻嘻>: 回复 @肥牛卷_ :很棒棒[并不简单],<取个什么名字好呢嘻嘻>: 回复 @小头哥儿 :哈哈我也 超爱绿色,<取个什么名字好呢嘻嘻>: 回复 @柒柒淇儿 :无肩带内衣,<取个什么名字好呢嘻嘻>: 回复 @小花花花嗯花花 :呀比[憧憬],<我就是个有趣的人>: 嘻妹你好美 [羞嗒嗒],<取个什么名字好呢嘻嘻>: 回复 @Siopllpp :这天穿着不热吗[并不简单],<取个什么名字好呢嘻嘻>: 回复 @榴莲张张 :手动比心,<BBKhunnie>: 裙子外套鞋子都想问,<小头哥儿>: 今年中各种格子和绿色的毒哈哈哈哈,<柒柒淇儿>: 嘻妹 这种穿什么内衣啊🙈🙈,<Siopllpp>: 我今天穿你寄给我那件衣服回家玩啦 [心][二哈][噢耶],<我就瞎说呢>: 回复 @我就瞎说呢 :啊 不是...,<__jeuna>: 哈哈哈哈我们同款小裙纸🙈,<榴莲张张>: 嘻妹！我第一哦！]
1937713912	很多个我[并不简单] ​​​	[<取个什么名字好呢嘻嘻>: 回复 @懒懒呐_ :啾一口,<取个什么名字好呢嘻嘻>: 回复 @爱折腾的小短腿儿 :穿着也舒服,<取个什么名字好呢嘻嘻>: 回复 @-小黄帽儿 :来来来,<取个什么名字好呢嘻嘻>: 回复 @a张小张爱三岁 :[并不简单][并不简单][并不简单]很善变,<取个什么名字好呢嘻嘻>: 回复 @DAISY__L :vsco,<L-i7>: 漂亮，用啥滤镜？,<a张小张爱三岁>: 嘻嘻是霸气温柔切换自如啊[坏笑],<-小黄帽儿>: 回复 @取个什么名字好呢嘻嘻 :不嫌我烦我就天天来！[二哈],<Tse是意中人啊>: 看着很舒服的一套啊[doge],<森林暖洋icon>: 这一身好舒服的颜色！,<ZzweizZ->: 凉鞋穿着会不舒服吗 好想入[舔屏],<Xia1003>: 回复 @取个什么名字好呢嘻嘻 :[好],<取个什么名字好呢嘻嘻>: 回复 @-小黄帽儿 :那就多来看看我[doge],<十八子小溪_>: 回复 @取个什么名字好呢嘻嘻 :哇哇哇～,<取个什么名字好呢嘻嘻>: 回复 @Xia1003 : @色哥-coloars,<Xia1003>: 小姐姐，鞋是哪里的呀,<-小黄帽儿>: 最近好喜欢你的衣服风格🙈,<取个什么名字好呢嘻嘻>: 回复 @Chouchou馮_ :太会撩了[污],<Chouchou馮_>: 怎样都喜欢你的我[污]上衣超好看,<取个什么名字好呢嘻嘻>: 回复 @假的王哥 :不敢 你腿哥要扛刀来砍我了[并不简单],<假的王哥>: 第九张(救命有人勾引我,<取个什么名字好呢嘻嘻>: 回复 @馮不是佳人95 :无肩带内衣,<佳佳酱95>: 就想知道你们都穿的什么内衣配的这样的衣服和一字肩啊[委屈],<取个什么名字好呢嘻嘻>: 回复 @小鳄鱼爱洗澡爱放屁 :我难道不是每天都不错吗[并不简单],<取个什么名字好呢嘻嘻>: 回复 @十八子小溪_ :哈哈这还是两天前拍的,<取个什么名字好呢嘻嘻>: 回复 @李人人__ :每天都纠结要不要剪[并不简单],<取个什么名字好呢嘻嘻>: 回复 @杨很爱生气 :[笑而不语][笑而不语],<取个什么名字好呢嘻嘻>: 回复 @爱乱看的二Ni :喜翻的很,<取个什么名字好呢嘻嘻>: 一身 @FannJy,<李人人__>: 慢慢看着你的头发从短变长,<十八子小溪_>: 班长回来后就变高产了～,<小鳄鱼爱洗澡爱放屁>: 今天发型不错[并不简单],<爱乱看的二Ni>: 挖肩上衣很好看！,<取个什么名字好呢嘻嘻>: 回复 @大力陳陳大力_ :[笑而不语][笑而不语],<取个什么名字好呢嘻嘻>: 回复 @蛋蛋姑娘小小号 :来吧[并不简单],<取个什么名字好呢嘻嘻>: 回复 @南瓜粥April :这不符合我[喵喵],<取个什么名字好呢嘻嘻>: 回复 @一只昱_-_ :我昱[亲亲],<取个什么名字好呢嘻嘻>: 回复 @一七一冰淇淋 :这个防晒衣贼凉快,<一只昱_-_>: 上衣好好看[色],<取个什么名字好呢嘻嘻>: 回复 @一只肉圆圆o :不是,<一只肉圆圆o>: 这是你们学校吗[疑问],<取个什么名字好呢嘻嘻>: 回复 @南瓜粥April :你一说我才发现，微博暴露了我的吃货属性[笑而不语],<南瓜粥April>: 你的名字后面怎么有个鸡腿[笑而不语],<南瓜粥April>: 可以说是肥肠文静辣！！！,<一七一冰淇淋>: 上衣好看呢 嘻嘻]
1937713912	是时候展现我的逗比属性了（一个不化妆不洗头的夜行侠 ​​​	[<取个什么名字好呢嘻嘻>: 回复 @一七一冰淇淋 :是啊 就在我们学校旁边[二哈],<A-橘子果酱>: 嘻妹每天都好好看啊 羡慕 感觉好幸福[心],<十八子小溪_>: 回复 @取个什么名字好呢嘻嘻 :哈哈哈，我也觉得黑点好看，男朋友也黑。,<取个什么名字好呢嘻嘻>: 回复 @十八子小溪_ :给你们展示真实的我[笑而不语],<曾旭zzzzz>: 哈哈哈 有人帮忙拍照了就是不一样,<取个什么名字好呢嘻嘻>: 回复 @不能经常换id哟 :哈哈哈男人嘛 黑黑的 更man 我喜翻[并不简单],<不能经常换id哟>: 嘻妹。把你的防晒霜给班长涂涂，快看不见了,<we7082>: 回复 @叫我阿邱嫂好吗好的 :求,<十八子小溪_>: 果然和班长在一起的嘻妹更欢脱～,<我有肉你有故事没有>: 同款上衣[馋嘴],<宇杭圆圆圆>: 啊哈哈可爱的你！！,<取个什么名字好呢嘻嘻>: 回复 @是阿xin呀 :改头像差点没认粗来,<取个什么名字好呢嘻嘻>: 回复 @爱折腾的小短腿儿 :我不化妆也没眉毛的，眉毛超短[喵喵],<叫我阿邱嫂好吗好的>: 回复 @取个什么名字好呢嘻嘻 :无肩带有链接嘛，微信甩我[喵喵],<Tse是意中人啊>: 哈哈哈哈哈，我今天没化妆没有眉毛去逛街也是用帽子挡的脸[奥特曼],<取个什么名字好呢嘻嘻>: 回复 @叫我阿邱嫂好吗好的 :无肩带内衣！或者用乳贴[并不简单],<叫我阿邱嫂好吗好的>: 怎么穿内衣教我[衰],<Oooones_yo>: 回复 @取个什么名字好呢嘻嘻 :是哇～晚上出去散了散心 [微风],<取个什么名字好呢嘻嘻>: 回复 @大小鹿_ :你跳舞的视频也很可爱[并不简单],<__jeuna>: 回复 @取个什么名字好呢嘻嘻 :吼！！[好喜欢],<取个什么名字好呢嘻嘻>: 回复 @小花花花嗯花花 :给你一朵小发发,<取个什么名字好呢嘻嘻>: 回复 @爱乱看的二Ni :你抓住了重点[喵喵],<取个什么名字好呢嘻嘻>: 回复 @Oooones_yo :噗哈哈 你在那里吗！,<Oooones_yo>: 回复 @取个什么名字好呢嘻嘻 :喔 还在遗憾没有偶遇到[笑而不语],<蛋蛋姑娘小小号>: 所以这时候帽子派上用场了,<-小黄帽儿>: 回复 @取个什么名字好呢嘻嘻 :哎呀 不过真的hin好看🙈,<取个什么名字好呢嘻嘻>: 回复 @展颜2013 :给你抱 我超轻[并不简单],<取个什么名字好呢嘻嘻>: 回复 @-小黄帽儿 :上衣是去年zara的[失望],<取个什么名字好呢嘻嘻>: 回复 @Oooones_yo :没有哇 只是路过那里[污],<取个什么名字好呢嘻嘻>: 回复 @假的王哥 :是这样没错[并不简单],<Dara--->: 没点开的时候，我以为是超市的假人[二哈],<取个什么名字好呢嘻嘻>: 一身均为旧物，无链接,<十二toor>: 可爱死了[憧憬][憧憬][憧憬],<-小黄帽儿>: 哈哈哈上衣超好看哎 坐等你发链接哈哈哈,<取个什么名字好呢嘻嘻>: 回复 @白鲸鱼上 :去年zara的,<艾船儿>: 有帽子[笑cry][笑cry],<展颜2013>: 娇小玲珑，好想一把抱起来[鲜花][鲜花],<假的王哥>: 跟班长在一起比较容易放飞自我[喵喵],<骨相美人骨>: 吼吼吼吼吼吼太可爱了！,<小张热死了>: 上衣好俏皮！！！,<是阿xin呀>: 哈哈图五我以为下巴沾到冰淇淋[二哈],<张大妈->: 帽子就是不洗头神器 哈哈哈 你真的超瘦的,<小鳄鱼爱洗澡爱放屁>: 终于见到你了[好爱哦][好爱哦][好爱哦],<小头哥儿>: 黄格子小衫好好好看！你穿超可爱的！哈哈哈哈,<__jeuna>: 哈哈哈五六是重点[坏笑][坏笑],<Oooones_yo>: 刚从爱情海回来[坏笑],<爱乱看的二Ni>: 重点是五六的狗粮我懂得[doge],<白鲸鱼上>: 上衣哪里买的呀。好看]
1937713912	论把一双白鞋穿脏懒到不愿意刷我只服我自己😋 ​​​	[<取个什么名字好呢嘻嘻>: 回复 @我有肉你有故事没有 :自己拿三脚架拍的[喵喵],<十八子小溪_>: 啊，裤子和小脏鞋不能更好看了。,<我有肉你有故事没有>: 说 这么好看的照片谁拍的[污][污][污],<一只灿欧巴>: 裤子好看[作揖],<取个什么名字好呢嘻嘻>: 回复 @Siopllpp :好久没剪了,<取个什么名字好呢嘻嘻>: 回复 @-要不叫我大脸妹- :我穿也会有 这个好像没办法避免,<发发的隐藏小号>: 哈哈哈哈哈我是脏了不想刷也不想穿了,<-要不叫我大脸妹->: 宝宝 你这个里面穿的什么内衣啊 我感觉我穿都会有印子啊,<我就瞎说呢>: 回复 @取个什么名字好呢嘻嘻 :好的，谢谢囍妹喽😋,<-要不叫我大脸妹->: 回复 @取个什么名字好呢嘻嘻 :[二哈][二哈][二哈][二哈]我去买！,<我就是个有趣的人>: 虽然小脏鞋挺好看的 但我受不了白鞋脏 帆布鞋ok的 [二哈],<取个什么名字好呢嘻嘻>: 回复 @-要不叫我大脸妹- :恩 应该是吧,<-要不叫我大脸妹->: 回复 @取个什么名字好呢嘻嘻 :亲爱的 你这个是蓝色吗！,<取个什么名字好呢嘻嘻>: 回复 @Seven七仔呀 :没毛病哈哈,<取个什么名字好呢嘻嘻>: 回复 @我就瞎说呢 :好吃 叫火号火焰兔,<Siopllpp>: 头发又长了[噢耶],<是阿xin呀>: 脏脏的也是一种美[二哈][二哈][二哈],<Seven七仔呀>: 脏脏的比较有感觉 太白的鞋都不想穿出去[笑cry],<我就瞎说呢>: 囍妹昨天直播回放删掉了呀，那我再来问一下昨天的兔肉好吃吗？是叫什么名字来着的 我有健忘症啊啊 我又给忘了[doge]不要打我,<取个什么名字好呢嘻嘻>: 回复 @堇王王王王 :哈哈那你还是比我勤快点的,<取个什么名字好呢嘻嘻>: 回复 @-要不叫我大脸妹- :不是，rp那条太长了，我穿不来，不过也挺好看的,<堇王王王王>: 哈哈哈好像从没刷过我的小白鞋除非下雨有泥巴,<-要不叫我大脸妹->: 回复 @取个什么名字好呢嘻嘻 :啊？不是rp家的吗,<酷炫繁哥就是我>: 回复 @取个什么名字好呢嘻嘻 :[猴子]！,<取个什么名字好呢嘻嘻>: 上衣 @JUSLIN时装   @JUSLIN时装,<取个什么名字好呢嘻嘻>: 回复 @假的王哥 :有段时间没见我王哥了[亲亲],<取个什么名字好呢嘻嘻>: 回复 @宇杭圆圆圆 :对 随意穿 我已经不在意了[闭眼],<取个什么名字好呢嘻嘻>: 回复 @小花花花嗯花花 :yep 时尚弄潮儿🙃,<取个什么名字好呢嘻嘻>: 回复 @霭霭雾中船 :都怪它太扎眼,<取个什么名字好呢嘻嘻>: 回复 @不考完专四不改名字的繁锅_ : @gogomylittlebanana  这个,<取个什么名字好呢嘻嘻>: 回复 @艾船儿 :哈哈明明巨脏[闭眼],<取个什么名字好呢嘻嘻>: 回复 @小鳄鱼爱洗澡爱放屁 :手动比心,<取个什么名字好呢嘻嘻>: 回复 @秋千的兔子呀 :贼喜欢,<取个什么名字好呢嘻嘻>: 回复 @-要不叫我大脸妹- :下架了[眼泪],<-要不叫我大脸妹->: 我刚看完这条裤子 我要去买了[二哈]破产,<假的王哥>: 这个裤子贼显高[舔屏],<宇杭圆圆圆>: 哈哈哈小脏鞋就有这个好处耶！,<霭霭雾中船>: 裤子抢了脏鞋的风头[笑cry][笑cry],<JAJPSOND>: 回复 @取个什么名字好呢嘻嘻 :刷鞋真的很反感,<取个什么名字好呢嘻嘻>: 回复 @JAJPSOND :哈哈哈我真的太懒了 很烦刷鞋子[吐],<JAJPSOND>: 不瞒你说 我没有这么一双鞋这么脏 我忍受不了小黑鞋 但是我又特别喜欢小脏鞋 哈哈哈哈,<酷炫繁哥就是我>: 小仙女，小仙女，求裤子,<__jeuna>: 就成了小脏鞋了嘛哈哈哈哈  http://t.cn/RVTifs0,<艾船儿>: 脏吗？我没看到啊[二哈][二哈],<取个什么名字好呢嘻嘻>: 回复 @爱乱看的二Ni :一不小心又get到了潮流[喵喵],<小鳄鱼爱洗澡爱放屁>: 沙发～ 怎么看你都不会腻～[好爱哦],<爱乱看的二Ni>: 啊哈哈哈么事儿小脏鞋是流行趋势！[眼泪]]
1937713912	基础款永远都不会腻 ​​​	[<曾旭zzzzz>: 从米修那儿来的 忍不住留个言 看了你的微博好喜欢哈哈哈 希望你多秀恩爱[羞嗒嗒],<_你给我退下>: 嘻妹早啊，谁能想到我刚醒呢[doge][doge][doge],<取个什么名字好呢嘻嘻>: 回复 @李巧自的刘海敢不敢不油 :评论里给了，白裙子没链接哦，去年买的下架了,<李巧自的刘海敢不敢不油>: 小姐姐，可以发个条纹衫和白裙子的链接吗,<取个什么名字好呢嘻嘻>: 回复 @小萱在啊 :你 也是[偷乐],<取个什么名字好呢嘻嘻>: 回复 @我就是个有趣的人 :不扎啊 我穿了好多次也没觉得[笑cry],<小萱在啊>: 你  我也看不腻[挤眼],<我就是个有趣的人>: 弱弱说一句 难道就我觉得裤子扎人嘛 就穿了一次 受不了了 [泪],<CZ_阿祯>: 怎么搭配都特别美,<取个什么名字好呢嘻嘻>: 回复 @假的王哥 :王哥也好看[好爱哦],<取个什么名字好呢嘻嘻>: 回复 @一颗毛啊豆啊 :毛豆[好爱哦],<假的王哥>: 好看的小妹妹[思考],<取个什么名字好呢嘻嘻>: 回复 @果汁分你一半呀 :看你也是 尤其是腿 [污],<取个什么名字好呢嘻嘻>: 回复 @榴莲张张 :嘿嘿开熏被我张张夸,<取个什么名字好呢嘻嘻>: 回复 @-要不叫我大脸妹- :嘴真甜[污],<取个什么名字好呢嘻嘻>: 回复 @ReicheDame :加油 夏天快到了[喵喵],<取个什么名字好呢嘻嘻>: 回复 @劉丹呢- :上衣 @麦辣鸡腿堡zzz  半裙去年买的 下架了,<取个什么名字好呢嘻嘻>: 条纹跟团 @麦辣鸡腿堡zzz  店主 @77store微博,<小萌亦可>: 哪来漂亮的小仙女[心][心][心],<Soulmatestart>: 回复 @取个什么名字好呢嘻嘻 :[红桃]️谢谢,<我就是点点啊啊啊>: 帅的[doge],<果汁分你一半呀>: 看你永远都不会腻,<取个什么名字好呢嘻嘻>: 回复 @Lynn_You :大概我有拍照的天赋哈哈哈,<取个什么名字好呢嘻嘻>: 回复 @Soulmatestart : @艾莉商贸,<取个什么名字好呢嘻嘻>: 回复 @Siopllpp :上次就艾特了店主 @小萌亦可  她家的,<__jeuna>: 回复 @取个什么名字好呢嘻嘻 :哈哈哈我们都喜欢基础款  http://t.cn/RVTifs0,<取个什么名字好呢嘻嘻>: 回复 @lucy的小怪兽 :裤子是 @艾莉商贸,<取个什么名字好呢嘻嘻>: 回复 @小花花花嗯花花 :你昨天发的那个我也超喜欢[偷乐],<Lynn_You>: 用三脚架都能拍这么好看，厉害了～,<就是劉丹啊->: 图五求链接[喵喵],<堇王王王王>: 羡慕不来的小仙女啊啊啊,<爱乱看的二Ni>: 这套相当喜欢了！,<Soulmatestart>: 图一黑裤子[污],<榴莲张张>: 嘻妹这组厉害了 风格完全是我的菜,<Siopllpp>: 上次看你发图片就有这双鞋 感觉蛮好看 有没有链接啊[二哈][二哈][噢耶],<Siopllpp>: 早安 刚起就刷到你微博啦[兔子][兔子],<lucy的小怪兽>: 黑裤子有地址吗 好好看 能推荐下下雨能穿的长裤吗[爱你][舔屏][舔屏],<__jeuna>: 我也超喜欢条纹衫！！[doge][doge][doge],<ReicheDame>: 我先抓紧时间减个肥!]
1937713912	刚手抖发错了还好秒删 希望没人看见[喵喵] ​​​	[<我就是点点啊啊啊>: 就你这么瘦穿的起来,<蓝胖子哆啦A梦的小伙伴>: 我没看见[笑cry],<蛋蛋姑娘小小号>: 嘻美拍得好美，好爱,<橘子榨汽水呀>: 回复 @取个什么名字好呢嘻嘻 :好哒[馋嘴][馋嘴],<取个什么名字好呢嘻嘻>: 回复 @橘子榨汽水呀 :麻溜去看看 多谢提醒😋,<取个什么名字好呢嘻嘻>: 上衣 @JUSLIN时装,<橘子榨汽水呀>: 回复 @取个什么名字好呢嘻嘻 :im向家，icyang家感觉都不错哎[好喜欢][好喜欢],<取个什么名字好呢嘻嘻>: 回复 @橘子榨汽水呀 :最近有哪家上新吗 感觉有几天没看淘宝了[委屈],<橘子榨汽水呀>: 嘻妹最近有啥草单[二哈][二哈],<取个什么名字好呢嘻嘻>: 回复 @_你给我退下 :还没呢，六月份拍,<_你给我退下>: 回复 @取个什么名字好呢嘻嘻 :嘻妹不会丑的🙈 嘻妹拍毕业照了吗🙈,<ubbggccn>: 第四张炒鸡好看！炒鸡！,<十八子小溪_>: 回复 @取个什么名字好呢嘻嘻 :嗯嗯嗯。鞋子也好看。好喜欢复古方头，可是我脚小都买不到[大哭],<取个什么名字好呢嘻嘻>: 耳夹 @耳边风DESIGN,<取个什么名字好呢嘻嘻>: 回复 @_你给我退下 :其实没啥 就是错发了一张丑丑的图[二哈],<_你给我退下>: 好好奇，有看到的同学截了图吗[doge][doge][doge],<取个什么名字好呢嘻嘻>: 回复 @小萱在啊 :偶尔一下[酷],<取个什么名字好呢嘻嘻>: 回复 @叫我阿邱嫂好吗好的 :不能浪费,<叫我阿邱嫂好吗好的>: 哈哈哈这条裙子你还是穿了[阴险],<疯喵喵的疯汪汪>: 好温油[羞嗒嗒][羞嗒嗒],<是阿xin呀>: 回复 @取个什么名字好呢嘻嘻 :爱[污],<取个什么名字好呢嘻嘻>: 回复 @是阿xin呀 :喜欢不[喵喵],<取个什么名字好呢嘻嘻>: 回复 @艾船儿 :哈哈我也喜欢[酷],<取个什么名字好呢嘻嘻>: 回复 @果汁分你一半呀 :果汁更会拍[偷乐],<取个什么名字好呢嘻嘻>: 回复 @一颗甜柚子呀 :乖[喵喵],<取个什么名字好呢嘻嘻>: 回复 @爱折腾的小短腿儿 :我自己瞎折腾的,<取个什么名字好呢嘻嘻>: 回复 @小鳄鱼爱洗澡爱放屁 :啵叽一口,<取个什么名字好呢嘻嘻>: 回复 @十八子小溪_ :哈哈为了配裙子还买了个小高跟,<取个什么名字好呢嘻嘻>: 回复 @Seven七仔呀 :[污]我明明手很快,<取个什么名字好呢嘻嘻>: 回复 @一只减肥的六六君 :对对，我超爱,<堇王王王王>: 还是那么美腻哈哈哈,<一只减肥的六六君>: 我觉得后面那条裙子出现频率很高呀！！！很好看[羞嗒嗒],<榴莲张张>: 嘻妹太温油[偷乐],<是阿xin呀>: 嘻妹咋这么韩范[哆啦A梦花心][哆啦A梦花心][哆啦A梦花心],<果汁分你一半呀>: 嘻妹好会拍，超好看,<艾船儿>: 喜欢第四个[噢耶],<一颗甜柚子呀>: 没看见没看见[污][污][污],<十八子小溪_>: 侧开小性感～唇色好看！,<Tse是意中人啊>: 感觉都好会拍[奥特曼],<Seven七仔呀>: 我看见了[阴险][阴险],<小鳄鱼爱洗澡爱放屁>: 好喜欢嘻妹～[羞嗒嗒],<取个什么名字好呢嘻嘻>: 回复 @阿路璐 :哈哈是有点软,<取个什么名字好呢嘻嘻>: 回复 @HeyLook-here :幸好[挖鼻],<HeyLook-here>: 只看到一个提示 点进去就没了[嘻嘻]]
1937713912	我爱的小粉感觉可以搭出很多套下次拍[白眼] ​​​	[<取个什么名字好呢嘻嘻>: 回复 @你别睡别睡不许睡 :祝你抢到！,<一七一冰淇淋>: 回复 @取个什么名字好呢嘻嘻 :我没有[喵喵]真的,<取个什么名字好呢嘻嘻>: 回复 @一七一冰淇淋 :买！真的挺好看的！而且你能撑起来！你有[熊],<一七一冰淇淋>: 我在纠结买不买！嘻妹你觉得大小咋样,<xxxibgdrgn_bobo>: 感觉配白鞋已经很好看了,<Liiiiizzzzzz是胖胖>: 回复 @取个什么名字好呢嘻嘻 :羡慕,<取个什么名字好呢嘻嘻>: 回复 @Liiiiizzzzzz是胖胖 :哭了[失望]瘦子可太难买衣服了,<取个什么名字好呢嘻嘻>: 回复 @Zhang玉玉 : @米米米米米米米米修_  这里，今晚补货,<取个什么名字好呢嘻嘻>: 回复 @funny_cai :是的 不过肩带可以调整,<Liiiiizzzzzz是胖胖>: 啊哈哈哈哈哈哈你怎么这么瘦,<funny_cai>: 这个是不是有点偏大啊,<未命名的w君>: 回复 @取个什么名字好呢嘻嘻 :哈哈哈爽！我们楼顶也很小,<取个什么名字好呢嘻嘻>: 回复 @蛋蛋姑娘小小号 :你穿更美[好爱哦],<堇王王王王>: 看了评论也觉得郁金香 [郁金香]挺大哈哈哈,<取个什么名字好呢嘻嘻>: 回复 @未命名的w君 :顶楼肯定大啊 而且没人[酷],<艾船儿>: 好看[兔子][兔子],<未命名的w君>: 回复 @取个什么名字好呢嘻嘻 :哈哈哈哈话说你们楼道好大啊,<一只减肥的六六君>: 回复 @取个什么名字好呢嘻嘻 :小腿！！粗,<取个什么名字好呢嘻嘻>: 回复 @一只减肥的六六君 :这个不短 都到膝盖了[偷乐],<取个什么名字好呢嘻嘻>: 回复 @JAJPSOND :别说出来[挖鼻][挖鼻],<取个什么名字好呢嘻嘻>: 回复 @未命名的w君 :哈哈不几道 我觉得只是根茎比较长[二哈],<未命名的w君>: 你的郁金香怎么辣么大！,<一只减肥的六六君>: 嗷嗷很喜欢 不过我不能穿短一点的裙子和裤子[泪],<哼哼是猪头>: 套装哪里买的？？？,<爱乱看的二Ni>: 哎呀呀呀呀粉粉的真好看[兔子],<小萱在啊>: 坐等更多的美照！,<_艳艳_->: 回复 @取个什么名字好呢嘻嘻 :我感觉好久没见到你了,<JAJPSOND>: 这假假的郁金香 哈哈哈哈哈,<取个什么名字好呢嘻嘻>: 回复 @_艳艳_- :我是被限流了吗 我感觉我最近出现挺频繁的呀[二哈],<Seven七仔呀>: 小粉穿你身上真好看[亲亲][亲亲]]
1937713912	都让让这里有人要装X ​​​	[<-小黄帽儿>: 好喜欢这种拍照风格呀,<南瓜粥April>: Cool girl[舔屏],<蓝胖子哆啦A梦的小伙伴>: 好，我让开了[偷乐],<取个什么名字好呢嘻嘻>: 回复 @小萱在啊 :哈哈哈哈笑死,<__jeuna>: 回复 @取个什么名字好呢嘻嘻 :哈哈哈哈  http://t.cn/RVTifs0,<小萱在啊>: 大哥  我第一个让还不行吗,<取个什么名字好呢嘻嘻>: 回复 @堇王王王王 :嘴太甜了 啾啾,<堇王王王王>: 小姐姐真的好漂亮！,<取个什么名字好呢嘻嘻>: 回复 @Seven七仔呀 :[哼][哼]不让我也要,<取个什么名字好呢嘻嘻>: 回复 @小花花花嗯花花 :哈哈是同一家 黑哥的,<取个什么名字好呢嘻嘻>: 上衣 @HEYGIRL黑哥,<__jeuna>: 回复 @毛绒绒的lanlan :好多家都出了我不知道跟嘻嘻是不是买的同一家[笑cry],<__jeuna>: 回复 @取个什么名字好呢嘻嘻 :哈哈哈哈🙈🙈🙈🙈,<小鳄鱼爱洗澡爱放屁>: 今天很酷～[好爱哦],<毛绒绒的lanlan>: 回复 @小花花花嗯花花 :想要链接啊小姐姐,<取个什么名字好呢嘻嘻>: 回复 @小花花花嗯花花 :收到一个多月了才想起来穿[污],<黛宝Dabay>: 回复 @取个什么名字好呢嘻嘻 :立马去淘宝搜了同款[酷],<取个什么名字好呢嘻嘻>: 回复 @黛宝Dabay :来，送你[酷],<取个什么名字好呢嘻嘻>: 回复 @发发的隐藏小号 :我们宿舍楼的最顶楼[喵喵],<取个什么名字好呢嘻嘻>: 回复 @小仙女ajing :飞过来拿[挖鼻],<_你给我退下>: 这个X我要给你满分！[笑cry],<黛宝Dabay>: 借我帽子[笑cry],<Seven七仔呀>: 就不让 哼[酷][酷][酷],<发发的隐藏小号>: 嘻妹你把白布铺在哪里了！,<__jeuna>: 哈哈哈哈同款衬衫[坏笑][坏笑][坏笑][坏笑],<小仙女ajing>: 这帽子借我装装[思考],<爱乱看的二Ni>: 哈哈哈哈让开了！,<喵吃瓜汪>: [猴子][猴子]看]
1937713912	老铁们我来了[二哈][二哈][二哈] ​​​	[<爱乱看的二Ni>: 啊啊啊新背景满分！,<-小黄帽儿>: 回复 @取个什么名字好呢嘻嘻 :我也是单眼皮 看到你也是感觉好亲切呀 可是我拍照眼睛特别无神 你就特别特别好看(认真脸[二哈]),<取个什么名字好呢嘻嘻>: 回复 @是阿xin呀 :赶紧get起来,<取个什么名字好呢嘻嘻>: 回复 @-小黄帽儿 :成天被你们夸得要上天了[喵喵]（真人不好看,<取个什么名字好呢嘻嘻>: 回复 @地上一只许小云 :图2和图6都是ysl12 其他几张没涂口红 被我擦掉了[黑线],<-小黄帽儿>: 超美的[羞嗒嗒]同是单眼皮你怎么就辣么好看,<地上一只许小云>: 嘻妹，口红是哪一只呀[羞嗒嗒],<是阿xin呀>: 哈哈哈我也买了白布[哈哈],<蓝胖子哆啦A梦的小伙伴>: 回复 @取个什么名字好呢嘻嘻 :喜欢喜欢[飞吻],<色哥-coloars>: 回复 @取个什么名字好呢嘻嘻 :[doge]这里就对了。,<取个什么名字好呢嘻嘻>: 回复 @蓝胖子哆啦A梦的小伙伴 :喜欢吗 接下来一个月都是这个背景了[二哈],<蓝胖子哆啦A梦的小伙伴>: 白色背景超实用[羞嗒嗒],<取个什么名字好呢嘻嘻>: 回复 @WuZnCu :哼 人家明明前天就更博了[哼],<WuZnCu>: 大兄弟！好久不见 🤘,<取个什么名字好呢嘻嘻>: 回复 @你别睡别睡不许睡 :耶 装逼成功[偷乐],<取个什么名字好呢嘻嘻>: 回复 @一颗甜柚子呀 :你家你家的[害羞],<一颗甜柚子呀>: 谁家这么好看的小姑娘呀[二哈][二哈][二哈],<你别睡别睡不许睡>: 这个背景好像韩网模特的那种感觉！拍画板！,<__jeuna>: 回复 @取个什么名字好呢嘻嘻 :我真的对白墙有执念[笑cry][笑cry][笑cry]说不定哪天一咬牙工程量再大我也干了[doge][doge][doge],<取个什么名字好呢嘻嘻>: 回复 @小花花花嗯花花 :哈哈哈哈那你就用你现在的背景吧 也好看[好爱哦][好爱哦],<__jeuna>: 回复 @取个什么名字好呢嘻嘻 :我家贴的是墙纸要刷就得撕掉墙纸刮墙才能刷[笑cry][笑cry][笑cry]工程量太大[摊手][摊手][摊手],<取个什么名字好呢嘻嘻>: 碎花 @米米米米米米米米修_   鞋子 @色哥-coloars,<取个什么名字好呢嘻嘻>: 回复 @小花花花嗯花花 :把家里的墙刷白了就ok[笑cry],<未命名的w君>: 回复 @取个什么名字好呢嘻嘻 :我想要你的网球场 我们学校的竟然是绿色的！！！！,<__jeuna>: 这个背景我也想要我的妈啊！！！[惊恐][惊恐][惊恐],<取个什么名字好呢嘻嘻>: 回复 @泡芙小姐姐记录日常 :恩恩先不剪了 养长一丢丢,<ZzweizZ->: 凉鞋吼吼看啊！[舔屏],<泡芙小姐姐记录日常>: 头发长啦[可愛],<取个什么名字好呢嘻嘻>: 回复 @未命名的w君 :我又想要你的停车场了哈哈哈哈[挖鼻],<取个什么名字好呢嘻嘻>: 回复 @榴莲张张 :找一块白墙太特么不容易了[黑线],<未命名的w君>: 哈哈哈哈大家一起白布甩起来,<榴莲张张>: 我嘻妹背景牛b了[嘻嘻],<取个什么名字好呢嘻嘻>: 回复 @-sunny酱- :美妮儿[好爱哦],<取个什么名字好呢嘻嘻>: 回复 @JAJPSOND :哈哈哈超大 4米乘2.4米[笑cry],<JAJPSOND>: 所以这个白布到底有多大！,<我就是点点啊啊啊>: 回复 @取个什么名字好呢嘻嘻 :叼炸天[doge],<取个什么名字好呢嘻嘻>: 回复 @Aeonk_ :嘴超甜[害羞],<取个什么名字好呢嘻嘻>: 回复 @我就是点点啊啊啊 :是不是很屌[二哈][二哈],<xm_两个西柚>: 回复 @取个什么名字好呢嘻嘻 :好嘞[羞嗒嗒],<我就是点点啊啊啊>: 哟哟，背景可以噢,<取个什么名字好呢嘻嘻>: 回复 @xmu_叫什么好呀嘻嘻嘻 : @色哥-coloars  这家,<取个什么名字好呢嘻嘻>: 回复 @蜜糖吐司龙 :有 @色哥-coloars,<取个什么名字好呢嘻嘻>: 回复 @蓝色的BB :忽略这种评价 别放心上[喵喵],<取个什么名字好呢嘻嘻>: 回复 @来自万州的WATER :哈哈哈用滤镜,<取个什么名字好呢嘻嘻>: 回复 @待见祢 :对的,<取个什么名字好呢嘻嘻>: 回复 @艾船儿 :啵啵你[爱你],<取个什么名字好呢嘻嘻>: 回复 @xxxibgdrgn_bobo :今天走婊婊风[挖鼻],<蜜糖吐司龙>: 有没有凉鞋呀 太漂亮啦,<取个什么名字好呢嘻嘻>: 回复 @蛋蛋姑娘小小号 :白布还是挺好拍的[喵喵]赶紧试起来,<xm_两个西柚>: [噢耶]小姐姐可以分享鞋子嘛,<蓝色蓝色蓝色啊>: 我穿这个衬衫被说显老[泪],<取个什么名字好呢嘻嘻>: 回复 @宇杭圆圆圆 :给你一朵小发发[偷乐],<取个什么名字好呢嘻嘻>: 回复 @十三嗨 :哈哈超喜欢[飞吻],<取个什么名字好呢嘻嘻>: 回复 @Zzz__李尽欢 : @米米米米米米米米修_  这家的]
1937713912	今日份新鲜日常两只帽子狂魔 试了一下午的帽子（最后一张？？？ ​​​	[<取个什么名字好呢嘻嘻>: 回复 @NoooTalk :不知道怎么称呼这位小姐姐[污],<取个什么名字好呢嘻嘻>: 回复 @Siopllpp :最近没太更博 争取勤快一点[偷乐],<是阿xin呀>: 又吃狗粮[二哈],<人家白着呢_>: 看你单眼皮那么美，我就对自己的单眼皮有信心了！,<减肥打卡激励培>: 回复 @取个什么名字好呢嘻嘻 :请问你买的可以发个链接呀？[太开心],<取个什么名字好呢嘻嘻>: 回复 @一七一冰淇淋 :哈哈哈哈委屈脸,<榴莲张张>: 从帽子到衣服都好好看！,<取个什么名字好呢嘻嘻>: 回复 @大小鹿_ :哈哈哈哈太酷了[酷],<取个什么名字好呢嘻嘻>: 回复 @ubbggccn :juslin的[爱你],<有梦大蝎>: 回复 @取个什么名字好呢嘻嘻 :谢谢[鬼脸二],<十二toor>: 白色帽子非常想让别人喊咱俩爸爸是怎么回事哈哈哈哈哈,<取个什么名字好呢嘻嘻>: 回复 @崔HHH :juslin的,<取个什么名字好呢嘻嘻>: 回复 @小头哥儿 :对，最近好像流行这种！我在网上买了个类似的[二哈],<ubbggccn>: 没人问内搭？内搭好看🙈,<崔HHH>: 请问  黄色上衣能是谁家的    谢谢了,<天使爱吃可丽饼>: 帽子都好好看呀 当然你更好看 哈哈哈哈 同款包包get,<无论你在或不在>: 哈哈哈哈哈哈最后一张,<洁妹妹啊>: 哈哈哈哈帽子都不错,<小头哥儿>: 第三那个好看！最近喜欢大帽子可以吧脸盖住那种哈哈哈,<取个什么名字好呢嘻嘻>: 回复 @有梦大蝎 :muji,<有梦大蝎>: 喜欢图二的帽子，在哪家店有？,<Seven七仔呀>: 每个帽子都好看 你戴帽子好看[嘻嘻],<小鳄鱼爱洗澡爱放屁>: 班长的套路你的心～,<-要不叫我大脸妹->: 哈哈哈哈哈哈 你戴帽子好看,<__jeuna>: 回复 @取个什么名字好呢嘻嘻 :hhhh没事没事慢慢挑[坏笑][坏笑],<取个什么名字好呢嘻嘻>: 回复 @小花花花嗯花花 :然而一个都没买[笑cry],<取个什么名字好呢嘻嘻>: 回复 @阿路璐 :c&a的 [喵喵],<一七一冰淇淋>: 不仅给我放毒 还撒狗粮[喵喵]拉黑你,<里蕤>: 牛仔外套好好看！,<__jeuna>: 帽子都好看[doge][doge][doge]🙈🙈🙈,<阿路璐>: 黑色帽子可爱死了！哪儿的,<Siopllpp>: 上个星期手机丢了 好久都没看到你的动态 今天终于看到了[笑cry][兔子],<假的王哥>: 心疼班长两秒(多了不给]
1937713912	哈哈哈哈哈哈可爱 ​​​	[<来自万州的WATER>: 回复 @取个什么名字好呢嘻嘻 :一毛一样[污],<多毛君>: 回复 @取个什么名字好呢嘻嘻 :好看,<取个什么名字好呢嘻嘻>: 回复 @多毛君 :没有，他就是这么俊[喵喵],<多毛君>: 弟弟的眉毛好像修过的[哈哈],<取个什么名字好呢嘻嘻>: 回复 @泡芙小姐姐记录日常 :得鲜m06和雕999 我最爱的两只,<泡芙小姐姐记录日常>: 回复 @取个什么名字好呢嘻嘻 :喜欢你用的口红啊，平时最经常用的是哪只啊[太開心],<-取个可爱的名字>: 回复 @取个什么名字好呢嘻嘻 :秒回呀！[鲜花][鲜花][鲜花][鲜花],<失夣人>: 回复 @取个什么名字好呢嘻嘻 :[好爱哦][好爱哦][好爱哦]太喜欢你很班长的相处模式了～！,<poppy0626>: 回复 @取个什么名字好呢嘻嘻 :谜之好看[哈哈][哈哈][哈哈],<取个什么名字好呢嘻嘻>: 回复 @泡芙小姐姐记录日常 :不是啊，黄皮 我不白的,<泡芙小姐姐记录日常>: 嘻妹，你是白皮吗[可憐],<取个什么名字好呢嘻嘻>: 回复 @蛋蛋姑娘小小号 :可开心 有一个多月没见我爸妈了，终于看到了[好爱哦],<取个什么名字好呢嘻嘻>: 回复 @--风筝有风 :羽毛，我用的这个,<取个什么名字好呢嘻嘻>: 回复 @WuZnCu :不是[笑cry]他太笨了拿尺子划到额头上就出血了,<-取个可爱的名字>: 所以油皮用什么粉底液[爱你][爱你],<取个什么名字好呢嘻嘻>: 回复 @失夣人 :他跟我爸妈睡另一个房间[挖鼻],<取个什么名字好呢嘻嘻>: 回复 @poppy0626 :对啊 我油皮 很容易出油,<失夣人>: 啊 弟弟是不是要睡你们中间[污][污],<poppy0626>: 哈哈哈哈鼻子出油啦,<WuZnCu>: 回复 @取个什么名字好呢嘻嘻 :弟弟是不是偷偷拿你的[口红]点鼻子上啦哈哈哈,<取个什么名字好呢嘻嘻>: 回复 @想要一屋子的酸奶 :对的[酷],<取个什么名字好呢嘻嘻>: 回复 @WuZnCu :我也是啊 未满18,<想要一屋子的酸奶>: 这是弟弟吗[羞嗒嗒],<WuZnCu>: 人家还是未成年人[瑜伽一]🏻]
1937713912	[污][污][污] ​​​	[<取个什么名字好呢嘻嘻>: 回复 @蛋蛋姑娘小小号 :他不敢的！我是老大[酷],<蛋蛋姑娘小小号>: 回复 @取个什么名字好呢嘻嘻 :我怕班长打我[笑cry],<取个什么名字好呢嘻嘻>: 回复 @蛋蛋姑娘小小号 :来！床已经铺好了！,<蛋蛋姑娘小小号>: 太美啦，想来宠幸你哈哈哈哈,<__jeuna>: 回复 @取个什么名字好呢嘻嘻 :ε-(´∀｀; ),<取个什么名字好呢嘻嘻>: 回复 @我就是点点啊啊啊 :[来][来][来],<取个什么名字好呢嘻嘻>: 回复 @小花花花嗯花花 :哈哈我也稀饭这个 粉粉的,<取个什么名字好呢嘻嘻>: 手链 @_kathryn,<取个什么名字好呢嘻嘻>: 睡衣 @Serena菲菲,<取个什么名字好呢嘻嘻>: 回复 @无聊的人不哭 : @Serena菲菲  这里买的哈,<KathrynJw>: 真美[太开心][太开心],<无聊的人不哭>: 哪家哪家哪家？睡衣,<__jeuna>: 睡衣好喜翻！！！[羞嗒嗒][羞嗒嗒]]
1937713912	卷了个外翻虽然手残党又失败了但依然很喜欢（不会p腿 大家将就看看小弯腿吧[挖鼻] ​​​	[<取个什么名字好呢嘻嘻>: 回复 @_你给我退下 :你们对我真好，都说不弯 爱泥门[偷乐],<取个什么名字好呢嘻嘻>: 回复 @小仙女ajing :金高银吧，啊啊好多人说我像她！不过你也很好看呀[羞嗒嗒],<失夣人>: 回复 @取个什么名字好呢嘻嘻 :[泪][泪][泪][泪][泪][悲伤][悲伤][悲伤][悲伤][悲伤],<取个什么名字好呢嘻嘻>: 回复 @大小鹿_ :哈哈哈每次都陷入这个纠结的话题当中[喵喵],<取个什么名字好呢嘻嘻>: 回复 @失夣人 :哈哈先勤快更几天 准备匿一段时间[污],<天使不不不洗碗>: 回复 @取个什么名字好呢嘻嘻 :谢谢[羞嗒嗒][羞嗒嗒][羞嗒嗒],<取个什么名字好呢嘻嘻>: 回复 @天使不不不洗碗 :丝袜是 @绵羊咩咩biubiubiu,<取个什么名字好呢嘻嘻>: 回复 @乔乔乔乔的乔妹 :夸的我要膨胀了哈哈哈[飞吻],<十二toor>: 回复 @取个什么名字好呢嘻嘻 :我都不知道我穿啥[悲伤],<取个什么名字好呢嘻嘻>: 回复 @Heartkillerr :鞋子之前胖胖在团，不过已经截团了,<取个什么名字好呢嘻嘻>: 回复 @大小鹿_ :穿个你没看过的[偷乐],<取个什么名字好呢嘻嘻>: 回复 @假的王哥 :别夸了 害羞[脸红],<天使不不不洗碗>: 宝宝 请问丝袜有链接吗[笑cry][笑cry][笑cry][笑cry],<唤潮饺姬·>: 鞋子好好看呀  有链接吗[兔子],<假的王哥>: 回复 @假的王哥 :错了！是漂亮！(超不一样！,<假的王哥>: 第六张真的是善良的小姐姐了！！,<小仙女ajing>: 我短发的时候就想留长发 可是看到你这样又想要短发了 天呐 我看你自拍就想起来韩国鬼怪女主叫什么名字去了 单眼皮很好看 为啥我单眼皮就算了 为啥脸还这么多肉,<人家白着呢_>: 卷的还是很好看！,<十二toor>: 明天我到底要看你穿哪件好呢ʕ •ᴥ•ʔ,<十八子小溪_>: 腿！哪！里！弯！了！,<_你给我退下>: 哈哈哈昨天还在EGGKA看到这件衣服觉得挺好看的，今天就看到你穿了🙈🙈🙈腿哪里弯了真的是，不p也够好看了[爱你][爱你][爱你],<CZ_阿祯>: 哪里有弯啊！！很美啊,<柒柒淇儿>: 回复 @取个什么名字好呢嘻嘻 :么么哒[飞吻],<取个什么名字好呢嘻嘻>: 回复 @柒柒淇儿 :不是哦，吊带是优衣库的,<柒柒淇儿>: 回复 @取个什么名字好呢嘻嘻 :对啊  是一套的吗？,<取个什么名字好呢嘻嘻>: 回复 @-sunny酱- :剪剪剪，不过妮儿这种中长发也好看，我之前就是这种[偷乐],<取个什么名字好呢嘻嘻>: 回复 @发发的隐藏小号 :发发卷肯定好看[偷乐],<阿初对吧>: 用facetune，瞬间变成竹竿腿。,<取个什么名字好呢嘻嘻>: 回复 @柒柒淇儿 :啥内搭啊？里边的吊带吗,<柒柒淇儿>: 一如既往的美呀  想问下内搭是什么啊？,<-sunny酱->: 我每次看到嘻妹都想剪短发！！！,<失夣人>: 太喜欢这两天的更博速度！,<失夣人>: 图八小拳握得呀～ 太可爱了[好爱哦][好爱哦][好爱哦],<发发的隐藏小号>: 这腿我已经很喜欢了 我一直想卷外翻 我室友都说不好看哈哈哈哈哈哈,<一颗甜柚子呀>: 反正还是很美就对了[太开心][太开心][太开心],<请叫我嘿嘿嘿嘿嘿喵警长>: 这个好好看，好瘦瘦,<乔乔乔乔的乔妹>: 哪里是小弯腿，明明就是超级大美腿[噢耶][噢耶],<Oooones_yo>: 回复 @取个什么名字好呢嘻嘻 :好滴[爱你],<取个什么名字好呢嘻嘻>: 回复 @一只想要瘦下来的吱吱 :我腿不好看的[笑cry][笑cry]直一点就好了,<取个什么名字好呢嘻嘻>: 回复 @胖丸子也是小仙女 :手动比心,<取个什么名字好呢嘻嘻>: 回复 @一只小号咩 :啾啾,<取个什么名字好呢嘻嘻>: 回复 @Oooones_yo :评论里有哈,<取个什么名字好呢嘻嘻>: 回复 @李人人__ :在西安上大学，快毕业了,<吱吱喜欢吃煎蛋>: 嘻妹腿好好看！！,<取个什么名字好呢嘻嘻>: 回复 @想要一屋子的酸奶 :爱你啵波,<李人人__>: 小仙女读的什么学校呀,<取个什么名字好呢嘻嘻>: 回复 @爱乱看的二Ni :明明很弯[悲伤],<取个什么名字好呢嘻嘻>: 一身 @EGGKA快时尚,<取个什么名字好呢嘻嘻>: 回复 @小头哥儿 :不会卷[失望],<取个什么名字好呢嘻嘻>: 回复 @怪物少女yo :8d丝袜,<仙女儿姓周>: 真腿还是丝袜[眼泪]]
1937713912	抹好了防晒出去校门都还没出呢天就阴了[摊手] ​​​	[<一只昱_-_>: 好温油啊嘻妹[噢耶],<取个什么名字好呢嘻嘻>: 毛衣 @SUNNYDAND,<取个什么名字好呢嘻嘻>: 裙子 @-Anke,<-sunny酱->: 没事儿 挡紫外线[哈哈],<取个什么名字好呢嘻嘻>: 回复 @爱折腾的小短腿儿 : @-Anke  裙子,<取个什么名字好呢嘻嘻>: 回复 @发发的隐藏小号 :就是热的很[笑cry],<十二toor>: 回复 @取个什么名字好呢嘻嘻 :好的老铁 论吃我是最没问题的[二哈],<取个什么名字好呢嘻嘻>: 回复 @大小鹿_ :来啊来啊 请你吃鸡公煲[喵喵],<十二toor>: 本来想看你穿那身 现在我想看你穿这身 想每天做一个小时车看你[舔屏][舔屏][舔屏],<取个什么名字好呢嘻嘻>: 回复 @假的王哥 :哈哈哈直男都欣赏不来，班长还说我这鞋很丑萌[笑cry][笑cry],<柒柒淇儿>: 好看的呀[好喜欢],<吱吱里>: 回复 @取个什么名字好呢嘻嘻 :[泪][泪][泪],<Tse是意中人啊>: 求个裙子链接[阿姨],<芒果娃子>: 裙子链接是？毛衣是？,<假的王哥>: 你穿这种色系好好看！！我上次试了一身腿哥叫我奶奶[摊手],<取个什么名字好呢嘻嘻>: 回复 @吱吱里 :这个包包应该是买不到了，我小姐姐的，你看一下上上条微博吧[笑cry],<来自万州的WATER>: 奶茶色系好温油好美[晕]不敢企及的色系,<发发的隐藏小号>: 裙子毛衣都好看！,<a张小张爱三岁>: 也太好看了吧亲亲[爱你],<取个什么名字好呢嘻嘻>: 回复 @Siopllpp :dei！近期不打算剪了 养长一点变温柔[二哈],<Siopllpp>: 头发长长好多了哦～,<小仙女ajing>: 这样穿也很好看！！！,<HeyLook-here>: 同款裙子嘿嘿 衣服有链接吗嘻妹儿🙊🙊]
1937713912	可以说是非常喜欢这一身了 ​​​	[<阿Zoony>: 鞋子也是一家的么？,<十二toor>: [舔屏][舔屏][舔屏]舔屏,<取个什么名字好呢嘻嘻>: 回复 @1个贝贝妮 :我涂都来了！不容易[喵喵],<1个贝贝妮>: 好看 鞋子超喜欢,<懒懒呐_>: 可以说非常好看～,<蓝胖子哆啦A梦的小伙伴>: 我也非常喜欢[羞嗒嗒],<L1USV1N啊>: 回复 @取个什么名字好呢嘻嘻 :么么哒,<假的王哥>: 可以说是非常想娶的一身了[摊手],<取个什么名字好呢嘻嘻>: 回复 @L1USV1N啊 :放评论了，自取,<取个什么名字好呢嘻嘻>: 一身都是 @gogomylittlebanana   @yigenanaya,<取个什么名字好呢嘻嘻>: 回复 @我百昂 :这个哈  http://t.cn/RXUPXJS,<取个什么名字好呢嘻嘻>: 回复 @-夏沫summer- :图片评论  http://t.cn/RXUPcRr,<不想上课咔咔>: 回复 @取个什么名字好呢嘻嘻 :同腰围小的烦恼[笑cry][笑cry],<取个什么名字好呢嘻嘻>: 回复 @不想上课咔咔 :我觉得她家还可以吧 我看中的就是她家腰围小我能穿[笑cry][笑cry][笑cry],<取个什么名字好呢嘻嘻>: 回复 @不能经常换id哟 :班长内心os：拍都拍了 还要骂我？,<L1USV1N啊>: 噢链接链接[嘻嘻][嘻嘻][嘻嘻],<咦是冰冰妹儿呀>: 可以说是非常好看了,<杨很爱生气>: 好看！！！！[哆啦A梦花心][哆啦A梦花心][哆啦A梦花心],<JAJPSOND>: 我也好喜欢！！！,<不想上课咔咔>: 裙子质量咋样呀 之前也想入的 但是怕质量不太好[可怜],<不想上课咔咔>: 裙子是nana家的嘛[太开心],<我就是点点啊啊啊>: 可以说是非常好看的一身了,<鲤鱼鲤鱼快长高>: 可以说是美上天了[好爱哦],<展颜2013>: 美[心][心][心][心],<发发的隐藏小号>: 可以说非常好看了！,<果汁分你一半呀>: 可以说是非常好看了！,<我百昂>: 鞋子！！[太开心][太开心],<你就瞎几把吹吧>: 可以说是非常好看了,<不能经常换id哟>: 班长拍照太好看了，多亏你骂的好[doge],<-夏沫summer->: 鞋子好好看，求链接[嘻嘻]]
1937713912	我大概有很多天没发照片了今天和一个超好看的小姐姐面基了所以照片全是她拍的 夸她[喵喵] ​​​	[<果汁分你一半呀>: 回复 @取个什么名字好呢嘻嘻 :是真的好看[doge][doge],<xxxibgdrgn_bobo>: 手机可以拍这么好看，我可能有个假手机,<取个什么名字好呢嘻嘻>: 回复 @叫我阿邱嫂好吗好的 :为啥我觉得还行 没鞋子臭[喵喵],<取个什么名字好呢嘻嘻>: 回复 @想想的妈咪yoyo :包包是我小姐姐的 @大小鹿_  让她回复你哈哈,<叫我阿邱嫂好吗好的>: 那个手机壳拿出来的时候好臭[笑cry],<想想的妈咪yoyo>: 包包有链接吗 妹纸,<咦是冰冰妹儿呀>: 你的每条裤子都好喜欢啊  哈哈美嘻嘻[爱心],<__jeuna>: 好看死了[羞嗒嗒][羞嗒嗒][羞嗒嗒]！！,<十八子小溪_>: 终于更了～～你和小姐姐都美,<取个什么名字好呢嘻嘻>: 回复 @蓝胖子哆啦A梦的小伙伴 :dei！我最爱的小姐姐！,<蓝胖子哆啦A梦的小伙伴>: 回复 @取个什么名字好呢嘻嘻 :也是个美人哦[羞嗒嗒],<取个什么名字好呢嘻嘻>: 西装 @RandomPiece,<一颗甜柚子呀>: 好看好看好看都好看[心][心][心][花痴][花痴][花痴],<我就是个有趣的人>: 和我嘻妹get两件同款西装也是很开森der！！！一件juslin一件rp [爱你],<阿初对吧>: 回复 @取个什么名字好呢嘻嘻 :好高清啊[馋嘴],<南瓜粥April>: 拍的像模特图！！！！！[舔屏][舔屏],<取个什么名字好呢嘻嘻>: 回复 @美阿美阿美55 :不是 就用手机拍的[笑cry],<阿初对吧>: 请问是用相机拍的吗？,<ubbggccn>: 回复 @取个什么名字好呢嘻嘻 :两个都是小仙女儿~,<深处有璐>: 回复 @取个什么名字好呢嘻嘻 :好滴 谢谢嘻妹[爱你],<取个什么名字好呢嘻嘻>: 回复 @果汁分你一半呀 :你们都太捧场了[偷乐],<取个什么名字好呢嘻嘻>: 回复 @ubbggccn :哈哈我两认识好久啦 不过拖到现在才面基[二哈],<X-LiLiLiLi>: 回复 @取个什么名字好呢嘻嘻 :Thank you,<取个什么名字好呢嘻嘻>: 回复 @X-LiLiLiLi :瘦竹竿家的,<取个什么名字好呢嘻嘻>: 回复 @米米米米米米米米修_ :吃了[笑cry]就是不长肉[笑cry],<取个什么名字好呢嘻嘻>: 回复 @一颗毛啊豆啊 :还是毛豆比较好看 羡慕有个摄影师男友,<取个什么名字好呢嘻嘻>: 回复 @-sunny酱- :美妮儿[偷乐],<ZzweizZ->: 吼看啊！！！好喜欢[舔屏],<X-LiLiLiLi>: 宝宝，求短袖链接,<蛋蛋姑娘小小号>: 好好看的，拍的也好,<取个什么名字好呢嘻嘻>: 回复 @小邓喂- :可以说是非常多了[失望],<ubbggccn>: 妈呀 羡慕可以和我嘻面基[脸红],<小邓喂->: 说你到底有多少条牛仔裤！！[二哈],<取个什么名字好呢嘻嘻>: 回复 @爱乱看的二Ni :哈哈 咋读起来这么像广告词儿,<取个什么名字好呢嘻嘻>: 回复 @小头哥儿 :哈哈我吃不胖的[喵喵],<取个什么名字好呢嘻嘻>: 回复 @JAJPSOND :是不是很久米有见到我了[挖鼻],<取个什么名字好呢嘻嘻>: 回复 @深处有璐 :小海家哈 买很久了 估计下架了[污],<取个什么名字好呢嘻嘻>: 回复 @Xzr_Zorina :小海家 好早之前买的，不几道下架没[失望],<取个什么名字好呢嘻嘻>: 回复 @小仙女ajing :是不是！感觉班长要被辞退了[二哈],<爱乱看的二Ni>: 好看好看！姿势百变！,<Xzr_Zorina>: 裤子👖有链接🔗吗[爱你],<取个什么名字好呢嘻嘻>: 回复 @柒柒淇儿 :vsco调的[挖鼻],<深处有璐>: 裤子好好看 [熊猫][熊猫]求链接,<十二toor>: 回复 @取个什么名字好呢嘻嘻 :嘻嘻[太开心][太开心][太开心],<是阿xin呀>: 嘻妹好韩范[心],<假的王哥>: 她很棒你也很棒！,<取个什么名字好呢嘻嘻>: 我一定要在评论里放张小姐姐的照片 我们还拍了好多[笑cry][笑cry]留着明天发哈哈[偷乐]  http://t.cn/RXzH6G1,<柒柒淇儿>: 好看 想问一下用的滤镜是什么啊 这个色调看着舒服[害羞],<小头哥儿>: 先夸你！怎么这么瘦！！这么好看！！,<果汁分你一半呀>: 都夸都夸，太好看,<腿毛阿姨_>: 拍的好看诶！！！,<米米米米米米米米修_>: 多吃点[哈欠][哈欠][哈欠],<小仙女ajing>: 嘻嘻[羞嗒嗒]拍的好好]
1937713912	娘里娘气的一天🌚🌚🌚 ​​​	[<取个什么名字好呢嘻嘻>: [裙子] @ShakeSnake,<取个什么名字好呢嘻嘻>: 回复 @我就是点点啊啊啊 :快po出来哈哈,<我就是点点啊啊啊>: 同款裙子[doge],<Siopllpp>: 夸你[偷笑][兔子],<取个什么名字好呢嘻嘻>: 回复 @莉莉菌1996 :[飞吻],<取个什么名字好呢嘻嘻>: 回复 @Chouchou馮_ :是我没错[喵喵],<取个什么名字好呢嘻嘻>: 回复 @ZzweizZ- :哈哈难得一回,<取个什么名字好呢嘻嘻>: 回复 @一只小号咩 :[爱你][爱你],<取个什么名字好呢嘻嘻>: 回复 @一颗甜柚子呀 :请继续爱我[偷乐],<取个什么名字好呢嘻嘻>: 回复 @很高兴遇见你嘻嘻 :嘿嘿[飞吻],<取个什么名字好呢嘻嘻>: 回复 @小仙女ajing :比心[红心],<取个什么名字好呢嘻嘻>: 回复 @怎么就格式不对阿 :瘦竹竿的，好久之前买的，不几道还有没,<我就是个有趣的人>: 回复 @取个什么名字好呢嘻嘻 :上课总是会怕迟到 不便于奔跑啊喂 [噢耶],<取个什么名字好呢嘻嘻>: 回复 @失夣人 :厉害了！,<取个什么名字好呢嘻嘻>: 回复 @我就是个有趣的人 :多穿穿裙子就娘了[笑cry],<取个什么名字好呢嘻嘻>: 回复 @发发的隐藏小号 :发发也美！,<取个什么名字好呢嘻嘻>: 回复 @呆丸吱 :啾啾[害羞],<取个什么名字好呢嘻嘻>: 回复 @阿路璐 :璐璐也美[害羞],<__jeuna>: 回复 @取个什么名字好呢嘻嘻 :那肯定的呐[坏笑][坏笑][污][污],<取个什么名字好呢嘻嘻>: 回复 @蛋蛋姑娘小小号 :哈哈舒服 最爱躺沙发[喵喵],<取个什么名字好呢嘻嘻>: 回复 @小花花花嗯花花 :是真爱[二哈][二哈],<取个什么名字好呢嘻嘻>: 回复 @一七一冰淇淋 :我七最温柔,<取个什么名字好呢嘻嘻>: 回复 @小当当当当当- :yeap,<取个什么名字好呢嘻嘻>: 回复 @困困困困困kk :我擦类！困困去哪个店了[偷笑],<我就是个有趣的人>: 为啥我总娘不起来 [摊手],<ZzweizZ->: 哈哈哈很女人[舔屏],<蛋蛋姑娘小小号>: 美里美气的一天哈哈哈哈哈，图2躺舒服吗,<你橙呀>: 好娘好喜欢[喵喵],<一颗甜柚子呀>: 美里美气的一天[二哈][二哈][二哈],<困困困困困kk>: 我今天也去民乐园那块了！！[doge],<小当当当当当->: shake那条裙子咩[羞嗒嗒],<__jeuna>: 娘我也喜欢[喵喵][喵喵][坏笑][坏笑],<失夣人>: 沙发！软妹！！[爱你][爱你]]
1937713912	blue blue～今日份新鲜出图[蓝心][蓝心][蓝心] ​​​	[<caaaaaalm>: 裤子求链接啊～～[鲜花][鲜花][鲜花],<一颗毛啊豆啊>: 回复 @取个什么名字好呢嘻嘻 :对对 我还想买件没有花花素的哈哈,<取个什么名字好呢嘻嘻>: 回复 @一颗毛啊豆啊 :毛豆不是有件nicepeople的！我超喜欢那件的！,<一颗毛啊豆啊>: 我好想买牛仔外套啊,<取个什么名字好呢嘻嘻>: 回复 @__小海洋 :158 80 最小码,<__小海洋>: 方便说下身高体重 外套什么码吗,<鲤鱼鲤鱼快长高>: 锁骨好美[花痴],<小仙女ajing>: 回复 @取个什么名字好呢嘻嘻 :我也喜欢这样的小[熊],<取个什么名字好呢嘻嘻>: 回复 @小仙女ajing :哈哈我没[熊],<小仙女ajing>: [熊] ！！快把衣服穿上 我不是这么随便的人,<楚哥要吃肉>: 好可爱！！啊！！喜欢,<大怪兽少奶奶->: 超好看的你[心][心],<__jeuna>: 回复 @取个什么名字好呢嘻嘻 :[笑cry][笑cry][笑cry]下次我也要试试秒现货,<你还是要笑啊>: 回复 @取个什么名字好呢嘻嘻 :谢啦[兔子],<取个什么名字好呢嘻嘻>: 回复 @小花花花嗯花花 :我每次都能秒到她家的现货，别家的就不能[笑cry][笑cry][笑cry]奇怪了,<__jeuna>: 回复 @取个什么名字好呢嘻嘻 :羡慕小快手[摊手][摊手][摊手][惊恐][惊恐][惊恐],<取个什么名字好呢嘻嘻>: 回复 @一颗甜柚子呀 :啵啵[飞吻],<取个什么名字好呢嘻嘻>: 回复 @小花花花嗯花花 :因为我是秒的现货啊[偷乐],<TH2SilverStudio>: 回复 @取个什么名字好呢嘻嘻 :美[爱心]️ http://t.cn/R6imFxg,<取个什么名字好呢嘻嘻>: 回复 @ubbggccn :真爱粉[爱你],<取个什么名字好呢嘻嘻>: 回复 @里可爱- :评论里有,<__jeuna>: 天哪这件吊带你都收到了我都还没发货[笑cry][笑cry][笑cry],<一只昱_-_>: 回复 @取个什么名字好呢嘻嘻 :爱的无法自拔🙈,<取个什么名字好呢嘻嘻>: 项链 @TH2SilverStudio,<取个什么名字好呢嘻嘻>: 回复 @蜜糖吐司龙 :于老板家的！,<取个什么名字好呢嘻嘻>: 回复 @一七一冰淇淋 :这就是我们学校一个网球场[二哈],<取个什么名字好呢嘻嘻>: 裤 @HEYGIRL黑哥,<取个什么名字好呢嘻嘻>: 牛仔 @STUDIOFUN,<一七一冰淇淋>: 说吧 又去哪浪了[喵喵],<取个什么名字好呢嘻嘻>: 回复 @一只昱_-_ :爱我不[偷乐],<取个什么名字好呢嘻嘻>: 回复 @你还是要笑啊 :我评论里给啦,<ZzweizZ->: 回复 @ZzweizZ- : @fayeye_  发爷家,<取个什么名字好呢嘻嘻>: 回复 @洁妹妹啊 :哈哈特意选的,<ubbggccn>: 每天都这么好看[二哈],<我就是点点啊啊啊>: 回复 @取个什么名字好呢嘻嘻 :撩的飞起,<取个什么名字好呢嘻嘻>: 回复 @发发的隐藏小号 :其实就是个网球场[二哈],<取个什么名字好呢嘻嘻>: 回复 @蛋蛋姑娘小小号 :哈哈要不要来一条,<取个什么名字好呢嘻嘻>: 回复 @_你给我退下 :你嘴真甜[害羞],<取个什么名字好呢嘻嘻>: 回复 @肥牛卷_ :……,<取个什么名字好呢嘻嘻>: 回复 @来自万州的WATER :啾啾你,<取个什么名字好呢嘻嘻>: 绿吊带 @fayeye_,<取个什么名字好呢嘻嘻>: 回复 @阿路璐 :这条感觉还不错，虽然长了点儿[二哈],<你还是要笑啊>: 回复 @ZzweizZ- :哪里哪里？小仙女，能说一下不,<取个什么名字好呢嘻嘻>: 回复 @我就是点点啊啊啊 :撩不撩！,<取个什么名字好呢嘻嘻>: 回复 @ZzweizZ- :yeap！,<我就是点点啊啊啊>: 小可爱太美了，还脱衣[doge],<肥牛卷_>: 反套路 变成下午更了,<蓝胖子哆啦A梦的小伙伴>: 这个背景好[赞啊],<小凯几->: 牛仔衣好看！很特别,<一只昱_-_>: 这个背景棒呆了[噢耶],<一颗甜柚子呀>: 背景也好好看 好纯净的感觉[污][污][污],<一颗甜柚子呀>: 美美美呀[花痴][花痴][花痴],<想要一屋子的酸奶>: 好干净  好好看！,<_你给我退下>: 背景好看，衣服好看，你更好看🙈]
1937713912	豆乳盒子可以说是非常好吃了像我这种瘦女孩 就应该每天吃两盒 ​​​	[<取个什么名字好呢嘻嘻>: 回复 @我就是点点啊啊啊 :挺好吃的，可以试试[兔子],<取个什么名字好呢嘻嘻>: 回复 @oo李二亲oo :快去买哈哈,<xxxibgdrgn_bobo>: 像我这种一点都不能吃[泪],<取个什么名字好呢嘻嘻>: 回复 @一七一冰淇淋 :一种甜品 长这样的[笑cry]  http://t.cn/R68z4Ok,<我就是点点啊啊啊>: 我咋没吃过[doge],<取个什么名字好呢嘻嘻>: 回复 @现在我叫泡泡了 :水果的没吃过 下次试试[偷笑],<取个什么名字好呢嘻嘻>: 回复 @十三嗨 :真的好吃啊！毕竟我爱奶油[馋嘴],<取个什么名字好呢嘻嘻>: 回复 @果汁分你一半呀 :你可以吃四盒[二哈],<oo李二亲oo>: 还没吃过→_→    说的好想吃吖,<现在我叫泡泡了>: 你觉得这个和水果的哪个好吃？,<十三嗨>: 还没吃过 真的有这么好吃吗[喵喵],<果汁分你一半呀>: 那么，我也想每天吃两盒[喵喵],<取个什么名字好呢嘻嘻>: 回复 @想要一屋子的酸奶 :怕啥，吃了再减[喵喵],<我就是想叫瑶妹啊>: 不知道诶[馋嘴],<想要一屋子的酸奶>: 胖女孩没资格吃[失望],<徐氏姑娘>: [二哈]在学校每个礼拜都吃,<取个什么名字好呢嘻嘻>: 回复 @啊到底起个什么名字好 :来吧给你看一眼  http://t.cn/R68v4DU,<取个什么名字好呢嘻嘻>: 回复 @一只小号咩 :哈哈哈[二哈],<取个什么名字好呢嘻嘻>: 回复 @爱做梦的侯少女 :我在我们学校蛋糕店买的 一般好多甜品店都有这个,<取个什么名字好呢嘻嘻>: 回复 @葬爱小宁宁 :没听过最好 太容易发胖了[挖鼻],<小抽儿酱>: 回复 @取个什么名字好呢嘻嘻 :嘛啊 ！看起来太好吃了[二哈],<你橙呀>: 第二句话可以说是肥肠的扎心了,<JAJPSOND>: 回复 @取个什么名字好呢嘻嘻 :妈蛋！！！诱惑我,<取个什么名字好呢嘻嘻>: 回复 @JAJPSOND :诱惑一下你[喵喵]  http://t.cn/R6QsvEb,<JAJPSOND>: 真的嘛！我一直想吃]
1937713912	今天来点儿绿色吧～[绿叶][绿叶][绿叶] ​​​	[<取个什么名字好呢嘻嘻>: 回复 @失去个性和 :包包 @纯杨杨  已经下架啦,<取个什么名字好呢嘻嘻>: 回复 @xx是我呀_ :衣服的还是裤子？,<取个什么名字好呢嘻嘻>: 回复 @老姑娘小呀呼 :评论里给啦,<取个什么名字好呢嘻嘻>: 回复 @anyanything :评论里给了,<失去个性和>: 包包好看！有木有链接！,<短腿阿姨-o>: 嘻妹，你尺码是多少啊？,<一列小火车污>: 想要那个绿色的链接么么哒,<anyanything>: 可以发个上衣链接吗,<假的王哥>: 回复 @取个什么名字好呢嘻嘻 :眼前一亮的感觉[馋嘴],<佳文呢>: 回复 @取个什么名字好呢嘻嘻 :三月已经过去了。马上就四月了[笑cry],<xxxibgdrgn_bobo>: 耳环好看，绿色也好看,<鲤鱼鲤鱼快长高>: 回复 @取个什么名字好呢嘻嘻 :是你太美了啦[好爱哦],<方方的大脸妹就是我>: 拍的越来越有味道了[花痴],<失夣人>: 回复 @取个什么名字好呢嘻嘻 :[好爱哦][好爱哦][好爱哦],<-要不叫我大脸妹->: 回复 @取个什么名字好呢嘻嘻 :嘻嘻 都好看,<取个什么名字好呢嘻嘻>: 回复 @倷倷森 :这个真的很不错[二哈],<取个什么名字好呢嘻嘻>: 回复 @kuang吃 :[飞吻][飞吻][飞吻],<取个什么名字好呢嘻嘻>: 回复 @失夣人 :还没拍呢！过几天看,<取个什么名字好呢嘻嘻>: 回复 @-要不叫我大脸妹- :[喵喵][喵喵]偶尔也要女人一回,<取个什么名字好呢嘻嘻>: 回复 @Siopllpp :被你发现啦[偷笑],<取个什么名字好呢嘻嘻>: 回复 @假的王哥 :哈哈是不是画风突变的感觉,<取个什么名字好呢嘻嘻>: 回复 @蛋蛋姑娘小小号 :么么扎[害羞],<取个什么名字好呢嘻嘻>: 回复 @我就是点点啊啊啊 :来，给吻,<取个什么名字好呢嘻嘻>: 回复 @一七一冰淇淋 :对，特意没挑周末来，都有好多人在拍[笑cry],<Siopllpp>: 喝的饮料也是绿色的[偷笑],<蛋蛋姑娘小小号>: 耳环我喜欢，吼看我嘻妹,<失夣人>: 想看黑哥家那件白色衣服的搭配～[污][污],<一七一冰淇淋>: 这里太适合拍照啦,<假的王哥>: 哈哈哈哈哈带耳环的嘻妹猴女人啊[花痴][花痴],<取个什么名字好呢嘻嘻>: 回复 @CZ_阿祯 :🙈🙈,<ubbggccn>: 回复 @取个什么名字好呢嘻嘻 :大概是更爱了,<kuang吃>: 这个。很美。比心[羞嗒嗒],<Yeez_>: 我也买这件了，好看死了,<我就是点点啊啊啊>: 想要吻我的小可耐,<取个什么名字好呢嘻嘻>: 回复 @咦是冰冰妹儿呀 :比心[飞吻],<取个什么名字好呢嘻嘻>: 回复 @蓝胖子哆啦A梦的小伙伴 :专门点了个抹茶的[笑cry],<取个什么名字好呢嘻嘻>: 回复 @小抽儿酱 :么么我抽[害羞],<取个什么名字好呢嘻嘻>: 回复 @现在我叫泡泡了 :哈哈这几天都不冷 20多度[二哈],<蓝胖子哆啦A梦的小伙伴>: 哈哈，连喝的都是绿色的,<现在我叫泡泡了>: 每天都穿的好少啊！,<叫我阿邱嫂好吗好的>: 回复 @取个什么名字好呢嘻嘻 :你说呢[阴险],<展颜2013>: 回复 @取个什么名字好呢嘻嘻 :么么扎[爱你][爱你][爱你][爱你],<取个什么名字好呢嘻嘻>: 回复 @ubbggccn :还爱我吗！,<小抽儿酱>: 咋这么好看啊啊啊啊啊摔,<不吃了真不吃了>: 回复 @取个什么名字好呢嘻嘻 :谢谢！,<__jeuna>: 回复 @取个什么名字好呢嘻嘻 :[好喜欢][好喜欢][好喜欢][好喜欢],<取个什么名字好呢嘻嘻>: 回复 @里可爱- :已放评论哈,<取个什么名字好呢嘻嘻>: 回复 @小晓小晓ssss :嘿嘿放评论啦,<取个什么名字好呢嘻嘻>: 回复 @-矢曼 :评论里都发了哦,<ubbggccn>: 突然女人惹[阿姨]🏻,<取个什么名字好呢嘻嘻>: 回复 @展颜2013 : @_kathryn  这里这里,<取个什么名字好呢嘻嘻>: 回复 @脾气很差了别惹我 :上衣 @RandomPiece,<取个什么名字好呢嘻嘻>: 回复 @叫我阿邱嫂好吗好的 :哈哈哈哈爱我不,<取个什么名字好呢嘻嘻>: 回复 @小花花花嗯花花 : @_kathryn  这里的[偷笑]]
1937713912	发个微博匿了[喷气][喷气][喷气] ​​​	[<天使不不不洗碗>: 宝宝 请问包包有链接吗[好喜欢],<燕麥latte>: 特！別！關！注！,<十三嗨>: 哈哈哈哈哈好可爱啊,<取个什么名字好呢嘻嘻>: 回复 @ubbggccn :明明是小短腿[二哈],<取个什么名字好呢嘻嘻>: 回复 @小抽儿酱 :[喵喵][喵喵][喵喵],<取个什么名字好呢嘻嘻>: 回复 @温温牛奶- :嘴真甜[飞吻],<取个什么名字好呢嘻嘻>: 回复 @dogdogdogcats :置顶微博有推荐，你看一下呗,<取个什么名字好呢嘻嘻>: 回复 @越来越胖的小掌柜meliaaa :哈哈是你男朋友,<取个什么名字好呢嘻嘻>: 回复 @一只昱_-_ :根本撑不起来[笑cry],<我就是点点啊啊啊>: 你这腿[泪][泪],<取个什么名字好呢嘻嘻>: 回复 @一七一冰淇淋 :哈哈肥来了,<取个什么名字好呢嘻嘻>: 裤子跟团 @梨子买买买,<取个什么名字好呢嘻嘻>: 衬衣 @Fanostudios,<越来越胖的小掌柜meliaaa>: 今天是小男朋友嘛！我有同款鞋耶[好爱哦],<dogdogdogcats>: 求推进卷发棒，觉得你头发卷的好好,<蓝胖子哆啦A梦的小伙伴>: 衬衫好看哦[羞嗒嗒],<一只昱_-_>: 嘿嘿，bf风的衬衫[doge],<佳文呢>: 看到你这么瘦 我真的不能再吃了[泪],<孟婆呀呀呀呀>: 哇，男朋友的衬衫,<omtonnn>: 新粉来报道！好美,<取个什么名字好呢嘻嘻>: 回复 @Luyuiiiiiiiiaiaaa :不不这是我的,<取个什么名字好呢嘻嘻>: 回复 @-李颖婕 :啵啵[飞吻][飞吻],<取个什么名字好呢嘻嘻>: 回复 @一口气吃成王胖子 :哈哈真的是我的 不是他的[二哈],<橘子榨汽水呀>: 你肯定偷了班长的衬衣[馋嘴][馋嘴],<Luyuiiiiiiiiaiaaa>: 男朋友的衬衣[喵喵][喵喵][喵喵]]
1937713912	等了这么久 天气终于变好无滤镜最近可以说是非常懒了 ​​​	[<取个什么名字好呢嘻嘻>: 回复 @洁妹妹啊 :啵啵,<取个什么名字好呢嘻嘻>: 鞋子 @雪碧工作室Studio,<咦是冰冰妹儿呀>: 回复 @取个什么名字好呢嘻嘻 :必须出去浪  哈哈哈,<取个什么名字好呢嘻嘻>: 回复 @咦是冰冰妹儿呀 :出去玩没[喵喵],<取个什么名字好呢嘻嘻>: 回复 @不能经常换id哟 :嗷 知道了！最近貌似很火[挖鼻],<不能经常换id哟>: 回复 @取个什么名字好呢嘻嘻 :孙怡，嘿嘿,<取个什么名字好呢嘻嘻>: 回复 @一七一冰淇淋 :摸摸，等男票回来你也可以[偷笑],<取个什么名字好呢嘻嘻>: 回复 @不能经常换id哟 :这谁🤔明显比我美太多！,<不能经常换id哟>: 你长得像这个[doge]  http://t.cn/R6JKIyP,<一七一冰淇淋>: 羡慕可以外拍[泪],<取个什么名字好呢嘻嘻>: 回复 @龙共王月- :哈哈哈哈熏疼,<取个什么名字好呢嘻嘻>: 回复 @oo李二亲oo :那就多穿点儿[喵喵],<取个什么名字好呢嘻嘻>: 回复 @Chouchou馮_ :浪起来[二哈],<取个什么名字好呢嘻嘻>: 回复 @WAnGLuYa0 :一样，我们这早晚还是很冷,<取个什么名字好呢嘻嘻>: 回复 @寂寞菇菇 :是的哦,<WAnGLuYa0>: 我们这里也升温了 可是晚上还是冷~,<Chouchou馮_>: 明天天气也好 出去浪[二哈],<取个什么名字好呢嘻嘻>: 回复 @未命名的w君 :好像是！都升温了,<寂寞菇菇>: 亲亲，[二哈][二哈]鞋子是keds吗,<取个什么名字好呢嘻嘻>: 回复 @蛋蛋姑娘小小号 :勤快起来 别睡啦[挖鼻],<取个什么名字好呢嘻嘻>: 回复 @是猪猪侠 :f21的！,<取个什么名字好呢嘻嘻>: 回复 @帅香米 :对呀[兔子],<取个什么名字好呢嘻嘻>: 回复 @来自万州的WATER :不会的，这衣服很大 当不了保暖内衣[二哈],<未命名的w君>: 今天大家都在过春天！,<取个什么名字好呢嘻嘻>: 回复 @腿毛阿姨_ :哈哈哈哈哈[笑cry]我说咋怪怪的,<蛋蛋姑娘小小号>: 已经算勤快了，我是天天贪睡哈哈哈哈,<取个什么名字好呢嘻嘻>: 回复 @假的王哥 :我王哥也是🤔🤔,<腿毛阿姨_>: 回复 @取个什么名字好呢嘻嘻 :我是狐狸  http://t.cn/RisBkYU,<取个什么名字好呢嘻嘻>: 回复 @腿毛阿姨_ :哈哈哈腿毛的狗真可爱[偷笑],<假的王哥>: 可以说是相当活力的美少女了🙈  http://t.cn/R6JSnv6,<腿毛阿姨_>: 我们今天也是！！！  http://t.cn/R6JSW5w,<oo李二亲oo>: 我们这儿是假太阳  看着天气很好 但是很冷[二哈],<取个什么名字好呢嘻嘻>: 回复 @半仙儿有个小太阳 :小姐姐和男朋友[喵喵],<__jeuna>: 回复 @取个什么名字好呢嘻嘻 :我也是！！天气好的好处就是光线特别好🙈🙈🙈,<来自万州的WATER>: 好看好看[污]我大概能把这件衣服穿出奶奶的保暖衣的感觉[污],<帅香米>: [兔子]今天终于暖和啦,<取个什么名字好呢嘻嘻>: 回复 @小花花花嗯花花 :开熏 终于可以穿春装出门浪了[喵喵],<S孙小仙儿->: 今天相约去操场[太开心][太开心][太开心],<__jeuna>: 第一个！！我家今天天气也超级好[奥特曼][奥特曼][奥特曼][奥特曼][喵喵][喵喵][喵喵][喵喵]]
1937713912	别看我这么瘦我不仅瘦我还没[熊] ​​​	[<-要不叫我大脸妹->: 回复 @取个什么名字好呢嘻嘻 :宝宝穿的啥号啊,<短腿阿姨-o>: 回复 @取个什么名字好呢嘻嘻 :谢谢嘻妹,<取个什么名字好呢嘻嘻>: 回复 @xx是我呀_ :这条哈  http://t.cn/R6fG2iT,<短腿阿姨-o>: 回复 @取个什么名字好呢嘻嘻 :是裤子呢,<取个什么名字好呢嘻嘻>: 有宝宝说找不到链接，我点进去才发现下架了，怪我收到了好久才穿出去拍照[笑cry]（想买的可以咸鱼搜一下关键词  http://t.cn/R6fbQ1E,<取个什么名字好呢嘻嘻>: 回复 @xx是我呀_ :啊？哪家店？衣服吗,<短腿阿姨-o>: 回复 @xx是我呀_ :能不能分享链接啊？,<短腿阿姨-o>: 嘻妹，在她家店里看不到同款的，好急哦,<我就是点点啊啊啊>: 我看到啦，有[doge],<取个什么名字好呢嘻嘻>: 回复 @十三情绪差 :么么扎,<展颜2013>: 可是我觉得平胸穿衣服会很好看[摊手][摊手],<取个什么名字好呢嘻嘻>: 回复 @一七一冰淇淋 :那一定是你的幻觉[二哈],<取个什么名字好呢嘻嘻>: 回复 @千手观音攀攀 :我也没有！我屁股是塌的！这辈子都想有大胸和翘屁股[挖鼻],<__jeuna>: 回复 @取个什么名字好呢嘻嘻 :哈哈哈哈哈[喵喵],<取个什么名字好呢嘻嘻>: 回复 @小花花花嗯花花 :抱拳了老铁[作揖],<取个什么名字好呢嘻嘻>: 回复 @Mole_冷温柔 :好啊 快给我，就想要一对大胸,<取个什么名字好呢嘻嘻>: 回复 @蛋蛋姑娘小小号 :哈哈哈要笑死了,<取个什么名字好呢嘻嘻>: 回复 @JAJPSOND :你明明有，我都看见了[喵喵],<取个什么名字好呢嘻嘻>: 回复 @我是可爱圆滚滚的小汤圆 :裤子已给，发色看置顶微博,<取个什么名字好呢嘻嘻>: 回复 @-要不叫我大脸妹- :哈哈哈并不会，我都放评论里啦,<JAJPSOND>: 哈哈哈哈哈哈哈哈哈哈哈哈 我不瘦 可是我也没[熊],<取个什么名字好呢嘻嘻>: 回复 @甲-乙丙 :蜜桃派的！,<荔枝不甜->: 回复 @取个什么名字好呢嘻嘻 :看到啦[爱你],<取个什么名字好呢嘻嘻>: 回复 @荔枝不甜- :评论里都给啦,<取个什么名字好呢嘻嘻>: 回复 @疯喵喵的疯汪汪 :对！平胸穿衣服好看[二哈],<CZ_阿祯>: 小开衫和大开衫，好好看,<取个什么名字好呢嘻嘻>: 回复 @果汁分你一半呀 :哈哈哈同感🤔,<取个什么名字好呢嘻嘻>: 回复 @-sunny酱- :妮儿！ @gogomylittlebanana  裤子这里的！,<取个什么名字好呢嘻嘻>: 回复 @一只昱_-_ :亲一口我昱[喵喵],<取个什么名字好呢嘻嘻>: 鞋子 @小萌亦可,<取个什么名字好呢嘻嘻>: 灰色开衫 优衣库的 无链接,<取个什么名字好呢嘻嘻>: 一身都是 @gogomylittlebanana   @yigenanaya,<念桉->: 但你好看呀[瑜伽二] ~,<好一片大草原哈>: 仙女仙女，求一套[污][污],<xxxibgdrgn_bobo>: 我胖也没有，这就尴尬了[摊手],<小仙女ajing>: 哈哈哈我平[熊] 我骄傲 我为国家省布料,<蓝胖子哆啦A梦的小伙伴>: 我不瘦，也没[熊],<-要不叫我大脸妹->: 所有都要链接！[二哈][二哈][二哈][二哈]你是不是想把我杀了,<李阿思雨吗i>: 比你胖也没胸。[眼泪],<我是可爱圆滚滚的小汤圆>: 求裤子，还有发色是什么呀，好好看！,<范范是77>: 裤几好好看[嘻嘻],<请叫我嘿嘿嘿嘿嘿喵警长>: 真好看，大长腿[花痴],<南瓜粥April>: 熟悉的拍照地点[羞嗒嗒],<Yeez_>: 一身同款[喵喵],<徐氏姑娘>: 我不瘦也没[熊]  http://t.cn/R6VHKx9,<千手攀攀>: 别看我没[熊] 我还没屁股呢[二哈][二哈][二哈],<蛋蛋姑娘小小号>: 我也是平到太平洋了,<__jeuna>: 我也没有[doge][doge][doge],<甲-乙丙>: 小[熊]来求内衣,<老夫万年死宅短腿小迷妹>: [爱你]求裤子和灰色外套链接。,<Mole_冷温柔>: 平胸多显瘦[喵喵]把我的给你吧[污],<小晓小晓ssss>: 求裤子连接，求上衣连接,<丨366天都饿丨>: 滴 有[熊]卡！,<ubbggccn>: 好看死了[二哈],<一七一冰淇淋>: 我看到[熊]了[偷乐]]
1937713912	今年刮起的西装风没忍住 跟风一回别问了挺冷的我大概是出来作死的 ​​​	[<请叫我嘿嘿嘿嘿嘿喵警长>: 为啥你穿什么都好看！每天都必须翻翻，看你今天发图了没？[眼泪],<咦是冰冰妹儿呀>: 啊啊啊好爱图七哈哈哈   太好看了,<困困困困困kk>: 回复 @取个什么名字好呢嘻嘻 :就是觉得垫肩可奇怪[眼泪]纠结！你这个好看！,<取个什么名字好呢嘻嘻>: 回复 @乔乔乔乔的乔妹 :何止鼻头 脚都冻僵了[笑cry],<小仙女ajing>: 美美哒[羞嗒嗒],<乔乔乔乔的乔妹>: 感觉鼻头都冻红了，班长应该很心疼吧[偷笑][偷笑],<取个什么名字好呢嘻嘻>: 回复 @大酒窝毛毛 :我这也冷，强行臭美呢[二哈],<a张小张爱三岁>: 你穿馨姐这条裤子也太好看[好喜欢],<取个什么名字好呢嘻嘻>: 回复 @a张小张爱三岁 :对我而言，很大，我都塞衣服里了,<a张小张爱三岁>: 回复 @取个什么名字好呢嘻嘻 :这个条纹衬衫有没有很大很宽松哦,<大酒窝毛毛>: 我也抢到这件了，可是长沙太冷了还穿不了[大哭],<取个什么名字好呢嘻嘻>: 回复 @困困困困困kk :我也是！我一直在纠结要不要把垫肩去了！[泪][泪][泪],<困困困困困kk>: 回复 @取个什么名字好呢嘻嘻 :收到了！试了下感觉像我爸的衣服[眼泪] 还在纠结退不退！！这件感觉更好看啊啊啊[眼泪][眼泪],<取个什么名字好呢嘻嘻>: 回复 @蛋蛋姑娘小小号 :亲你一口,<取个什么名字好呢嘻嘻>: 回复 @发发的隐藏小号 :嘴甜[飞吻],<取个什么名字好呢嘻嘻>: 回复 @困困困困困kk :困的rp西装收到了吗,<取个什么名字好呢嘻嘻>: 回复 @肥牛卷_ :我还有另一件才是真的像[摊手],<困困困困困kk>: 种草西装！！！好看！,<肥牛卷_>: 像偷穿了爸爸的西装[喵喵],<取个什么名字好呢嘻嘻>: 回复 @果汁分你一半呀 :腿超长的果汁,<葬爱小宁宁>: 可爱呢  穿什么都好看[鲜花],<取个什么名字好呢嘻嘻>: 回复 @SOY训训 :第一个[偷笑]  http://t.cn/RikC2nW,<蛋蛋姑娘小小号>: 嘻妹，你搭配的太好看啦，美美哒,<L1USV1N啊>: 回复 @取个什么名字好呢嘻嘻 :么么哒,<当里个当当当当当不当>: 回复 @取个什么名字好呢嘻嘻 :嘻嘻[嘻嘻][亲亲],<片片的绒毛>: 回复 @取个什么名字好呢嘻嘻 :谢谢[好喜欢],<SOY训训>: 回复 @取个什么名字好呢嘻嘻 :什么app！,<来自万州的WATER>: 回复 @取个什么名字好呢嘻嘻 :mua~~~[心],<取个什么名字好呢嘻嘻>: 回复 @L1USV1N啊 :评论已给,<取个什么名字好呢嘻嘻>: 回复 @来自万州的WATER :图片评论  http://t.cn/Riki5Lj,<来自万州的WATER>: 求app？[笑cry][笑cry][笑cry][作揖][作揖][作揖],<取个什么名字好呢嘻嘻>: 包包 @金九九大婶,<取个什么名字好呢嘻嘻>: 鞋子 @小萌亦可  质量超好 大家快去找她买鞋,<未命名的w君>: 回复 @取个什么名字好呢嘻嘻 :是吧！一级好用啊哈哈哈哈,<取个什么名字好呢嘻嘻>: 条纹衬衫 @瘦竹竿小姐,<取个什么名字好呢嘻嘻>: 外套 @JUSLIN时装,<取个什么名字好呢嘻嘻>: 回复 @落落落小挞呀 : @瘦竹竿小姐,<取个什么名字好呢嘻嘻>: 回复 @我就是个有趣的人 :我刷出来的第一批🤔,<取个什么名字好呢嘻嘻>: 回复 @LULULU思密达 : @Sinbounboun,<取个什么名字好呢嘻嘻>: 回复 @当里个当当当当当不当 :是的，眼尖宝宝,<取个什么名字好呢嘻嘻>: 回复 @我想说我要咳嗽了 :鞋子 @小萌亦可  质量超好,<取个什么名字好呢嘻嘻>: 回复 @未命名的w君 :用了你推荐的app 果然很好用,<取个什么名字好呢嘻嘻>: 回复 @我就是点点啊啊啊 :点点太捧场了[喵喵],<取个什么名字好呢嘻嘻>: 回复 @茱莉儿喵呀 :我也喜欢喵,<取个什么名字好呢嘻嘻>: 回复 @一七一冰淇淋 :你为啥那么美呀[偷笑],<1hiico>: 一位很好看的穿搭博主[二哈],<片片的绒毛>: 好好看，求鞋子包包链接[好喜欢],<LULULU思密达>: 裤子好看呢，可以给个链接吗,<芥末蓝1993>: 好看好看！瘦瘦的穿啥都美,<我就是个有趣的人>: 同款西装外套 可是我的还没发货 [摊手],<当里个当当当当当不当>: J家的西装吧[坏笑],<我就是点点啊啊啊>: 小可耐你太美啦[阴险][阴险],<落落落小挞呀>: 衬衫链接[鲜花],<L1USV1N啊>: 啦啦啦请把链接甩出来[污][思考]]
1937713912	模特穿着是长裤活活被我穿成拖地裤[笑cry]行吧 赶潮流了[摊手]@fayeye_ ​​​	[<小晓小晓ssss>: 回复 @取个什么名字好呢嘻嘻 :裤子[心],<发发的隐藏小号>: 回复 @取个什么名字好呢嘻嘻 :你没有去吗！我9号去[二哈],<小萌亦可>: [爱你][爱你][爱你],<取个什么名字好呢嘻嘻>: 回复 @发发的隐藏小号 :我们学校也是，好不想回去[笑cry],<取个什么名字好呢嘻嘻>: 回复 @如花小公举_ :评论里发了哦,<取个什么名字好呢嘻嘻>: 外套 @fayeye_  裤子 @HEYGIRL黑哥  内搭 @瘦竹竿小姐  帆布包 @elinasea  鞋子 @小萌亦可,<取个什么名字好呢嘻嘻>: 回复 @Liiiiizzzzzz是胖胖 :小海家的[doge],<Liiiiizzzzzz是胖胖>: 帆布包交出来[喵喵][喵喵],<发发的隐藏小号>: 回复 @取个什么名字好呢嘻嘻 :我学校温度才几度 我室友说她穿羽绒服[二哈][二哈] 感到绝望,<取个什么名字好呢嘻嘻>: 回复 @发发的隐藏小号 :要看我发穿[馋嘴][馋嘴],<发发的隐藏小号>: 同款外套🙉 我寄到学校去了哈哈哈,<一只昱_-_>: 回复 @取个什么名字好呢嘻嘻 :我01秒下的单可以买第一批，脑抽买了第二批，我有毒[抓狂],<取个什么名字好呢嘻嘻>: 回复 @ZEngLsss- :哈哈，收下你的小心心,<取个什么名字好呢嘻嘻>: 回复 @蛋蛋姑娘小小号 :我是小快手[偷笑][偷笑][偷笑],<ZEngLsss->: 小姐姐 好厉害哦 我觉得抢到第一批的都好厉害！小姐姐真美[爱你]  http://t.cn/RiCnVPh,<我就是点点啊啊啊>: 回复 @取个什么名字好呢嘻嘻 :这是最快乐的时光,<蛋蛋姑娘小小号>: 才在说这件要等15个工作日，结果你的都到了[笑cry][笑cry][笑cry][抱抱],<如花小公举_>: 短袖能给个链接吗？[哆啦A梦花心],<取个什么名字好呢嘻嘻>: 回复 @肆壹ii :可以裁掉一截[doge],<取个什么名字好呢嘻嘻>: 回复 @xxxibgdrgn_bobo :她家衣服都偏大[黑线],<取个什么名字好呢嘻嘻>: 回复 @JAJPSOND :我说身高 差不太多啊[二哈],<取个什么名字好呢嘻嘻>: 回复 @迪迪儿z :我手快 第一批无压力[doge],<取个什么名字好呢嘻嘻>: 回复 @小晓小晓ssss :啥呀，衣服还是裤子,<取个什么名字好呢嘻嘻>: 回复 @Siopllpp :哈哈哈说对了,<JAJPSOND>: 回复 @取个什么名字好呢嘻嘻 :身高差多了 体重差更多 你说差不多[怒骂],<取个什么名字好呢嘻嘻>: 回复 @二二五六二二五七二八二九三十一 :买吧，这条穿着就差不多[doge],<取个什么名字好呢嘻嘻>: 回复 @JAJPSOND :我两差不多[笑cry],<取个什么名字好呢嘻嘻>: 回复 @我就是点点啊啊啊 :嘿嘿最近收了好多快递[偷笑],<取个什么名字好呢嘻嘻>: 回复 @-sunny酱- :你的长腿可能穿着拖不了地[doge],<xxxibgdrgn_bobo>: 发爷家的衣服穿起来好霸气,<取个什么名字好呢嘻嘻>: 回复 @一七一冰淇淋 :你才好看[舔屏],<JAJPSOND>: 也够了也够了 毕竟我穿可不是拖地那么简单了,<取个什么名字好呢嘻嘻>: 回复 @未命名的w君 :默契了一回[偷笑],<肆壹ii>: 我比你还矮才155 更不敢买了[笑cry],<取个什么名字好呢嘻嘻>: 回复 @一只昱_-_ :哈哈我抢到了第一批[喵喵],<一直一直伴奏s>: 同款没发货[拜拜],<Yingaa->: 回复 @一只昱_-_ :针织衫有链接么？店里没看到诶,<小晓小晓ssss>: 是下架了么，怎么没有找到，求连接[泪],<一只昱_-_>: 同款短袖和针织衫，然而我还没发货[抓狂],<二二五六二二五七二八二九三十一>: 哈哈哈哈哈哈，我做梦都想买这种裤子，但是迟迟不敢下手。能不能让店家考虑考虑我们这种158的人[眼泪][眼泪][眼泪][眼泪][大哭],<Siopllpp>: 好看诶 一看就是班长给拍的照[二哈][心],<未命名的w君>: 今天我也拖地裤！就是没拍照,<-sunny酱->: 我需要拖地[哈哈]]
1937713912	我和班长天天穿着睡衣躺家里没有新照片 发发旧照片吧（其实就是想发个自拍 ​​​	[<小仙女ajing>: 单眼皮女生[羞嗒嗒][羞嗒嗒],<取个什么名字好呢嘻嘻的脑残粉>: 回复 @取个什么名字好呢嘻嘻 :图片评论  http://t.cn/Ric6gY8,<取个什么名字好呢嘻嘻>: 回复 @Siopllpp :他太丑了 不给入镜哈哈,<Siopllpp>: 怎么没有合照[喵喵][二哈][二哈],<取个什么名字好呢嘻嘻>: 回复 @柒柒淇儿 :得鲜m06,<柒柒淇儿>: 口红是什么色号啊 好看[色],<取个什么名字好呢嘻嘻>: 回复 @向阳花与小果仁_ :呀 害羞呢[害羞],<xm_两个西柚>: 好喜欢你呀[羞嗒嗒]]
1937713912	今天21岁啦祝自己生日快乐[蛋糕]（送你们一个小心心 ​​​	[<取个什么名字好呢嘻嘻>: 回复 @捣蛋鬼爱捣蛋的添添 :今天看见你给我大号评论了[亲亲],<始乱终弃不可以吗>: 生日快乐丫，嘻妹儿,<取个什么名字好呢嘻嘻>: 回复 @疯喵喵的疯汪汪 :谢谢呀,<取个什么名字好呢嘻嘻>: 回复 @龙共王月- :么么哒,<取个什么名字好呢嘻嘻>: 回复 @小仙女才怪是不是 :谢谢哦，我大四 快毕业啦[兔子],<y-_u>: 生日快乐 嘻嘻妹！,<房格儿工作室>: 美少女小姐姐生日粗卡😀  小姐姐还在上大学吗[太开心][太开心],<疯喵喵的疯汪汪>: [蛋糕]生日快乐呀~小仙女,<奶油味儿啤酒>: 生日快乐[蛋糕]小仙女,<xxxibgdrgn_bobo>: 生日快乐[蛋糕],<Mr_凡先生吴>: 生日快乐[蛋糕][礼物]🎊[气球][礼花],<取个什么名字好呢嘻嘻>: 回复 @半仙儿有个小太阳 :谢谢[嘻嘻],<取个什么名字好呢嘻嘻>: 回复 @吃斋吗 :[兔子][兔子],<取个什么名字好呢嘻嘻>: 回复 @grrenn :谢谢[心],<取个什么名字好呢嘻嘻>: 回复 @蓝胖子哆啦A梦的小伙伴 :[亲亲][亲亲],<取个什么名字好呢嘻嘻>: 回复 @小仙女ajing :么么扎,<取个什么名字好呢嘻嘻>: 回复 @还是悟能空好 :谢谢,<取个什么名字好呢嘻嘻>: 回复 @三脚猫有内涵 :嘿嘿谢谢,<取个什么名字好呢嘻嘻>: 回复 @一只肉圆圆o :[飞吻][飞吻],<取个什么名字好呢嘻嘻>: 回复 @青春未凉zy :谢谢哦,<取个什么名字好呢嘻嘻>: 回复 @Siopllpp :我也爱你biubiu,<取个什么名字好呢嘻嘻>: 回复 @行走的春药-_ :谢谢～,<Siopllpp>: 生日快乐[爱你][爱你][爱你]爱你哟,<取个什么名字好呢嘻嘻>: 回复 @-墙壁眼睛膝盖- :么么我的真爱粉[飞吻],<取个什么名字好呢嘻嘻>: 回复 @榴榴榴榴榴娜 :谢谢你呀[飞吻],<取个什么名字好呢嘻嘻>: 回复 @蛋蛋姑娘小小号 :哈哈永远十八[二哈],<取个什么名字好呢嘻嘻>: 回复 @我就是点点啊啊啊 :谢谢点点[挤眼],<取个什么名字好呢嘻嘻>: 回复 @发发的隐藏小号 :啾啾[飞吻],<取个什么名字好呢嘻嘻>: 回复 @未命名的w君 :么么我的w,<我就是点点啊啊啊>: 生日快乐啊，小可爱[色][色][色][色],<榴榴榴榴榴娜>: 生日快乐呦[心][心][心]祝你和班长甜蜜蜜,<蛋蛋姑娘小小号>: 生日快乐嘻妹，好年轻,<发发的隐藏小号>: 生日快乐呀嗷嗷  http://t.cn/Riw0w7x,<小仙女ajing>: 生日快乐[羞嗒嗒],<蓝胖子哆啦A梦的小伙伴>: 生日快乐[鲜花],<一只肉圆圆o>: 生日快乐呀✧*｡٩(ˊωˋ*)و✧*｡,<未命名的w君>: 啊啊啊生日快乐哦,<三脚猫有内涵>: 好年轻，祝你生日快乐,<T_zzxy>: 生日快乐啊嫽嫽[心]]
1937713912	穿上碎花裙终于有点春天的感觉了[哈哈]可惜今天没出太阳 不过没关系有你的每天都是好天气 ​​​	[<这个人很差劲>: 哼 我被迷倒了[晕],<你今天心情好不好>: 回复 @取个什么名字好呢嘻嘻 :好的好的 谢谢么么哒,<取个什么名字好呢嘻嘻>: 回复 @你今天心情好不好 :优衣库的,<你今天心情好不好>: 啊 求内搭 内搭好温柔[哆啦A梦花心],<取个什么名字好呢嘻嘻>: 回复 @馮Chouchou_ :不肥啊,<Chouchou馮_>: 宝宝这种裙子穿着肥嘛[污],<矮个子女生穿搭营>: #小个子搭配# 春天碎花裙来啦,<肥牛卷_>: 回复 @取个什么名字好呢嘻嘻 :我看一眼还以为一毛一样的,<取个什么名字好呢嘻嘻>: 回复 @肥牛卷_ :因为不是同一款啊 傻[二哈],<肥牛卷_>: 为啥我购物车里的还没开卖 你就穿上了[二哈]  http://t.cn/RJgfNsq,<长久愿>: 回复 @取个什么名字好呢嘻嘻 :好的我去找找,<蛋蛋姑娘小小号>: 回复 @取个什么名字好呢嘻嘻 :让你班长看到，让他高兴高兴,<取个什么名字好呢嘻嘻>: 回复 @ZzweizZ- :[飞吻][害羞],<ZzweizZ->: [猴子][猴子]看！,<取个什么名字好呢嘻嘻>: 回复 @蛋蛋姑娘小小号 :这样夸他 他要上天了哈哈哈[偷乐],<蛋蛋姑娘小小号>: 好清新碎花，好看，在班长边你秒变小公主，真美,<取个什么名字好呢嘻嘻>: 回复 @长久愿 :深色的也好看呢 今年各种碎花都有 总有一款适合你的[偷乐],<取个什么名字好呢嘻嘻>: 回复 @发发的隐藏小号 :我也还没买外套 好方[笑cry],<一只昱_-_>: 回复 @取个什么名字好呢嘻嘻 :嘿嘿，我的还没到呢，嘻妹穿的真好看呀[羞嗒嗒],<长久愿>: 喜欢浅色 怕显胖[摊手],<发发的隐藏小号>: 回复 @取个什么名字好呢嘻嘻 :好像是这家哈哈哈哈哈哈哈 我最近好迷浅色的吊带碎花裙[二哈][二哈] 没有外套配想哭,<取个什么名字好呢嘻嘻>: 回复 @一只昱_-_ :粉蝶那个也好看啊 特别是穿你身上[羞嗒嗒],<取个什么名字好呢嘻嘻>: 回复 @请叫我嘿嘿嘿嘿嘿喵警长 :么么哒[害羞],<取个什么名字好呢嘻嘻>: 回复 @是你的大恬恬 :对呀，超适合春天[污],<一只昱_-_>: 在这条和粉蝶家的裙子里选择了一条，买了粉蝶家看你穿这个也好种草啊[委屈],<y-_u>: 回复 @取个什么名字好呢嘻嘻 :哈哈 太苏了这个裙子[拜拜],<请叫我嘿嘿嘿嘿嘿喵警长>: 天天睡前来你这看一下[二哈],<是你的大恬恬>: 白色小碎花好春天好清新的感觉呐！,<取个什么名字好呢嘻嘻>: 回复 @久-久八十一 :我想看看哪条更适合我 另一条我就拿来送给粉丝[偷乐]当个小福利,<y-_u>: 回复 @取个什么名字好呢嘻嘻 :简直一样我买了他们家牛仔裤现货哈哈,<取个什么名字好呢嘻嘻>: 回复 @发发的隐藏小号 :你好卡农的吗？我买的这家,<小仙女ajing>: 回复 @取个什么名字好呢嘻嘻 :哈哈哈[二哈],<取个什么名字好呢嘻嘻>: 回复 @久-久八十一 :不是的，不过我也买了那条 可惜没抢到现货 只买到预售的[失望],<发发的隐藏小号>: 躺在我收藏夹里的碎花裙嗷嗷 好看！！不知道是不是同一家,<取个什么名字好呢嘻嘻>: 回复 @小仙女ajing :哈哈不是 我在江西[挖鼻],<y-_u>: 回复 @取个什么名字好呢嘻嘻 :这个不是shakesnake家的嘛？,<取个什么名字好呢嘻嘻>: 回复 @未命名的w君 :我也喜欢看你秀[doge],<取个什么名字好呢嘻嘻>: 回复 @久-久八十一 :不快吧 这个我收到好多天了[二哈],<小仙女ajing>: 回复 @取个什么名字好呢嘻嘻 :我们[羞嗒嗒]难道我们同在广东？,<取个什么名字好呢嘻嘻>: 回复 @小仙女ajing :我们这很热了，不过又要降温了[失望],<取个什么名字好呢嘻嘻>: 回复 @ubbggccn :单眼皮情侣[笑cry],<蓝胖子哆啦A梦的小伙伴>: 回复 @取个什么名字好呢嘻嘻 :答应你[haha],<取个什么名字好呢嘻嘻>: 回复 @铜鼓米粉评论家 :[摊手][摊手][摊手],<取个什么名字好呢嘻嘻>: 回复 @蓝胖子哆啦A梦的小伙伴 :[污]别取关我,<取个什么名字好呢嘻嘻>: 回复 @echo雀斑少女 :你也可爱[飞吻],<取个什么名字好呢嘻嘻>: 回复 @-墙壁眼睛膝盖- :呀 害羞[害羞][害羞],<y-_u>: 你这个收货速度好像有点快[喵喵],<未命名的w君>: 真甜～就喜欢看你秀恩爱～,<小仙女ajing>: 春天到了[羞嗒嗒],<铜鼓米粉评论家>: 我还是收到了[二哈],<echo雀斑少女>: 好可爱 [飞吻]]
1937713912	今天又有新照片 还是那个足球场最近升温太厉害 天天都想光腿出门然而班长根本不让[摊手] ​​​	[<Siopllpp>: 班长来了之后照片质量明显上升啊[喵喵]想看你俩合照[二哈][二哈],<取个什么名字好呢嘻嘻>: 回复 @铜鼓米粉评论家 :取吧 我不会挽留你的[doge],<蓝胖子哆啦A梦的小伙伴>: 无意中发了狗粮[二哈],<铜鼓米粉评论家>: 我决定取关一段时间[二哈]]
1937713912	每天的天气都非常好所以每天都有新照片[眨眼] ​​​	[<elephanteon>: 能请问一下鞋子链接吗[羞嗒嗒]谢谢～,<彭佳琦->: 你的每套我都喜欢[挤眼],<文禾禾hhh>: 回复 @取个什么名字好呢嘻嘻 :[爱你][爱你][爱你],<取个什么名字好呢嘻嘻>: 回复 @文禾禾hhh :谢谢夸奖[飞吻],<文禾禾hhh>: 太美啦   感觉你好会穿[羞嗒嗒][摊手][鼓掌][哆啦A梦花心][哆啦A梦花心],<取个什么名字好呢嘻嘻>: 回复 @久-久八十一 :真爱！不过版型真的不好 我挺不喜欢的，只是照片上看着还行[悲伤],<取个什么名字好呢嘻嘻>: 回复 @雨萌萌- :没有链接哦 不好意思哈,<y-_u>: 回复 @取个什么名字好呢嘻嘻 :哈哈你说我是不是真爱粉！！！都记得！可是版型挺好的,<取个什么名字好呢嘻嘻>: 回复 @久-久八十一 :对对，就是这条,<y-_u>: 回复 @取个什么名字好呢嘻嘻 :我好像记得你发过这条裤子说版型不好不推荐 不懂是这条么,<雨萌萌->: 哇[色][色]顺便求个牛仔裤链接,<取个什么名字好呢嘻嘻>: 回复 @久-久八十一 :可是没有链接[委屈],<取个什么名字好呢嘻嘻>: 回复 @蛋蛋姑娘小小号 :嘿嘿 我也最喜欢图2,<取个什么名字好呢嘻嘻>: 回复 @馮Chouchou_ :么么扎,<取个什么名字好呢嘻嘻>: 回复 @铜鼓米粉评论家 :大概连wb都知道你太爱我,<蛋蛋姑娘小小号>: 每天都美美哒，图2好有感觉呀,<铜鼓米粉评论家>: [二哈]又推送了]
