aemedia	【先知AEM娘】我看的一定是真的00[二哈]http://t.cn/RSNTJW7 ​​​	[<小粉丝_温桑>: 回复 @正经Boy大叔G :前几个月交付了一台，现在这台的是11区自行组装的,<正经Boy大叔G>: 不开玩笑，11区有F35了？还是早就有了,<钢蛋头>: 原来给机器开光不是我们特有的啊,<起名字为什么这么熟练>: 人革联生产的flag,<Izix0001>: 是你，flag！！[二哈][二哈]]
aemedia	图一这段已经泪崩了，向诺列斯‧帕卡德致敬。 ​​​	[<VI蔚V>: 老虎为什么会自己动…………,<Lulu聪慧>: 回复 @PandaAliveless :这是啥[疑问][疑问][疑问][疑问]我没看过,<recall觀月>: 开B3老虎都是ACE才开得上,<phantompain11701>: 诺列斯是真王牌…高达里刻画的最好的人之一吧,<Alex-杰>: 能开上老虎的必然是准ace级,<楼下的保安>: 天天是狼真的算是众多普通人ace里面的精英啊，开着一堆破烂拼起来的ez-8都能这样超神[二哈],<渚薰·吏>: 单手开老虎第一人,<Javier-君>: zick zeon！]
aemedia	【加图AEM娘】GFFMC 飞翼零细节图http://t.cn/RSP6Y7q ​​​	[<了不起的陈先森>: 会发黄吧 这就尴尬了,<无冥舜>: 你说这是RG我都信,<叻叻HUGO>: Gff可以不考虑了，完败～,<AEMedia高达主题论坛>: 回复 @ilipcho :仔细想想没有毛病[笑cry],<妖尾GUNDAM>: 我选择拼装部[二哈][二哈][二哈],<手机用户15011223344>: 回复 @AEMedia高达主题论坛 :好的,<MIT-LA>: 大头 没脖子[允悲],<LED52884>: 成品部与拼装部之间的“世纪大战”[允悲][允悲][允悲][允悲][允悲],<温妮的先生>: 回复 @AEMedia高达主题论坛 :原来如此  多谢(｡･ω･｡),<AEMedia高达主题论坛>: 回复 @温妮的先生 :Gundam Fix Figuration Metal Composite,<温妮的先生>: gffmc是什么意思？？,<失踪的Asher>: 飞翼   零细节   图[doge],<走一路吃一地>: 手要是白色就更好了,<IvAn鱼仔>: 这配色。。满满的国产feel,<小镇清年>: 蓝色浅了点，原作蓝色比较深,<AEMedia高达主题论坛>: 回复 @手机用户15011223344 :GFFMC比例一直都是1/100]
aemedia	【哇AEM娘】6月MG正义高达上色试作品更新12P http://t.cn/RiOdcpS ​​​	[<一开心就把朋友打成植物人>: 反正我的rg书包背不动，mg的书包目测还是背不动。。。上支架，就不要下地了[二哈]买买买,<渚-心>: 回复 @阿宁菌 :这没跑，我是说在这个骨架的基础上外甲能有什么惊喜，毕竟这个骨架做个两回了已经,<阿宁菌>: 回复 @渚-心 :妥妥的自由骨架,<变态绅士-熊吉君>: 回复 @蛋挞智 :买！,<MrJING_X>: 不出了  期待出  出了  一群人吐槽。。。真可怜那种买不起 一直吐槽的人  然后有点钱 偷偷的买,<打脸一啪234>: 背包小了 踩上去很奇怪,<林冇德舰长>: 回复 @天天奶的一些事一些情 :没区别，放大版RG，还不如TV，细节没RG多，省钱了，翅膀不够大，造型没RG好，断腿，好了我帮你们说完了,<天天奶的一些事一些情>: 和rg有什么区别？,<渚-心>: 就看这个骨架还能带来什么惊喜了,<小明小炜>: 这么看来感觉rg的腿短比例不够这好看,<西瓜荔枝不要糖->: 我的rg怎么办[笑cry],<二天一流-Prince>: 回复 @身经百战棒棒鸡 :姿[二哈]势[二哈],<蛋挞智>: @变态绅士-熊吉君  心动了,<EXIA-T>: 这个脚板，超帅，rg的太大了。这个苗条。,<Kenny本地番薯>: 官图你能做好一点吗？勾个线都马马虎虎！,<身经百战棒棒鸡>: 回复 @二天一流-Prince :瞎说[doge]控制姿势的喷口当然要能动,<rieva>: 为啥鸡巴喷口还要弄成可动[二哈],<二天一流-Prince>: 图9结构的作用是？？？看到自由就勃 起？[二哈],<皇家海盗杰克斯帕罗提督>: 无限正义的飞行板根本站不住,<Kira0518>: 小飞机是素组的吧,<点阿点点点点点>: 这细节……[好喜欢][好喜欢][好喜欢][好喜欢][好喜欢],<一方的幻象>: 啊啊啊，正点。[二哈],<Mermaid-Man>: 碾碎RG (ﾟДﾟ)σ,<维他奶走奶-朱古力味型>: 颜色是不是沉了点，而且。我第一次 知道 正义 原来是这么拔光剑的 哈哈哈哈哈哈哈,<酱油君_漂荡在广州>: 这比例比RG好太多了。,<Match-Zhou>: 但脚的黑色那块反而觉得大了,<Match-Zhou>: 帅 要入 入 入 入…… 已经最大地还原了背包的功能 比RG看好好多 细节够而且不抢眼！]
aemedia	【完AEM娘】治愈人心的天国重聚[泪]http://t.cn/R6YHWj6 ​​​	[<倉木头冰叔_>: 感慨万千[摊手][摊手],<塩对应ht黄腾>: 回复 @Sniper-Curry :没错，一堆伏笔都变成了烂尾，走向也不足够体现高达系列一向来的反战核心，本来在动漫里描述真实感也是不错，只不过让这部片子显得格外的可笑，结构是散乱的,<Sniper-Curry>: 回复 @风太昊的天空城 :其实铁血一开始给人一种不同于别的高达的感觉，感觉更加真实，更加黑暗。本来是蛮好的题材，但从西诺牺牲开始节奏就不对劲了，感觉编剧又想展示现实战争的残酷，又想写个世界和平的圆满结局，最后结局不伦不类……,<-鋼鐵俠Z7->: “迟一点，天上见”,<許可宇>: 回复 @延陵骥子 :高达有屁用→_→一年战争靠的是我大铁球,<許可宇>: 回复 @机械兵Karas :早说过了，要搞清谁才是正面角色,<Individual-Eleven>: 回复 @乔木-幸运F :第二格手后面,<許可宇>: 巧克力表示我要幼女啊！！！,<漩涡彭>: 回复 @沦为女儿控的人夫超 :这个世界有很多没有成功的英雄 例如斯巴达克斯和项羽,<乔木-幸运F>: 大哥大嫂呢[怒],<楼下的保安>: 远远看见麦基和卡尔塔,<机械兵Karas>: 我觉得看的是假高达………编剧想把故事写真实，结果用力过猛写的像反派赢得一切一样……然后反派又强行认同主角………莫名其妙…,<Castle_L>: 我觉得铁血真心好看，但一大堆吐槽剧情的真心理解不能,<罗嵘->: 还是看雷霆宙域好了，这种骗小孩子买模型的没意思,<风太昊的天空城>: 回复 @延陵骥子 :买渣古的也不少[白眼],<爱熊及噗>: 虽说很有意义 但是这最后太虎头蛇尾了。,<逆袭的马车夫666>: 什么时候主角一行就成了正面角色了？不就是拿钱干活的佣兵嘛。只不过这次接的活有些大，主顾又忒不靠谱，结果工钱没赚到还赔上身家性命。。。。,<SiliconXeus>: 回复 @风太昊的天空城 :对，开上高达也没啥了不起的那还买高达模型做什么？！另外要写现实的剧情也不是这么无脑瞎编强行写的，这剧格局节奏人物和情节都有问题,<宇宙帅哥儿>: 木已成舟 蝴蝶女和徐锦江死不死都无所为了 我现在只希望冈妈务必要死一死,<风太昊的天空城>: 我觉得还是蛮有教育意义的：你以为开上高达就可以拯救世界了？别傻了，到最后还是得从政治上解决问题。个人英雄主义是走不通的，史书只会由胜利者书写……这些都是铁血告诉我们的。,<okabes>: 动画也是强行圆满的结局 太恶心了[摊手],<沦为女儿控的人夫超>: 高达铁血，什么鬼？主角团体全灭，反派全部活着。第一次看到，这已经不是假高达了。阿姆罗看了会沉默，基拉看了会流泪，不转不是新人类。,<炮砰砰>: 没团灭干净怎么叫重聚？,<孟德是个好绅士>: 我宁愿让他们其中一部分活着也不要重聚,<ZAhere>: 都被干爆成肉酱，或者打成马蜂窝了，别骗自己了[二哈],<子彈蛇>: 让三日月去天国会好基友了，妹子们留人间百合还能一起带娃？？,<机械兵Karas>: 没想到最后真的团灭了……,<子彈蛇>: 驾驶员上天国的方式太窝囊，弄得我模型都不想买了，不然放家里看一次不爽一次……,<叉叉烧DX>: 最终之战竟然被放暗枪搞死了。。。冈妈，特么写你的未闻花名吧[摊手][摊手][摊手],<Jeff_Fung九十年代>: 哪听说有剧场版？剧场版是演剩下的人也领了便当吗？,<SiliconXeus>: 回复 @江村哲雄 :机设本来也不是特别好，为了在设计感上求新而剑走偏锋、同时也是为了省钱偷胶，腰都彻底不做了，不过就是这样机设还是被剧情拖累了，很多机体上的功能细节都没机会登场展现，导致整部剧的科技感很低,<Pai-Final-LeeSank>: 在冥界重聚，开始“冥界之王”的道路，死的都不忘搞事，你们才是真正的搞事king,<刘文贤_____Vs>: 剧场版说的是天国的美好生活[二哈],<SiliconXeus>: 冈妈是个跟高达有仇的，故意写这部来嘲笑高达粉的吧！主角方本来四部高达战力爆表，最后一个比一个挂的憋屈，都像废物一样被玩死了。无论是高达、还是高达象征的抗争精神、人类进步最后都毫无意义，这就是部反高达的作品，还指望靠这个推模型销量！,<神烦JOJO>: BF英灵殿吗´_>`。。。,<古小涛要变强变强变强>: 治愈个嗨啊，感觉就是编剧想写个悲壮主题，结果不小心让手段阴狠的独裁者笑到了最后，然后强行用半集嘴遁把故事圆了回来[哼],<SiliconXeus>: 抵制铁血！没有这样的高达！开上高达都没有意义的话，还买什么高达模型！,<GYZ_塔卡桑>: [泪][泪][泪]]
aemedia	【震惊AEM娘】我还是买一个吧[哆啦A梦吃惊]http://t.cn/R65TQhx ​​​	[<苏嘉淑莹洋>: 买一个吧，一直开了再关关了再开,<橙c-ty>: 建议去看评头论足,<一起身就眼fun>: @羊囝HC  买一个吧,<fido_mithril>: 你们需要看下超哥的评测。。。。,<胖小福的桐>: 看上去很美啊，万一合不拢露个缝不就惨了。,<丶尐鬼頭>: @D-Cheese  mb的f91,<_S___________>: 回复 @kidyellow :我去！！！！！！,<来自霍比屯的Frodo>: 还有三天从日本寄过来!,<耳东东兔走>: 不是针对谁，开面罩后真的不好看,<kidyellow>: 卧槽，厉害了 @_S___________,<Coconut_Leaf>: @OooWweNKOP  卧槽…,<Danny_Anderson_>: 高达也要戴口罩？,<泡面是宅男的浪漫>: 然而看了评测发现根本不是这么回事,<_Religious>: 厉害了[哆啦A梦吃惊]]
aemedia	@AEMedia高达主题论坛  @Gunpla_Love  [思考] ​​​	[<兔子专用Griffin>: 图三我怎么就不信[哆啦A梦吃惊],<NeoJoker梁>: [污][污][污],<高小小明>: 把西玛换成玛莎我还服,<疯狂的装甲>: 不懂呀[doge][doge][doge][阴险][阴险][阴险],<身经百战棒棒鸡>: 擦，秒懂[拜拜][拜拜],<熊霸III>: 回复 @Misaka10024_P :贾图可能是个清教徒，说不定没有性生活，哥奥那处男估计不敢上,<见习的胖纸>: 中国第一松.jpg,<热爱小丁>: 西马阿姨这事没有那么多经验~~,<爱熊及噗>: 以年龄来计算吗？,<Eternal_4>: 秒懂233333333333333,<AKA0319>: 回复 @Misaka10024_P :你这话说道我心坎里去了[doge],<Misaka10024_P>: 西玛阿姨明显比她左边那个好才对吧,<绿茶之射手座>: 你已经懂了[doge]]
aemedia	中破，ci，擦弹，是比惨中的豪杰@AEMedia高达主题论坛 ​​​	[<MrJING_X>: 虐心一集。。西诺粉泪飙,<芊宵月>: 三明：西诺你不死我怎样开外挂？[嘻嘻][嘻嘻],<听说微博的名字可以取非常非常长>: 说多少台59可以摆平那个脚本的,<嗨呵人界_狱地呵嗨>: 还有5集， 不过现在看来， 铁血第二季到最后的剧情，越来越像  Braveheart 了，义无反顾，壮烈燃烧的花火啊，为点燃明天// @AEMedia高达主题论坛 : [笑cry]别说了……,<雨宮聖子>: 回复 @喜欢白兔糖的苏神经 :诺里斯可不会像这群恐怖分子一样嚷嚷着打赢了就有女人和钱。别侮辱虎王好吗[拜拜],<Ruen-CheukBun>: 回复 @洗髮水-LUISclear :这集并不是冈妈，和洛叔死是同一个剧本黑田洋介,<雨宮聖子>: 洛克昂那么伟光正的形象，就别拿这群嚷嚷着钱和女人的绿教恐怖分子和他比了谢谢,<kazmaaaaa>: 西诺尽力了。。。答应过人家要活着一起去找大姐姐的怎么能走掉！！,<pufei15>: 编剧死妈// @AEMedia高达主题论坛 :[笑cry]别说了……,<代表着淡定与威严>: 回复 @喜欢白兔糖的苏神经 :大佐打中了阿,<茶不少奶多>: 回复 @代表着淡定与威严 :这设定我接受不了，我原以为00就已经够伤的了，结果,<喜欢白兔糖的苏神经>: 诺里斯大佐式的英雄,<弗雷斯特佐度>: 不能总让这种神风攻击成功啊[二哈],<Mr_李__>: 如果射中的话估计就完结咯,<我系K星>: 我看到洛克昂的眼睛～,<Katakio_Antares>: 回复 @-H1uik- :同感,<洗髮水-LUISclear>: 冈妈真是玩high了[拜拜],<那谁的梁先-生>: 细思极恐，第一季吐便当的人重新吃便当了[傻眼],<一如即往wind>: 唉，果然才45集BOSS还不能死....,<代表着淡定与威严>: 哎……想起oo第一季的洛叔,<Ruen-CheukBun>: 科普一个人，西诺和洛叔死的那集都是同一个脚本:黑田洋介,<太阳骑士不会写代码>: 嗨呀不要破坏气氛好嘛23333,<-H1uik->: 估计这枚弹会被回收留着打boss,<Mermaid-Man>: 都开红眼了 😩 还是没有逃脱命运啊]
aemedia	【AEM娘狙击】由面田项制作的MG 吉姆狙击型II作例 ​​​	[<寿限无寿限无扔屎机呸呸呸小屎丸>: 回复 @大大嘟 :这是吉姆[哈哈],<大大嘟>: 这才是高达，至于现在的那些高跟鞋[泪],<沦为女儿控的人夫超>: 这是剁就吉恩狙击手的联邦王牌狙击手吧？,<金眞-Freedom>: 有了披风一秒变超级系了，超帅,<单身20年嘿>: 永远都是别人家的模型,<__joki>: 这是干掉吉恩Zaku I 狙击型后捕获的装备吧。厉害！感觉制作了模型还自带背景故事。,<KCLLQ>: [舔屏][舔屏][舔屏],<爱天使的凤凰院凶真>: 卧槽这捕获机帅炸啊,<加入Ustio的az04>: 回复 @FANLVZ :狙还是Zaku I狙击型那把[二哈],<加入Ustio的az04>: 等会儿，Zeon的GM狙击II……？？[挖鼻][挖鼻][挖鼻],<玫雅的neko>: 我的妈，炒鸡帅啊这个！,<Sapphire_何_灿_强>: 想问下斗篷怎么可以弄成这种效果,<海之狂诗曲>: 求地址求地址求地求地址求地址求地址求地址求地址求地址,<戒除懒癌中-咖啡>: @DECAIER,<Everlasting__智靈>: 哇，有卖吗[舔屏],<清蒸各种肉>: 杂兵变主角[good][good][good],<居家好男银达瓦里希>: 请问这个大神有微博吗？,<苏蘇囌稣>: 帅得一b// @AnchoreT-YAO : 这个改的棒，枪很帅,<AnchoreT-YAO>: 这个改的棒，枪很帅,<代表着淡定与威严>: 回复 @FANLVZ :捕获机体呗,<飯_铲>: 我X，这比主角机还帅的感觉。,<FANLVZ>: 我就想知道为啥徽章是zeon的[摊手],<名字真难起啊亮仔仔>: 这破布披风有点帅啊！]
aemedia	【AEM娘大舅】HG 锡蒙利维达尔高达封绘公布：http://t.cn/RJFVWM4 ​​​	[<Shikaga>: 维达尔出手不过2次  机体基本没展示战斗方式 就又换外壳了……,<Geek-Feng>: 这是开两部高达？,<Katakio_Antares>: 为毛大舅子的脸那么憔悴,<一般社员-工口__>: 我一开始还以为长枪是开模钝化，谁知道真是平头的[笑cry]]
aemedia	【既视感AEM娘】还是当年的小鲜肉好[二哈]http://t.cn/Rccikv3 ​​​	[<不走心的酱油君>: 花有重开日，人无再少年[doge],<加贺改二>: 不,现在爷们多了！！！,<Vico灰羊>: 所以这撮头发怎么塞回去[疑问],<甜蜜的死亡>: 官二代黑化说起来还是女人的问题哈哈哈哈哈哈,<LeoJiangDK3>: 回复 @藏河-穹川 :伤疤和这张怨气脸，更有男人味了[二哈],<stormsoulCZ>: 当年的大舅子多么天真活泼[doge],<藏河-穹川>: 为什么我觉得现在反而更帅了[二哈][二哈][二哈],<董一张啊>: 上集眼睛那里亮了一下，还以为是改造过了,<熙洹>: 还有00里的格拉汉姆！,<桐原亮司J>: 看上去也蛮帅的嘛[doge],<处处有BUG>: [污]博主的取向鉴定完毕]
aemedia	2007年10月6日，《机动战士高达OO》开播 http://t.cn/Rc5odCn ​​​	[<Michael__Sooooohappy>: 图7 等等24岁洛克昂泡了14岁的……,<BOILriver>: [哆啦A梦吃惊]我竟然入坑高达已经10年了……过得真快啊,<赛艇寝室长>: 10年了，这部作品也就一个主角机出了MG[黑线][黑线][黑线][黑线] // @AEMedia高达主题论坛 :也算是10年前的作品了…,<GLOCK35>: 播出日期是我的生日！,<周厚厚哈哈嘿>: 十年前的作品那么好看[哆啦A梦花心] // @AEMedia高达主题论坛 :也算是10年前的作品了…,<v计划0019>: 十年了才几台MG，快点出mg铁人，mg力天使主天使能天使全套天使[doge][doge][doge][doge][doge][doge],<ZGMF-X29A>: 不知不觉就10年了...,<林比坚尼>: 看万代今年有啥动静// @AEMedia高达主题论坛 :也算是10年前的作品了…,<初音未来喵>: 万恶的老b快把其他几个天使的MG吐出来啊,<KiryuuinSatsuki>: 10年前[眼泪]]
aemedia	【AEM娘MG】明年3月发售的MG神意高达近照 http://t.cn/RfXd8jT ​​​	[<MSZ006C1>: 回复 @-李颖- :属于药不能停一类,<源9公子>: 神意这个造型越看越像维基纳基纳,<-李颖->: 回复 @白狼w :之前标价5000日元，哪也没多贵啊，国产也好像100多,<-李颖->: 回复 @MSZ006C1 :主要这机师，一个天天想着报复社会消灭人类自己的生命毫无价值的人，处处不用留手战斗力几倍加成。,<聒噪_大灰狼>: @嫡希  收藏了没,<我说过我不是享利>: 回复 @伦回2_17 :全身外甲几乎都换了再出限定就没天理了,<drfunk15>: 太给力了！[泪][泪][泪][泪],<老北京大耳贴子喵喵喵>: 回复 @三日暁with脑洞Max :TV版肯定没错 我觉得明年可能会有MG了,<Django强锅>: 回复 @小何是个大才女 :噢噢,<天气小神童>: 我想问！正义呢？,<小何是个大才女>: 回复 @三日暁with脑洞Max :不是tv，细节可以看出是临时赶出来的mg，膝盖部分是左右合，但是大腿，手臂都是自由2.0的细节,<小何是个大才女>: 回复 @Django强爷 :因为这是试模，可能都没有用什么塑料。可能只是个空壳，只是告诉玩家，这个东西明年3月出，大致这个样子。它还要经过很多调整，如果这就是塑料成型版件做出来的，那为什么要3月才发行呢,<KalaHikaru33>: 继续敲碗等正义[二哈][二哈][二哈],<KaneLovesACmilan>: 一直搞不懂神意的光束步枪为什么尺寸那么大，跟个光束火箭炮一样。C.E年代的机动战士光束武器除了大出力光束炮外，都是抬手就开枪，神意倒好，每次开枪都得是肩射。,<MSZ006C1>: 这才是seed里最强机体,<Django强锅>: 怎么感觉...很...肉？,<无悔-珏>: 价格起码是国产的三倍吧。,<伦回2_17>: 回复 @三日暁with脑洞Max :新福利蛋貌似叶取消了膝关节联动吧，虽然意义不明。。。不过正义出了，以现在大B的尿性，妥妥的限定。。。。。。。,<跑焦的菜码农>: 怎么感觉比不过国产啊，厚重感不够,<三日暁withKITSUNE>: 回复 @老北京一口毒奶orz :右下角正义是TV版1/100，通过有没有膝关节联动就能看出来,<老北京大耳贴子喵喵喵>: 右下角正义喵喵喵？]
aemedia	2007年10月6日，《机动战士高达OO》开播 http://t.cn/Rc5odCn ​​​	[<很好人的黑店老板>: 傻子那：想当年俺还不是高达,<橙c-ty>: 只求十周年时把其他三位天使的mg给出了吧！！！话说回来00第一季让我开始觉得精彩的是四小强开始被吊打的之后// @AEMedia高达主题论坛 : 第一季让人气得牙痒痒！[doge],<樽樽樽樽樽樽_傑keith>: 童年回忆[偷笑][偷笑][阴险]// @AEMedia高达主题论坛 :第一季让人气得牙痒痒！[doge],<consumer89757>: 回复 @_TTTTRANS_AM :高达独角兽（OVA那个）好像是在00之后出的,<献给亡灵公主的绯色之月>: 00之后无高达那位，不要挑起战争，00之后的幼女控，铁血都是好作品，并且还有光头钦定的刚自己（虽然刚自己确实有点···）,<DrLZMer>: 回复 @_TTTTRANS_AM :我只是说一个梗  http://t.cn/RVzIjLm,<献给亡灵公主的绯色之月>: 第一季攒够BOSS，第二季慢慢杀,<牙世疯珏>: 最棒的岗普达！！！// @AEMedia高达主题论坛 : 第一季让人气得牙痒痒！[doge],<DrLZMer>: 回复 @_TTTTRANS_AM :呀咩萝 你又要挑起战争吗,<晓看烟华>: 看的第一部高达就是00[赞]]
aemedia	【速報AEM娘】清晰點的圖，看著真不錯http://t.cn/RqrtS0c ​​​	[<小何是个大才女>: 其实mg完全也可以这么分件的，居然用在rg上，真是蠢啊，极差的消费体验,<高龄龟>: 这金色太难看，还是hg好,<一起身就眼fun>: @MaLefiC_000   @羊囝HC  两旧水的分色HG，吃不吃你就说吃不吃[喵喵][doge][哆啦A梦吃惊],<李卯仁>: 回复 @非常靠谱的胡先森 :放大了再看看吧,<石查土鳖>: 回复 @非常靠谱的胡先森 :这个应该不是贴纸是分件……但是做在144上还是蠢,<醒醒我是沙福林>: 回复 @非常靠谱的胡先森 :金色板件上好像是有槽位的,<三秒热度未鸣菌>: 666666666666666,<非常靠谱的胡先森>: 黑色的部分贴贴纸，换一种方式贴贴纸而已，造型来讲，和Hg区别不大，4000+日元……真能骗钱，喷涂党表示退散了,<遁于无形>: 我去，居然附带了黄金圣衣,<猹浪汉就是阿北北>: 为何这所谓的电镀这么油。。。拍照的问题？,<vireubbo>: 说不错没用，买才有用]
aemedia	http://t.cn/RUbfJWD ​​​	[<水月先生盖尔贝勒斯>: 你有办法说明2L和2R的绝对区别是什么吗？TV1/100命运和MG命运不同，有一对不对称的脚底，你难道说MG不是命运而是命运改吗？拿红异端来说更直观，MG限定的小背包版和TV1/100拿图来比完全不一样，难道就是改型吗？就跟这里两只蓝异端的图来比一样。,<-猪头仔>: 初期，二型L，二型G，D型，三型，二型R，四型（无视初期各种外挂..），迷蓝的发展算得上迷惘这么多部机里最混乱的了...,<贝贝的Katou>: 所以是2R么[笑cry] // @AEMedia高达主题论坛 :XD,<抽不到神卡还敢自称非洲人>: 2R无误[doge],<山山山-頂>: 我想很快会出RG]
aemedia	MG The Origin版高达11月发售！ ​​​	[<GunBirdEz8>: 干,又来……但看到元祖就各自不淡定 @莫古利小弟花酱,<qhd_>: 高达以后放博物馆合适点，别说出新的，要说又发现一个旧的！,<djjdjdjcjfjwkieidkfi>: 回复 @Btto :一个型号出了很多个版本.,<IvAn鱼仔>: 今年卡版又没有，“全新”的MG好像也没有出过一台。。。万代对MG方面越来越随便了,<Btto>: 回复 @i_mthewourld :这是GTO版的,<舟萌-道一>: 回复 @明日之盛 :受教了[笑cry][笑cry][笑cry]GTO漫画还没补，不过直接出MG还是吃了一惊，之前听消息还以为会出HG,<kidyellow>: 哈哈 @_S___________  真的是mg啊！！！！买！！！,<WTFSAO>: @WTF换个名字都有人抢  这个看起来不错啊~,<炫世嗜玩堂2015>: @嗜玩堂   @模型补完计划   @僵尸物语,<Jun豪>: 都不知道出了多少个78 我一个都没有,<苏嘉淑莹洋>: 枪头歪了[眼泪][眼泪][眼泪],<djjdjdjcjfjwkieidkfi>: [生病]翻了好多次。。,<舟萌-道一>: [doge]嗯，盾反了,<time_AI>: 就绝对肯定要革新，期待啊,<星空下的Alvin>: 刚买的3.0....我能后悔一下吗....,<切莫D自作多情>: [拜拜]这个看起来帅多了,<現在的年輕人吶>: beam rifle头歪了[喵喵],<chachie健健>: 无切肩炮，秒举盾[眼泪]（无视我玩杂兵ol玩上脑了）[喵喵]]
aemedia	C3情报，HGBF超级文奈11月发售！ ​​​	[<园咲明人>: 坐等素组效果。心形流的奥义~~23333// @-Amenohabakiri : 哇// @Ichaival :// @量子演算处理系统Veda :拼装机娘才是正义啊！,<周厚厚哈哈嘿>: 回复 @秋红丶陌夏 :简直丧心病狂,<SilentMagician>: 终于出了啊。超级文奈,<苍兔MIZU>: 手办大厂万代[doge] @大火統,<Zwei_Chan>: 才刚下决心不买Bf系列的说[泪],<生保君>: = = 果然还是出了这货~,<Mr_C桃>: @Stanley_Szeto  HGBF！！！！,<某科学的超负RP>: @八月的JOmi  。。。,<雪原狼叔叔>: 好消息，买，必须的,<小何是个大才女>: 居然是hgbf，666,<沉迷举板的C盛>: 。。。。。。。。。orz,<光照Vulgar>: 卧槽牛逼[doge]]
aemedia	2007-2015, まだだ、まだ終わらんよ！！ ​​​	[<重力的井底>: 回复 @MSN-R7 :哈哈～同好～,<MSN-R7>: 回复 @重力的井底 :撞头像了……[doge],<noReconquista>: 居然玩到最后一分钟,<醉三儿>: 砸了不少人钱，满满的回忆,<D-H-FROST>: 玩了5年，感觉这游戏还是真心不错的。[拜拜]再见SD GUNDAM，期待着SD GUNDAM NEXT。// @AEMedia高达主题论坛 :转发微博,<重力的井底>: 这是到目前为止第一款也是唯一一款砸过钱的游戏…,<JuSt_灿>: 结束了。sd敢达,<我叫熊小贝>: 再见// @AEMedia高达主题论坛 : 转发微博,<动感黑波>: 从开服玩到关服。。。。陪了我7年的游戏[泪],<鏡子囧TL>: 8年的在此[泪],<神尾加奈>: 关服了，陪伴我7年的游戏]
aemedia	这企业总让我觉得有点危险 ​​​	[<姐控尅>: 应该叫ZEONIC,<昆莱羊肉面>: 请勿向殖民地内注入神经毒气,<外道風鈴>: 这一定是联邦军的阴谋（被拖走,<钢普拉Eric>: Zick Zeon！,<aeotheus>: Sieg Zeon! ,<Insomniacao>: 蓝色调的鸡瘟……,<绿绿的薄荷茶>: zick zeon,<K龙O兄P>: Zick Zeon! Zick Zeon! Zick Zeon!,<制杖研究所>: Zick zeon！]
aemedia	【悠闲AEM娘】夏亚喵[lt拍手](img from 猫柳ぶろぐ)高达AE_Media ​​​	[<旅行团孔阳>: 回复 @Ramones :哈哈哈,<喵了个Soki>: @Qsoulmate,<萌全羊夏露露>: 好萌 @假期特懒型血崩君   @工口的神様,<萌全羊夏露露>: 好萌 @工口的神様   @假期特懒型血崩君,<Ramones>: @旅行团孔阳  阿发，看看你兄弟,<三爺30歲身高還在長>: 夏喵，你暗算我，夏喵！！,<-黑夜de邊陲->: 无高清大图不幸福]
aemedia	【00Q AEM娘】你们感受下[晕晕]http://t.cn/aWMDTN ​​​	[<UR洛克昂>: EXIA的脸……,<天羽的憂鬱>: [挖鼻屎]配色给机体的印象很重要呢~,<ShiRoChoice>: 虽然看起来是一堆胶水货。但原色比黑红黑红的顺眼多了。 @憂王子L樣,<Crapy_>: 既视感严重Σ( Д )]
aemedia	【反斗AEM娘】[c发火]http://t.cn/aWMDTN ​​​	[<MaLefiC_000>: @萝莉克马   @羊囝HC   @一起身就眼fun  哈哈哈哈哈,<陈叔叔怒拍桌子说>: 加加加加里安！！,<不乖就艹哭你哦>: 臥槽快點套件化！,<我不恶搞>: 开始抢TF生意喇,<小猪the_great>: 回复 @仮面晖少 :两只！,<奶牛仓鼠球>: 回复 @我不恶搞 :好棒！！！！！！！！！,<爱折腾的共康路站>: 估计上市后要被奸商炒作了,<我不恶搞>: @奶牛仓鼠球  不科学,<仮面晖少>: 回复 @小猪the_great : 那还不如直接熊霸... (欸对喔可以熊霸喔,<小猪the_great>: 回复 @仮面晖少 :送这个算了,<驾云者雪崩>: 哇 好正啊！！！,<雾霾大王>: 改的还是熊霸三赚上瘾了、、、,<仮面晖少>: @小猪the_great  ...]
aemedia	【豪华AEM娘】全副武装[lt惊吓]http://t.cn/zHBvDi2 ​​​	[<园咲明人>: 挖槽。。有了这装备，我就无敌了。。// @燚虹 : 此生一梦。。。,<糯米团的忧郁>: 楼下放心，这堆油漆绝对毒不死自己~估计这个工作室的主人距离11区比较远~,<全体进击我后撤>: 通风橱呢？要把自己毒死吗,<陈叔叔怒拍桌子说>: 保存以作新屋装修范例]
aemedia	【正道AEM娘】财团B快去搞个合体高达动画[lt惊吓]http://t.cn/8kYb9Gh ​​​	[<烛龙ppsh416>: BBB高达勇者 起源。,<威廉Sheung>: @升升--singing   @i梦想_ken世界  齐齐嚟睇下由咩机体合成了,<洞察者zavan>: 什么动力啊？！！！,<_全__>: 第一部高达0079就有合体了亲,<关鸭子_DOLITTLE>: 里面有纸箱战机的件诶,<NANACO_MACARON>: 还是有LBX的部件啊【(╯‵□′)╯︵┻━┻]
aemedia	【现实AEM娘】论鸡翅膀二次元和三次元的差距http://t.cn/8kwtI1A ​​​	[<钢之咆哮>: 哈哈哈哈哈哈哈，不带这样黑的！ @Rider丶非   @suffer-D   @仔仔1299   @OY詠甩了甩高贵冷艳的肥肚腩,<奶牛仓鼠球>: 回复 @我不恶搞 :233,<沉默的瞳孔>: 其实你可以在那些部位涂些酒精，然后点火,<小明小炜>: 00之后的都是些啥玩意啊,<Seellen寂风>: 幻灭.........,<笹笹一世欢>:   @周星星xo  幻灭,<看我微博名看到完的绝逼视奸狂魔>:   @胖次_过忧伤,<AB行店长>: 模型卖不出去了[j挂了],<KenKi_啃鸡君>: 你哭着对我说 动画里都是骗人的www,<Roocar_钱>: 为什么又是seed系的做主角机一直没有想通,<我不恶搞>: @奶牛仓鼠球  头像[偷笑]]
aemedia	【既视感AEM娘】铁加曼高达你好[挖鼻屎]http://t.cn/zQvnkrb ​​​	[<当心灵怪盗的Mzwei>: 回复 @人形态的狗 :很好看的！,<进击的麟哥哥>: 是不是有奇怪的东西混进来了？？[疑问][思考],<人形态的狗>: 这尼玛不追果断是最明智的选择啊。。,<一健格式化>: 不就差一个抠鼻子表情！,<飞翔的蓝黑>: 宇宙骑士[害羞]]
aemedia	【家暴AEM娘】曾经我们是一对，现在我们只作对[黑线]http://t.cn/zlrvsRD ​​​	[<才奇>: @琪魂  口袋里的战争...,<象当当>: 年度场景冠军！！！,<南瓜酱一W一>: 原来战争是这样来的呀一。一lll,<无聊的sneaker>: 我擦，老婆不能随便乱取啊,<男人就要开扎古>: 瞎了，俺家的扎古才没有这么可爱]
aemedia	【召唤AEM娘】11区的人民要震精了[阴险] http://t.cn/zlBwwkI ​​​	[<李凌心_ver_Ka>: ！！！！！！！！！！！！！！！！！！！！！！！！！！！,<Max_演>: 反叛的魯路修[晕],<吖浩哥仔>: 辽宁号+高达=中日联盟~好强大的组合~前所未有~将超越欧盟和美国~// @MODEL_R : 辽宁号+高达=中日联盟~,<吖浩哥仔>: 辽宁号+高达=中日联盟~,<FINNEY_>: 阿姆罗 一季嘛斯,<铠甲战士WT>: [国旗][嘻嘻],<回忆是抓不到的小锅>: 好趴    这应该是给我开的吧[酷],<141特勤队大胡子大叔普莱斯>: 量产高铁侠...// @阿卡特_D_喰魂 : 我要超级系萝卜头// @ABHAR : 求大陆大规模量产此神兵器保卫国家,<ComedianClown>: 海牛是宇宙专用机，在这里只能打酱油,<Levinsere>: 11区的夜莺应该还出不来，阿姆罗大尉请出击,<Neo_Lowe>: hi-v的浮游炮用不了啊。,<闪闪Shirayuki>: “米诺夫斯基粒子散布完毕，核熔炉状态稳定无异常，武器系统检查完毕，雷达系统检查完毕，通讯已切换为作战频道，密码XXXX，可随时出击”“收到，弹射器电压升高至90%，机体固定完毕，前方空域无阻碍，可随时弹射，弹射操作已切换由机师操作”“了解！阿姆罗雷！HIV GUNDAM！出击！”,<蔱笙芄_Sidy>: 咁就真系够晒震惊咯~~~~！11区人民一定很清楚这种不明武器的威力！,<我系肥庭>: [可怜]这是Hi-v么,<邪恶K先生>: 任务了解。。。。,<maxpayne0724_每日新增僵尸粉>: 我大PLA多年辛苦开发的秘密武器终于要投入实战了，心情愉♂悦，米诺夫斯基粒子战斗浓度。。。,<小虫叔>: 我们的航母被高达劫持了吗？,<豆腐腐腐腐>: 阿姆罗-hi new刚大木，一骑马死,<切伦科夫>: なんだ あのモビルスーツ..まさか!まさか!!,<榛果仁>: 海牛！盗取了11区的黑科技吗[偷笑],<huangjzh>: HI-v高达！发射~~~,<Pierre卡頌>: haha~newtype[哈哈],<豌豆武士>: 驾驶员是奥布归化的么= =lll,<纯情小琛记>: 那是。。。υ GUNDAM吧。。。[吃惊],<AMOY_CAP>: 海牛吧这个。。。。。,<安然的小豬>: 人革联，始动！！,<ABHAR>: 求大陆大规模量产此神兵器保卫国家,<阮尧>: GYNDAM都来了！！！,<坦克军团>: 大杀器啊不解释 啊不解释 [偷笑],<弘_F>: 那不是卡疯子被夏亚拿对舰刀捅爆时开的再生么，才不是什么海牛→_→,<Square-Yang>: 噗~那句日语各种看各种别扭,<DOM曹_小清新>: ACE的作家有了，个么僚机呢。。我们的量产大魔呢和扎古呢！,<熊猫君丶喵丶>: 海牛阿。。？阿姆罗[抓狂],<shimotsuki>: 回复 @Jikl-AuYeung :传说都是这样啦，身体倒过来就是散射炮了……,<布仑希尔德-闹心他蜀>: 自由高达，驾驶员会爆种马,<辉-哀悼绘梨衣T_T>: @鱼蛋喺Mr靠谱儿 @忙到抽筋-牛哥ZRW  操，你没看错吗，那是HI-V高达，碉堡了。天朝出现新人类了！还是最强那个！更碉堡是光束武器成熟了！光束防御罩！还有核能小型化，严重碉堡了！好吧，我发疯了。不过这图P得，真心不错啊！！,<Jikl-AuYeung>: 这不科学啊，海牛好像是宇宙空间作战机体啊，大气圈内忽悠炮真的只能拿来忽悠？,<最后_冇事_VN>: HI-NEW咯似~,<Fs-豪>: 老图[挖鼻屎][挖鼻屎],<草塔马的快乐生活>: 应该是福利蛋吧，海牛在地球上能开起来？,<工口刹那酱>: 我好像看到自由还是别的在起飞啊,<途远达_CHenpiNG>: freedom？,<kakekaku>: 高度比例不太对吧=   =]
aemedia	【不哭AEM娘】福皇年纪太大没人关爱wwwww ​​​	[<越橘红茶>: 飞鸟你果然还是BOSS阵营的么,<hyw13579>:   @啊謝_要改变  亮点果然是右下,<EB今天差不多是条咸鱼>: 略微有点基...,<超叔爱吐槽>: 对应基神的为什么是鸟 而不是阿斯兰 或者库鲁泽呢？,<Altrion_as_Lue饭>: 喂喂，飛鳥跟基神位置反了吧！,<杰仔-芋头味>: 求无水印大图！！！]
aemedia	【香蕉AEM娘】吃只异形补补身先[xb压力]http://t.cn/zlY4dmM ​​​	[<AndrewLiLad>: 香蕉拿来雕刻...,<莎克斯皮特>: @嘎古洛  香蕉吃出了异形，这一口牙是有多么牛XX,<Lost_哀川潤>: 去掉头就能吃，蛋白质是牛肉的6倍,<NgaiZiFai>: @封尘三侠_锴_铁血武士  霸氣側漏]
aemedia	祖国的Zaku什么的何在？[生病] http://t.cn/zW1qT8Z ​​​	[<绿色彗星>: 潜入！偷高达！我负责队长机！,<疾行角马>: JSDF 机动强袭扬陆舰 夺岛作战,<______吉祥______>: 水战上海鲜啊，来人请出加布罗四神兽！,<阳江七号>: 给我3000城管！！[酷][酷],<进击的麟哥哥>: 祖国木有Zaku…[汗]但没关系！我们有城管！！[拳头],<Xavier谢俊>: 靠。。。。日本抢钓鱼岛还出动了高达。。。。,<壮哉我大向晴君>: @_陳俊生_Sun  师兄，我们一起去偷机体！,<Tony-李>: 天朝表示我们的金刚葫芦娃不是纸糊的，哈哈 @无聊的夏日彩虹   @RyanWu11   @无用小卒,<asuka-杨>: 天朝派歼击10型过去灭他们,<Vardant>: 天朝表示人手一把小[米加步枪]毫无压力,<崩華葬歌-零崎虛識>: 没有Minovsky Particle，他们只是巨大的废铁……,<Jackie佳佳KOP>:   @寂青争之夜  [围观][怒][挖鼻屎]强烈要求天朝出动MS-07 B3[思考],<成为公民>: MA和扎古还有新安洲前正在厦工下料工段切割。,<skulljojo>: 渔政船的徽章说明一切,<盧韻聰louwancung>: 回复 @水苽 :阿纳海姆不能是国企，不然开发铁人的钱都会变成福利给发放的！~~~话说阿纳海姆是两边都卖武器的！~这样才是赚钱的王道！~~~,<口若悬河周泽楷>: [挖鼻屎]天朝不是几十年前就有了DX和IWSP的眼红强袭么？ 然后某渔政船的徽章....,<李Z帆是总_理>: // @AEMedia高达主题论坛 :祖国的Zaku什么的何在？[生病]  http://t.cn/zW1qT8Z,<馬鹿人生TYTY>: 九龙高达 跟 飞龙高达.. 足够了!!,<S_Lancelot>: 我大天朝有铁人！,<水苽>: 首先需要一家名为阿纳海姆的国企= =,<秘制小黄瓜>: 吉翁万岁~~~~,<早晨的闹鈡>: 来人啊，上钢扎虎！,<EB今天差不多是条咸鱼>: 有61式坦克都不错了...,<铀菜君>: 自从三大战役缴获大量机动兵器，祖国一直在研究,<-qp-君>: 基神神棍福利蛋一出美帝鬼子都要跪了,<DukeJerry>: 都是陆战型了...咱没MS-07老虎，来几台陆战高机动型ZAKU也行啊[c冷眼],<Ash哲>: 呵呵，月光微波炮，把日本轰得不要不要的！,<AEMedia高达主题论坛>: 回复 @地雷枪海星 :……[挖鼻屎],<雨四光海星>: 祖国那个不是DX么]
aemedia	【对话AEM娘】我就看看不说话[lb味] ​​​	[<咸酸菜ds>: 骂age又不会显得你比较懂高达，有的人真是何苦呢…,<星熙龍>: --。。。这是真的吗。。,<v_Eduardo>: 刚好手边有hg蛋蛋Q和GN剑IV，等这个HG出来了入个玩玩[嘻嘻],<此博待命名>: 回复 @J_B祺 :AGE把30年的高达给侮辱了！,<旭昇_>: 尼玛的,这是叫OOQ激似吗!,<--文祺-->: 这简直侮辱了历代高达作者。,<YXZ异行者>: 赞美晒基毛吧PS支配者，春哥快来看,<月姬花京->: …这样一看倒还很带感……// @干死高中生_Keran :傻子那专用// @EX龟霸 :泥马，AGE-Q,<grouder>: 我能说脏话么,不能那我无话可说了[挖鼻屎][挖鼻屎][挖鼻屎][挖鼻屎][挖鼻屎],<仮面晖少>: 呃...  @政治亮--四十公里小王子   @小猪the_great  =.= 毫無違和感,<麦子的麦克风>: 靠，毫无违和感~ @峰子要努力,<兔氏力場>: 作为天人的一员，我感到无语。刹那：再有全刃我马上对他武力介入。,<Wonson_溫臣>: 應該可以量子跳躍吧,<祁健斌>: 还是那句:海老川你放过高达吧。,<让别人不知道是谁的名字>: 量子型AGE？这…这不好吧……,<观秉衡>: Age QANT,<吃杯面的OT>: 高达史上最强的cosplay,<离世的幻想乡>: 请告诉我这是同人……// @柠乐君PFSR蓝国史莱姆杀手 :我就转转(￣▽￣"),<Coldchem>: 又黑我大AGE，真是作死[怒],<七天无理由退霍>: OOQ[生病] 又见真相,<Wonson_溫臣>: 額 這是cosplay嘛]
aemedia	【AEM娘信息量】额，这盘信息量有点大！[偷笑]……买过类似的同学请有木有……[可怜] ​​​	[<肥超并不奸>: [挖鼻屎]另可买0079都不买这部脸蛋一个样的SEED,<naijuy>: 开么玩笑，傻子那能对妹纸感兴趣？,<行走地影子>: [泪][晕] @颜力鸥  瞎了,<夹门板的洗洗菌>: 皋达种子大战搞大蛋蛋,<超悦模型玩具>: 艹啊，基拉比傻子那NTR了。。。。。,<从不中二阿姆罗>: 我去。。。基神，灭了丫,<JIN-陈永仁>: 傻子那用00q穿越把妹,<GuNpLaEr-祎>: 好牛逼！这你妈乱入！,<AEMedia高达主题论坛>: 回复 @致远红魔鬼-其名为殇 :这种DVD很常见的[嘻嘻]随便哪里都有卖,<GrifonKryguer>: 公主换成提耶利亚就神作了,<致远红魔鬼-其名为殇>: 博主去越富还是中六买的货啊？,<潇羽3Y602>: 基神去天人拯救世界了,<ACG青年初号君>: 基神惨遭牛头人，女妖变身电视姬,<杯面小王子_>: ....这个..........,<MS-GHOST>: ……基拉被NTR了……]
aemedia	【AEM娘喷水】看完这段对话，一口茶水喷在屏幕上！[可怜]龟霸你亮了！[泪] ​​​	[<michauyin>: [生病][淚][偷笑]!!,<DD_zzzZZ>: 龟霸怎么了……咱的手机挂件就是龟霸,<CAMILLEVIDA>: 我噗··················[偷笑],<袁景倩>: 转发此微博:没熊霸不信服,<一枚腐烂的羽毛>: [兔子]如果改成擎天柱 更给力 - -~,<152神教板载菌>: 好亮= =，龟霸大萌~]
aemedia	【AEM娘雷嘎嘎】这就是传说中的HD画质？[囧]不带这样坑爹吧！[衰](图源来自泥轰论坛) ​​​	[<panzArmor>: 啊喏撒～这脸，到底是外包给了多少钱的代工啊～,<Q_Q飞翔的绿豆饼安克夏>: 万代...节操掉了一地.......,<刹那那那那那丶>: 檫，freedom 你仲么了？,<iserz>: 看了评论笑而不语，等国内有人拿到首发DVD再说话吧，黑Seed不在乎那么两天,<曦_杰刚队长>: 再仔细点儿剪，就能把所有经典剪得面目全非，何苦这样差别对待。,<Jacko肥熊>: Seed一直都喺坑爹货，从未被超越！！！,<凰讶>: 液体金属，强袭自由....,<drfunk15>: 看看就算了，认真你就输了,<CWJAL>: 對～這就是HD！氪金狗眼都瞎的！,<灵魂燃烧的蛋蛋>: 不会吧[泪][泪],<膠水阿亮>: 这是剪到PV里的已经算不错了，那其它的。。。。,<AEMedia高达主题论坛>: 回复 @小陳S歷險記 :最后话战克鲁泽！[嘻嘻],<Uingu_翼>: 君以为这类炒冷饭会有业界良心么[挖鼻屎],<_某h_>: 崩坏啊...崩坏啊]
aemedia	【AEM娘学FA】民那早！FA扎古和FA独角兽是不一样的，FA扎古！！！！[生病] ​​​	[<秋葉系工口男>: ザクだと？？！！うはｗｗｗｗｗｗｗｗｗ,<w弓長土土w>: 沃~~~ 那把斧子亮了!!!,<__joki>: 独家首还需要推进去，扎古没有，估计走不动了，只能当武器架了，哈哈。,<阿非利加勇士基不死>: FA-ZAKU……]
aemedia	【AEM娘雷嘎嘎】泥轰军舰的这密集阵涂装……有奇怪的东西进去了！[衰] ​​​	[<今天假牙忘记带啦>: 这玩意几钱0 0// @PalE_hy ：傻白威武. // @非常识异端幻想群 ：// @异端苏打淡定屁啦 : 哈哈哈哈哈傻白！！！ // @月影_IS_BA : // @马果mako ：啊......傻白[抱抱] // @村长啪啪啪一秒几亿下 : 傻。。白。。。好亮！！！ // @37想要学画画 : 傻——白—— // @魍兮 ：傻白！！！！23333 // @菊花好痒要插插2号机 ：噗！,<消失的煤渣>: 太可爱了...威猛的“密集阵”系统变成了伊丽莎白.....,<荧惑3009号>: 哈哈~伊利莎白~~！！！,<前择-鹰南根本停不下来>: 混进去了！（噗！,<暮商商>: 傻白！// @朱武奋斗中 ：// @海贝贝贝 ：(|||￢ω￢)// @苦逼无节操的李澈儿 ：=口=// @怪兽3104 ：Σ( ° △ °|||)︴ // @吐槽叔 ：(Д゜(○=(゜ 皿゜)=○)゜Д゜) // @沒錢錢錢錢錢沐-_- ：XDDDD// @kaede枫酱 ：伊莉莎白。。。// @苦逼学生你伤不起_瓜 : =口=// @-某只吃货魔菇酱__ ：2333333// @基到深处日一日 ：233,<31就是那个低笑点的31_Menthe>: [哇哈哈] 伊丽莎白// @爱夏_LS阳 ： @墨小从  你的伊莉莎白// @海贝贝贝 : (|||￢ω￢)// @苦逼无节操的李澈儿 ：=口=// @怪兽3104 ：Σ( ° △ °|||)︴ // @吐槽叔 ：(Д゜(○=(゜ 皿゜)=○)゜Д゜) // @沒錢錢錢錢錢沐-_- ：XDDDD// @kaede枫酱 ：伊莉莎白。。。// @苦逼学生你伤不起_瓜 : =口=//,<ComicVertex>: 应该涂装成JUST WE！,<城市隐忍者>: 点解！？咩事！？just we呢！？,<锡制钥匙狂魔花生生>: 转发此微博:我勒个去，怎么是伊丽莎白？just we去哪了？！ // @花枝娘 :我草 //  @妹红炭IDF  :假发快来领你家宠物回家~//  @十六夜红白  ：233//  @不動的大赛銭箱  ：∑( ° △ °|||) ...... //  @蕾米莉亚_斯卡雷特  :毫无PS痕迹=口=...,<舞月Mayuu>: wwww// @朱武奋斗中 ：// @海贝贝贝 ：(|||￢ω￢)// @苦逼无节操的李澈儿 ：=口=// @怪兽3104 ：Σ( ° △ °|||)︴ // @吐槽叔 ：(Д゜(○=(゜ 皿゜)=○)゜Д゜) // @沒錢錢錢錢錢沐-_- ：XDDDD// @kaede枫酱 ：伊莉莎白。。。// @苦逼学生你伤不起_瓜 : =口=// @-某只吃货魔菇酱__ ：2333333// @基到深处日一日 ：233333,<le_Anson_zhou>: @桂 // @岚若殇Pandora ：惊恐~~~有奇怪的东西混进去了~ // @吐槽叔 :(Д゜(○=(゜ 皿゜)=○)゜Д゜) // @沒錢錢錢錢錢沐-_- ：XDDDD // @kaede枫酱 ：伊莉莎白。。。 // @苦逼学生你伤不起_瓜 : =口= // @-某只吃货魔菇酱__ ：2333333 // @基到深处日一日 ：233333  @阿三ww,<JEUYIN>: // @塞干音鱼酱 ：// @kaede枫酱 ：伊莉莎白。。。// @苦逼学生你伤不起_瓜 : =口=// @-某只吃货魔菇酱__ ：2333333// @基到深处日一日 ：233333  @阿三ww // @阿宰呀海儿呀 ： @基到深处日一日   @Miyaku羽殇  是啊有奇怪的东西混进去了哦亲〒▽〒,<来一碗菊花加蛋>: 靠= =！// @明王NEO ：卧槽真亮！！,<音羽之翼>: = =......// @不動的大赛銭箱 : ∑( ° △ °|||) ...... // @蕾米莉亚_斯卡雷特 :毫无PS痕迹=口=...,<心向中原>: [偷笑] ......垃圾桶......// @半晴半雨 ：卧槽~！// @阿乌仔 : 卧槽~！// @中三党紀田氏 ：卧槽！// @苍天已死X黄天当立 ：卧槽！！！// @明王NEO ：卧槽真亮！！,<辛幼陶>: 亮瞎了我的眼~// @翻滚的带感君 ：傻白你！// @明王NEO ：卧槽真亮！！,<我是刘坑坑>: 卧槽~！// @阿乌仔 : 卧槽~！// @中三党紀田氏 ：卧槽！// @苍天已死X黄天当立 ：卧槽！！！// @明王NEO ：卧槽真亮！！,<Leo-Fang-OORer>: 卧槽~！// @中三党紀田氏 ：卧槽！// @苍天已死X黄天当立 ：卧槽！！！// @明王NEO ：卧槽真亮！！,<滑跪三条痕>: 转发此微博:腿毛捏// @结城因果求通过 :哈哈哈！！！快来看  @蛋黄酱盖饭想翻身,<Bunny吐了>: 回复 @鞋底生風的堂吉訶德V :............,<鞋底生风的堂吉诃德>: @Bunny吐了,<纠一念破九千情愁>: 伊丽莎白~// @人型之夜 : 通过这个实验我们发现：伊丽莎白是最淡定地高的大伙都不淡定的高手~ // @七杀八杀九杀十杀 :伊丽莎白好久不见你又调皮了= =,<紊紫>: 呃·····虽然我不愿意承认·····但我真的笑喷了~,<DD爱2叔>: 噗。。。伊莉莎白。。你的桂哥哥呢？// @iza_激辛部新晋队员 ：无PS痕迹- -。// @總攻夫人目指櫻花妹 ：干什么这是！！军舰都可以卖萌的嘛！！我家假发在哪里 = =  @家虎馬嘛雞小花_hana   @iza_激辛部新晋队员,<huangxinglun>: 转发此微博:伊丽莎白酱！你肿么了？假发呢？,<我要瘦20斤嗷嗷嗷嗷嗷>: 假发子快出来 // @暗夜月桜 ：诶。假发呢？,<杨大大大大大怡麻斯达>: 转发此微博:噗～伊丽沙白，,<人型之夜店>: 通过这个实验我们发现：伊丽莎白是最淡定地高的大伙都不淡定的高手~,<llkyull>: 有傻白的不远处就会有just we……// @OP_Gintama_蓝洛亓 : 忽现傻白，哈哈哈哈哈哈// @村长啪啪啪一秒几亿下 ：傻。。白。。。好亮！！！// @37想要学画画 : 傻——白——// @魍兮 ：傻白！！！！23333// @菊花好痒要插插2号机 ：噗！// @混蛋山本你轻点呐 ：为什么不是just we,<濑户七海>: 呼叫JUSE WE!!,<卖果酱的小树>: 亮了= =// @噓_別告訴他聽_莪想念他了 :// @___鬼才爱狱寺 ：傻白QUQ// @村长啪啪啪一秒几亿下 // @37想要学画画 : 傻——白——// @魍兮 ：傻白！！！！23333// @菊花好痒要插插2号机 ：噗！// @混蛋山本你轻点呐 ：为什么不是just we // @结城因果求通过 :哈哈哈！！！快来看  @蛋黄酱盖饭想翻身,<骑士-芈先生>: 这个。。。这个。。。// @村长啪啪啪一秒几亿下 ：傻。。白。。。好亮！！！// @37想要学画画 : 傻——白——// @魍兮 ：傻白！！！！23333// @菊花好痒要插插2号机 ：噗！// @混蛋山本你轻点呐 ：为什么不是just we // @结城因果求通过 :哈哈哈！！！快来看  @蛋黄酱盖饭想翻身,<岛永无岛>: 伊丽莎白XI！ @EverMorris   @小牛转笔刀   @小燕仔1991   @映川雪   @Hecate_5  壮士们 求解救！,<村长啪啪啪一秒几亿下>: 傻。。白。。。好亮！！！// @37想要学画画 : 傻——白——// @魍兮 ：傻白！！！！23333// @菊花好痒要插插2号机 ：噗！// @混蛋山本你轻点呐 ：为什么不是just we // @结城因果求通过 :哈哈哈！！！快来看  @蛋黄酱盖饭想翻身,<雅叔_一坨君>: 哦……= =// @lucky瑶SH ：噗// @37想要学画画 ：傻——白——// @魍兮 ：傻白！！！！23333// @菊花好痒要插插2号机 ：噗！// @混蛋山本你轻点呐 ：为什么不是just we // @结城因果求通过 :哈哈哈！！！快来看  @蛋黄酱盖饭想翻身,<我蛋的粑粑>: 没看见雷达吧，雷达屏幕据说是hello-kitty的,<yoruno-sakura>: 诶。。。假发呢？？,<人型之夜店>: // @丢拖鞋的老痒 ：……// @财藏的迷你裙 ： @kbmumu   @丢拖鞋的老痒   @蜘蛛酱  有奇怪的东西进去了= = // @天真加三颗痣就攻了 :// @翘PP全归本殿下 ：な——んだそれ！！hahaha~ @木莲小子,<腿毛的生活>: 不得不转.....// @神崎_H_尤 ：喔，鸭子火箭筒~// @旺仔小团子九 : null,<ViVi_派手上等>: 亮！// @滑头鬼之孙人人网公共主页 : 高亮啊！！！炮的位置应该在往上点~// @高达seed人人网公共主页 ：伊莉莎白。。。[汗],<神木奇迹_>: 伊利莎白你真是，啊哈哈哈哈！！// @死腐一不小心傲娇 ：啊哈哈哈哈哈哈哈！！// @混蛋山本你轻点呐 : 为什么不是just we // @结城因果求通过 :哈哈哈！！！快来看  @蛋黄酱盖饭想翻身,<Hhhhhachi>: 屌爆了！// @這貨是小田酱XD : // @混蛋山本你轻点呐 ：为什么不是just we // @结城因果求通过 :哈哈哈！！！快来看  @蛋黄酱盖饭想翻身,<快乐小光万岁>: 傻白你好棒啊// @喵君_求考试通过 ：地球人已经阻止不了傻白了~// @独若浮云_1003阵八待命 : 喷！// @塌泥老湿 ： @独若浮云_1003阵八待命,<深海饺子冬>: 噗噗噗.的确是很奇怪的东西啊XD// @镝木卯雀 ：// @haru君 : 什么奇怪的东西混进去了。。,<王王王王十二>: 噗 笑死了 真的是伊莉莎白 [衰],<Echo_Shy_>: 卧槽、// @滑头鬼之孙人人网公共主页 :高亮啊！！！炮的位置应该在往上点~// @高达seed人人网公共主页 ：伊莉莎白。。。[汗],<Black-Star___顾晚星>: 难道是伊丽莎白穿越了么？// @滑头鬼之孙人人网公共主页 ：高亮啊！！！炮的位置应该在往上点~// @高达seed人人网公共主页 ：伊莉莎白。。。[汗],<銀桑特製蛋黃醬-sai月日love>: 一粒煞白太亮了！！！！！！！！！！,<茶Po>: 转发此微博:尼洪你……,<happyEnd710>: 伊利莎白...亮了。亮了。,<抖M饭团-office平社員>: 这是阿姆斯特朗回旋式阿姆斯特朗炮// @cloudeye云遊中心 ：// @S星优酱 : 竟然还有炮...// @滑头鬼之孙人人网公共主页 ：高亮啊！！！炮的位置应该在往上点~// @高达seed人人网公共主页 ：伊莉莎白。。。[汗],<掀起你的胖次来>: 转发此微博:傻白君你怎么了。。。 @伊丽莎白君,<xiO朱仔>: 他在寻找假发同时还要捍卫歌舞伎町// @攻主殿下 ：在等假发吗。。。// @蛋蛋wy : 喂】傻白在干嘛。。。// @滑头鬼之孙人人网公共主页 : 高亮啊！！！炮的位置应该在往上点~// @高达seed人人网公共主页 ：伊莉莎白。。。[汗],<吴天_JAY>: - -这个伊利莎白、秒到我了// @滑头鬼之孙人人网公共主页 ：高亮啊！！！炮的位置应该在往上点~// @高达seed人人网公共主页 ：伊莉莎白。。。[汗],<蓝色的仙人掌>: 伊利莎白很强大~// @滑头鬼-麟 ：- -！伊利莎白好强大~// @滑头鬼之孙人人网公共主页 : 高亮啊！！！炮的位置应该在往上点~// @高达seed人人网公共主页 ：伊莉莎白。。。[汗]]
aemedia	【AEM娘来吐槽】新安洲……和他爹……旧安洲…… ​​​	[<KenKi_啃鸡君>: 这未免太虐大河原邦男了…,<optimal-optimus>: 还真是除了2推进器，其他都一样！,<才奇>: 噗........................,<Kotoriiiiiii>: 转发此微博:噗 圆棒男ver新安洲 还有只圆棒男ver独角兽,<腹黑毒舌622>: 他爹实在是水了点,<八啦八啦八啦八>: 霸气了不是一点点...]
aemedia	果然还是克里斯的宇宙服最有味道么 ​​​	[<KenKi_啃鸡君>: 杜门那其实不算宇宙服吧...,<GUNDAM00-v>: 刹那的好看，鄙视AGE那是婴儿服,<王Leon博>: 我靠 age那个算什么 幼儿飞行员？？？,<緋色_SORA>: 胡索真心比最后一个帅~！// @量子演算處理系統Veda ：金凱度那套其實挺不錯的,<写作哔望读作PL>: 转发此微博:我喜欢罗拉罗拉的XD,<来栖乃no>: AGE那是婴儿服吧……,<南波日日人>: 我觉得是哈撒维的宇宙服帅点= =,<逗号是个祥凤厨>: YO~好赞啊~PS:是不是有什么东西混进来了?// @00-QUANTA ：最后一个是不是乱入的！！1,<00-QUANTA>: 最后一个是不是乱入的！！1,<42号到7号>: 回复 @双海智樹 :AGE给我的感觉像数码宝贝里那个，2只手很长水里游的,<SmokinSickStyle>: 罗兰的衣服很有一股EVA量产机的感觉,<Ms_添>: 多蒙紧身衣最高.......,<52HZ的大蓝鲸>: 最后一个是et？,<ZYZ睡不够>: 西布克很型啊（特指海盗里的） AGE那个真心觉得像KERORO,<卡比达人>: 最后的像蝌蚪人~,<傻肥裸死>: 嘉美尤英姿飒爽啊,<肥曦成日放飞机>: 最丑的可谓是age的了！！！,<进击的麟哥哥>: 转发此微博:刹那~,<王牌投手>: 最后一个小矮个是谁？抠楠？爱德？,<才不想写微博呢>: 一直都是这样认为的,<ELIALD>: 都统统去换泰坦斯驾驶服啊！,<birdhuman>: 为什么没有zeon的宇宙服,<佰仟萬億>: 我觉得露娜.玛丽亚和玛丽妲的宇航服也很不错。]
aemedia	这。。。。。多少剑？ ​​​	[<左手持镰要买29980円>: 转发此微博:要是这货制成套件，至少25000yen,<我同意的钱包君根本把持不住>: 这是仙人掌嘛~~~,<Keith-Chu>: ...............,<王牌投手>: 远看还以为是雷狼龙,<天才錬金術師>: 这是要把傻子那累死啊……[偷笑],<成为永恒>: gn-x只要冲上去，拔下把剑，再往前一插——]
aemedia	某人的原创MS画稿一张！真有人型风格！或者这其实是变身系？ ​​​	[<板烧牛屎鸡扒堡>: 有点像夺魂者，又有点像OO，又有点像双子座高达。。。,<邪惡萬能俠>: 使唔使甘型啊？！[思考][思考],<L桑竟无语凝噎>: 我擦嘞..这高达的操作舱得和宇宙骑士是一个尿性的吧……,<摸鱼圣徒_曦>: 肩膀...00feel,<Vardant>: 我看到了exia和夺魂者的影子。。,<C-Jlfree>: [花心] 好掂吖……能做成实体模型就好嘞,<王牌投手>: 哎呀。。。有点像十多年前的“七星斗神”？,<才不想写微博呢>: 说这个是ELS化钢弹的话我能接受]
aemedia	虽然知道是同人，但还是求指教这台是什么高达？强袭自由？ ​​​	[<喵醒>: 回复 @FioN_叫我桉哥 :配色的确很似~~~~,<冰岛渔夫_FallenKing>: 00里的变形机？,<michauyin>: 有点反叛的鲁鲁修里面的那些机体的感觉,<战场原逍遥>: 强袭自由与命运的合体在加上太阳炉！,<FioN_凸一一凸>: 我只想到兰斯洛特~,<闪苍叆叇>: 这种配色，配上红色的片翼，看起来还是好别扭,<andyxxl->: 翼部放出了GN粒子啊.,<正点猪>: 觉得有点超级系了,<冰月之殇>: 有点结合体的味道，再生高达、Z高达……,<一只抹茶->: 00里面的？怎么看的全是粒子,<菲利刻斯>: 我也差点以为是兰斯洛特……,<闪苍叆叇>: 翅膀猛一看跟命运似的,<LJ君_>: 没点开我还以为是兰斯洛特。。]
aemedia	听说这个就是昨天9号线哪里出现的雅典娜的真身！[花心] 好像……更嗲！[衰] ​​​	[<月叔叔家的氿娓狐>: 真是好漂亮那~~~~~~~~~~~,<青蛙的冥想>: 小美人// @暗夜优 ：// @皇甫苍舒 ：找到真相了啊~,<随风沉吟>: 这个要转的,顺便收藏,<桃冰_peachiced>: 没P过的话  的确是美女,<肥肥的布丁mol>: 问问星矢~// @四眼小笼包 ：雅典娜什么时候有事业线了 // @伊之月饼 : // @小羊只有神知道 ：好像是真的耶！啊，铁路女神,<sasa草莓喵>: 好“胸”喔// @雪球球YUKI ：这是美歪好发！// @绿毛控幽灵灵 ：好美！！！！！！！！！！！// @韩小沐_毕设完依然死 ： @嘎_得靠谱  给你的女神// @Pitan就是皮蛋 ：这个不是美歪么？// @神马兔小姐_童 ：地铁哪像也挺好看的啊 // @星野苍穹 : 完蛋了。。。她的无PS照，现场照被发了。。。// @苏筠利针豌豆崽 ：,<一般会社员_老村长>: // @吐槽涵 ：// @年前不减掉40斤就死 ：胸好大！// @尸姐 ：美歪超美的~~// @美歪 ：我经常中枪没事的~我是不死之身！噗// @_大_美_ ：= =||||老马中枪了。。。// @魔导栾孟杰 ：你们这些人脸识别障碍的少年，北京和上海隔着多少公里呢。本图主角  @美歪  // @钟夏洛VERO ：御姐诶...有料诶,<靈魂的收割者->: 神级COS 啊！,<kc紫茵>: 那个也差太多了。地铁雅典娜跟歪姐这个不是一路线的啊~// @美歪 ：谢谢那是阴影~除了线胸也是球体// @发条猫_打鸡血燃起来 ：第一张的事业线有点P歪了……// @天灾科学家贝利亚 ：这胸部有F吧？。。。// @lafeuille一叶 ：大美人// @一杯冰水 ：哦哦。。。// @真的魂魂 ：应该不对吧？这个应该是 @美歪  [思考],<妖姬1717>: // @Fatty_Hu ： @沫大默爱沫小默  // @阿哟变态is阿态 ：// @张小_池 ：Om // @lxyzle : 哇塞，又有更新啦！！[心],<Wauii-力口>: 第一次看到Coser之后会有马上转发的冲动。,<阿绿绿鸡冠>: 转发此微博:有胸必火！ // @V_V威尼斯的泪 :这个是美歪萨嘛。。。你们这帮无知的人啊。。。//  @张小_池  :Om //   @lxyzle   : 哇塞，又有更新啦！！[心],<水鱼晶>: 发型完全不一样，衣服也不同，乳量更不同。,<吓倒了蓬间雀>: 赞！！！美歪绝对是中国第一coser！！！,<shenmehaone>: 这个主持人是V字开头的名字吗？,<DXlee>: 即便是炒作，也喜欢这种养眼的炒作..... // @伊布1992_caw_rbj ：又是CJ哪个展台想出来的主意吧...// @浪人无名 ：转发微博。,<Christioner>: 你好，我可以日你吗？,<中分佐助才够帅>: 很丰满........神马的,<不可能不可能XD>: 神啊，你有冒出来了// @美歪 ：谢谢那是阴影~除了线胸也是球体// @发条猫_打鸡血燃起来 ：第一张的事业线有点P歪了……// @天灾科学家贝利亚 ：这胸部有F吧？。。。// @lafeuille一叶 ：大美人// @一杯冰水 ：哦哦。。。// @真的魂魂 ：应该不对吧？这个应该是 @美歪  [思考],<极品包子君>: @美歪  中枪// @心夜-弥烨 ：大马姨悲催了。倒着也中弹// @美歪 ：我只想说我在北京|| @夏飞影 ：等会，这俩也是我的！！// @穗不穗 ：美歪魔导都是我的！ /  @夏飞影  :坑爹麻烦看看脸再说话好么//  @魔导栾孟杰  ：你们这些人脸识别障碍的少年，北京和上海隔着多少公里呢。本图主角  @美歪,<仙之麒麟>: 转了好几个她的cos图了。太美了。。。。,<宇文子牙_neugier>: 圣斗士ONLINE!// @伊布1992_caw_rbj ：又是CJ哪个展台想出来的主意吧...// @浪人无名 ：转发微博。,<邀越-家有魔王>: 那图是上海地铁站的雅典娜，这个是天津的美歪，根本就不是一个人,<Deeroooooo>: 不是同一个人，这图是美歪,<略萌的虚像>: 上海地铁雅典娜……= =// @coser小魚丸子 ：有美人！！！！！！！！// @penylo ：球交往！// @Angle_小枫 ：美SHI了。。。。,<小萝卜-万年萝莉>: 好萌的妹子啊~~// @传奇配图帝 ：美歪妳又变啦// @浪人无名 ：转发微博。,<不知名的过期jk>: cos的很漂亮啊。,<Mandy的自由梦想>: 嗷嗷嗷嗷！！！圣斗士都哪里去了！！！// @美歪 ：谢谢那是阴影~除了线胸也是球体// @发条猫_打鸡血燃起来 ：第一张的事业线有点P歪了……// @天灾科学家贝利亚 ：这胸部有F吧？。。。// @lafeuille一叶 ：大美人// @一杯冰水 ：哦哦。。。// @真的魂魂 ：应该不对吧？这个应该是 @美歪  [思考],<彩儿爱发卡>: - - 这个是歪姐吧~~好美~~~// @美歪 ：谢谢那是阴影~除了线胸也是球体// @发条猫_打鸡血燃起来 ：第一张的事业线有点P歪了……// @天灾科学家贝利亚 ：这胸部有F吧？。。。// @lafeuille一叶 ：大美人// @一杯冰水 ：哦哦。。。// @真的魂魂 ：应该不对吧？这个应该是 @美歪  [思考],<安仔又睡过头了>: 明顯是胡扯，不是同一套衣服，道具也不一樣，假髮也有差。而且，那地鐵明顯是上海的地鐵二號線，只有二號線是綠色的椅子，九號線的椅子是藍色的。// @坎水终于毕业鸟 ：// @魔导栾孟杰 ：// @kazuko和子 ：// @二点五次元的JOKER ：一定是P过的~昨天的妹子没这样的事业线// @亲亲萝莉 ：,<深夜折翼>: // @破-鐵色無雙 ：// @美歪 ：我经常中枪没事的~我是不死之身！噗// @_大_美_ ：= =||||老马中枪了。。。// @魔导栾孟杰 ：你们这些人脸识别障碍的少年，北京和上海隔着多少公里呢。本图主角  @美歪  // @钟夏洛VERO ：御姐诶...有料诶...// @死在司考中的比枯 ：感觉光那张好像美歪啊。。,<柏林都柏林>: 胸好大！// @尸姐 ：美歪超美的~~// @美歪 ：我经常中枪没事的~我是不死之身！噗// @_大_美_ ：= =||||老马中枪了。。。// @魔导栾孟杰 ：你们这些人脸识别障碍的少年，北京和上海隔着多少公里呢。本图主角  @美歪  // @钟夏洛VERO ：御姐诶...有料诶...// @死在司考中的比枯 ：感觉光那张好像美歪啊。。,<Uncertainty_is_more_beautiful>: 多了妖娆 少了圣洁// @尸姐 ：美歪超美的~~// @美歪 ：我经常中枪没事的~我是不死之身！噗// @_大_美_ ：= =||||老马中枪了。。。// @魔导栾孟杰 ：你们这些人脸识别障碍的少年，北京和上海隔着多少公里呢。本图主角  @美歪  // @钟夏洛VERO ：御姐诶...有料诶...// @死在司考中的比枯 ：感觉光那张好像美歪啊。。,<贤儿sherry>: = =明显不是同一人。。。假发都不一样的。。,<我叫冷漂亮>: 在我心目中，我一直以为雅典娜皮肤是黑色的// @李赫海心里的小唯饭__ ：太美了..// @雪球球YUKI ：这是美歪好发！// @Pitan就是皮蛋 ：这个不是美歪么？// @神马兔小姐_童 ：地铁哪像也挺好看的啊 // @星野苍穹 : 完蛋了。。。她的无PS照，现场照被发了。。。// @苏筠利针豌豆崽 ：转发微博,<Terabi-King>: @dwqlaw  啊点那SAMA~ 权杖太短了，败笔啊,<我们乃未知道那天的传说中的勇者>: COS得唔错 // @日常动漫ACG监察室 ： #cosplay# #圣斗士XX# 这雅典娜cos得给力啊。,<不瘦不改名的乐乐>: 这是美歪吧 = = 不是地铁那个···// @美歪 ：我经常中枪没事的~我是不死之身！噗// @_大_美_ ：= =||||老马中枪了。。。// @魔导栾孟杰 ：你们这些人脸识别障碍的少年，北京和上海隔着多少公里呢。本图主角  @美歪  // @钟夏洛VERO ：御姐诶...有料诶...// @死在司考中的比枯 ：感觉光那张好像美歪啊。。,<汉堡薯条御用铲屎官凯旋旋>: 星矢还在安检口没放行么0 0// @尸姐 ：美歪超美的~~// @美歪 ：我经常中枪没事的~我是不死之身！噗// @_大_美_ ：= =||||老马中枪了。。。// @魔导栾孟杰 ：你们这些人脸识别障碍的少年，北京和上海隔着多少公里呢。本图主角  @美歪  // @钟夏洛VERO ：御姐诶...有料诶...// @死在司考中的比枯 ：感觉光那张好像美,<七顧安_>: 哇塞！！！好漂亮啊！// @尸姐 ：美歪超美的~~// @美歪 ：我经常中枪没事的~我是不死之身！噗// @_大_美_ ：= =||||老马中枪了。。。// @魔导栾孟杰 ：你们这些人脸识别障碍的少年，北京和上海隔着多少公里呢。本图主角  @美歪  // @钟夏洛VERO ：御姐诶...有料诶...// @死在司考中的比枯 ：感觉光那张好像美歪啊。。,<马三轮星月饰品>: 果断中枪了咩。。。,<575不機嫌na幽幽子>: 這是美歪吧..// @靈子酱 ：好美的雅典娜~好还原// @laurant饭帆 ：哇，神cos啊求coser名// @倫酱--詩詩酱 ：// @章鱼君没有电波z : 哇0 0// @黑直长赛高 ：求微博 -.-// @sephotaruy ：很唯美的说~// @各种想不开-QB紫 ：事业线// @T了个P ：好美-0-// @发现一只电波女 ：(  #▽#  )// @小米奇Mickey ：哇//,<Yyukimi_raindrop烏米醬>: 這不是美歪sama啊嘛...// @芜珏无力吐槽仙5了 ：// @娟子最近很苦逼 ：// @夏初君 ：// @混吃等死的某苏 ：好萌的妹子// @Sub-Shun ：比上次的照片要美啊=。。=// @凤梨晒菊花去了 ：这个...貌似和看到的正面现场照有点认不出啊...// @葡萄爱天然卷 ：好美！// @黑桃_王胖子把肉还我 ：美阿！！,<君逸琴>: 还是歪姐更美些=v=// @美歪 ：我经常中枪没事的~我是不死之身！噗// @_大_美_ ：= =||||老马中枪了。。。// @魔导栾孟杰 ：你们这些人脸识别障碍的少年，北京和上海隔着多少公里呢。本图主角  @美歪  // @钟夏洛VERO ：御姐诶...有料诶...// @死在司考中的比枯 ：感觉光那张好像美歪啊。。,<___________oC>: 介个 不就是地铁  哪里那个 拯救  宅男剩斗士  的   雅典娜 咩！？// @penylo ：球交往！// @Angle_小枫 ：美SHI了。。。。,<人间失格患者>: 我的事业线挤一挤也跟这差不多吧~？【喂！(#`O′) ，这不是重点！// @将军你家小鸟没长毛 ：QAQ事业线深不可测！好、喜、欢！// @尸姐 ：美歪超美的~~// @美歪 ：我经常中枪没事的~我是不死之身！噗// @_大_美_ ：= =||||老马中枪了。。。,<水洛-差不多是条咸鱼了>: [亲亲] // @美歪 ：我经常中枪没事的~我是不死之身！噗// @_大_美_ ：= =||||老马中枪了。。。// @魔导栾孟杰 ：你们这些人脸识别障碍的少年，北京和上海隔着多少公里呢。本图主角  @美歪  // @钟夏洛VERO ：御姐诶...有料诶...// @死在司考中的比枯 ：感觉光那张好像美歪啊。。,<我是比干丢失的那片灵珑心>: 有美人！！！！！！！！// @penylo ：球交往！// @Angle_小枫 ：美SHI了。。。。,<兵器叔叔>: 切，自打認識出COS的妹子就再不相信相片了，化妝什麼的,<算谢客烟中AmberX>: = =这是千色的美歪啊 跟地铁女神不是一个人吧,<djtinny>: 正啊~~~口水// @Sherman-K ：[ok] 真正叫做COSPLAY嘛。]
aemedia	嘿，卖东西的家伙，是5台钢大木好伐……和EVA啥关系？[生病] ​​​	[<不瘦到99不改名的叶小落>: EVA。。。。。。记得那种材料不是很不结实的么,<隔壁邻居王四王叔叔>: 不要老是动漫动漫的，又不能当饭吃，连槽都吐错。少许回归点自然吧。不要再对着李阿宝撸管子了。,<52HZ的大蓝鲸>: 哈哈哈，这个笑话真冷啊~~~~~~~~~~~~,<皇家美凌001>: - -这个包搭载了天朝最新开发的GN太阳炉,可在考试时紧急开启Trans-Am系统进行回避....,<Eternal_4>: EVA是种塑料材质……大姐……,<囧椰子>: EVA是一种材料。。。。。。。,<甄命天子>: EVA是书包的材质……难道这是个冷笑话？,<DevilK_敲碗等WW的BD>: 哪里有5台。。。,<flymischael>: EVA是一种材料的名称……,<泠译>: EVA只是一种塑料材质。,<Kusunoki_蛋>: 有种材料叫eva…[生病],<Double-H_Y>: 无文化真可怕……EVA是材质……,<AEMedia高达主题论坛>: 回复 @WILSONXXL :……卤了……,<哇系进诶啦>: [花心] 我也要,<Jonathan种马>: EVA是一种材料,<VenomMakoto>: 我数了半天也是4台～～～,<WILSONXXL>: EVA是一种材料吧？,<K66的六是二的三倍速>: 大概是指材质是EVA。。。,<AEMedia高达主题论坛>: 回复 @Azure_Unicorn :额……]
aemedia	哇哦~~~~~~骡子专用爆甲后的独角兽HI NU！好靓！！[花心] ​​​	[<fish_邱>: 被震撼到了!!!原来还能这么玩!,<AIN_啊倫>: 我的海牛！！！// @孤狼saya ：还是肉牛美// @小G在拆RT-20 ：咦，咦！！这是幼女控被黑历史的前兆吗……………………,<AEMedia高达主题论坛>: 回复 @WILSONXXL :落伍落伍了！,<glee_DZ>: 太科幻了太科幻了。哈哈哈,<nomad_zozo>: 比巴纳鸡那部幼女控好睇啊,<WILSONXXL>: 这图挺老了吧...香港的Gundam @EFSF的作品]
