bjyouth	南方老公和东北老公的区别，太形象了！[笑而不语]欢迎继续补充~ ​ ​​​​	[<大憨驴>: 回复 @五线四弦 :民本,<大憨驴>: 回复 @五线四弦 :南方老公阳痿多，北方老公金枪不倒，不信你来试试,<A叨叨64017>: [笑cry] @xltao1994  望你南北兼具,<AIMiss_沈>: 我还是喜欢东北爷们[笑cry],<一个昵称抢什么抢>: 没有南方老公的细腻，也没有北方老公的豪气，嫁了个假老公[挖鼻],<WYSCindy>: @远方是一道彩虹,<Quella君儿>: 只有好老公和渣老公，自己的老公和别人的老公,<BUG工厂>: @努力X努力T再努力  [并不简单]前俩,<祁韫>: 回复 @五线四弦 :你就在你的南方呆着吧，别出门,<赵小宝0204>: 像霸道总裁 pk 暖男少帅🤣,<你好像一颗桜桃>: @关爱智障桃成长,<桃花桃花桃花丶>: 回复 @五线四弦 :笑死[笑cry]，谁告诉你北方老公爱打女人的？你被骗了奥。,<张嘭嘭>: @原来是沐阳呦   [思考]我的小老公,<可耻啊小怪兽>: 回复 @招打字员3o3 :学生党大牌平价美妆口红[口红][口红][口红],<朱莉WY>: 我老公也不是南方也不是北方，没那么体贴，谈恋爱的时候还差不多,<华尔华兹>: 这是备胎和霸道男主的人设吧……,<八箱啤酒你都干不倒爸爸我>: 人家说的是南方老公跟东北老公 不是北方老公 注意范围啊[哈哈] 科学的严谨性要注意,<畅饮的小屋>: 一看你就不成熟，对事情不了解，很多都对不上，别出丑了,<danny_LLL>: @Peekaboo_LH,<五线四弦>: 北方老公喜欢打女人，南方老公喜欢体贴女人,<gilw>: 为什么都是绿色的？那是爱的颜色？,<左胖纸木有夏天>: 回复 @时间会留下誰的笑脸 :129是真的[摊手],<牙齿很齐脸很白>: @骑士柳磊  哪一种呢,<小兔子的小乖>: 南方老公和东北老公有你北京青年报什么事？,<时间会留下誰的笑脸>: @左胖纸木有夏天,<弓长闲生>: 形象，真的这样哦,<茄哥想要电钢琴>: @嘿嘿在哪里呀  你是哪个星球的[笑cry],<哎哟布小丁>: @布丁温柔美丽  是不是南北混血啊,<小个子穿衣搭配分享站>: 我怎么知道有什么区别，男票都没有[doge],<大吉大利哥>: 呵呵，我见过南方老公往老婆嘴里塞大便，因为老婆不能生育，又不愿意离婚。,<呵呵猴儿>: 回复 @呵呵猴儿 :一,<呵呵猴儿>: 哈哈哈。太形象啦。我老公北方人。好吧[心][心]我接着卖我的乳膏[允悲]🌼湿疹，皮炎，牛皮癣，痔疮，脚气等，这些通通不要怕，天萃荷净帮你忙,<招打字员3o3>: 回复 @招打字员3o3 :[doge][doge][doge],<招打字员3o3>: 有没有南方单身狗和北方单身狗的区别？]
bjyouth	#内蒙古阿拉善左旗5.0级地震#来自兰州某大学的现场照片 @中国地震台网速报 ​​​	[<木昜堃>: 回复 @SyberSyuu :阿拉善人民安好,<爱卖萌的张笨蛋>: @白高___林    @林小子的微博小窝    @张艺于coco   也不知道咱们的树还好不[笑cry][笑cry][笑cry],<JD丁夏雨>: 兰天公寓[笑cry],<JD丁夏雨>: 兰天公寓[笑cry],<Great多多_491>: 我们学校[偷乐],<LilsonR>: 回复 @北京青年报 :[二哈]这是为什么啊，可以说吗,<别太早遇到对的人>: 有个女孩也在西 师大，也住蓝天公寓 希望你一直都平平安安的,<忘不穿的瞳孔i>: 回复 @天桥香樟树 :兰资环吗？？,<饼子说月亮是我压弯的>: 回复 @天桥香樟树 :分明是财大[失望],<饼子说月亮是我压弯的>: 回复 @乘着热气球的小妖子 :难道是我眼花了[樱花][污],<饼子说月亮是我压弯的>: 回复 @天桥香樟树 :明明有张是兰财大[允悲][允悲][允悲],<1084646hearer>: 回复 @1084646hearer :资大就是资大呀,<天桥香樟树>: 回复 @1084646hearer :资大是哪个学校？[白眼],<天桥香樟树>: 回复 @饼子说月亮是我压弯的 :明明是我们图书馆！[闭眼][闭眼],<周瘦子啊->: 某大学的路过[笑cry],<Mrchen007gl>: 回复 @不写完毕业论文你就别改名了 :就是,<礼县杨时龙>: 怎么又地震 天哪,<城市慷慨>: 我咋看着有几张图有点像师大的[眼泪][眼泪][眼泪],<夹心小驯鹿呀>: 回复 @SyberSyuu :哈哈哈 我的第一反应也是我的树还好吗！,<我心休矣->: 图五兰天公寓没毛病～[污],<白石左玉>: 对于地震，表示不知情。还纳闷，不就是下个雨么，至于惊动全楼穿着睡衣出去看么……（兰州某高校一位学生）,<浪费oo>: 回复 @我只是想改个名字哦 :居然遇见校友了 666,<余生亦凡>: 哪个大学也不能说么？,<小白的白鸽儿>: 我的树，[思考]马上都要种第二棵了，天天起早贪黑换来的[可怜][可怜][可怜][可怜],<smileiiixue丫丫>: 回复 @SyberSyuu :很好[可爱][可爱],<霓fs>: 回复 @SyberSyuu :应该好[微笑],<用户5881751150>: 看见光膀子的，和光脚的,<喵喵米可儿>: 回复 @lj1982037354 :图告诉我们地震了就别管其他的，先跑了再说,<139邮箱o>: 回复 @喵喵米可儿 :太生动了,<-骑山地车车的忧零->: 不错不错，光脚不怕穿鞋的 [开心],<Lesplume>: 整个小区就我们一家下去了[允悲][允悲][允悲],<乘着热气球的小妖子>: 回复 @棒棒糖的心事你不懂 :嗯嗯,<萌蠢猫小鱼>: 吓死我了当时，我以为下铺摇床了，突然反应过来她没在，[眼泪],<棒棒糖的心事你不懂>: 回复 @乘着热气球的小妖子 :有一张是兰财大图书馆前面,<喵喵米可儿>: 兰州的网友贡献了好多图[眼泪],<雨夜琴悠扬>: 清华北大  资环石化,<曹大贝V>: 还是我资环牛逼人多,<曹大贝V>: 回复 @从不觉好听的故事 :资环大军,<若影流烟Lina>: 看到了蓝天公寓，,<乘着热气球的小妖子>: 回复 @饼子说月亮是我压弯的 :并不是,<w琳姑娘>: 我的妈呀，看成阿拉蕾地震了[二哈],<m不问归期>: 财大[哆啦A梦吃惊],<A你会发光的>: @Mr_欢仔  你的树苗怎么样了,<0小猩猩0>: 在兰州的我之前还感觉是凳子不稳，依然淡定的写作业,<更爱记忆中的你>: 对，我就是这个某大学,<Bling波聆>: 回复 @从不觉好听的故事 :[眼泪] [眼泪] [眼泪] [眼泪] [眼泪],<z肖兆林l>: 阿拉善地震了 怎么都是兰州的打出来的照片,<北京青年报>: 据 @中国地震台网速报  ，来自内蒙古阿拉善左旗的网友说，当地无感，而甘肃武威、兰州，宁夏银川的网友却说当地震感强烈。,<鱼尾巷猫尾随->: 吓得我泡面吃到一半，飞快的跑下楼[黑线],<小可爱很忙>: 我资大的呀，有我资大好几张,<曼曼德龙>: 睡了一觉，啥也不知道,<马叉虫洛夫斯基>: 咱们都是经历过8级地震的人，蛋定点，再蛋定点,<一起唱歌哇>: 图五是蓝天公寓吗,<小安洽美瞳9元起>: 图六我拍的 被你们转发来转发去的[允悲],<1084646hearer>: 第一张居然是我们资大,<知乎王路飞>: 想起08年的那一幕，历历在目！感谢我还活着！,<胖胖弹珠>: 地震[吃惊][吃惊][吃惊]]
bjyouth	#丝路云# 一带一路蓝，丝路云，今天的北京，美到你了吗？ @​​​​elaine90tang ​​​	[<宾利红酒俱乐部>: 听他，有觉悟，懂政治。,<朱惠明2259647287>: 其实立足于能够协调自我运转才是最重要的，可以避免经济崩溃。一带一路着重点不过是大搞基建，创造的不过是虚假的繁荣，未来未知数。曾经的巴西等国家，如今经济危机。货币崩溃式贬值。,<啰嗦的叶丁>: 被蓝的晃到眼了[笑而不语][笑而不语][笑而不语],<nnnncmwl>: 看见我以前的办公室了]
bjyouth	连马都会倒库了，你还有什么理由不会？！[疑问]（转自网络） ​​​	[<我是你的小小小小丹啊>: 一看就是老司机[二哈][二哈][doge],<跑不动的王小雨>: @Angeli爱唱歌,<当当声>: @hYYhhhhy,<Flower恩>: 哈哈哈哈 科目一过不动,<突然想改名字啊哈>: 它就会倒库😟😟😟,<怀中猫吖吖i>: 回复 @隔壁任阿姨 :哈哈哈哈哈哈哈[开心] 它肯定有个好教练,<拾依_>: @glory__lotus   @在斯也,<牛油HUI233>: 你确定这不是B牌的倒库考试？[偷笑]B牌不是想要就要的呀。,<URMY-FAIRY>: 回复 @别说你叫兔子 :哈哈,<别说你叫兔子>: 回复 @URMY-GENERAL :会倒库 我还会跑酷[阴险],<马小星xing>: 太厉害了[阴险][笑cry],<淘专享优惠券自助搜>: 回复 @淘专享优惠券 :[允悲],<淘专享优惠券自助搜>: 马容 易驾驭[doge][doge][doge],<张低调2011>: 马摇到号了么？哈哈,<牛大鹤>: 人家是绿色环保只能语音全自动的，你家车能比吗？[挖鼻][挖鼻][挖鼻],<阿锅>: 那他会坡道定点停车吗[doge],<我a草莓酱>: @paddystone,<URMY-FAIRY>: @别说你叫兔子  [doge]学了没,<点点不是癫癫>: @故人两相忘0115   [笑cry],<Go-be>: 还自带感应器，瞟一眼够了。,<代号-洞洞拐>: 我任然，倒的不是很熟练，，教练教的标一个点，好像。没作用，,<对_是我是我>: @尹成看不见   会不？,<爱爬楼的猫>: 瞅瞅人家那库倒的  再瞅瞅你 @图图图与兔兔兔,<虎子--武汉>: 呵呵，猴子上树可麻利了！,<木木疋王大可>: @Two口媛  我就不信它能过科目一哈哈哈,<见可知难>: 中国人口过多，国民素质低，不适合直选。,<青春年少已不在>: 回复 @AbrianaQ :还有科三的红绿灯！哼哼,<西班牙巧克力>: @朱小颦  [污],<W杨小小>: 看标题还以为是 马云都学会倒库了 还在想倒库跟马云有什么关系[攤手],<国桉>: @yufanJIANG_  王逸昊！,<梁晴by>: 科二挂在反入库[伤心],<阿胡小娜>: @不朽De失落  看到没,<兵心PLA>: 都愣着干嘛！？笑啊！[微笑],<BC永昶>: 别这样，让我想起驴了[偷笑],<北极星空Dr>: 人家是白龙马[笑cry],<大东台小人物>: 首先你得有辆车[doge],<紫檀zi666>: 各位网友们，你们好。我的爸爸患有多发性骨髓瘤两年多。流过一辈子最多的眼泪，听过一辈子觉得最残忍得话，也收到一辈子最多的关心。人间冷暖，生活有时对你并不友好，但也得好好走，因为有好人，一直会支持你。恳请网友们进我的微博看看，帮帮我们这个家庭，救救我的爸爸，谢谢各位！[心][心][心][心],<摩羯接话小王子>: 我还真不咋会，我等以后出自动入库的车呢。,<张芹q>: 厉害了我的马儿～～～,<做人不如做条gou>: @郭达爱耍酷  明儿考试你别不如马]
bjyouth	轻松一下……动物宝宝们的内心戏：你们这些坏坏的人类……（图自网络） ​​​	[<Uctbkn>: 回复 @Hi我是摄像师Frank :像你[害羞],<Uctbkn>: 回复 @Hi我是摄像师Frank :想你[害羞],<_狂奔的盖饭>: @baby_cheung_,<Hi我是摄像师Frank>: @Uctbkn  第四个和最后一个哈哈,<噼里啪啦皮丘卡>: 回复 @奔向奶油的Coeur :我觉得狗爪子狯痒痒好疼,<周君雅子>: @Seaweed_777,<奔向奶油的Coeur>: @噼里啪啦皮丘卡   逗愣球[doge],<越之张>: @任意门外张小八飞,<-澄因->: @今天也沉迷汪酱美色   哈哈哈哈哈哈哈丧心病狂,<吃个凤梨>: @喔橋豆麻袋  哈哈哈气死了,<庙坡村的游子>: 不知这是动物的可爱，还是人类的所谓的情商和智商高？即使高，但有点歪。,<Cwk映>: 回复 @刘雪寒 :太贱了🙄,<爱情柠檬味_>: 5.4青年节快乐？[笑而不语],<李飞cc>: 太贱了[哈哈][哈哈],<LU温情>: 最后一个手不疼吗,<信达雅的兰彻梦想>: 最后一个笑死[笑cry],<UrDayLight>: @Eclipse_Js  哈哈哈]
bjyouth	不让你横穿栏杆，不光是因为容易被过往车辆撞到…… ​​​​（平安北京） ​​​	[<雪熊啤酒>: 珍爱生命，遵守规则。,<慢曼蔓漫幔>: 回复 @李理礼- :胸大可以试一下,<MTuo坨坨>: @牛方方驴三角马圈圈,<Happyrat静>: [嘻嘻][嘻嘻],<狂风暴雨中2012>: 这种人撞死一个是一个，丢人现眼，害人害己，危害社会！,<我爱大叶叶>: 回复 @110223U :哈哈哈哈卧槽太傻了都,<ddk-hello>: 回复 @李理礼- :感觉不是标准宽度,<糖炒>: 图七完美诠释不作死就不会死……[二哈],<龙之手笔>: 回复 @诗乐园688 :……你可能是个傻子吧,<我爱你丶就如同你爱我一般>: 回复 @中国有圣人 :他家人会不会告护栏不结实,<用户6196812587>: 个个身手不凡啊！,<时简小狐狸>: @王敬微   @百年徐凤年   @哈喽张结巴,<更为逼真>: 想逃课，上班请假领导不准？戳主页全解决哦～,<柯基是第一生产力zz>: 图1是你 @Jiawen清,<徐小妮Fiona>: @一抹苏州绿  第三个图长得好像王瑞瑞,<已经摆脱女汉子滴zou某某>: 回复 @闪电闪电好久不见 :我看着都疼呀。,<我是秦先生喔>: 我觉得再曝光的同时，有关部门应该也处理一下，反思一下，是不是护栏或许太长，,<老虎哥来了>: 哈哈哈哈，身手不凡想太多....,<范__>: 回复 @我就哈哈哈哈哈哈哈哈哈 :看着好疼,<minnie80544>: 都以為自己是武林高手呢[吃驚],<王大厨子喔>: 回复 @startagainm :好怕怕,<阿病学姐i>: 花样作死   苦了的是开车司机  防不胜防啊,<用户6208441510>: 回复 @中国有圣人 :哈哈厉害了我的哥,<小雪ai葱>: @hanlin_lv要成精,<杜悦飏>: @想住在拉面碗里,<井上央央>: @波波-fish,<肉酱变猪排>: @Suramar丶,<_Ckmeng>: 图7真是赶着去投胎,<锤石的销魂小锁链>: 看到图三头被卡在另一边，我有一个大胆的想法……[doge][doge][doge],<祝家小郎君>: 这是说平胸是可以过去的？[污],<你妈叫你回家吃饭啊啊>: 第三个那旁边不是警车吗,<孙特纯>: 回复 @黎木头- :哈哈哈哈哈哈哈哈哈,<黎木头->: @TheWarmest_Blue,<MRMIcheng>: 回复 @YE-YINGYING :傻狗,<YE-YINGYING>: 回复 @MRMIcheng :知道啦,<凝眸敛眉梢>: 回复 @灰豆儿的故事 :[思考][思考],<MRMIcheng>: 回复 @YE-YINGYING :所以不要老是开挂,<静听屋檐落雨声>: 以后护栏都弄三米高,<面对阴天我依然欢笑>: 友情提示！千万别为了方便，就把自己的形象开玩笑！[眼泪],<ChaosRaid>: 第一个就掉了眼镜而已啊,<黄海龙龙龙龙龙>: 回复 @舒恋恋恋恋恋 :以后要注意点哦[笑cry],<迷雾细雨5974941413>: 这栏杆很危险的，想死的话比跳楼快多了,<请叫我先生咯>: 回复 @李理礼- :你那么胖,<是青春呢>: 回复 @鱼雨蒸噢 :666,<怀特芙雨>: 回复 @瑞典煮妇 :你知道世界上有一种东西叫裙子吗[兔子],<契丹武士Kt>: 第一个熊太小[笑cry],<是小彤子呦>: 说实在的，第一个我也干过，轻轻松松过去啦，哈哈，不过那是凌晨五点，街上基本都没车[笑cry][笑cry],<小鱼丸儿噢>: @sweetheart_l,<Mr-COOL15>: 图1的还很开心的样子，很多姑娘证明自己瘦就去尝试的话还是不要了吧 真没意思 因为这样很多人会为了证明他们就去效仿！,<舒恋恋恋恋恋>: @黄海龙龙龙龙龙,<粉红小兔几>: 作死的能不能别牵连无辜车主,<我的兄弟是逗逼>: 回复 @李理礼- :集体+1,<lemon_celia>: [衰]天啊，多走几步会累死吗？]
bjyouth	午间一乐~在吃货面前任何困难都不叫事儿......烤大虾，我们走！（@逗自己玩呐） ​​​	[<在你身边的小斯>: @王000越  虾搞,<观察滨州>: [good][good][good],<老段2017棒棒哒>: 有才！[good][哈哈],<娥娥大宝贝>: 醉了[嘻嘻][嘻嘻][嘻嘻][嘻嘻][good][good][good],<豆沙江米小枣>: 虾：我觉得我还可以……算了，别抢救了，救回来我也不想活了。,<陈小H3043>: 烤大虾门走了，烤猪蹄上[哈哈][哈哈],<哑铃哑铃Selina>: 回复 @瞄描緢媌-喵 :我也想！！,<瞄描緢媌-喵>: 回复 @哑铃哑铃Selina :我最近超想吃烤鱼……,<哑铃哑铃Selina>: @瞄描緢媌-喵  哈哈哈哈,<帕金森生态网>: 电烤大虾[鬼脸二],<周杰花下拿破仑>: 取暖器烤大虾 @段郎说事   @纵浪大化花花花,<豆奶超神>: 我总是直接把脚踩在上面烤，所以会不会有味道[doge],<北京市朝阳区公共自行车>: 吃完 以后如何清洗灶具呢？还是这以后就是烧烤专用了？,<兰梦-Insane>: @ZqLm61418   啧啧啧  皮皮虾 我们走,<成都市青年联合会>: 这都看饿了[委屈],<嘿秀直播>: 皮皮虾：每次都是主角[二哈][二哈][二哈]]
bjyouth	知道为什么不让你踹电梯门了吗？！http://t.cn/RJHocNA @公安部打四黑除四害 ​​​	[<小盆儿友Cicily>: 该 死了都得赔偿设备,<King鹏远子>: 我怎么这个高兴呀[舔屏],<乱七八糟的不知道为什么>: NO DO NO DIE,<住在五环西南角>: 电梯发火了[嘻嘻][嘻嘻][笑cry][good],<爱De男孩>: 我只想知道后来怎么样了,<押尾桑的小师弟>: 刚刚我学法律的同事说这是要判刑的！,<思想摆渡人>: 这种人为什么有女朋友或者说女性朋友[二哈][二哈][二哈]，我都没有  http://t.cn/RJ8wvTM,<嗯哼哼嗯哼哼哼唧唧>: 看完了，感动得眼泪都笑出来。,<尔旭123>: 回复 @毓凱 :...,<梦想家大猛>: 回复 @使_徒_ :太遗憾了,<Jessieleehy>: [污]替那个女孩尴尬！,<使_徒_>: 回复 @使_徒_ :好吧，历史总是惊人的相似，脚法都一样,<金赛萍39330>: 不作不会死的真实版,<使_徒_>: 很遗憾的告诉各位，他是从3楼摔下去，只是骨折了而已，并没有死[哼]这个是去年的新闻，一家KTV，男的喝醉了，等电梯不来就一直踹电梯门，最后拉开距离冲刺踹的时候掉下去了。[微笑]为啥不让他去死[微笑],<youyoushushi>: 因为：装逼遭雷劈啊,<cici攻城狮>: 回复 @哈库呐一一玛塔塔 :肯定找饭店赔偿，就跟被老虎吃要赔偿一样。,<奈何桥上能奈何>: 挺好的结局，不是麽,<张大曼AiLee>: 只想说活该！ @薄荷绿的粉的蓝的,<sun爱cs>: 这就是不作就不会死，等几分钟怎么了？走楼梯又怎么了？,<哦罒我就是王炽啊>: 让你装逼[二哈],<Cheshirecatwly>: 这女的找这么个男票还不够现眼呢,<崂珊公子>: 跟这种男人在一起好丢脸,<罗红随行笔记>: 什么叫该死，这就是。,<平叙善人>: 看的好心痛，因为知道这不可能是十二楼[微笑],<投料泰当>: 活该，现世报，准备问下者沙壁挂了吗,<流星泪JY>: 放心系列，非做！！！那么拦都拦不住。,<素雅清晨001>: 真这么着急，为何不去爬楼，没素质的东西,<x女郎行走江湖>: 66666[眼泪],<小妖木头>: 不作死就不会死[摊手][摊手][摊手],<从来没有爱比时光长>: 看到最后我就放心了,<M-枞人>: 这男的充分解释了啥叫不作死就不会死！！！[鼓掌][鼓掌][鼓掌],<zf三山五岳>: 真开心，对于有一些人来说，血淋淋的教训更有意义,<不是尼的董哈尼>: 这个男的一出场就自带彪子气质[摊手],<海宇天风>: 我只关心摔死了没，赔偿人家电梯损失了没,<飞花无缺>: 踹开然后停顿了一下又跳下去了?,<一只恋上书本的眼镜猴子>: 电梯门就是这么脆弱[摊手]其实不用这么大力它也会坏掉，你和电梯有仇吗？,<法律人邹蕴>: 故意损坏财务，还得赔偿,<芒果西米露_06>: 真的是报应 呵呵，素质如此低下，行为如此野蛮。,<zsy岩>: 这不是传说中的作死吗，他是不是喝多了！,<偶遇己>: 法医鉴定结果为:自杀[doge][doge][doge],<陈陈陈陈宇凡啊>: 纯活该，自己造孽装犊子,<梦想VS随枫>: 对这人，真是无语了。电梯惹你了吗？,<独身一人仗剑走天涯>: 天作孽，犹可违 ，自作孽，不可活,<黯然销魂萌萌者>: 如果没死有点可惜,<太刀茫茫然>: 呵呵，大结局喜人！,<故乡之城>: 天作孽，犹可违 ，自作孽，不可活,<卖马来燕窝的>: 这不脑残么？该吃燕窝补补脑了,<紧张到都不知道该改什么昵称>: 天作孽，犹可违 ，自作孽，不可活,<V随梦而梦>: 喝多了甩酒疯 脑子不正常了,<如家精选成都火车东站店>: 为毛和电梯过不去，谁得罪的起啊？]
bjyouth	支付宝五福 你分到了多少钱？[笑cry] ​[笑cry][笑cry] ​​​	[<daxxdwj>: 不好意思 我  http://t.cn/RxSVTMN,<完美的丨块腹肌>: 这好像是最少的了,<weiSiew>: 图片评论  http://t.cn/RxSqn1w,<hello胸弟>: 回复 @躲雨的屋檐y :[doge]乐呵乐呵得了,<夏轩MY>: 哈哈[喵喵][喵喵]  http://t.cn/RxSGdV7,<姜万东律师>: 图的是吉利，分享的是福，不在乎多少！[哈哈],<春花的板栗>: 图片评论  http://t.cn/RxSUYlS,<品嚐每刻的幸福>: 图片评论  http://t.cn/RxSyi7o,<hzxxby>: [握手][握手][握手][握手]  http://t.cn/RxSyxaU,<中酋>: 图片评论  http://t.cn/RxSyLa7,<躲雨的屋檐y>: 回复 @hello胸弟 :我也是这数[笑cry],<嗉颜清馨>: 哈哈  http://t.cn/RxSLrKq,<张晓芬的二狗子>: 图片评论  http://t.cn/RxSLTUH,<刘磊的小号>: 回复 @Sinhyo- :哈哈。[哈哈][哈哈][哈哈],<hello胸弟>: 回复 @空白格23619 :别刺激我[doge]咬人了啊,<纸大王>: 回复 @hello胸弟 :就是[嘻嘻],<童童妈咪1221>: 图片评论  http://t.cn/RxS2jlv,<空白格23619>: 回复 @hello胸弟 :图片评论  http://t.cn/RxS25OP,<小小的我与世界>: 跟你一样[委屈][委屈],<杨康23>: 图片评论  http://t.cn/RxSAdk2,<hello胸弟>: 回复 @纸大王 :不是一两块就满足了[笑cry],<纸大王>: 回复 @hello胸弟 :一样,<uh磨砂一洗白二小姐>: 反正你们都没我多[挖鼻]  http://t.cn/RxSA2pV,<顾公子的舞文>: 大家都差不多  http://t.cn/RxSA2aO,<铲屎官和许宝宝>: 图片评论  http://t.cn/RxSwuki,<土拨鼠爱蘑菇>: 图片评论  http://t.cn/RxSwqHT,<心如妹妹99>: [笑cry][笑cry][笑cry]感觉又被耍啦  http://t.cn/RxSZk3j,<汉宝520>: 回复 @我叫杨淡定 :彼此彼此  http://t.cn/RxSZHZV,<愿离我不远>: 比我还惨  我1.18,<没啥理想的小编>: 图片评论  http://t.cn/RxSZSf7,<朋友姿态>: 2.08[笑cry][笑cry][笑cry],<主播MAX>: [doge]  http://t.cn/RxSZ7Kr,<乔乔的小幸运>: 图片评论  http://t.cn/RxSzKt5,<丽双鱼儿>: 图片评论  http://t.cn/RxSzblk,<汉宝520>: 图片评论  http://t.cn/RxSz2po,<站在棺材上吻你>: 就这命了，[嘻嘻]  http://t.cn/RxS7EEj,<hello胸弟>: [doge]哈哈哈  http://t.cn/RxS7KPU,<Ervinjing>: 我要发[笑cry]  http://t.cn/RxS7SA9,<色魔大王殿下>: 回复 @Dong西结he :图片评论  http://t.cn/RxS7294,<MMM-琦___>: 我就想知道那个666是不是真的、[失望][失望][失望],<鱼鱼鱼鱼鱼鱼鱼鱼小鱼>: 图片评论  http://t.cn/RxShFSa,<色魔大王殿下>: [打脸][打脸][打脸][打脸]  http://t.cn/RxShrw8,<琳琳小精灵>: 图片评论  http://t.cn/RxSh1dF,<不要太俗好不好>: 两星期在扫福，呵呵！  http://t.cn/RxSh38n,<开心就好yyhzz>: 图片评论  http://t.cn/RxSh6uB,<苏蕊子>: 我和你一样[眼泪],<seafareblue>: 都是泪啊  http://t.cn/RxShxzu,<鬼厉遇上木木>: 回复 @催呀催醒我相思梦 :我同学好像是,<朱敏敏Lois>: 图片评论  http://t.cn/RxSh5b3,<我自凌风18664>: 回复 @cc静2244 :可以！]
bjyouth	【春晚节目单正式出炉】高清版节目单，点击查看原图，速转收藏！你最期待哪些节目？ ​ ​​​	[<嗷嗷敖同学>: 王凯的节目[心][心] #王凯#  ,<初芯惿琰如玉無暇>: 回复 @王凯kkw微博数据群 :王凯凯[好爱哦][好爱哦][好爱哦][好爱哦] @王凯kkw,<aK妈妈级凯粉也疯狂>: #王凯献唱央视春晚# #王凯2017央视春晚# 期待王凯 @王凯kkw  ,<Y无寐F>: @Y无寐F : 歌曲与旗袍秀？ 我们中国难道只有满族服饰改编的旗袍吗？我们大汉民族的汉服呢？,<一醉陶然>: 期待 @王凯kkw,<蓝海湖的小螃蟹>: 回复 @你蟹- : #王俊凯#   温润少年，如玉般坚凝。记得上年春晚的大长腿吗？还有醇厚明朗的歌声。细心的注重每一个小朋友，因一棵白菜而删博，暖暖的照顾着每一个小朋友。今年，春晚再次邀约，再次荣登春晚舞台。大年三十和 @TFBOYS-王俊凯  约起来！我们期待你，王者归来。[蓝心],<男神的日长滴滴滴滴>: 王凯应该快结婚了,<nzdyy-kk>: 回复 @王凯kkw微博数据群 :王凯  http://t.cn/Rc1YurD,<8画荷听雨8>: 回复 @friendbobo :王凯[爱你],<8画荷听雨8>: 回复 @王凯kkw微博数据群 :爱王凯,<8画荷听雨8>: 回复 @蘑菇兔子度大大度 :守春晚看王凯  #春晚#    #王凯春晚在此刻#    #王凯#    @王凯kkw,<宁静致远1918>: 回复 @王凯kkw微博数据群 : #王凯献唱央视春晚# #王凯kkw#   http://t.cn/RxMnADC,<滚吧炒作君>: 回复 @kkw_fanny :王凯,<滚吧炒作君>: 回复 @friendbobo :王凯加油,<滚吧炒作君>: 回复 @王凯kkw微博数据群 :期待,<滚吧炒作君>: 回复 @今天你充电了吗 :爱王凯,<滚吧炒作君>: 回复 @蘑菇兔子度大大度 :期待,<人间微醉好入眠SDM>: 王凯王凯王凯重要的人说叁遍[太开心][太开心][太开心],<宁静致远1918>: 回复 @王凯kkw微博数据群 : #王凯献唱央视春晚# #王凯2017北京卫视春晚# #王凯kkw# 王凯明晚见  http://t.cn/RxMRRX6,<追忆似水如年依山尽>: 期待王凯的精彩表演！[爱你][爱你][爱你],<涵月星辰>: 回复 @王凯kkw微博数据群 :王凯,<涵果喜欢的KKW>: 回复 @王凯kkw微博数据群 :期待王凯，过年就等看王凯的精彩表演[心][心][心],<只想看到你的笑-kkw>: 王凯  http://t.cn/RxMQghl,<oquantumo>: 回复 @蘑菇兔子度大大度 :[抱抱],<吾王今天翻牌了吗>: 王凯先生[爱你],<oquantumo>: 回复 @蘑菇兔子度大大度 :[舔屏],<咕嚕咕嚕咕嚕咕嚕mi>: 回复 @蘑菇兔子度大大度 :王凯[心],<天上的云儿在飘呀>: 期待我凯我凯[爱你][爱你][爱你],<马马虎虎猴>: [心][心][心]期待王凯[心][心][心],<万丈爱吃糖串串儿>: 回复 @bessiestar_小小 :帅哒哒,<万丈爱吃糖串串儿>: 回复 @王凯浙江影迷会 :表白王凯凯,<万丈爱吃糖串串儿>: 回复 @火焰山烤肉 :真帅(=・ω・=),<万丈爱吃糖串串儿>: 回复 @今天你充电了吗 :特别期待啦,<不听话的小领结>: 回复 @friendbobo :王凯[good],<不听话的小领结>: 回复 @王凯kkw微博数据群 :王凯凯,<不听话的小领结>: 回复 @今天你充电了吗 :等王凯,<不听话的小领结>: 回复 @蘑菇兔子度大大度 :期待王凯,<青诚sherry>: 回复 @今天你充电了吗 :流口水  http://t.cn/RVTiY4N,<青诚sherry>: 回复 @蘑菇兔子度大大度 :亲亲  http://t.cn/RVTiN6R,<青诚sherry>: 回复 @蘑菇兔子度大大度 :害羞  http://t.cn/RVTiGf9,<只为自己盛开>: #王凯献唱央视春晚#  期待 #王凯北京交通安全形象大使#   @王凯kkw  的表演！,<右草衣人>: 回复 @kkw_fanny :期待王凯凯[太开心][太开心][太开心],<右草衣人>: 回复 @friendbobo :期待王凯凯[心][心][心],<右草衣人>: 回复 @王凯kkw微博数据群 :期待王凯凯[鼓掌][鼓掌][鼓掌],<Penny_pping>: 期待王俊凯，期待今年春晚！  http://t.cn/RxMOvfg,<右草衣人>: 回复 @今天你充电了吗 :期待王凯凯[羞嗒嗒][羞嗒嗒][羞嗒嗒],<右草衣人>: 回复 @蘑菇兔子度大大度 :期待王凯凯[爱你][爱你][爱你],<涵果喜欢的KKW>: 回复 @王凯kkw微博数据群 :期待好人好演员王凯凯凯王,<范记惹干面>: 回复 @bessiestar_小小 :期待。,<范记惹干面>: 回复 @mumianzhuzhu :期待王凯。,<范记惹干面>: 回复 @火焰山烤肉 :照片可真好看。期待王凯。,<Holidaykkw>: 回复 @蘑菇兔子度大大度 :[心][爱你],<琰琰-wk>: 超级可爱的 #王凯kkw#  我们在春晚等你的精彩表演哦！ @王凯kkw  [心] #陪王凯细水长流#   #陪王凯一路一起#  ,<范记惹干面>: 回复 @kkw_fanny :期待王凯凯。,<范记惹干面>: 回复 @friendbobo :期待。,<范记惹干面>: 回复 @王凯kkw微博数据群 :倒计时……,<王凯全国后援会>: #王凯2017央视春晚# #王凯献唱央视春晚# 期待王凯[鼓掌][鼓掌][鼓掌][鼓掌],<范记惹干面>: 回复 @今天你充电了吗 :进入倒计时。]
bjyouth	[话筒]#情况通报#【雷洋案涉案警务人员和相关责任人受到党政纪处理】 ​​​	[<肋疼扶栏>: 若没有违法违纪，为何处分他们？！若果真违法违纪，为何不刑事起诉？！这是个什么结果？,<橙蓝小弟>: 不让评论就是有阴谋！,<一朵忧郁的欧巴>: 原博看不到评论和转发,<一朵忧郁的欧巴>: 原博不能评论看不到转发[二哈],<北顶娘娘庙>: 又关评论？[拜拜]]
bjyouth	霾还真是眼看着就又双叒叕来了[生病][生病][生病]（中国新闻网） ​​​	[<星期九v>: 还能看到些许晚霞，通州这边还没被污染[偷笑][偷笑]  http://t.cn/RItWyAW,<浆果蕊>: 回复 @curunir :您不妨说说，河北这地方什么时候特别好？天朝定都南京的时候？还是定都西安的时候？总不是北京作为首都之后，河北才开始“变破”的吧？我能理解您热爱家乡的心情，但是我看到自己的家乡三天两头被外省份飘过来的污染物笼罩，和雾霾画上等号，我当然生气。,<纸之上的膜法使>: 回复 @浆果蕊 :河北为什么会变成破地方，为什么什么开放政策都捞不到，为什么什么官员保守就放过来，你想过原因没？,<考拉森森Annie>: 换句话说，跟北京机动车无关// @考拉和ARMY : // @战争史研究WHS :摄像头面向西方。在没有北风的情况下，雾霾从左边即南方弥漫过来（图4、图5）。也就是说这霾是来自廊坊、保定、沧州、石家庄的问候[二哈],<土拉河>: // @踏左踏 : // @战争史研究WHS :摄像头面向西方。在没有北风的情况下，雾霾从左边即南方弥漫过来（图4、图5）。也就是说这霾是来自廊坊、保定、沧州、石家庄的问候[二哈],<爱笑的小酒窝fighter>: 所以我今天三点半就下班了[摊手][摊手][摊手],<Jimson-Blu>: 你以为领导不了解实情吗？,<VKleece>: 回复 @战争史研究WHS :河北不要这首钢一类的光，谢谢您挪走，河北工资水平一直比周围省份低，要不是北京在这压着，会有这回事？政府就政府的事，非得扯地域,<远山川>: 四面霾歌。。。。。,<丿丶二娃子>: 其实更想知道那几个又到底怎么读？？？,<香的山>: [衰] 我已经看见 一出悲剧正上演,<浆果蕊>: 还有人觉得北京是在吸河北的血...吸你妹啊，河北那破地方有啥可吸的？从北京搬过去的那些企业是有污染，但是和河北的破作坊比起来简直不值一提，首钢的排放标准比欧盟还严格，人家花了大价钱买净化设备的，河北本土的破烂企业能比？带过去的就业税收和GDP你怎么不说了？,<yepoke>: 我一直认为北京的存在就是从大局考虑的,所以我很支持重庆直辖.再次呼吁兰州或西安直辖.[微笑],<飞不起来的超人王小胖>: 不得不说，机动车尾气是真牛逼……,<反物质星环>: 这时候应该从身上撕下一块布料，淋上尿液后包住面部！,<月下挥戈>: 赶紧放个屁嘣走啊 那些雾霾治不好提头来见的官员呢,<小强今天画图了么>: 所以说雾霾跟机动车真的没关系…,<-Daisy-Li>: @Rrsiwon,<小宝妈咪caiyuchen>: 这种图真的是太太太直观了......太太太震撼了......,<没天理学地理>: 目测图4以后都违规了！// @战争史研究WHS : 摄像头面向西方。在没有北风的情况下，雾霾从左边即南方弥漫过来（图4、图5）。也就是说这霾是来自廊坊、保定、沧州、石家庄的问候[二哈],<三俗大哥>: [doge]// @美利坚06 : 廊坊、保定、沧州、石家庄…[哈哈] // @战争史研究WHS :摄像头面向西方。在没有北风的情况下，雾霾从左边即南方弥漫过来（图4、图5）。也就是说这霾是来自廊坊、保定、沧州、石家庄的问候[二哈],<上班的路长又长>: 来自大河北的问候！,<英尼卡伯爵>: 法国人：不好啦，汉斯放氯气和芥子气啦，快跑啊。 德国人：一点小意思，不成敬意。,<迩東晨>: 汽车尾气说纯属胡扯，为转移大家注意力。当然，其中有劣质油品的贡献也不容否认。// @战争史研究WHS : 摄像头面向西方。在没有北风的情况下，雾霾从左边即南方弥漫过来（图4、图5）。也就是说这霾是来自廊坊、保定、沧州、石家庄的问候[二哈],<IV科技>: 雾霾来了，赞我[眼泪],<血砚咏诗>: 风一停，霾就到，北京产，中国造。应急办，发通告，治雾霾，老一套。车限行，单双号，停施工，关学校。控烧烤，禁鞭炮，路上走，戴口罩。 霾有毒，要知道，进肺里，去不掉。遇病变，没灵药，黄泉路，无老少。一吸霾，口舌燥，二吸霾，患感冒，三吸霾，难预料，再吸霾，死翘翘。 专家话，不牢靠,<ohmyyy>: @Aubrey奥布里亚,<小乙哥i>: 回复 @战争史研究WHS :有本事先把河北省的大烟囱都关了,<神内医哥>: 该来的终归要来，无论大家是否喜欢~,<删除_模式>: 我靠，帝都这是要嘎哈,<七颗彩虹糖07>: 慢慢等死中...,<战争史研究WHS>: 摄像头面向西方。在没有北风的情况下，雾霾从左边即南方弥漫过来（图4、图5）。也就是说这霾是来自廊坊、保定、沧州、石家庄的问候[二哈],<神内医哥>: 情不自愿地为气象局点赞!,<曲未终人未央>: 意思就是就算你限号，该有的还是有。,<旧伴不及久伴->: 震撼[doge],<愿离我不远>: @pace老农民是我的谁也不行抢,<津门进行时2734563095>: 京津冀人口密度太大了，赶快像南方疏散吧，这个黑锅单凭河北不会背,<233_Y>: 眼睁睁看着它来了，却不能赶它走，好可悲,<我比鹿晗帅100倍>: 中国或成最大赢家，车珠子，14亿人震惊，韩红都哭了，男默女泪,<指缝里的寸寸光阴>: 看清楚了，雾霾来自何方！[抓狂][抓狂][抓狂]只能看着，吸着，受着！,<-阿伟--_>: 真伤心，本来早上以为空气很好，呵呵,<西安杨少普>: 今晚8点雾霾攻陷京城,<瓜儿虫>: 这 @北京青年报  和等死有区别吗？源头在哪里？,<岱强-踏浪>: 最悲哀的事，在等雾霾来！]
bjyouth	女生遇到掐脖子扯头发等攻击时怎么办？（这里是美国） ​​​	[<大脸猫爱吃鱼喽>: 回复 @水浒里的武则天 :好,<今年的好戏太多>: 花架子而已。小编，你给我做个转身后踹？,<纸脑斧>: 回复 @赤烈斯让 :收到,<正在留头发的小痞子>: 回复 @说好的火焰 :[哈哈],<作暮江吟>: @安琪刘克梅2005 @大脸猫爱吃鱼撒   如果遇到危险男，使劲踢裆。踢完就赶紧跑。,<安德斯坦得坡森__jiayu>: 天下武功，为快不破，男人攻击，踢他JJ,<说好的火焰>: 回复 @疯牛995 :好好装着了[二哈],<雯雯小雯雯0315>: 实际遇到坏人，尤其是比女生身形体重大很多的男的，这些方法只能争取逃生的时间，用的不当只会激怒对方起到反作用。通常女人一般打是打不过男的，除非你有真功夫而对方不会。,<正在留头发的小痞子>: 回复 @说好的火焰 :感想就是我真他妈淑女,<说好的火焰>: @疯牛995  有何感想,<卡布奇诺遇上优乐美>: 少女撩阴腿，少林十八抓,<dizzylanddd>: 秘诀只有一点：力气要大,<HippoMango>: 没有一定的力量和胆量，这个是来不了的]
bjyouth	不是高手在民间，而是生活太不容易！ [心] ​​​	[<葛翔振>: 天下武功唯快不破[眼泪][眼泪],<Grace0944>: 没有人注意到那个逗比的又有间花店么？[挖鼻],<遂昌快活林>: [good][good][good],<乐观的00后小妞>: [汗][汗][汗]既是高手在民间也是生活不容易,<Boffin华>: 生活多艰，熟能生巧,<Sherry5641>: 切洋葱这哥们快的肉眼已经看不到了、牛逼,<健身小婊za萧曼>: @MMiramdaL,<莫白生>: 那天整天在网络上嚷嚷没对象的单身狗，现实中大部分时间都是在看电脑玩手机，贪玩也就罢了，大都还没有经济来源。有经济来源的，基本也都是勉强生存。——有女朋友的，大都在忙着赚钱。能结婚的，都是攒够了钱的。有些人活该单身，也就只能汪汪几声罢了。,<沃大地>: 知行合一致精就是神！,<农田渔民>: 切洋葱那个是怎么回事？完全看不到刀动啊]
bjyouth	这么久没锻炼，腹肌都没了[微笑]努力把腹肌再捡回来[鼓掌] ​​​	[<哈哈哈她姓李>: 回复 @王聪思王聪思 :妈的智障,<须间音大和>: 回复 @泅渡海的另一边 :图片评论  http://t.cn/RfKvloc,<Sy21990>: 英雄[good],<这样的悠妹来一打>: 回复 @王聪思王聪思 :你认识字不？不是他点，是嫌疑人点的，我的天，智障真多,<吾佳家荷>: 这样的人国家就应该养起来,<乐在其中6899>: 那么多的整形医院你们此时都去哪了[衰][衰][衰],<Cheer-FLY>: 是不是太鲁莽了，如果周围有其它群众伤亡呢？,<走走走走走走撒哈拉>: 致敬[祈祷][祈祷][祈祷][祈祷]愿生活更好,<违背_众神>: 只要你脑海里没有过后悔这俩字飘过，我真的佩服你！,<右手提笔写流年>: 回复 @泅渡海的另一边 :没有炮灰，你早就成骨灰了~,<Sharonyu-yu>: 回复 @铜人儿 :好人一生平安！,<紫马财行静儿>: 致敬英雄！小伙之前挺帅的,<铜人儿>: 回复 @Sharonyu-yu :公安英模，人民卫士！祝你幸福安康！,<泅渡海的另一边>: 这就是炮灰的下场,<皇家小串串>: [赞][赞][赞],<宗教终结者>: [赞][good],<Jesusanswered>: 致敬[太阳][太阳]]
bjyouth	今日南昌城，已成仙境。[笑cry] @江南都市报 ​​​	[<a文木木>: 好美的景[鼓掌],<晋zhangjin>: 我以为只有北京是这样，原来：全国学起来！,<看软了>: 我担心你们  http://t.cn/RfxbQeX,<ZDGUAN>: 仙个毛，也不知道是雾还是霾~]
bjyouth	自从有了这个碗，家里的蠢汪再也没正经喝过水了…[doge]（我Hold不住了） ​​​	[<卖干果的小庆娃丶>: 回复 @姬礼_ :好傻,<Bastogne1225>: 谁这么缺德这么欺负一只狗[哈哈],<国际联通移动>: 可怜的小狗狗，人太坏了。,<嗏趣>: 水中月[doge],<B了个康康>: @AlisaPlus  [doge][doge][doge],<十一月的萧邦NBA>: [笑cry][doge][摊手][二哈],<旧时年月投入拉se里>: @-水冰月--  笑死了,<SatisfiedYier>: @麦斯威尔-不加糖  哈哈哈,<请叫我米斯特G>: @最帅不过你光哥,<魅力漫步_909>: [笑cry][笑cry],<云端上的蔑视>: [狗]：mdzz,<罗花花赵默默>: [嘻嘻][嘻嘻][二哈][二哈][二哈],<宠物萌君>: 想看视频版，点我[污],<街角的偶然>: 可爱的小家伙，逗死啦！[哈哈]]
bjyouth	【川味干锅鸡翅】麻辣鲜香的特色，受到了许多人的青睐！（美食天天见） ​​​	[<阿哟贞兮>: @凱傑魚  下次做,<senUngoo>: 回复 @节操君你好呀 :给你做,<-淶na>: @丶町屿夏川  快来呀[爱你],<愛理吥理>: @MR_Captainnnnnnn,<相掩于大海上->: 上次去超市买了包川味卤料本以为是麻辣味的，结果是五香味儿的，[白眼][白眼],<l爱吃鱼l>: @網民小吳  想吃,<放纵不羁爱划水>: 鸡翅七八十来个[二哈],<明媚角落1949>: 那么问题来了，现在的鸡翅你敢吃吗？]
bjyouth	#北青午餐#【香辣猪蹄】学会这道菜以后绝对撑得起场面，镇得住吃货！（我和厨房的日常） ​​​	[<LiLiLiLiLiLiyue>: 回复 @Foodoir :那个是啥做的来着  已然不记得[二哈],<孔先森de咩咩羊>: 回复 @IMUA古德MANY :我白天@ 的，你没有看到而已[二哈][二哈],<周钰甜>: 回复 @我不叫兔子_ :你看这个好简单,<IMUA古德MANY>: 回复 @孔先森de咩咩羊 :俾县豆瓣酱很关键[二哈][二哈][二哈]还有就是下次大半夜别艾特我看吃的[二哈][二哈][二哈],<野生小攻城狮>: 要么信？你会做？懒,<萌萌懂懂正正经经>: 回复 @熊屌丝丶 :好主意啊，你可以把你家这个方法推广一下啊,<啊哈是谁明明是我>: 回复 @是李正阿 :[挖鼻][挖鼻][挖鼻],<无敌鹿鹿鹿>: 回复 @清烟浮尘 :想得美,<刘慧青1008>: 回复 @29dtzh :吃货[摊手],<TNZYB>: 回复 @curfovs :喊我干嘛,<Tingywu->: 回复 @xy34352 :[二哈][二哈][二哈],<Plokijuhuy>: 回复 @萌萌懂懂正正经经 :不晓得提前搞？,<再也不会有一个人叫我笨蛋起床了>: 回复 @麻麻言 :那的确是要20分钟了，我以为就是洗个碗就要20分钟你家的碗到底有多少，我吃饭半个小时,<清烟浮尘>: 回复 @麋鹿的章鱼小丸子 :你把这道菜学会 我以后负责吃[大笑],<Taessie__Jang>: 回复 @GuoZiYoung :你不喜欢吃，你不知道,<一腔狗血->: 回复 @杨杨张YYZ :先留着吧[眼泪],<-WwWJ->: 看着它我的口水都流下来了,<小聆听Listen>: 回复 @萌萌懂懂正正经经 :其实 可以找先把猪蹄放电饭锅里炖1个小时 等烧的时候再用炒锅 半个小时就好 而却还很入味,<munnci>: 回复 @Robin马尔科 :[爱你][爱你],<xy34352>: @五音不全的吴婷鈺,<阿泰妍呀_>: 回复 @Taessie__Jang :什么有毒😅,<不如擦肩丶>: 回复 @mini的小世界 :这个有没有兴致学学？[坏笑],<Taessie__Jang>: 回复 @GuoZiYoung :有毒,<阿泰妍呀_>: 回复 @Taessie__Jang :你喜欢吃这个？😟,<麻麻言>: 回复 @长发及腰蹲厕要撩ing :我就是吃饭10分钟，洗碗20分钟[哈哈]，因为洗碗还要烧开水，擦油烟机，整理厨房,<麻麻言>: 回复 @Zora-MCQ :对头，微火炖出来的东西绝对比高压锅好吃,<Taessie__Jang>: @GuoZiYoung  [馋嘴],<只爱一朵茉莉_>: 回复 @SnowyLGSC :[色][色][色]好馋嘻嘻嘻 我要收藏,<GYS艺书>: @请素质用语618,<zsyzsyy>: 没有人发现博主是来卖酱的么[挖鼻],<Xu2chenn>: @谢谢哥的莉莉安,<xyf就是个神经病>: @长江长江我是你的黄河  思密达～,<努力Amanda>: 收了，喜欢[花痴],<一个过气的傲娇倩>: @倩杰阳琳  想吃[色],<熊屌丝丶>: 回复 @萌萌懂懂正正经经 :方便面花费至少三分钟，占用一个碗，家里来人，一共人有几个就几个碗五分钟来做方便面啊[doge],<Sunflower吕>: @SunLight_勇  [色][钱]快学,<hellobritney>: 艾玛好想吃…盯住[脸红][脸红][脸红],<从前往后->: 可以叫我麻麻试试,<小璪璪要当二掌柜>: 今下午才吃了学校里的猪蹄，一口咬下去全是胶原蛋白的感觉太爽了！！！[色],<我不是那个好好先生>: @hello胖贼,<halooooooooooA>: 这两天吃了四五只[哈哈][哈哈][哈哈],<_小马过河_>: 回复 @肯尼迪夫拉序科 :好的！,<是瓊>: 回复 @一样也不一样 :make,<我也要飞天>: 炸完猪蹄的油那么多，不往出倒点？都一起倒出做了？,<吖嘻吖嘻小小悦>: 回复 @小爷就爱默默地装哔 :但是就是没有条件哒,<欧不渝>: 豆瓣弄出来不好吃，推荐重庆胖子麻辣鱼佐料[偷乐][偷乐][偷乐][偷乐],<再也不会有一个人叫我笨蛋起床了>: 回复 @麻麻言 :吃饭20分钟洗碗十分钟才对[二哈],<我不叫兔子_>: 回复 @猫猫ler :其实我一直想学，但是懒[眼泪],<毕小喵>: 回复 @HHhappy77 :知道你爱吃,<小爷就爱默默地装哔>: 回复 @吖嘻吖嘻小小悦 :做做做[太开心]]
bjyouth	午间一乐~喝醉了酒之后，第二天醒来发现。。。[笑cry]（精彩表情君） ​​​	[<觅fin>: 回复 @菇菇菇菇菇菇凉儿 :我喝多了就傻乐，大嘴咧着[二哈]在外面从来不敢喝酒[挖鼻],<宝鱼>: 她要开花了[doge],<觅fin>: 这是中毒了[二哈][二哈][二哈],<cold凉姑娘>: 回复 @Hey阿超溜二狗 :翘着腿鼻子里喷着酒气呼呼睡去[污],<JKS_文文cri>: @QKWY-念   @野良嘤嘤酱  哈哈哈哈～,<vcHelena>: 其他的都好说[微笑]就是记住一！定！要！关！机！[微笑]！,<算个球算个球>: @cold凉姑娘  笑尿了[泪],<特立独行的燕纸>: @yan丫丫dear,<七二_>: @Coquettish-posions,<一只桀骜新>: 续会员那个[哈哈][哈哈][哈哈][哈哈][哈哈],<梅德奥琳公主>: 我断片被朋友录下来一直在说日语[二哈],<blackplanet>: @F-loraaa  哈哈哈哈哈哈哈,<伊言楠尽>: [笑cry][笑cry][笑cry][笑cry]我酒品简直好上天,<陈奕楠->: 回复 @S-Hsuan :哈哈哈哈哈哈,<小夏夏去吃饭饭了>: @小鑫鑫去睡觉觉了,<伊米小窝Belinda>: 我一喝醉就脸红，还死命得哭啊哭[泪],<王泳鑫转机到来>: 哈哈哈，人才老多了,<SSSSSSSSusie>: 我一喝多就哭，谁劝都不好使[拜拜][拜拜][拜拜],<黃佳偉HR>: 曾经喝醉了对着当着大家面在街上小便[拜拜],<王占瑶>: 回复 @没事儿Lee :快拿土埋我，我要开花,<Laksmi翡翠珠宝>: 我喝醉酒、有一次站在门口骂人🌝🌝🌝那架势、,<老米中意Tequila>: 回复 @快准狠的马Xx :哈哈哈哈哈哈哈哈哈,<席末离>: [二哈]只有过一次喝醉断片，朋友说，那是我最辉煌的时刻，狂飙英文对话。[二哈][二哈][二哈]要知道我最不喜欢英语了。,<灼queen>: 我是一朵花...我要开花了[眼泪],<快准狠的马Xx>: @老米中意Tequila  [二哈]都是有故事的人,<有修养的女汉子>: 没醉过，因为不喝酒,<笑笑爱做梦>: @哈杨小可H   @小慢快跑_,<峥嵘2016>: 酒过三巡你别开溜。,<DonGhongcHEn>: @QuHao96_    一下子就是想起你们描述的闵晨,<这个懒蛋>: 酒品太差  又笑又哭喝醉了就打人🙃,<__扯淡的青春不懂得挥霍>: [哈哈][哈哈][哈哈][哈哈]笑死了,<叶子不过有点迷茫>: 看几次笑几次[哈哈][哈哈][哈哈],<kakaphotos>: 酒醉后是最接近理想的时候[偷乐][笑cry],<天邪地仙>: [嘻嘻][嘻嘻][嘻嘻],<肥猫的饼干>: 哈哈哈哈哈哈[笑cry][笑cry][笑cry][笑cry],<电哥XD>: 希望07内哥们儿不是我们学校的[衰][傻眼][微笑]]
bjyouth	发布了头条文章：《我的涵养在愤怒之前已经用完了！》 我的涵养在愤怒之前已经用完了！ ​​​	[<倾听风律>: 这种欺师灭祖、忘恩负义者还好意思出来骂街，这种人从小到大就没有半点涵养吧，挺此小人者皆是乌合之众！,<虚实之间___>: 学手艺不该交钱吗？,<谁来到了你的梦里>: 我想堂堂正正地做人，不想唯唯诺诺地当狗。暗讽站队的同门师兄师弟吧,<演员任涛>: 回复 @紫紫的丫丫 :嗯哼！,<基里连尼克>: 女记者咋回事儿，吃瓜群众表示关注！,<風不吝>: 学费不是8000么，六千，七千的是为了证明自己撒谎？！他是忘了曾经写过一本金声金事的书了么，真是证实一句谎言要用10句谎来圆  http://t.cn/RcR6C2k,<鸡肉丸和阿福片>: 抠逼 一张发票留几十年 你妈真行,<橘味秋雨>: 回复 @阿展啊阿展 :2014不是2014年的意思，同学误会了,<施施_sunny>: 回复 @我是超级Mary :也不对呀，首先你说的6、7位是年份就不对，其实，就算你说错数位了，04年和03年开的发票年份一样的呀。好着急，有没有人告诉我，03年北京发票是长这样吗[笑cry]没有保留一张03年的发票我好后悔呀[doge],<UP-in-the-air在云端>: 回复 @阿展啊阿展 :发现别人个破绽，原来是智商出了个破腚[哈哈]。发票上的数字不是简单的日期，这个和苹果的序列号一样，代表了一堆信息，如果单看打头数字就被钓鱼了。,<小马哥保罗>: 将来弄死郭德纲的不是曹云金，肯定是岳云鹏，岳云鹏在郭德纲面前活得像一条狗，连一点做人的尊严都没有了，看着他真挺心疼的，活的太压抑了。[哈哈][哈哈][哈哈][哈哈][哈哈][哈哈][哈哈][哈哈][哈哈][哈哈][哈哈][哈哈][哈哈][哈哈],<老丁_Sir>: 03年……厉害了我的哥……,<晓晓世界蜗牛的轨迹>: 回复 @演员任涛 :你发这个贴不止一次了，没和你合照，就记仇啦？,<细节控患者>: 真是相声演员，一逗一捧，谁都不让谁,<哈利它爸>: 小金子最后一句话有多少人听着的郁闷死呀。,<192恬恬>: 回复 @阿展啊阿展 :图片评论  http://t.cn/RcRJos1,<192恬恬>: 回复 @阿展啊阿展 :破绽在发票左侧的印刷日期.12.02.09,<白马非马的白白>: 回复 @阿展啊阿展 :那是号码，不是日期,<傲慢的萤火虫016>: 回复 @舜懿 :难道你们是水军？同样的一段话，再别的里面我也看到了。,<Serendipity>: 青年报转发这种撕逼也是挺low的。好歹别的媒体微博都是双方都转，你们明显只转一方，偏向一方啊。,<其实这根本没什么>: 他的意思是郭德纲的所有土地是狗喽[doge][doge],<魅力无限198609>: 回复 @知道多了是心病  的赞:非常感谢,<方言>: 妈戏连台！这是周末网络版欢乐真人喜剧故事秀啊！// @北京青年报 :【曹云金再发回应：别凭着一张利嘴，强拉着众人跟你站台】今天下午3点40分，曹云金就今天凌晨郭德纲发出的长文再发回应称：“你想炒我陪你炒，你要撕我也陪你撕。别凭着一张利嘴，强拉着众人跟你站台。”他还贴出了2003年的学费发票，并,<酸酸酸的牛奶>: 回复 @阿展啊阿展 :是你对发票编号不了解,<杜咩咩和她的胡萝卜>: 博主真的写过曹云金发的文章吗,<知道多了是心病>: 爹妈养你小，你要养他老，老师教你本事你要懂恩，不能说有了错你就不养不认了，这叫忘恩负义，你可以不说他们好，但你没资格说他们一句不是，这叫德行！即使你有一万个理由一万种好，这么一来就变得不是东西了！人品太次！,<天琪phaethon>: 回复 @苏帆先生 :疑点太多,<马丽晴子>: ：左侧的印制代表在2012年前使用有效 右上  发票号第1位为国家税务局、地方税务局代码，1为国家税务局，2为地方税务局，0为总局。 第2、3、4、5位为地区代码（地、市级），以全国行政区域统一代码为准，总局为0000。 第6、7位为年份代码（例如2004年以04表示）,<苏帆先生>: 回复 @天琪phaethon :对啊，老郭27的时候是99或00年，那是他跟曹金就认识了？,<西西妈妈艳艳>: 有完没完，烦不烦。,<阿展啊阿展>: 回复 @夜郎乔木 :[微笑][微笑][微笑][微笑][微笑][蜡烛],<天琪phaethon>: 前文说郭收学费八千，这些发票钱是八千吗？,<夜郎乔木>: 回复 @阿展啊阿展 :有人帮截图了，自己看看谁自信给谁看,<有易易>: 别的不说，看欢乐喜剧人的时候，感觉岳云鹏在郭德纲面前确实是唯唯诺诺的，没点尊严，好像一条狗。,<天琪phaethon>: 你们支持曹云金的你们自己算算，曹云金02年多大，郭德纲02年多大，文中有一句15岁的我不懂27岁的你……。你们那时候见面了吗？年龄配得上吗？还有这个发票公章对吗？,<夜郎乔木>: 回复 @快乐斗斗斗 :可以去查看看发票年份咋看,<快乐斗斗斗>: 回复 @夜郎乔木 :不太可能这么算时间吧[开心]要不然也是09是年份啊[惊恐],<溪晚凉>: 我说二位别吵了，行吗？没啥大不了的事。老郭是师傅，曹是徒弟，你们都是最好的，我都喜欢，咱别让人家看笑话。,<阿展啊阿展>: 回复 @未来2016_25489 :[微笑][微笑][微笑][微笑][微笑],<魅力无限198609>: 一日为师终生为父，何必撕培养捧红自己的老师呢？,<2017起来了>: 回复 @阿展啊阿展 :不我看错了，不好意思,<阿展啊阿展>: 回复 @未来2016_25489 :特么的嘴不会干净点？,<2017起来了>: 就是12年印制的，,<夜郎乔木>: 回复 @阿展啊阿展 :你搞印刷就啥都懂？搞出版的是不是万能了？让你去查发票号的意思，你来个你搞印刷的，要不要我截图给你看？,<我是一个有信仰的大叔>: 回复 @阿展啊阿展 :给层主科普一下发票各个位数的含义  http://t.cn/RcRqgrc,<向上吧goal>: [doge] 真真假假【曹云金再发回应：别凭着一张利嘴，强拉着众人跟你站台】今天下午3点40分，曹云金就今天凌晨郭德纲发出的长文再发回应称：“你想炒我陪你炒，你要撕我也陪你撕。别凭着一张利嘴，强拉着众人跟你站台。”他还贴出了2003年的学费发票，并表示：我想堂堂正正地做人，不想唯唯诺诺地当狗。,<我是一个有信仰的大叔>: 回复 @阿展啊阿展 :图片评论  http://t.cn/RcRqBBz,<快乐斗斗斗>: 回复 @夜郎乔木 :左下角有写着印制时间12年,<快乐斗斗斗>: 发票印制时间是12年，[哆啦A梦吃惊][哆啦A梦吃惊],<夜郎乔木>: 回复 @阿展啊阿展 :前面是税务局代码，中间的才是年份，你自己去查是啥意思好吗,<我爱吃爬爬虾>: 发票是2002的,<WillieHu>: 看戏/【曹云金再发回应：别凭着一张利嘴，强拉着众人跟你站台】今天下午3点40分，曹云金就今天凌晨郭德纲发出的长文再发回应称：“你想炒我陪你炒，你要撕我也陪你撕。别凭着一张利嘴，强拉着众人跟你站台。”他还贴出了2003年的学费发票，并表示：我想堂堂正正地做人，不想唯唯诺诺地当狗。,<DD一个人222>: 何必呢，都是为了捞钱。和气生财吧。,<花无数Once>: @松鼠家的小板栗,<阿展啊阿展>: 回复 @夜郎乔木 :咱俩谁不懂啊 你这盲目的自信谁给的,<夜郎乔木>: 回复 @阿展啊阿展 :你不懂发票号的意思就别瞎说了，第一张发票是2002年国家印发的,<D_8888>: 回复 @阿展啊阿展 :没有人,<想过CPA的宫保鸡丁>: 再度开斯，瓜子买好，小凳摆好]
bjyouth	我发表了头条文章:《天涯犹在，不诉薄凉。》 天涯犹在，不诉薄凉。 ​​​	[<wuqi041215>: 一日为师终身为父,<D_8888>: 郭老师连观点都是抄网友的了。,<没有更多好昵称因为不是会员>: 这不是回了吗……,<SHBJTU>: 闲的慌发这些永远说不清楚的东西,<小呀小四狼>: 有些人就像养不熟的狗,<雷迪佳佳JD>: 最讨厌看长文章了，微博不就是微笑短的博客么，怎么现在都喜欢长篇大论！,<哲权同学>: 徒弟还分亲戚不亲戚？[疑问]（只是疑问而已，不评论是非）,<管用500年>: 图片评论  http://t.cn/Rc8HapW,<爱她无极限>: 哪个成功人士没点不堪的往事，但看功名莫问出处。某相声大师不是还有私生子吗？某京剧表演艺术家不是还有婚外情吗？男人哪个没点那种事？至于收钱授徒那是被生活所迫也是理所应当对，早年郭德纲穷困潦倒连自己都吃不饱肚子难道要他去做圣人？,<AP-墨舞云翔>: 这破事也拿出来说 闲的慌 做点正事媒体们,<华亭居士--大卫>: 讨厌郭德纲这货，一脸看上去就不是善茬,<Mr张向东>: 只赞文笔，不论是非，别整天一看到文章就路转粉，未见黑白先站队，要是站错边多尴尬[doge],<宗教终结者>: 知人者智，自知者明。胜人者有力，自胜者强。知足者富，强行者有志，不失其所者久，死而不亡者寿。,<鱼缸里的神海梦>: 最烦的就是郭德纲这种人,<最美的韵脚>: 我听网友的，网友骂谁我骂谁......,<中邪大魔王>: 郭刚缺德，曹云无金。,<宗教终结者>: 让字是一个哲学  装字是一个哲学 很多人认为让是丢了脸没有面子，可是谁理解，让别人路，就是让自己的路呢，装字，不是孬种 是智慧，一个壮士裹着衣服，装的目的是迷惑敌人，时机成熟的时候暴露出来是个壮汉，中华民族的智慧就在文字里面，让 装的尺度都是自然，具体操作的时候看人的智慧了！,<宗教终结者>: 可怜的是人 作怪的是人，作福的是人 伟大的是人 可笑的都是人 人间喜剧 一切的问题围绕人出了问题。 聪明的人知道如何去做一件事情，智慧的人知道如何把握尺度 顺其自然的不犯别人的错，怪别人永远找不到答案，答案都在自己的身上，一个人懂得把握尺度，思考自己的人，国家天天进步。,<白手起家的小孩>: 文采都不错，和小编不相上下,<穿板鞋的帅哥>: 肛丝们快去喷曹云金啊。]
bjyouth	脸都是被你捏大的！[右哼哼] ​​​	[<MIST的围脖>: 千万别在某宝搜“爆炸去污液”！！[喵喵],<摩旅指南>: 谁家的借我捏捏呗,<-W凌熙熙熙熙熙er>: @我说真话给你听Luff_Xi,<我是古丽啊>: 好喜欢好可爱好萌萌[心碎] 瞬间萌化了我的少女心,<Blcky丶LF>: 什么仇什么怨[doge]]
bjyouth	9个史上最幸运的人！感谢上天不杀之恩！[嘘]。。。via法卡牧羊人 ​​​	[<海淀餐饮人邢涛>: #心境两奇绝#  有时不相信命运是不对的！它就在那里，不管你信不信！ 顺便说一下，图八太有爱了,<并州读者>: 最后一个是什么妖怪,<晨哥你瘦了>: 图四没看懂……掉下来的是啥啊,<罗洪木衣>: 命运之谜[嘻嘻],<哗啦啦啦啦我爱洗澡>: @有了年假的大眼儿妍,<等待枫叶红了>: hhhhhhh @Ricoswell   @苗棋凯,<太刀茫茫然>: 最后一个我笑了[偷乐]再跑再给你一雷！,<Star9697>: 回复 @天啦路 :嗯嗯，应该是，坠楼，不是跳楼。是个小孩。,<天啦路>: 回复 @李洪星Star :不是跳楼吧，看着是个小孩,<人生诗鉴>: 回复 @繁星算命馆 :积善积德,<繁星算命馆>: 平时做善事，关键时刻起作用。,<魂u落>: 第一个是最牛逼的,<lisenfeng>: 倒数第二张是顺丰吧,<若风至>: 最后那个我还在想是怎么倒地的，好像还加了特效，原来是被雷劈中了，居然五米之内连劈两次，这是身揣引雷针吗[眼泪],<你最大的梦想是什么>: 第九个，闪电劈了两次没死？,<任他碧落黄泉>: [祈祷]哦弥陀佛，我佛佑我,<人生诗鉴>: 科学出来解释一下,<chen_橙橙子子>: 图9是自带铁丝吗？被雷劈了两次,<Star9697>: 那个跳楼，把下面人胳膊砸断了。……]
bjyouth	发布了头条文章：《是时候了，也该做个了结了。》 是时候了，也该做个了结了。 ​​​	[<那山之灵>: 我看了那片文章的前半部分，觉得他爱咬舌头，不男人[笑cry]，,<大米饭真香啊>: 我觉得吧，现在人都有病。第一，人家人品不人品的跟你有关系么？你喜欢的是什么？相声！对么？他说的好不好？客观说还可以，对么？能不能逗你乐？可以，对吧？那不就得了吗？？你又不跟丫过一辈子，他又能说你最喜欢的相声，你又能乐呵呵的听。这不得了吗！真特么累！,<泉水的温度>: 同一件事情在当事双方嘴里可能是完全不同的两种描述。曹的文章看下来曹云金绝对的善良无辜、郭德纲绝对的坏，稍微有点生活的人都知道任何事情都不可能这么极端。这是其一，其二把一些私底下的人和事拿出来说细节又很多都无法考证，且不说真实的问题，这样做首先就有很大问题。大家都好好说相声吧！,<泉水的温度>: 你觉得这里是真相，回头看一边说的也挺有道理的，演艺圈的黑，谁懂？？？我是不懂！！！,<繁星算命馆>: 回复 @小楼一隅k :多一个角度看世界。,<校园恶霸王叉叉>: 郭德纲人品有问题，不然那么多弟子怎么走了，知乎早就爆过了,<繁星算命馆>: 回复 @演员任涛 :你说的在理，得饶人处且饶人。,<演员任涛>: 反正郭德纲也不是啥好鸟，道德捆绑是不对的！,<老农的微博生活>: 俗话说水火不容，一正一邪，一看便知。// @北京青年报 :【曹云金发微博和郭德纲“做个了结” 经纪人：他在拍戏我想让他平静一下】著名相声演员曹云金今天发长微博披露他和郭德纲的一些内幕，引起轩然大波。,<3628002745无奈何>: 不明白，号称是骂人祖宗，这句话你觉得光荣吗？,<北极星空Dr>: 图片评论  http://t.cn/RcyKhac,<D_8888>: 无条件支持大金子！,<乱窜小肥猫>: 其实就想说不要让我们被所谓的道德给绑架，就如老幼病残就应该让座吗？不让座就要被毒打吗？且行且珍惜吧,<用户5626054258枫林唱晚>: 云金，走自已的路，让德纲去说。,<ziranhp>: 这些年金子一直没说啥，郭那边一直不肖的骂着，这次清楚了，站金子[爱你]就说睡公园的事，真的，也就他能忍，师徒情什么的，是相互的， 别总拿千年的师徒仁义来算，谁给你颁发个贞洁牌坊吗！？以前也觉得金子不说相声可惜，可人活着有尊严有饭吃就行，金子是本来有好日子过为了相声受苦，,<北极星空Dr>: 相声界好人不多！,<京城果园>: 支持小金子！一言堂堂主人品辣鸡！]
bjyouth	网友绘制中国里约奥运军团，你能认出都是谁吗？[偷笑]太可爱了！[哈哈]（@纸上西游 ） ​​​	[<桥下游过一群鸭24678>: 所有人都长得一样叻[doge][doge],<木子李days>: [心][心][心],<A宇大王>: 傅园慧和妖艳贱货[哈哈][哈哈],<聪少Harry>: 真棒[强]🏻 @纸上西游  ,<金江黑龙678>: @黑龙江电视台  为了协助齐齐哈尔市森林公安局制造假案，故意颠倒黑白制作虚假新闻。为了协助森耀律师大厦骗钱，让著名主持人景昕为其代言，忽悠百姓上当。省媒无耻，难怪黑龙江丑闻频发。详情请看[向右] @金江黑龙678  的微博。恳请网友们帮忙转发一下他的微博，揭露省级媒体的无耻与黑暗。多谢！[作揖],<请叫我__Dancer>: 里约的中国淘金小分队]
bjyouth	好苏……想不到你是这样的“刘大帅”！刘国梁的这一吻真甜！[心] 网友：放开我龙，让我来！ ​​​	[<Wuli_QiBao是个小傻妞>: [傻眼][傻眼][傻眼][傻眼][傻眼]？？？,<马金金爱马甲线>: 放开马龙，让我来！！！,<红橙黄绿蓝精灵>: 傻儿子就这样被亲了[哆啦A梦吃惊],<肮脏邪恶的灵魂>: 我当时看到这一幕就蒙逼了[拜拜]]
bjyouth	有网友发现：中国乒乓男女队庆祝得分时不一样的风采，看看啥叫和教练同步[偷笑]（央视新闻） ​​​	[<番茄炒蛋啊啊啊>: 真的不是网友做的吗[笑cry],<Aieau>: 哈哈哈哈哈哈哈哈哈哈,<行走的花椒树>: 不懂球的胖纸[喵喵],<知目看世界>: 哈哈哈哈，这是要笑死我了！,<-了溪->: @你看那里有只喵咪子,<做饿梦的帅比>: 路飞跟罗杰走的是同一条航路[挖鼻],<我是馨儿啦Linda>: 孔令辉都那么老了……,<奋不青>: [哈哈] #2016里约奥运会#,<时文旭_大民>: 真是谁教的像谁。,<想宠小圆脸>: 女队整齐一点[哈哈][哈哈][哈哈][哈哈][哈哈]还有表白二蟒,<hzxxby>: 你先看清楚那是多少分,<Angelo_云>: 女队比较同步[偷乐],<良家熟女大全>: 感觉像朝鲜。。。。[生病],<Zangelc9>: 不懂球的胖子[眼泪],<王丽坤芒果冰>: [笑cry][笑cry][笑cry][笑cry],<狮子桥南的喝汤能手_MERCY嘉佳>: 一日为师，终生为父。这……亲生的教练,<路痕-波波>: 训练过的[哈哈],<小脑袋v>: 不愧是亲生的弟子，动作简直一毛一样[doge]]
bjyouth	终于有人画出了一直想吐槽的那些坑爹设计了，忍了好多年了！[拜拜] (网络） ​​​	[<--橙子菇凉-->: 1和9绝了[笑cry],<繁星算命馆>: 插座那个感同身受,<Evennnnnn-Infinite>: 第一个真的能把人气死[拜拜][拜拜],<共形映照>: 营业厅就是要这样，让你坐了不爽，能走就走。]
bjyouth	孙同学，你能不能扔准一点[笑cry] ​​​	[<看航空>: [笑cry]中午了，大家都很开心，祝贺孙同学！[赞],<trainerzhang>: 这是我第一次粉一个团体组合 游泳队 男队女队 Together[good][鲜花],<太阳大日头>: 太帅了……好激动！,<摩旅指南>: [哈哈]迷之GANGA，有魔性的动图,<Cr7chao>: 主要还是太激动了，可以理解。,<宋琨Ksong>: 额，，孙同学，咱正经一点呗，好好扔[哈哈],<猫的懒炉>: 其实大白杨想让大家雨露均沾[哈哈][哈哈],<星空奇迹0745>: 哈哈[开心] [开心] ！]
bjyouth	下午犯困提提神~假如买菜的流程很繁琐，哈哈哈忍不住笑了http://t.cn/Rt6K9Qc ​​​	[<考研不能当女朋友>: 孙越[顶][笑cry][笑cry][笑cry][笑cry],<陈沼汀>: @阿不的布是条内裤,<推开窗子的一刹那>: 流程很繁琐。。不繁琐的还真没遇到过呢！繁琐的意义就是 走人吧您嘞,<村上春狗>: @贺艳Elena  这段可有意思了，直接笑喷[哈哈],<TinyOS开发者-YTC>: 想起了树懒[doge],<龙华的梦>: [嘻嘻]没错，就是这样的，亲身体会。,<宙长先生>: 不知那些迂腐的狗官们看了做何感想？？,<PT燕京>: 这是政府公务员的买卖吧！]
bjyouth	午间一乐～各种动物被“BIU”的瞬间，都是影帝啊！[哈哈][哈哈] ​​​	[<扛着枕头>: 论演技，我觉得龙猫赢了…[偷笑],<马金金爱马甲线>: 麻烦让一让，我手里的奖杯太沉了~,<一剑Tyler>: @1234h2544612075,<编剧付强>: 第八个，[哈哈],<冬去春来123>: 最后一张图好[哈哈],<-莲荷->: 最后一个什么鬼？[嘻嘻],<-莲荷->: [哈哈][哈哈][哈哈],<糖豆-Jill>: 最后一个是鲨鱼么？,<璇么>: 最后一只那是个啥？为什么可以旱养[晕]]
bjyouth	寂寞的新境界，和风打羽毛球[笑cry] ​​​	[<-monicker>: @_Causer  你可以试试。,<-monicker>: @做个默默的小白,<Vanlenc>: 为什么我看到了那么一丝孤独 [doge][doge][doge],<动物园饲养员zZ>: 小学二年级，和墙打乒乓球，一千不能停[笑cry],<陶航明>: 不错—————来自喵星人世界超级大帅比,<娜莫那寞爱是丫丫>: 我也想试试……[哆啦A梦微笑][哆啦A梦微笑][哆啦A梦微笑][哆啦A梦微笑],<生如夏花-文武贝贝>: @张垚垚垚垚窑子   @monnikky,<稍纵即逝的瞬间吖>: @One_Two_婳  你爸会这样么？[笑cry][笑cry][笑cry],<戳心窝小说语录>: 寂寞如风也不过如此,<sangsangsang3>: 无敌是多么，多么寂寞]
bjyouth	#午fun#【蜜桃臀来袭，A4腰OUT了！】当蜜桃和萌宝的小屁股“无缝对接”，萌哭了！[心] ​​​	[<青岛信息港>: “猴屁股”[哈哈][赞],<许个愿望万一实现了呢>: 只有我一个人觉得恶心吗[拜拜],<海滩下的乌克丽丽>: @---扳着手指数阳光,<小肉儿___>: 回复 @大头音乐的裙子 :真•蜜桃臀,<暖暖的小胖君>: @六哥家里有老贾__  快拍一张,<飞龙杀虫>: 小编，你忒桃气了！,<小丫儿>: [哈哈][哈哈],<王易>: 真讨厌！小编，你忒桃气了！,<大头音乐的裙子>: @小肉儿___   @猫猫是个没出息的货  好萌,<没有色彩的多琪->: 最想要大杀器正是韩国自己。早就传闻，北朝鲜开发核武器的经费，很多是韩国秘密提供的——韩国政界公开的调子就是：让北朝鲜搞出核武器，然后朝韩统一，核武器就是韩国的——韩国要核武器的话，郑梦准甚至公开对美国人说过[哈哈][哈哈][哈哈][哈哈][哈哈][哈哈][哈哈],<吃葡萄不吐不快>: @enhee_yoo  屁桃啊,<八戒说你是猪>: 第6张，P的太严重了]
bjyouth	#晚餐时间# 饿了吗？看看这些横横的汉堡！（这算汉堡吗？）艾特出你觉得他能吃完的人！ ​​​	[<ARK-TITANIC>: 感觉两片面包好多余[眼泪],<C雅莉_96>: 回复 @爱首钢_贾颖 :你这样是要给我买吗,<kingyouyu>: 饭桶眼里应该是吧！,<汉皇后裔刘大脑袋>: @哦哦哦sett,<hdydgef>: 感觉好恶心[晕],<莫雨凉mkc>: 不想吃[拜拜][拜拜][拜拜],<WSLYRA>: 看图实在是提不起胃口[拜拜][拜拜][拜拜]]
bjyouth	【追求刺激？试试这个？】即使你的心脏再强大，我也不敢陪你去玩！@我Hold不住了 ​​​	[<英俊帅气的男神>: 哪的游乐场？惊险刺激,<SuperSsssssstella>: 玩玩玩！！简直酷到不行[拜拜]这是哪儿！！！！！！！,<馨馨宝贝爱你一万年>: 吓死宝宝了，打死也不玩,<魅-露>: 吓死宝宝了，打死也不玩]
bjyouth	5月1日的泰山，人人人人山人人人人海，你们感受下↓↓[doge] ​​​	[<林慕然5912087113>: 只能哈哈哈了，但是去了大家就好好玩吧，别闹心啊,<彭波680242053>: 自找麻烦，是看人挤人，走来走去都是人，回家后，照片里除了自己，还有旁人，记忆中除了风景忘了是什么样，都是记的是人。,<浅陌初心-Jolie>: 五一最好的休闲方式  宅,<油泼呃呃呃面>: @-蓝后  you see,<面具猫MJM>: 谁能告诉我这是图什么呢[哼],<原来你是小姐姐啊>: 看到这图又想起了去年清明我去泰山的场景啊！,<小仙儿Cherie>: 人猿泰山[doge][doge][doge],<共形映照>: 感觉是去逃难的……,<丽丽73542>: 这叫花钱找罪受，看到的风景全是人家的后脑勺,<小小小小小朴>: 标题《朝圣者》是不是就很正能量了[doge],<朗宇>: 怎么有点像，，，逃难的呢。// @北京青年报 :想去看山看海，看到的却是人山人海[泪],<小神牛梦游世界>: 我去的时候，人不多，很舒适。住宿也很好，饮食也很美味，在泰安留下美好回忆。就是离开的时候，把泰安=泰山，结果，错过了高铁，原来，以前的泰安还在，我还以为泰安市已经叫做泰山市了呢！原来这两个车站同时存在，而且相距很远。[嘻嘻] @泰安市政府 @泰山市政府,<全球儿童安全组织>: 只要孩子们都平安，看人看山又何妨[挤眼][害羞]// @北京青年报 : 想去看山看海，看到的却是人山人海[泪],<简单虎妞>: 凑热闹都不赶这点！,<宇航员儿>: 我以为哪又爆发难民了呢]
bjyouth	#女子酒店遇袭真相#几分钟前，@弯弯_2016 更新了微博，内容见下： ​​​	[<一把火嘿32116>: 贵报也是够不要脸的，造谣？作为一个媒体良知何在，收钱造谣？,<小说中的那个她>: [蜡烛][蜡烛][蜡烛][蜡烛],<小说中的那个她>: [蜡烛][蜡烛][蜡烛][蜡烛][蜡烛][蜡烛],<小说中的那个她>: [蜡烛][蜡烛][蜡烛][蜡烛][蜡烛],<尧人余>: 图片评论  http://t.cn/RqbT8Og,<霸气侧漏的彬仔永远的15票>: 贵报真牛逼！好意思？！无良媒体！[怒],<绿眼怪阿脖>: 滚吧！你个破报[微笑],<不负这大好时光>: @不负这大好时光 ：回复 @啦啦啦啦咔咔l :视频已经非常清晰拍到了，嫌疑犯有房卡所以酒店方（就算没有内部勾当）也是有嫌疑犯身份信息的，为什么不公开？所以要抓主要矛盾，把酒店黑幕整顿，单纯抓人，只是强奸未遂，这个事件就无意义了,<小小格格巫>: 贵报打脸吗[doge],<Yoyomiss33>: 现在的媒体已丧失了最基本的职业操守,<will小蟲>: 不断刷新了下三滥媒体的下限，为了抢新闻什么谣都造的出来，骂你都脏了老子的嘴,<恐龙赖赖>: 只想说，太明目张胆了。遇上这种事儿，谁都害怕。,<长乐不笑>: 这事儿也值得大书特书？,<kayleyM>: 要脸吗？配做为媒体人吗？贵报不是传播谣言达成一致吗？不是发新闻说接受了北京青年报采访吗？！,<熙momo->: 北青报，你为什么要发布当事人的姓氏？北青报，你为什么要草率发布涉事酒店爆满的消息？,<Syma-CJ>: 贵报说弯弯接受贵报采访，那贵报是央视新闻，南方周末还是都市报？,<深圳集杰楼梯护栏铁艺工程>: 回复 @巷尾猫m :我一直希望新闻有始有终，可惜啊，百度也不是万能的,<_你为什么不睡觉>: 博主脑残还是智障？,<廿年卅年>: 你tm绝对收了钱的，那条微博你自己编的？达成一致，看来你和如家达成一致了。,<不爱辩的唐桑>: 你已经连最基本的如实报道都做不到了，虽然国内大部分都是一路货色，表示恶心，路转黑  http://t.cn/RqbWZzT,<我是一个怪叔叔DA>: 提醒青年报一下腾讯新闻还有你们造谣的历史记录？不去删一下吗？,<曲尼玛德仁玻切>: 回复 @小美洋233 : 你谁啊？你又不是我，轮得到你说风凉话吗？,<70无畏>: 警方店方和那个逼货还能有什么猫腻不成？,<擎柯>: 回复 @猪仙人 :同问：北京青年报能不能好好报道大家真正应该关注的几点，一、凶手追查情况，二、企业管理中的问题，三、犯罪分子背后到底有没一个这样的犯罪集团。请用好并握紧你们手中的“枪”。拜托了！,<北渚之溟>: 有些人该杀就杀吧，留着真的没什么用。这盛世，如桀纣所愿。,<Asweetdau170515>: 澎湃新闻很那个啥 要小心,<小美洋233>: 回复 @ImageOfSound :你谁呀，遇事的不是你，说风凉话,<原来如此L不过如此>: 所以你作为一个大众媒体是说谎了吗？为人民服务这句话是说来好听的吗？只报道真实事件的原则拿去吃屎了吗？,<5星勾玉嘎嘣脆>: @新京报  所以呢？接受你们采访了？还是记者编的啊  http://t.cn/RqbOwo2,<猪仙人>: 所以北京青年报你是在自己打脸吗？达成一致的谣言就是从你这儿传出来的，能看出来受害者已经很克制了，只是说了某媒体，没点你们名而已。抢新闻也有点操守行不行,<西安旅游小张>: 回复 @ImageOfSound :为什么反感呢？,<布达佩斯的仓鼠>: 回复 @槽吧 :如果是假的不要不要的那种，警察立马出来甩棍，多一秒都不会背你信不？,<曲尼玛德仁玻切>: 南方周末，都市快报。[哈哈][哈哈][哈哈]我非常同情事主的遭遇，谴责酒店疏失冷漠，呼吁警方提高效率彻查真相。但是在生活中我会非常反感事主这种人。,<Haibara_AI_Lee>: 你TM一天到晚就知道瞎逼逼，她澄清的就是你传播的谣言好嘛！“达成一致”？！,<槽吧>: 必须槽一下：①为什么看到工作人员也不慌②还可以打电话明显是有组织有纪律，而且和酒店熟悉③警方怎么没什么动静？执法部门也没动静？为什么不提供监控高清脸图？带着三点疑问[doge]顺便扒一下，如家背景：如家2016年4月4日被首都旅游集团并购，首旅是大型国企，董事长姓段，九十年代曾任北京副市长。,<楊小布先森>: 回复 @槽吧 :[doge][doge][doge]所得死噶,<冰若静百合>: @六线谱1221,<楊小布先森>: 北京警方怎么失声了？？？？-------请不要将责任推诿给路人好吗？？？？[哼],<二月相携>: 青年报把谣言删掉了？,<卖小男人的鸡蛋>: @卖小男人的鸡蛋 : 这脸打的，北青报你就装，压根没接受你们的采访，还说弯弯接受你们报纸采访不回应炒作！恶心不？太尴尬了！  http://t.cn/Rqb0o3o,<理想气体方程式>: 这个女孩很冷静，很棒,<转眼就闪了腰>: 视频不是有那个黑衣男的正面照吗？为什么不抓？他已经对这个女的造成一定的伤害了，你们报道了半天，一个人没被抓，谁也没被问责。那还报道干啥，不如各回各家，各找各妈。大事化小，小事化了。这8个字，就是此事的结局。,<SyberSyuu>: 肯定是华住的阴谋,<疗心恋人Joan>: 每次有热门事件时，网友情绪高涨，骂声，讨伐声一片，各种道歉和严肃处理承诺随之而来。但热度一过，没人骂了也没有结果了。唐安琪烧伤事件凶手抓到没，疫苗处理结果如何有人坐牢了吗，还有这次和颐酒店女生遇袭事件，希望最后不要不了了之。,<木鱼小罗汉>: 北青这是在自己打脸么  http://t.cn/Rqb0LV8,<宋灿召>: 只相信 @平安北京  的调查结果！,<斯德哥尔摩在开飞机>: 这算是个什么交代？？,<张亚飞zhangyafei>: @如家酒店集团   @和颐酒店  你们酒店太操蛋了,<槽吧>: 必须槽一下：①为什么看到工作人员也不慌②还可以打电话明显是有组织有纪律，而且和酒店熟悉③警方怎么没什么动静？执法部门也没动静？为什么不提供监控高清脸图？带着三点疑问[doge]顺便扒一下，如家背景：如家2016年4月4日被首都旅游集团并购，首旅是大型国企，董事长姓段，九十年代曾任北京副市长。]
bjyouth	我可以捏捏你的脸吗？[doge]（@一只学屌） ​​​	[<碧诺诗>: 怎么可以这样可爱[狗],<壬渣_>: @与你相遇在别离   @阿喵自己,<啦啦啦64802>: 那么可爱的狗，你这样捏它，你不心疼么？[大哭] [大哭],<了不起的逗茨比>: @VIchyHHH__妲己师妹,<Castoooooooor>: @重口味的傲娇德楠君,<瞄瞄咪>: 等小儿子长大了，或者我的房子再长大些，我也养只秋田犬,<拿铁20140825>: 越来越喜欢[狗][狗]了！[太开心][太开心][太开心],<__漂浮de星儿>: 回复 @木子执欣 :柴犬吧,<xunke>: 党中央·中纪委 : 2016年2月24日㈢段迅克2部电话[闪电]第10天同时爆响国资委党委张毅书记和黄丹华副主任秘书办[闪电]黄的秘书办3次占线。 [闪电]第34天同时爆响机械科学研究总院党委王德成书记和院长办。欢迎中央巡视组亲临现场～倾听爆响不停的铃声[吃惊]！体察干群震耳欲聋的煎熬[泪]！党政警民心所向[心]  http://t.cn/RG9agLB,<xunke>: 简历:迅克16岁当兵18岁入党19岁破格正连。复转后大学，在机械科学研究院。37岁生子不慎产后受风患病，咨询计生二胎？院党委任焕金书记暗箱操作我漫骂党下岗。03年7月国资委企干二局认真受理我申诉做出侵权复查结论；王勇副主任(现国务委员)亲自批示。院抗拒执行对我党内除名至今13年国资委党纪不查处！,<xunke>: 国资委副主任黄丹华，应该是被严肃追责问责的领导者，却还在假大空做报告？ 请黄丹华以机械科学研究总院段迅克案例，谈谈她担任国资委纪委书记期间，玩忽职守漠然置之—2003年7月国资委企干二局认真做出侵权结论，王勇副主任(现国务委员)亲自批示，却制造13年对段迅克党内劝退又除名的违法违纪侵权案！  http://t.cn/RG9aBYv,<麦口LinuXen>: 回复 @花轮粽子zongze :这些动作可以都试试[喵喵],<花轮粽子zongze>: @麦口LinuXen,<唯一的欢仔>: 表示经常被人捏脸[哼]]
bjyouth	看看网友们晒的回家前后对比照，简直惊呆啦[害羞]，哪个是你？[嘻嘻]（江苏网络电视台） ​​​	[<Qian你的幸福>: 哈哈，没想到在这上露脸了[哈哈],<lucky僖僖>: 南方人表示没差别,<不吃肉肉肉会死星人>: 一点不夸张 我的落差比这大,<我想生活在美剧里>: @CcjulyA,<自己-未来>: 回到家，老爸老媽的衣服都能穿[嘻嘻][哈哈],<一直想当大侠>: 还是后面接地气[嘻嘻],<在路上的小兔子啦啦啦>: @力宏and大同,<过客刘三姐姐>: 特别真实，哈哈哈！,<健人张ing>: 太夸张[哈哈][哈哈][哈哈][哈哈],<飘零无处思量>: 我也觉得有点黑了,<170的豆子梁>: 绝逼真实……全部哪耐脏穿哪个，哪暖和穿哪个,<玉帝君临天下>: 佛靠金装，人靠衣装。不同衣裳，异样风光。[偷笑],<曼曼娃娃Mandy>: 北京妞表示一直很统一,<ZD老赵>: [拜拜] 缩小 “三大差距” 讲了五六十年，越缩约大。,<allen_晓风拂日>: @鱼小米的honey草,<tantan_Wong>: 哈哈哈哈哈哈哈有趣,<国民女神雪侯鸟>: [笑cry][笑cry],<我的凶毛眉不眉>: 回复 @Blan-kkK :哈哈哈哈，是我！,<Amoilvostroup>: 只能笑笑，哪个回家不穿的人摸狗样的[喵喵],<赵俊俊->: 回复 @你好像是摩羯李 :我也是[微笑],<YesDanien>: 喜欢第七个[可爱],<070319QQ>: 人在外→_→各种装B，一会老巢→_→现了原形[吐舌头],<Blan-kkK>: @我的凶毛眉不眉,<母猪耳朵>: 我竟无言以对[眼泪],<小欧北>: 我觉得差距太大了，一般我们都是在家里更美才是，哈哈。,<是刘佳慧>: 中了[doge],<丰胸化吉哦>: @赵俊俊-   @取暖1994  姐姐快成这样了 @后悔药二点零,<哚哚云儿>: [眼泪][眼泪][眼泪]真实的]
bjyouth	【纽约时代广场的大圣】在时代广场参加快闪活动的六小龄童老师，一切尽在不言中。[心] ​​​	[<2016奥运会已然平安结束啦>: 永远的齐天大圣！,<某某君的小号>: 后面的米老鼠真可怜，哈哈哈！大圣最帅了！,<Seven柒柒ohoh>: 回复 @Portrait59 :还是积点口德吧，不至于嘴巴这么毒,<Ariel好久不见>: [太开心][太开心][太开心][可怜][可怜][可怜][鼓掌][鼓掌][鼓掌][色],<杭小馨>: 一个筋斗云赶紧翻回来[笑哈哈][笑哈哈],<非也2非也>: 谁知道你在说什么，不说人家怎么知道,<话痨癌->: 回复 @Portrait59 :说清楚一点   姓吕的不止他一个,<和平老猫>: 大师兄是翻跟头云去的吗？,<人似桃花半遮面>: 中国美猴王一个筋斗云成了世界美猴王[鼓掌][太开心],<飞翔5717361292>: 这是哪里的人，好好幸福,<名字这么长你觉得自己可能记住>: 今年春晚就看了开头几个，没大有意思，都是什么玩意儿，亮点除了红包什么都没有，大概这就是亮点，导演有病，你就得体谅他，他有病，你计较啥，说实话，春晚掏粪真恶心[喵喵],<青春我们都曾骄傲狂妄过>: 回复 @Portrait59 :低级动物！！果然连人话都不会说！,<阿海很快乐>: 毛脸雷公嘴的和尚[哈哈],<阿海很快乐>: 回复 @ZD老赵 :哈哈哈，诠释的好[赞],<是这个怡嗎>: 觉得有些心酸 [悲伤][悲伤][悲伤],<快马奔腾3>: 导演疯了，还是抑郁症,<馨love格锤青宇3只小p>: 回复 @Portrait59 :有病  可以不要这么低素质吗,<ZD老赵>: [发红包啦] 贫僧自东土大唐而来，去往西天取经 ，上次取的《资本论》完全不对，这次来取《独立宣言》……,<VW_Forward>: 我现在越来越觉得，越是中国的，越是世界的。美猴儿王，一代人的记忆。,<做最好的自己_Ocean>: 在评论里诅咒导演的，你是什么心理，好恶毒[doge][doge],<sousoujia>: 我们儿时最美好的回忆！您永远经典！,<kaka卡卡木>: 希望老师能有接班人，大师兄可以一直都在,<南阳方圆商务酒店港达店>: 比央视舞台更大[发红包啦],<闲人wb>: 被逼街头卖艺了。,<诩合>: 把文化传出去，让他们除了李小龙还记得孙悟空。但是国内文化不给力啊,<商山夜雨QDQ>: 心中的（大圣归来）,<朱红55252>: 猴王！！！！！！经典中的经典，不会被超越的传奇！,<星际布>: 感觉又在看西游记，一模一样,<淡定人生的玫瑰>: 大家喜欢的，到哪里都有气场----你在这里有权力压制，大圣一个筋斗云就冲破五指山到了大洋彼岸……[发红包啦],<Portrait916>: 姓吕的毁了中国人盼了一年的春晚，希望猴年吕[狗]他妈早点死，吕[狗]他媳妇被轮，吕[狗]他孩子出车祸！,<肖湉湉>: 我是看完昨晚的春晚才彻底觉得导演智障的。,<lycarryon>: 孙长老的舞台在国际。春晚不能嚯嚯您。,<cambridge201212>: 看到就激动得热泪盈眶！悟空，棒！,<v说不出再见v>: 感觉这服装装扮比正常服装帅了一百倍啊,<晴儿sarahSARAH>: 六爷最帅，让春晚那一干肤浅之人，在他们无穷无尽的自满中沉沦吧！,<宇宙真理教小春梦>: 艺术和人才一样，得不到应有的自由和尊重，是会用脚投票的。,<念念梧桐花>: 美猴王永远是你。,<苏小秋儿>: 这就是我们的回忆呀！说我们莫名高潮也好，说孙悟空就那几个动作也好，可是这就是我们的回忆，这就是我心中最经典的孙悟空！,<敦学笃行>: 美~猴王，你说，在中国留得住吗？[嘻嘻],<哈文导演>: 也不知吕导怎么想的…猴戏世家不上春晚……,<yaya0285_0j1>: 经典是多年后我们永不磨灭的记忆！看你千遍不厌倦！,<了一梦>: 好一句尽在不言中,<LindaaiCJ>: 祝美猴王永远健康幸福,<菜菜81616>: [爱你][爱你][爱你]大愛]
bjyouth	#午FUN# 白龙马：师傅！我是龙年上春晚还是马年上春晚？！（转） ​​​	[<海韵飞飞>: 请国家尽快归还我们e租宝债权人的本金和收益！！！！！请国家让我们过年！！！！我们是合理合法的进行投资转让，国家没有权利剥夺我们的血汗钱！！！！,<文言爱好者>: 龙年马月，或马年龙月，反正都不是春晚的时间，没你的档期。[拜拜][拜拜],<TONY3093-李诚涌>: [哆啦A梦微笑][偷笑],<悠悠别说话>: 你上不了春晚[阴险][阴险],<墨瓛>: 想让你大师兄上了再说！大师兄都敢毙！,<雲淡風輕畫絲夢>: 为师都不西代上春晚，你也甭上了！,<我只在乎你的幸福时光-001>: 这电影好不[微笑],<墨瓛>: [害羞][害羞][害羞]别这样,<秋里兔>: 都上。。。[哈哈][哈哈][哈哈]]
bjyouth	[话筒]【情况通报】 ​​​	[<爱与恩>: 【开始严打整治北京医院“黑票”（挂号）、黄牛了。】,<民谣和你是我>: 希望出台好政策、根本解决、不要一嚗光才治理[悲催][悲催][悲催],<0幸福奇缘0>: // @北京青年报 :已抓获号贩子12人，北京市公安局相关部门已成立专案组，正在进一步工作中。市公安局相关负责人表示，将继续与卫生等部门密切协作，对号贩子等违法行为组织开展专项打击整治行动。,<CDTTYL爱>: 深深体会看病难。]
bjyouth	一图告诉你酷开电视如何用一年的时间做到销量行业第二，终端用户数行业第一！ ​​​	[<一朝风花雪月>: 支持哇，[ppb鼓掌]想想智能电视也是不错哟[yz太好了],<梦想的蔷薇>: 哎呦用创意点缀艺术电视T55太不一般了,<那个写歌的程序员原来是Rapper>: 笑瘫了，[Lavida生活]用匠心打造电视与艺术的融合就是很吸引人呢[男孩儿][女孩儿],<我是谁爱她>: 酷开T55艺术电视品鉴会忒好忒强大，真是过瘾啊,<伤感的人007>: 酷开董事长王志国携初心前行受到众口夸赞，强烈支持,<兔崽不坏>: 钟爱酷开董事长王志国难以言表,<呆寶維尼>: 对呢对呢感觉积极向上、青春阳光的酷开品牌就是强悍呀,<傻傻傻嘎嘎嘎>: 经典啊，[给力]酷开专注做电视是绝对大爱呐[ali蜷],<CF孤独鱼>: 积极向上、青春阳光的酷开品牌值得喜欢，就是棒啊[杰克逊],<余笙缺你>: 酷开在互联网电视领域内玩出态度让人从心底有感而发,<被遗忘的瓶子殿>: 笑爆了，确实都对扛起互联网旗帜闯入互联网电视圈评价很高,<汤圆娘亲>: 艺术电视T55让家更有格调让人流连忘返，真是秒懂了,<德系车万恶出现>: 酷开专注电视好玩不止获得肯定，这个好赞呢,<雅蠛蝶_tsann>: 笑呵呵对入手酷开抱拳,<巧克力黑杏仁>: 超有feel酷开董事长王志国携初心前行惊艳了网络有木有[微笑],<低调的蛋疼丶>: 有想法的都进来吼一声撒真心感觉智能电视市场不错,<骑着乌龟向前走>: 亚麻布艺术风格给我们带来了很多惊喜，好喜欢,<ZHU-DONG>: 看不出来啊路人都来围观数据为证时代,<狸猫在犯神经呢>: 嘿嘿，不假思索滴喜欢酷开董事长王志国,<L鹏LL>: 哎呦哎呦，[威武]看得出酷开赶超小米乐视节奏还是叫的很响亮[放电],<虐死赵峰>: 满满滴都是稀罕啊酷开专注做电视就是有吸引力,<wsy-雅>: 酷开董事长王志国确实是很可以滴,<ilovenikki>: 冒泡一下[BOBO爱你]我爱适合年轻人的酷开没商量[nono抛小球],<神月六雅>: 真滴是劲爆极了呀，深刻记住了适合年轻人的酷开,<微笑起来像太阳>: 欧巴，对设计不一样面板有触动,<百年故居>: [din阿赞福到]也无须用言语表达吖，酷开董事长王志国携初心前行获赞不少,<菊满楼_店小二>: 赶快来转发，积极向上、青春阳光的酷开品牌打动人心,<尖椒鱿鱼>: 感觉酷开专注电视好玩不止真滴很赞，很好呀…,<吕建明1985>: [ali笑]这样呀，老喜欢2015年酷开电视日活跃用户超500万了,<jokylan>: [kmFL]乖乖哟，哈哈，深深理解艺术电视T55,<莫尔城外>: 快看，[可爱]对一个电视的艺术之旅比较感兴趣呢,<锦荣王子>: 2015年酷开电视总激活用户超1500万反响很强烈,<武当虾客>: 赞声不断啊，一个电视的艺术之旅很吸睛[闪],<狗爷似吧>: 绝对滴是亮瞎双眼呀，支持数据为证时代就大声说出来,<十六夜丿赤瞳>: 受刺激啦，将目光投向酷开玩出态度吧,<黄娉妤>: 想象这是多么美好的一幕，喜欢的不得了，酷开提供的的数据棒极了,<快乐的个米>: 嗨皮啊，确实是知道酷开专注电视好玩不止的经典了,<pangxiaocang2010>: 呜哇设计不一样面板拥有大批拥趸,<寸金新速度教育代理>: 有没有打动你呢，酷开专注电视好玩不止，因为专注所以专业,<禁地小皓>: 走到哪都让人喜欢，[爱你]凑个热闹围观T55艺术品鉴会,<Seven很七>: 确实身边的人都很认同酷开专注电视，经典啊,<开心难寻>: 2015年酷开电视日活跃用户超500万超给力有没有[围观],<天涯何处无军哥>: 用匠心打造电视与艺术的融合可以说够棒了,<阿乐y06>: 亚麻布艺术风格果真好样的，真是够难得,<luckily1103>: 我补脑了一下是这样的，酷开玩出态度看来是可以[我爱西瓜][我爱西瓜],<安裴玥>: 酷开在互联网电视领域内玩出态度让人很佩服，经典呢,<安好s>: 快给酷开赶超小米乐视节奏鼓掌,<泽辰兮>: 表达下对酷开数据喜爱之情，令人喜欢呀,<ttddhhy>: 对酷开专注电视刮目相看啊,<金源泰>: 哇哈哈，最爱酷开将艺术和电视融合[offthewall][offthewall],<阿起魔术>: 阔爱死了，忍不住连连称赞用匠心打造电视与艺术的融合[兔子],<卫东-大叔脸>: 才知道，酷开T55艺术电视品鉴会真是令人欣喜的很]
bjyouth	看来，柯基已经彻底融入到了我们的日常生活中。[笑cry]（每日一狗） ​​​	[<李小河L>: 回复 @木子小亘月 :最后一个,<木子小亘月>: @今天我叫王不爽   @Slow__Motion,<Young滚滚>: @ICyyy_沛菡丶  哈哈哈哈，好乖啊老司基,<墨兮兮兮兮兮兮兮>: 哈哈哈哈 @Pyee-龙,<_大爪爪_>: @比尔盖猪的小棉袄,<我是杨子哥>: 我们家就有一只，[呵呵],<-妖妖妖宝->: 烘干基的表情亮了[眼泪][眼泪],<好运小公举>: 柯基被小编给玩坏了[偷笑]不过看着就很欢乐！[doge][哈哈],<玉璃心change>: @赵有福和臭无敌]
bjyouth	#巴萨幸运女球迷#美女球迷的给力祝福，加上梅西的精彩表现，周末的诺坎普主场想必是热闹翻天闹！ ​​​	[<吴华彬WU>: 支持精彩活动，赶紧奔走相告，大力宣传，期待小编的厚爱，期待好运气！,<懒80374>: 金球奖毫无悬念，就看内少能不能第二名了,<懒80374>: 梅老板这次简直帅呆了，又一次帽子戏法！金球奖绝逼是我们哒！,<没事玩浪漫>: 梅西加油，期待2016[心],<没事玩浪漫>: 虽然含了广告，但是为了我家梅西还是转了,<梦想实现家icelin_三致>: 肯定是我梅团喽!毫无悬念的说[xkl期待],<小蜜蜂阿阿阿>: 诺坎普，我的梦呀，2016年最大的梦想就是去圣地为巴萨加油，MSN等我！！[呲牙] [呲牙],<一年两三事>: 前锋就要梅西这样，进球如喝水，金球五连冠，期待啊,<___莉莉安Lillian_俩卫发东>: 只能在遥远的东方为我梅老板助威加油了！羡慕,<随行付MPO机>: MSN组合显然秒杀BBC无数条街街！！,<XA_訢_娟愿俱镇>: 金球奖更名梅西奖得了[噢耶],<Ruth格格>: 04年看梅西到现在，做梦都想着到诺坎普看一次梅西踢球,<钢铁尧尧>: 现在就可以去编辑词条了[doge],<橘光爱琴海>: 我正大光明的介绍：我就是梅吹来的[酷],<榴莲静斐灼轩>: 传说瓜瓜要曼城上任，强挖梅西到大英糙，求证实！,<Rebecca_班祖美芳文>: 尼玛，招财进宝，居然毫无违和感有木有,<dandan0628>: 谁知道这是什么活动吗？,<美熙baby->: 嫉妒啊，为啥在诺坎普的不是本宫呢,<马文龙8>: 只能在遥远的东方为我梅老板助威加油了！羡慕,<Vincent_7998>: 团蜜表示有一点点嫉妒，嗯，就一点点,<那一天牧马人进入空城>: 团蜜表示有一点点嫉妒，嗯，就一点点,<Mr_可小乐>: 前锋就要梅西这样，进球如喝水，金球五连冠，期待啊,<Decade你猜>: 看今晚看今晚 如果那个数字没变成5 我选择狗带,<温润的遇>: 这次比赛有点儿像2015，伤复之后狂进突飙,<用户5626642237>: 我罗不哭 [呲牙] [呲牙],<始终ii>: 梅西必拿金球，5次啊，太逆天,<魔导师_阿酷>: 梅老大帽子戏法，霸气侧漏,<你的要求做不到>: 内马尔最近风头正劲，煤球王挺住..支持你,<北雪南飘mlpby>: 我们只是好奇银球奖的得主是谁,<宜幽微静>: 尼玛，招财进宝，居然毫无违和感有木有,<用户532164589>: 用帽子戏法来为自己的第座金球奖预热，还有比这更给力的么！,<唯我小旭>: 梅老板这次简直帅呆了，又一次帽子戏法！金球奖绝逼是我们哒！,<静水流深-nancy>: 又一个帽子戏法，简直完美，接下来就是金球奖颁奖典礼啦！,<装猫的小酒柜>: 诺款普，这里的主人永远是梅西！！！！！瓜帅不要去曼城呀，回来呀！！！,<0岁PM鸿远198__4>: 梅西实至名归！！！C罗的进球大部分太水，哈哈哈！,<lQ小魂淡不是李小夏qs>: MSN组合显然秒杀BBC几条街！！,<盛源寻璐->: 梅西实至名归！！！,<用户5669122660>: 这活动什么时候做的，我也想参加啊,<christy妍Y>: 梅西要是得了金球奖，绝对的实至名归,<你说我的番茄是新鲜的>: 金球奖五次夺魁，让我们今晚共同见证足坛神迹多宝更多金，梅西带帽预热金球颁奖礼，坐等2016梅球王开年大奖,<夜色中的刺>: 梅西家里又要多一宝了,<绿杨丁1985>: 终于等到今天，期待晚上我梅的精彩亮相,<咱佷蒓>: 这活动做的，加多宝这是要牵手西西吗,<听听_小宝贝>: 就一句，梅老大神人啊,<sandy的主场-99>: 梅西要是得了金球奖，绝对的实至名归,<安徽里昂>: 加多宝那么高调，难道真要跟诺坎普签了,<皮卡丘kajin253>: 这活动什么时候做的，我也想参加啊,<yuxiaohu1>: 加多宝那么高调，难道真要跟诺坎普签了,<第N次出入>: 2016开门喜！希望今年我们是最幸福的球迷,<王镜濠>: 听说2016加多宝的口号是“招财进宝”，今天一看还能帮梅老大“招财进球”呐,<静静_0602>: 不点赞都不行啦，先是加多宝的创意宣传，又是梅西进球带帽，帅]
bjyouth	苏宁19.3亿战略入股努比亚，占股33.33%. ​​​	[<小小细雨落>: 感觉努比亚只是一个很年轻的品牌，没什么名气。// @北京青年报 : 苏宁此前也与其他手机商有过合作，而这次与努比亚的合作，无疑是看中了主打高端的客户群体以及其众多的专利技术，这能否成为苏宁全面进入手机行业的一个讯号？,<物业职工最惨>: 表示今年努比，亚的身价肯定会暴涨了，苏宁真是押宝了呢,<棕色眼睛的男人>: 想知道接下来他们还有什么大动作，年终真是惊吓不断呀// @北京青年报 : 苏宁此前也与其他手机商有过合作，而这次与努比亚的合作，无疑是看中了主打高端的客户群体以及其众多的专利技术，这能否成为苏宁全面进入手机行业的一个讯号？,<爱上看看平>: 努，比亚这是要投入苏，宁的怀抱了吗，这是要放弃京东了吗？// @北京青年报 : 苏宁此前也与其他手机商有过合作，而这次与努比亚的合作，无疑是看中了主打高端的客户群体以及其众多的专利技术，这能否成为苏宁全面进入手机行业的一个讯号？,<念你倾城温柔丶>: 这看来苏宁这是要把宝押在努比亚身上的啊。// @北京青年报 : 苏宁此前也与其他手机商有过合作，而这次与努比亚的合作，无疑是看中了主打高端的客户群体以及其众多的专利技术，这能否成为苏宁全面进入手机行业的一个讯号？,<三国稚>: 感觉这次努比亚的身价，真的是暴涨呀，实在是太高兴了[哈哈]// @北京青年报 : 苏宁此前也与其他手机商有过合作，而这次与努比亚的合作，无疑是看中了主打高端的客户群体以及其众多的专利技术，这能否成为苏宁全面进入手机行业的一个讯号？,<乡企无局>: 苏宁是一家很大的网购公司难到它也看见入股中兴有大好的商机存在吗// @北京青年报 : 苏宁此前也与其他手机商有过合作，而这次与努比亚的合作，无疑是看中了主打高端的客户群体以及其众多的专利技术，这能否成为苏宁全面进入手机行业的一个讯号？,<电视机飞翔>: 苏宁电器，以前不是说不会涉及到手机行业吗，怎么现在他要入股手机行业了。// @北京青年报 : 苏宁此前也与其他手机商有过合作，而这次与努比亚的合作，无疑是看中了主打高端的客户群体以及其众多的专利技术，这能否成为苏宁全面进入手机行业的一个讯号？,<闻着自己的脚>: 这下子华为要有对手了，苏宁和中兴联手了，为你们赞一个。// @北京青年报 : 苏宁此前也与其他手机商有过合作，而这次与努比亚的合作，无疑是看中了主打高端的客户群体以及其众多的专利技术，这能否成为苏宁全面进入手机行业的一个讯号？,<毛豆刷屏控>: 中兴手机？高端？能打电话就烧高香了。,<TONY3093-李诚涌>: [哆啦A梦微笑]中今年的业绩似乎并不漂亮，在大资本时代或许理解与资本与实体互推（时机或战略）的作用可能更适宜，安好。问好。]
bjyouth	#晚间一笑# “请你配合一下安检。”“好的！”。。。[衰] ​​​	[<我要生如夏花般绚烂>: 辐射多伤身体啊！！！,<小特么闹闹>: 回复 @滴拉滴啦 :对对对是几个意思……你也要钻进去啊,<滴拉滴啦>: 回复 @飞高高的远远的 :对对对，这个今天思雨也给我看来着,<丹三丹三Grace>: @71isme @灯火不见斓珊,<泳博datou>: 哥们真逗[嘻嘻],<瑞金宇华>: 本质来说，这才是合格的，万一危险品在人身上呢,<王可可Coco>: 不是要安检吗[doge],<流浪喵x>: @花生瓦斯桶   @二二小达人   @hc_fmsm,<牛牛和猫猫>: 工作人员没拉住啊[笑cry],<樱木之杉>: @zhener真  [笑cry][笑cry],<名声汏赫>: @小灰灰1灰灰灰,<大啊俊->: 笑尿了  ，我不会撒谎,<槑到深处-自然萌-ion>: @环在无名之上的忧伤   @没错我是段子瘦,<大嘴文就爱吃鱼>: 这个微博，有点脑残，鉴定完毕,<胡莲莲Fairy>: @安正经是小白龙  跟你一样,<Intouchable-CK>: @静默的夜唏嘘的雨,<名字特别多>: 好笑吗？！！好笑吗？！]
bjyouth	跟经典对话，不一定非得熟读古今，也许，你只需要勇敢一点就好了！ ​​​	[<Shortlove寒华>: 其实简简单单的生活为什么不是一种好事情呢,<XJanzz申翀>: 好样子的骚年，我们都应该向你学习,<泽村暖自>: 生活的意义在于快乐，怎样才能快乐呢[哈哈],<Jenny_吴小木齐凤庭>: 晕倒，道理都懂得，关键是如何去做。,<八木吐伟>: 我只能对这个哥们竖起大拇指，真的很像样[太开心],<朱古力小v衷元轩>: [din推撞]这样精彩的瞬间都捕捉到了，灰常的不一般,<丰一点儿也不亮>: 我不相信这是真滴，电脑的手法很高明[偷笑],<秋山橡舌松>: 这个完全的超乎了我的想象，完美的姿态[爱你],<danielmou霏仓>: [good] 每个人都有自己的生活方式，但生活的乐趣却是共同的！,<宫下科腊观>: 当收到挫折的时候一定要学会如何面对把想得到的东西定位的低一点,<billhao栋>: 敢情你们都领会到了其中的内涵了吗？,<netboy秋>: 从容不迫是一种境界，谁能做到得到？？,<绒客会翀>: 其实简简单单的生活为什么不是一种好事情呢,<用户5346743770>: 拥有的时候不知道珍惜，失去的时候就追悔莫已啊,<栗山掉连>: 好家伙，这是什么情况,<Yakamozo其>: 人生就是这样的，失去了就要珍惜。,<阿勇仔LiesYoungKoo文成>: [右哼哼]做一个快乐的人，是这么的简单啊！,<我神采奕奕锐昌>: 大家不要只做心动的矮子奥[抱抱] ！有时候努力了，并不一定能够成功奥,<宅米子庚凤>: 等到周末的时候一定要带着家人出去游玩,<Ivan衡邦焕>: 看到这样鼓舞人心的话语，怎么能让我们这些年轻人不激动呢,<秋吉唇剧吹>: 适当地调整心态，也许你就能找到出路。,<中山鸦省>: 什么时候我也能过上轻松的生活呢,<勤奋的anychen凤讯若>: 生活在都市里面的我们少不了这样的时尚生活,<市村遇>: [奥特曼]无法表面你面对的一切的时候就只有适应啦,<吴道子汉语de文明号_qo7祥>: 我是真正的领会了其中的意义。,<中井晒窃>: 尼玛，说的很有道理，有多少人能从容面对。,<卟想_再爱70331>: [lt拍手]自行车高手，相当的不错,<中村络撕>: 好惬意的生活啊，真的让人羡慕。,<井田诊>: 如果是真的这个样子，那可真是太流弊了,<东山层页>: 做一个明智的人，灵活的人，不要坐等。,<oldmoore务春堂>: 真心的是觉得不错，,<阳_小念灬录>: 超级无敌也不过如此,<梶浦洽棉>: 看到这样鼓舞人心的话语，怎么能让我们这些年轻人不激动呢,<大卫乔走片>: 这样的事情我是第一次的看到。,<玉木屋社>: 当我们遇到不顺利的事情的时候，为什么不选择不一样的生活方式呢？,<美部浓先供>: 好有艺术风格，你懂得,<神谷摸具手>: 呵呵……一笑而过~~~~~~~,<小泽礼睬>: 给自己正能量，仿佛真的能作很多有用的事情呢,<微起运萌>: [偷笑]感悟人生，这就是生活的真谛啊，我要努力成为一个这样的人,<若松觉消冈>: 终于得到了生活的真谛，为自己生活。,<森山开斯竹>: 朋友劝我要淡泊名利，说的容易做起来难。,<津川劝>: 看到这样鼓舞人心的话语，怎么能让我们这些年轻人不激动呢,<姚杏V时雪培>: 让我们每个人都变的更加的快乐吧，因为这种快乐的气氛是可以渲染你身边的每个人。[挤眼],<中江贯矩香>: [转发]只要你勇敢一点就可以了,<中井杨>: [ppb鼓掌]看懂了没有，想知道这个消息，请 @北京青年报,<darling大梨茗>: 勇敢面对现在发生的一切，让我们多多的总结一下失败的原因，或许这样慢慢的就会成功了,<一朵小野花cc慧>: 没有想到他还有这么高的技艺呢？,<平野缺继>: 不知道他是怎么骑上去的，简直太厉害了,<姚一姚2011豪露>: 让我们生活变的更加的轻松,<山崎冷吗平>: 太多的不满足，容易让人产生压力感！人应该想的更开一些]
bjyouth	#9.3大阅兵#原来，他们也在观礼台上！（中新网） ​​​	[<踩了个柠檬>: @柠檬仙圃  这才是真票,<莹莹依水>: 郭晶晶前几个月被传言怀了第二胎，不知道生了没有,<蝌蚪的科耳朵的尔>: @我叫Zzzzzzz,<泉新一的右手>: [鼓掌][鼓掌][鼓掌]挺好的]
bjyouth	#天津港爆炸#【事发现场一片废墟】昨夜爆炸事故发生后。。。[蜡烛]（北青报摄影记者 郁骁） ​​​	[<老K-Frank>: 真像被原子弹炸过,<一只耷拉眼>: 不知道今天天津的气温如何......疏散是住宾馆还是住亲友家......// @BeijingHour : // @北京青年报 :  #天津港爆炸# 【[话筒]多个住宅小区紧急撤离】经万科物业证实，在发生爆炸事故周边的金域蓝湾，清水蓝湾，汇锦苑等居住小区的全体业主被通知要求及时撤离园区，谨防港里火情,<程十一少>: 你走了，天塌了// @贾樟柯 : 天塌了。// @向啥啥红 :补充郁骁的图片说明：图8中的这个阿姨在爆炸中失去了独子，正哭着给老家打电话报去噩耗，第一句话就是“天塌了”[流泪][流泪][流泪],<大小新闻客户端>: [泪][泪][泪]// @向啥啥红 : 补充郁骁的图说：图9－有一张脚的特写，是一个居民半夜跑出来的时候鞋跑丢了，所以只能用布裹起来做个临时鞋,<zhangthreethree>: // @贾樟柯 : 天塌了。// @向啥啥红 :补充郁骁的图片说明：图8中的这个阿姨在爆炸中失去了独子，正哭着给老家打电话报去噩耗，第一句话就是“天塌了”[流泪][流泪][流泪],<BallBall你了_>: 家没了我们 还有国家 ！,<太阳爱射>: 好多的报道，痛心啊心痛、致哀啊哀悼,<木子暖小姐>: 好难过// @贾樟柯 : 天塌了。// @向啥啥红 :补充郁骁的图片说明：图8中的这个阿姨在爆炸中失去了独子，正哭着给老家打电话报去噩耗，第一句话就是“天塌了”[流泪][流泪][流泪],<勺琴子>: 北京青年报这次太过了 事情还没找到真相 就发这些Ps的一半黑一半彩色等过分渲染的照片 哗众取宠！没有一点职业操守 职业素养,<大王外面有坨饭团>: 这个国冢由无能的人管理简直是灾难，天灾不可违人祸尚可防，那些无辜的人真可怜，皂片拍的像电影剧照一样，但是却真真实实的发生了，比电影更深刻更残酷！// @贾樟柯 : // @向啥啥红 :补充郁骁的图片：图8中的这个阿姨在爆炸中失去了独子，正哭着给老家打电话报去噩耗，第一句话就是“天塌了”[流泪][流泪],<瓜皮巨甜>: 照片艺术大于纪实,<zazang--->: // @贾樟柯 : 天塌了。// @向啥啥红 :补充郁骁的图片说明：图8中的这个阿姨在爆炸中失去了独子，正哭着给老家打电话报去噩耗，第一句话就是“天塌了”[流泪][流泪][补充郁骁的图片说明：图8中的这个阿姨在爆炸中失去了独子，正哭着给老家打电话报去噩耗，第一句话就是“天塌了”[流泪][流泪][流泪],<逃跑的奶黄包>: 看着心凉了。可是什么忙也帮不上。想去献血我们这个小地方也没有献血站,<wufazhuche>: 看见图，心都凉了,<好人Lnn>: 回复 @小烨脑抽范儿 :那你说什么是真实,<翾-月牙>: 向消防战士致敬！// @贾樟柯 : 天塌了。// @向啥啥红 :补充郁骁的图片说明：图8中的这个阿姨在爆炸中失去了独子，正哭着给老家打电话报去噩耗，第一句话就是“天塌了”[流泪][流泪][流泪],<徐照骅-ZH>: 看着图好心酸，那种无家可归的感觉[泪],<思维痉挛>: 天塌了// @贾樟柯 : 天塌了。// @向啥啥红 :补充郁骁的图片说明：图8中的这个阿姨在爆炸中失去了独子，正哭着给老家打电话报去噩耗，第一句话就是“天塌了”[流泪][流泪][流泪],<瓜翁>: 悲哀，悲哀！// @贾樟柯 : 天塌了。// @向啥啥红 :补充郁骁的图片说明：图8中的这个阿姨在爆炸中失去了独子，正哭着给老家打电话报去噩耗，第一句话就是“天塌了”[流泪][流泪][流泪],<失_______________________>: 他们一些人的同事今天没有来上班。,<洗橙>: // @向啥啥红 : 补充郁骁的图片说明：图8中的这个阿姨在爆炸中失去了独子，正哭着给老家打电话报去噩耗，第一句话就是“天塌了”[流泪][流泪][流泪],<yasha微博>: 天塌了。// @贾樟柯 : 天塌了。// @向啥啥红 :补充郁骁的图片说明：图8中的这个阿姨在爆炸中失去了独子，正哭着给老家打电话报去噩耗，第一句话就是“天塌了”[流泪][流泪][流泪],<白子画>: 回复 @olivia007 :手背估计都烫伤了。。。哎。，,<蝌蚪书>: 这个时候还不忘用滤镜,<云南指南>: [蜡烛][蜡烛][蜡烛],<Lydia咩咩>: 无家可归的感觉想想都心碎[伤心][泪],<楽天咩>: [祈祷][祈祷][祈祷][祈祷][祈祷][祈祷][祈祷],<tiamointer>: 震撼心灵[祈祷][祈祷]任何时候安全都是最最最重要的,<野蜂飞舞__>: // @郭建欢 : [泪]// @贾樟柯 : 天塌了。// @向啥啥红 :补充郁骁的图片说明：图8中的这个阿姨在爆炸中失去了独子，正哭着给老家打电话报去噩耗，第一句话就是“天塌了”[流泪][流泪][流泪],<令鹄冲>: 比911严重太多,<胡子sh>: 最后受伤的还是老百姓，猴儿们救灾有功，赶着开表扬大会呢,<彼得摄友>: [蜡烛][蜡烛][伤心][伤心][泪][泪],<欢笑的阿福k>: [蜡烛]// @贾樟柯 : 天塌了。// @向啥啥红 :补充郁骁的图片说明：图8中的这个阿姨在爆炸中失去了独子，正哭着给老家打电话报去噩耗，第一句话就是“天塌了”[流泪][流泪][流泪],<到处都是对号>: 你这个照片调色图的什么呢？,<浓雾觅_>: 真的求主怜悯！！！,<tinymissy>: 这地方我两年前去过，要坐好久的轻轨，天蓝蓝，海清清，一夜轰鸣，万劫不复，纵然如此，我仍待你，眉眼如初。// @贾樟柯 : 天塌了。// @向啥啥红 :补充郁骁的图片说明：图8中的这个阿姨在爆炸中失去了独子，正哭着给老家打电话报去噩耗，第一句话就是“天塌了”[流泪][流泪][流泪],<olivia007>: 阿姨的那张，蜷曲的身体，从后背透出的无限的悲伤，在电脑屏幕后面都能感到撕心裂肺的疼,<麻小几啊>: 灾难面前的人们总显得脆弱，希望你们能够坚持住[心]明天会更加美好,<無言的老僧>: 希望伤亡可以减小到最少，希望中国团结，相信政府。,<须璟鯨>: 天佑天津[蜡烛][蜡烛][蜡烛],<建国后动物不许成精>: 回复 @喵了个咪的蛮喜 :有病,<秋日之千>: [泪]// @贾樟柯 : 天塌了。// @向啥啥红 :补充郁骁的图片说明：图8中的这个阿姨在爆炸中失去了独子，正哭着给老家打电话报去噩耗，第一句话就是“天塌了”[流泪][流泪][流泪],<喵了个咪的蛮喜>: 这时候就不要渲染这些负面的情绪啊,<文七娃>: [蜡烛][蜡烛][蜡烛],<洋芋喵儿>: @Jaimetescheveux,<冬言>: [伤心]// @贾樟柯 : 天塌了。// @向啥啥红 :补充郁骁的图片说明：图8中的这个阿姨在爆炸中失去了独子，正哭着给老家打电话报去噩耗，第一句话就是“天塌了”[流泪][流泪][流泪],<张富华C>: 天塌了。// @贾樟柯 : 天塌了。// @向啥啥红 :补充郁骁的图片说明：图8中的这个阿姨在爆炸中失去了独子，正哭着给老家打电话报去噩耗，第一句话就是“天塌了”[流泪][流泪][流泪],<Florita->: [蜡烛][蜡烛],<南山焦兹凰>: 祈祷，默哀。安全事故这么YY发生啊。反思。,<無言的老僧>: 天津朋友出面尽量带好口罩，避免化学物品爆炸后的空气污染。,<Irina_xly>: 不加滤镜会死？我们要的是真实，不是渲染,<北投少女陈小雲>: [伤心][蜡烛][蜡烛][蜡烛][蜡烛],<然也10>: [蜡烛][蜡烛][蜡烛]]
bjyouth	你们那下雨了吗？来报坐标吧！[浮云] ​​​	[<誰誰誰誰誰誰誰家的小粗腿>: 牛街[泪]没有伞,<Frank_杨杰>: 良乡刚打雷，现在没事了又，狂风呢？暴雨呢？,<水中孙小倩>: 丰台正在刚才闪电了[闪电]️,<敦敦变>: 五棵松这边下半天了,<暖暖YYZ>: 北京首都机场下雨啦！,<生活D记忆>: 狂风暴雨，我在东莞塘厦,<所有云南人>: 回复 @dream_sunzn :啊？我刚出来，还说呢，可千万别下雨啊,<苗苗和树树>: 广州正在大暴雨中,<km的慢慢来>: 昨晚下了一夜，昆明[哈哈][哈哈]]
bjyouth	在慢镜头下，小短腿柯基们屁屁的晃动频率实在太销魂了，你们感受一下 [哈哈] ​​​	[<洛祁的烟火>: 回复 @Scoot-N :[大哭][大哭][大哭]咖喱~咖喱~,<mtlin>: 可爱的小短腿 就是太贵了,<好女孩王二狗也流氓>: 回复 @神的孩子爱吃肉 :滚滚滚,<Scoot-N>: @在running的洛祁  刺激一下你,<Gwaa>: @Chingyi_Ho  啊啊，好萌噶系！！,<努力奋斗谭上进>: @Yiponyocheckitout,<FUPEIPEI->: @抖S女王是总攻大人  哈哈哈,<少男美战士>: @曹包子脸plus,<Aragakimo>: 回复 @Myoungsujia :你他妈不是睡了吗,<JaiiiaJ>: @Aragakimo  妈妈给我买[泪],<Mr彭彭彭>: @李萌并不萌  小短腿,<吴先森yeah>: 回复 @詹欣怡啊 :好像兔子一蹦一蹦的[花心],<押尾光太一>: @吴先森yeah,<我等自己>: 又想起我家的黎有狗[悲伤]// @Vista看天下 : 好萌[色],<史黛拉Stela>: @oamymio   @bella是贝拉,<Palmer->: @wielewaal_,<Yi-JCH>: 回复 @_卡洛米 :没钱,<糖色迷人>: @Blah_blah_Wang,<張钊炜要改变>: 回复 @彭狗彭高考_ :但愿如此吧！,<和那谁的>: @施主看过来  天呐(「 ﾟДﾟ)「,<dalibaoba>: 这货天生就没尾巴？,<彭婧婷正在充电_>: 回复 @張钊炜是苦逼高三狗 :我家一开始也不准，养了以后他们又爱不住了,<張钊炜要改变>: 回复 @彭狗彭高考_ :对头！,<彭婧婷正在充电_>: 回复 @張钊炜是苦逼高三狗 :搞定爹妈是关键,<張钊炜要改变>: 回复 @彭狗彭高考_ :给养得了也不知[生病],<彭婧婷正在充电_>: 回复 @張钊炜是苦逼高三狗 :哈哈，本王会等的,<張钊炜要改变>: 回复 @彭狗彭高考_ :先等特成我儿子再说！,<彭婧婷正在充电_>: 回复 @張钊炜是苦逼高三狗 :老子要当你家短腿的干爹！,<張钊炜要改变>: 回复 @彭狗彭高考_ :[挖鼻屎][挖鼻屎][挖鼻屎],<彭婧婷正在充电_>: 回复 @張钊炜是苦逼高三狗 :好心艾特你[拜拜],<張钊炜要改变>: 回复 @彭狗彭高考_ :一天毒我！,<张讨嫌>: 回复 @尧果子 :背面像兔子,<彭婧婷正在充电_>: 回复 @張钊炜是苦逼高三狗 :我怎么说[doge],<桂圆依然爱着的盛夏光年>: @大明最爱吃桂圆,<張钊炜要改变>: 回复 @彭狗彭高考_ :你这个人啊[doge],<埃里希古德里安>: @江南警哥  柯基[偷笑],<OhCheers>: @来自西安的喵星人   @安静Amyzs  ,<潮水白帆>: 我操！！可爱！！,<柳萌子>: 怎么跟小兔子一样[兔子],<渣喵拉>: 回复 @WintelX :duang～,<-半步成诗>: @Zbx想简单些,<回头看见一只狗_>: 回复 @橘子and琛子 :款爷，送我一只,<Yi-JCH>: 回复 @_卡洛米 :柯基,<湖畔Celine>: 好好的狗，却跑成了兔纸[doge][doge][doge],<彭婧婷正在充电_>: @張钊炜是苦逼高三狗  [doge],<vanessl-L>: 回复 @张晓晓eliza :可爱死了,<回头看见一只狗_>: 回复 @橘子and琛子 :好可爱，这是什么狗,<张晓晓eliza>: @李怡霏_Vanessa,<Bitchili>: @_帽子先森  我要死了,<木星丶丶>: 不能免疫短腿柯基[好爱哦],<吴套路MW>:   @C____YY,<叁月半_>: 回复 @熊脸熊腰熊孩子 :看过[微笑],<Yi-JCH>: 妈呀[色] @_卡洛米]
bjyouth	#谁能代表13亿中国人#是你么？ ​​​	[<新流浪人们>: 走出国门后，每个人的行为都能代表中国,<Array3at>: [挤眼]想去昆仑山么？一起来吧！我们等着你,<sjsjsj我love>: 陈志朋也去我最爱的一位明星好想去。,<龙ZHANGSHAN>: 不知道这类活动怎么样，也没有观赏过这样的节目。,<电信王朝Li64>: 习大大会去雪山嘛？这么宏伟的挑战，他要是能去准轰动全世界[笑哈哈],<班布不是班固>: 是每一个人格独立的中国人,<狼里眺>: 小老百姓默默路过,<精神病全出院了>: 能代表的，只有我党！,<扛着枕头>: 反正不是人民日报…,<轩轩醉解>: 不服党的领导？？你应该起来革命！！[太开心][太开心],<無的忌>: 是党[doge]]
bjyouth	无论是动物还是人。。宝宝叫妈妈醒来的方式。。果然都是一样的。。。。。。 ​​​	[<Daniel是只猫>: 第四个 @张梨妹  [doge][doge],<不玩这个了>: 回复 @小旺福呦 :好呀,<雅典娜给了潘多拉智慧>: 看的心化了 熊猫[爱你],<米粒儿的饭>: 经常提醒晴天：爸爸也是个人呢[泪],<卷纸三桶>: 回复 @-I-Miss-U-Missing-Me :有肉才好看,<温柔又随和>: 大毛要疯！[哈哈] @一圈圈园,<-I-Miss-U-Missing-Me>: 回复 @卷纸三张 :那只熊猫睡死了 [眼泪]好萌,<卷纸三桶>: @-I-Miss-U-Missing-Me  找不同,<从前有一只兔子又来了一只兔子>: @lengsione,<小肠儿>: @陈林某  你看你看,<飞机火车潜水员>: @宝持的宝  [嘻嘻][爱你],<小旺福呦>: @张凯Echo  小象象好可爱,<zdxxzdx>: 熊猫宝宝好可爱[爱你][爱你],<木欣欣以向荣_阳>: [哈哈] 其实妈妈不用叫，娃娃一有风吹草动马上就醒了。这更像是妈妈困极了装死，娃娃在百无聊赖搞破坏。// @黄西Joe_Wong : [月亮][月亮]// @说笑空间 :转发微博,<康熙晒太阳_>: @CV_Vicky无珏_丽江  第二张,<喵喵喵喵喵>: @啃喵呜的玉米  [哈哈],<Si_Chen-then>: 回复 @Ju9_CT :呃 水哥其实挺温柔的,<高遥遥遥遥遥遥>: 萌萌哒[月亮][月亮],<啊西呀么西北风>: 只有我注意到那个红红的屁股了么……,<315惨剧击溃淘汰郎>: @恐令晖反射无效,<小样儿亲娘>: 好吧！我深有体会...真的是每天早晨这样被叫醒[泪流满面][泪流满面][泪流满面][悲催],<黄石好运>: 叫醒爸爸更狠些// @叶青 : // @庄园的统治者 :好可爱的孩子[嘻嘻]// @黄西Joe_Wong :[月亮][月亮]// @说笑空间 :转发微博,<Gumtrees>: 我记得好像大象是站着睡觉的，这样倒下的，可能是挂了？请高人指点。,<烧锅炉的锅锅同学>: 第四个是亲生的吗？ @壬dxd  [思考][思考][思考],<碎碎念睡睡>: 第四张，你别睡了，你说你说你是不是在外边有狗了？[doge],<鞭具刘頔>: @八特ouyang,<我的七宝萌萌哒>: 第五个是亲生的吗？,<没大没小的林汤圆>: @皮厚肉痒的方先森,<Whitedab>: @Lo6_CS  你是水哥的妈妈,<l9824>: @小面包喜欢喝牛奶,<橱窗里的小Judy>: 回复 @淡不能忘 :高级动物～～,<淡不能忘>: 回复 @稀奇就是很稀奇 :人也是动物…,<橱窗里的小Judy>: 哈哈哈 @淡不能忘,<大mi_ffy>: 扣眼睛，扣鼻孔，拍脸…用屁股坐你脑袋上，让你睡[泪]]
bjyouth	小变色龙破壳而出全过程[挤眼]竟然是淡蓝色的~ ​​​	[<鹿鸣x>: @ff包养的小黑脸  真漂亮!,<一眼丸子>: @-Eran-  好看死了,<怪物怪物丹>: [思考] @六翅大马蜂,<吹弧者->: 回复 @me0wry :哼,<me0wry>: @FyNan-  好想rua死,<Islandboy>: 爆可爱，都想养了！// @踏月寻熊 : 好可爱 // @玲珑入画 :转发微博,<沈大大是仙人>: @S-tones,<这个有点好吃>: 啊啊啊啊啊啊好可爱！！！// @鼻涕炒肝ZC : // @F-陷入财政危机 :啊啊啊TT// @喝唔壶 : // @拉面驴肉饼 : // @金趴趴-修川徐铁来一口伐 : // @墙上的一滩蚊子血 :// @京城郎叔 : 侏罗纪公园既视感,<TBe_BX>: 回复 @Nobody_A :哇~~~~~~~~,<Nobody_A>: @为未来奋斗的little菲菲  AWWW,<每天一声苏打绿>:   @南方的小小丑,<一哐猪>: @wangzheerdaye  好可爱,<陆离lwy>: @黑眼圈的猫zZ,<屺岫于河>: 回复 @Siloon :没有啊，只是觉得好神奇。,<Siloon>: 回复 @屺岫于河 :你想养？,<如果胸口有过温暖->: @有一只猫叫LittleOlie,<Sixyuna>: @素直富翁   @貓系理工男u,<高碑店村民实名>: 北京市高碑店村改造： 领导：打着城市新农村改造的旗号，喊着为老百姓造福的口号。 村民：家家借钱，户户贷款，民不聊生，欲哭无泪，欲诉无门。 工程：包工队没有资质，偷工减料，建材伪劣。 就在首都北京，就在四环边上，历史中的贪官复活了，圈地运动，老百姓又过上了暗无天日、胆战心惊的生活,<构的语法>: @无敌周周向前冲,<恐恐惧郑郑>: 回复 @手机用户121212121 :因为我在用另一个号[馋嘴],<李师傅方便面>: 回复 @狗旋旋 :[可怜][可怜],<大了个卷_卷>: 回复 @RhythmFan :小图还以为是橡皮泥,<渐冻人FFF>: 回复 @屁君pp :[可怜]这个颜色[可怜],<Pijunpp>: @闰土君强行a了兔,<__西卡卡卡卡西>: @__嘛喇九  就是这样的,<HiraZoh>: 回复 @亲爱的小芽 :那就不养它[doge] 只养吃青菜的～,<_小芽>: 回复 @HiraZoh :面包从和蟋蟀[生病],<HiraZoh>: 回复 @亲爱的小芽 :活的话就是一些面包虫和蟋蟀，还有就是果子就好噜，像绿鬣蜥的话就只吃青菜～,<RESIKY>: 回复 @惊蛰sun :哈哈哈，像牙膏一样别用混了,<AWAKEN_sun>: 回复 @RESIKY :养养养,<_小芽>: 回复 @HiraZoh :食物是什么呀,<手机用户121212121>: 回复 @phxbe :你好久都没at我了哈哈哈哈,<恐恐惧郑郑>: @手机用户121212121,<屁獸_獵殺ry的狂犬>: 回复 @iugiu捞丁防晒霜狂魔上线 :看到了[思考],<点赞狂魔core撒玛>: 回复 @-旋木 :养只蜥蜴吧，感觉又不会太脏，有比较有意思~,<Blue----Dream>: @B放肆杖毙   @PPPP大莹   @遇见爱情913,<HiraZoh>: 回复 @亲爱的小芽 :挺可爱嗒，以后要养就养这种，食物也不会让卟怕怕～,<·April·>: @Toooooooony-H,<我得换个神秘的名字>: 回复 @可能吧_ :这是真的假的[懒得理你],<亽-亽>: 回复 @屁獸_獵殺ry的狂犬 :话说田中圣有微博了[打脸][打脸],<屁獸_獵殺ry的狂犬>: 回复 @iugiu捞丁防晒霜狂魔上线 :[眼泪],<親愛的小二神>: @Allen123fly,<亽-亽>: @屁獸_獵殺ry的狂犬  的孩子！( º言º` ),<脱脂棉纱布毛毯棉布团L>: @耳东人土土7  这个太萌啦！！！,<negatiive-->: 回复 @糖炒生煎包的栗子 :简直又可爱又好看 [泪流满面]要养要养[泪流满面],<小汤圆_zzabb>: 回复 @李囧月纯 :这颜色好清新,<Tiiinybox>: @小麦MMMMMM,<小白喝鲜奶>: 回复 @糖炒栗子欢乐多 :他爸爸我还没那么饥渴 他饥渴个P,<崎狸是猪不是猫>: 回复 @小白喝鲜奶 :[拜拜]你都不找只母的排解排解人家的寂寞,<小白喝鲜奶>: 回复 @糖炒栗子欢乐多 :公的生不了娃[笑cry],<晚安不如早安_>: @从前有片大森林,<崎狸是猪不是猫>: @小白喝鲜奶  你们家的什么时候生娃！,<N___X>: @captainCoCo_]
bjyouth	#饮水升级，妈妈在行动#你以为对孩子的爱是100%，但可能你只爱了TA的30%。 ​​​	[<广州钧捷国际启单>: 海拔那么高，哪的水应该就很干净了吧,<Hipmemo环贡寒>: 水是生命源泉啊！健康的水才是健康的保障啊！,<琦妙幻想屋卉瑞锵>: [威武]空气也是可以选择的，只要我们好好保护她,<最爱de包子0>: 现在的水污染太严重了！好水才能让人放心，健康饮用啊,<eonbell满巩染>: 现在很难找到什么零污染的健康水了！,<开药铺的>: [ali欢呼]看到就知道需要重视的喝水问题了,<Me跢FSWTF>: 为了我们的自己的身体，[亲一口]升级饮水吧,<街拍And音乐7>: 只有健康的水才能养出健康的人，喝水一定得健康。,<陳耀麟6>: [鼓掌]很好啊，饮水健康不能忽视,<嗨嗨娴宝宝0>: 水占人体的百分之七十，喝好水更健康。[威武],<1W辉>: [转发]喜欢雪山矿泉水真正无污染好水,<听说迩是处>: 水跟健康的关系是相当大的！,<北極的陽光2011x>: [馋嘴]这些我们需要好好的引起注意才型的咯,<了大王k>: [哈哈]这样的提议我们觉得非常的到位哈,<本陌芜殇>: 到底怎样的水源才是最适合我们的呀,<常德招聘0>: [兔子]所以选择雪山矿泉水是很有必要的啦,<历朗河>: 海拔高的雪山水肯定是好水给孩子喝，我放心,<哈喽米妮7>: 为了我们的健康，保护我们的饮水健康,<丑丫荷兰猪>: 看到这个就有点触目惊心,<矍槎R守>: 一些地方是严重缺水了，让人很担心,<屠龙杀手>: 水资源很珍贵，不能浪费,<严文婷小迷糊j>: 这样的环境，[哈哈]我们必须升级饮水才行,<台安联通>: 老家的水真的很清澈，随便喝都行,<訍鄯E烨>: 为了家人的健康，还是要有好的饮水,<明菁a4>: [bm可爱]希望我们的饮水会自然健康,<ALing微博京>: 影响到我们饮水的因素有很多的哈[赞啊],<宅男宅女的冷笑话0>: 看到就知道我们需要注意的问题了[撒花],<终身美丽amanda蔚蔓>: 世界水日，[好喜欢]希望我们好好喝好水,<棠o香>: 我发现以前有一些人随意浪费水资源,<ZZZ任何人维偌>: 世界水日，我以前就会关注,<任惠lattimore>: 给宝宝喝昆仑山矿泉水，很不错,<陇西在线车辆网>: 好东西就是要大家分享。,<Dievivian>: 保护水资源人人有责哦,<阳远QI>: 现在的水不过滤，简直没法喝啊！,<图善sssscf>: 选择零污染的矿原水很重要,<小劫天下>: 我们的生活就是需要这种无污染的。,<鑫Jovita敬>: 我还不打算升级家庭饮水，因为水资源没有被污染,<壮婉Gina20121221>: 喝过一次西藏带来的雪山融雪水特别清凉。[挤眼],<bboy馮朝录彬>: 饮水不当，这个问题，是有的[哈哈],<利震黛樱孑>: 缺什么也不能缺了质量好的水！嘻嘻,<杰克林中鸟双伍>: 感觉这雪山矿泉水挺不错的。,<野生QQ>: 现在水污染挺严重的，饮水健康问题一定要注意。,<刘丁毓麽若丨>: 看样了，雪山矿泉水现在很受欢迎。,<仲德surrey>: 好干净水才会身体健康，我一直很坚信这点,<壁娴日韩服装女装批发>: 我们一定要积极保障水的质量，不受污染！,<幽蓝香香>: [威武]喝水就要喝干净无污染的水,<张稀纹茗建>: 雪山矿泉水没有污染，喝起来肯定更健康。,<赖致俊>: 整个生产过程无人工触碰。,<YLSDMMn>: 水跟健康的关系相当的大呢。,<桓永靳簪娅>: 喝健康无污染的水才能健康！,<At天天哥哥>: 我们就是要选择健康的饮水[嘻嘻],<云上影只>: 我们可以选择好的空气，我们可以保护环境]
bjyouth	#午间一乐#汪星人，你真的够了，拿驾照了吗，这有模有样的！[哈哈][哈哈] ​​​	[<费加罗迪>: @老麦和小麦shiba,<陈北轩>: [哈哈]// @黄西Joe_Wong : 可爱[哈哈]// @说笑空间 :转发微博,<W珍妮loxe>: @刘志轩嚕路  跟你一样!,<吸猫的Ying>: 很专业的样子嘛[偷乐]// @黄西Joe_Wong : 可爱[哈哈]// @说笑空间 :转发微博,<瓦大门>: 这也太那个了[哈哈][哈哈][哈哈],<梁汕柏>: 建国后的动物不许成精// @黄西Joe_Wong : 可爱[哈哈],<丫咩他爹>: 厉害⊙▽⊙ // @黄西Joe_Wong :可爱[哈哈]// @说笑空间 :转发微博,<equall_z>: @滴滴叭叭淘车网-equall : 卖车买车尽在滴滴叭叭淘车网，滴滴叭叭淘车网让你买车卖车更放心[good][good],<士兵潜伏>: 有模有样[哈哈],<虹之梦->: [笑哈哈][笑哈哈][笑哈哈][doge],<haikuotiankong988>: [哈哈][哈哈]]
bjyouth	#午间一乐# 被汪星人的机智森森的折服惹。。。[doge] ​​​	[<Shelhon>: @Foreverxh_,<璐哥特没溜儿>: 回复 @陈安稷Milo :好可爱！,<NarcissusOMG>: 汪星人最可耐！[爱你],<宗之潇洒美少年i>: @嚼不碎的瓷瓜子  养狗还是养猫呢 好纠结[思考][思考][思考],<盼盼刘->: 跟你一样机智 @Cynthia哦呀呀,<肖易果->: @-Deer顾婧娴,<Clementine_Kid>: @玛丽猫大叔  还是要养狗！,<岁月静平>: 不知最后两张是不是训练的 @国泰君安陈兵   @哈萨克的雄鹰,<胡姑娘说胡话>: @ber了吧唧  感觉已超越人类,<一一一一一一一一亖>: 怎么培养狗狗进门擦脚的好习惯,<夜_殿下>: @为了睡觉而奋斗的清依大神  努力一点，你快有这么聪明了…,<Onlyliujia>: @怪兽九三十   @小莫杍  好聪明啊,<陈安稷Milo>: @泡面泡焦了小姐L,<叫我Clara>: @刘豆豆爱自己  第五个太特么机智了哈哈哈哈哈哈哈,<Dacsr>: @KKKKARI,<妮妮快回来>: @ld213的小窝,<我d悠长假期>: [哈哈][哈哈]// @凤凰周刊 : 🙈🙈,<牛牛牌妞妞>: 阿汪你好聪明呀 @王越nada,<呤思>: [爱你][爱你][爱你],<红黑刷子>: @芋头_sara,<wenying37>: @rogerma021  目测智商都在112以上啊！ [哈哈][哈哈][哈哈],<玩偶之家娜拉>: @叫我LIN酱   @大门牙Monica  @// @凤凰周刊 : 🙈🙈,<混吃等死的鱼_>: @冯超-CrazyTempo  [求关注][求关注][求关注],<8023叮当鱼Shadow>: 太机智~// @凤凰周刊 : 🙈🙈,<虹之梦->: [bm可爱][bm可爱],<平安青山>: 都成精了[哈哈],<悄悄射死你>: 大汪星人[爱你]]
bjyouth	#神雕侠侣#今晚上映。又能看见姑姑了…好开森[哈哈] ​​​	[<想喝拿铁的折耳猫>: 1，喜欢陈妍希，真的很漂亮啊。黑子都什么心态,<会飞的吉吉猫>: 为什么小龙女是白素贞的发型？,<何信良1980>: 果断选李若彤// @北京青年报 : [doge]最喜欢谁演的姑姑：1：陈妍希 2.李若彤 3.刘亦菲 4 范文芳,<和甜善美>: 经典的、老的味道～李若彤,<夜夜笙歌慢>: 速将我彤与其他三物分开摆放！！[挖鼻屎],<鲍牙子>: 选2，第一次才是美好的！我觉得这个很大因素跟年龄有关~,<光影爱年华>: 总是觉得老的经典……,<一米水田LL>: 喜欢李若彤，刘亦菲,<赵淑权>: 最喜欢谁演的姑姑：1：陈妍希、2：陈妍希、3：陈妍希、4：陈妍希,<兔儿爷lililili>: 哇，好养眼，好养眼，好接地气,<朕-认为>: 看以前小龙女的时候，最纠结就是他被伊志平给上了。看了这部我就不那么纠结了。,<gdjkghoylkhlji>: @读书人啊要有些涵养   @等一片光明  ,<帅子写出我一生>: 3333333333333333,<金砖基金>: 这个笑得不是姑姑,<Alice-vivid>: 美～仙～傻[拜拜],<CMS-郭远玲>: 最后一张，王宝强版老姑姑，表情亮了~~[din推撞],<摩羯座的菇娘>: 最好的永远是李若彤,<大山的子孙爱月亮>: 我姑姑2面前得胃癌死了，我表妹哭得好伤心……,<小雨点82475>: 其实刘亦菲最仙，最符合小龙女，知识杨过被黄晓明给毁了，天下城娱乐认为杨过应该让霍建华来演[哈哈],<BO妞波妞>: 北青报，你有意思没,<蓝湖数码>: [doge]经典2]
bjyouth	当“爱”降温时 #热杯牛奶温暖TA# @吴琼琼爱画画 ​​​	[<胡涧莉>: 滋润的热牛奶养出女人好气色,<跪舔你life>: 热牛奶在舌尖缓缓流淌就是幸福,<哲学kaTie>: 有这样暖心的爱人何尝不幸福呢,<孟汪汪i>: 热牛奶就是幸福，最平淡的幸福,<戏子最无情>: [鼓掌]每次妈妈看到我喝热牛奶都是一脸幸福呢,<wzywzy06>: 满心的感动吧，其实这就是爱情,<销魂渡>: 是妈妈给我的第一杯热牛奶，现在是我给妈妈热牛奶[鼓掌],<独爱cx的世界>: 享受了多年的妈妈的热牛奶，我也该回报了[月儿圆],<混沌致远>: 热牛奶对我就是一种象征符号了,<zltb711817>: 你可以没有钱没房但是必须有爱我的心,<心允月>: 这样可爱的女生很懂得感恩呢,<_分手做朋友_>: 偶尔的热牛奶也会让对象感动呢,<Rober__诉说>: 早晨起来，最好一杯香浓的热牛奶，我才会精神啊[月儿圆],<pasible->: 回复 @ykykykykyk :[爱你][爱你][爱你],<ykykykykyk>: 回复 @蒙娜丽欣 :我们相互理解扶持，再大的困难都不放手,<VV子龙>: 总是在洗漱后马上喝一杯热牛奶醒盹的,<X7m太子>: 都爱热牛奶，要是爱人的那最好了,<坏坏吼熊>: 早晨被热牛奶唤醒是很美妙的一件事,<美丽漂亮才女人>: 小情侣大抵都是这样的吧,<恶霸毛咕>: 我们一家三口都是很爱热牛奶的,<看着很远>: [xkl转圈]香浓的热牛奶让我的清晨就舒心,<左手菜刀炒股>: 慢慢享受热牛奶在最终融化的赶脚吧,<中国顺风棉花>: 不知不觉中已经养成了引用热牛奶的习惯啦[xkl转圈][xkl转圈],<请不要刷新我的三观>: 家里都喜欢热牛奶，消耗还是很大的,<鲁旭笑了>: 大家都知道热牛奶是好处多多的啦,<人若尘埃花似梦>: 热牛奶醒盹其实我也是这样的习惯,<么明牛牛>: 不能忍受对象对我的忽视我也是这样的,<血色Lost爱情>: 不知不觉中对热牛奶已经依赖了,<世界我最帅>: 每天早上吃饭，总会有爱人提醒我喝牛奶，提醒的不仅仅是健康，还有爱我的这颗心,<祝耀尹>: 相信没人不喜欢热牛奶的吧,<小虎牙海丽>: 在外喝杯热牛奶，暖和了不想家,<pasible->: 回复 @ykykykykyk :冬天气温降低，但总会回暖。我们的爱情有可能随着时间推移，不再是热可可，但温开水却也是每天的必须，就像我们拉手慢慢地散步，细细地说话。晚上等你回家，睡觉前给你热杯牛奶。我愿意天天如此。[爱你],<心中有真谛>: @一米阳光晃悠悠  爱很简单// @北京青年报 :  #热杯牛奶温暖TA# 他会不注重你穿哪件衣服，是因为他觉得你穿什么都很美；他会忙到对你有些许忽略，是因为他想给你更多幸福；他有很多缺点，但他很爱你，冬天，请热一杯伊利牛奶，温暖他！]
bjyouth	少侠真是好身手！[赞] ​​​	[<笑隆戈>: hit girl啊// @黄西Joe_Wong : 太酷了。// @说笑空间 :转发微博,<春天杰作>: 发型像不像迈克尔杰克逊？,<月半的李sir>: // @黄西Joe_Wong : 太酷了。// @说笑空间 :转发微博,<life4rent>: @Misssu320,<德璐上尉>: 为什么会向上飞？？,<闲人梁小色>: WoW// @黄西Joe_Wong : 太酷了。// @说笑空间 :转发微博,<阿夏提>: [赞][威武]萝莉,<岁月如歌show>: 自古英雄出少年啊！[赞]// @黄西Joe_Wong : 太酷了。// @说笑空间 :转发微博,<达小就是个情种-小后盾>: @_默默咪呀_  必须得生一个这样的 ,<我去办>: 我想知道这个角度的踢法瓶子是能向上蹦么[思考],<涂饰商情—涂料全国推广服务中心>: 谁愿意当矿泉水瓶？,<陈小四同学>: 哇靠。。。姑娘啊，你真是条汉子！！！[good]// @黄西Joe_Wong : 太酷了。// @说笑空间 :转发微博,<杨洋天天星期天>: 我死活做不出瓶子向上飞的受力分析，对不起物理老师,<viconqi>: @果壳网  给证个伪,<顺爷要起飞>: 学习功夫哪家强？？？,<土土乐队>: 回复 @用户46iky4pywn :[good],<穷忙的土豆>: 那么问题来了。。,<云之匆匆兮>: 少侠真是好身手！[赞]]
bjyouth	读了几十年书居然解不出这道小学数学题也是醉了。。。[拜拜] ​​​	[<泥娃blues>: 我读书少，你们别欺负我,<安吉丽娜白茶>: 说没答案的都是没仔细看题目的。,<易事通商卡办卡中心>: 我知道了，拿着尺子量一下宽度跟空白的宽度，肯定一样！,<若笑2011>: 请问怎么算出来的？ @北京青年报,<男人三十一枝花love>: 我小学没毕业，求大神告知答案,<Cr_就很难>: 答案是  不能 题目也是醉了,<格格要努力>: 少了一个条件，你妹的,<断崖无痕>: 尽管至高中数学成绩[赞]，其实际计算能力——连买个菜都不核算～～杯具,<GA4346>: 小學一年級蹲了九年？,<禾子日41>: 谁算出来给个答案？长度缺少，怎么算,<wh翼動的风铃>: 我不能，做不到哇,<凡夫俗子_张小川_愿君修行利众生>: 回复 @楠亚赵 :你把答案说出来啊[汗],<体重定格110之上的小胖墩>: 怎么算的呀？[大哭]为什么我算不出来呀？,<No_Mountains>: 答案是不能。。// @北京青年报 :这么简单你们都算不出[衰]// @凤凰周刊 : 好心塞。。,<王永>: 看来文科生和理科生还是有差距滴……[偷笑]// @北京青年报 : 这么简单你们都算不出[衰]// @凤凰周刊 : 好心塞。。]
bjyouth	2015年开播的电视剧，哪个是你的菜？！！（转） ​​​	[<我是你的penny啊>: 盗墓和活色生香[亲亲],<核桃mcpdhw>: 爱情公寓和盗墓。。。[哈哈][哈哈][哈哈],<forever--不忘初心>: 花千骨，和云中歌,<映小雪雪>: 爱情公寓和盗墓笔记，超级期待。。。,<Q空气中的浮沉Q>: 活色生香和盗墓笔记[爱你][爱你],<呆书紫>: 好久没看电视了，感觉自己落伍了。高中离开家，现在大一离家更远了。好想我家的电视。什么时候再回到您身边一起看电视？[泪][泪][泪][泪][泪][泪],<米奇米妮米菲>: 活色生香和盗墓笔记,<桔子小怪Lei>: 只希望不要把   花千骨  和  华胥引   那么唯美的小说给拍瞎了～比较期待盗墓笔记[嘻嘻],<婧jing爱生活>: @洁要去上海ing,<爱笑的momo>: 我想看猫腻的庆余年,<梦里hua落>: 怎么没有秀丽江山，忘了么？]
bjyouth	铁汉柔情：我唯一的遗憾是，军旅生涯结束的时候，我并不能带走你。via军报记者 ​​​	[<怎奈又是一个春>: [泪][泪][泪],<灵光树下>: [悲伤][悲伤][悲伤],<大闸蟹716>: [泪][泪][泪][泪][泪][泪][泪][泪][泪][泪][泪][泪][泪][泪][泪][泪],<午后小懒0427>: [泪][泪][泪]]
bjyouth	#午间一乐#军训你个吧啦，伦家小女生奏素酱紫扔手榴弹的嘛[可怜] ​​​	[<抗争的蜗牛-崔涛>: 没炸死都摔死了。,<经济背景2014>: 军训用真枪实弹呀[震惊],<向明-Xiangming>: 不要再抱怨军训不让玩真家伙，教官几个心脏也不够你们玩的,<是二姑凉耶>: 教官把那女孩……,<岳远朋>: [江南style],<Diamond鲁拉蕾>: [笑哈哈][笑哈哈][笑哈哈][笑哈哈][笑哈哈][笑哈哈][笑哈哈][笑哈哈],<云之匆匆兮>: @婷婷蒋-TINA,<北辰待心归>: @南心期辰暖  [哈哈][哈哈][哈哈]]
bjyouth	15个性爱冷知识……………………………………………………………………………………… ​​​	[<AlanYan41>: 回复 @TheOnlyMaryQueen :这。。还真没听说过,<TheOnlyMaryQueen>: @Alan是一架轰炸机  可食用内裤是？,<李旭东679>: @famy77  ，晚安，睡吧,<LLoooooo>: 减肥——第14条！！真的假的？ [惊恐],<-王璐丹->: 回复 @杨珂祯_ :你这个禽兽 @杨珂祯_,<shaojie-->: @我只是为你存在的,<茉莉花香不>: 看到第十四条，我才知道我为什么胖了,<LOGO射鸡尸>: 谁需要設計logo,找我就行了，看我微博就知道了,<天蝎座1900>: MD,没事干了吧？,<红红火火恍恍惚惚1II1>: @米苏呢悟拉丁   @郭志毅_   @闫俊亚   @苦逼孩子啊,<Liew_Lap_Wai>: @Maggie挑不了  ····,<将胖就胖>: 为毛我喜欢直奔主题 @来小西,<Sh1neYang>: @Jachoy_,<北京青年报>: 回复 @请叫陆露女boss :[挖鼻屎],<王尼玛巴杂嘿>: @包子小童鞋  ,<incoming>: [ok][威武],<请叫陆露女boss>: 。。。。没有男朋友,<牧马人Vincent>: @陳Eternity]
bjyouth	狗狗看到鱼死了，拼命把水泼鱼身上，好善良的汪！！！ ​​​	[<macroblog_>: @勤劳的小蜜蜂嗡嗡,<良子Kenny>: 善良聪明的狗狗[眼泪],<CN_蘭>: 这汪太感人了[可怜] @張巧巧不是傲嬌的小菇涼,<不安分的anya>: 心都化了，心都碎了,<Raingo_L>: 眼看救不活，汪把鱼吃了,<-Sassy>: 好有灵性，好有爱，[心]。,<卷卷der_cc>: [泪][泪][泪][泪][泪],<jessiemini酱>: 比有些人都有人性[good],<阿猫_____>: 这么可爱的小动物,要把多少所谓的人比下去,变成活活的畜生啊[怒],<汽修点评网>: 【如何避免交通事故】①并线或刹车的时候先看反光镜；②没事儿别走紧急车道；③注意跟车距离；④转弯时别和大车并排行驶；⑤城市里面特别注意红绿灯；⑥规划好路线，别晃点别人；⑦尽量不要夜间行车； ⑧合理使用灯光；⑨出事故后，赶紧撤到安全地带。,<朱海坪全球第一导演>: 这狗是人转世的吧?,<糯米小洛>: 想想我们身边的个别人  真的有一种想流泪的冲动,<红黑刷子>: @芋头_sara,<tianqingdianzi>: 这狗狗太有爱心了[泪],<jianhl>: [泪][泪][泪],<川藏线木雅人>: 回复 @徐付群 :我家在川藏线318国道边:1.川藏线人文.历史.风景照片每天直播.[飞机]2.每天更新介绍康藏历史文化.徒步骑行路况.摄影.川藏线美食...[握手].3.我不是导游.不是旅行社.微博内容纯属个人爱好.[微风]4.微博所提旅行建议.全部亲身经历（仅供参考）,<linbiao5304>: 叫只猫来看看会不会这样,<徐付群>: 如果谁再用“狗”这个字骂人，我会发自内心地蔑视他的。,<ANDRIYBelieve>: [泪][泪][泪]]
