BMAL	Kawaii ​​​	[<丢林基摆>: 想买！！嗷嗷少女心！,<BlytheLucy>: 求出[泪][允悲],<鹿CHACHA>: 可以说是好看爆了,<人间小卖部>: 超可爱！以前逛ins经常看到好看的徽章，可是没法买，要是大大也开始做太棒了！,<联考不过前80就不打屁股的七崎>: 这个这个 可是说是非常好看了]
BMAL	SUPA KAWAii！ ​​​	[<飞爷咯>: 嗷嗷嗷 鍾意啊！,<Currant林和染>: 我都打开日亚打算买了[大哭],<-BMAL>: 不要誤會，是貼紙而已。,<ClaireSuen>: @大eyes_  心动了,<莫桃桃桃桃>: @马云霄Zz  我心动了,<007owo>: 和我的一样耶[兔子],<长的可真丑>: 希望有卖[憧憬],<张扬与放纵>: 可爱！要买！[花痴]]
BMAL	紙很珍貴，就算是割下來的廢棄邊角料，也不可以放過。 ​​​	[<Iamzx_支田田>: 回复 @-BMAL :呀！你是白莲花吗,<休息保护后排>: 废纸因为你的画变得珍贵了,<-BMAL>: 回覆 @大魔王DemonMiki :Lotus听不下去啊。,<大魔王DemonMiki>: 画的时候在听lotus吗,<-BMAL>: 回复 @桃沢南子 :翠竹小學,<-BMAL>: 回复 @LALA王玄之 :我嗎？謝謝,<-BMAL>: 回复 @Iamzx_支田田 :是不是該謝謝她給我靈感？,<-BMAL>: 回复 @表达贫瘠 :什麼是外公紙？,<-BMAL>: 回复 @Lazi-no :跳荷花莖是。,<Lazi-no>: 跳钢管的大小腿一样粗嘛？,<Ivan_阿滴>: 腿被荷花的刺扎到真的不会痛么[允悲][允悲][允悲],<陈映妆->: 想知道是什么纸…,<一心心心心心心>: 最开始看你的画就觉得你的纸选的真好,<-XionGJingrAn>: 怎么才能有这么多脑洞啊...大大棒棒！,<hirazawayui>: 求问 什么纸 什么颜料 什么笔 太好看了[泪][泪],<迷路的暖暖啊>: 你的脑袋里是不是有一个银河系,<桃沢南子>: po主哪个大学嗒]
BMAL	Lick Lips 秒拍视频 ​​​	[<-少女小迷的奇幻漂流->: [拜拜]买不到你的画是遗憾,<兔美同学>: 老板 想买这个 ☹️☹️,<-BMAL>: 回复 @LALA王玄之 :眼睛那么尖,<金鱼曦少>: 掀開一瞬間美哭了]
BMAL	/////Not Mermaid ​​​	[<-BMAL>: 回复 @MOONYOLK :你一个人买1000本，我才出。,<-BMAL>: 回复 @-童心説- :下辈子出。,<-BMAL>: 回复 @BabyRabby :死了,<Chew_Zz>: 回复 @-BMAL :好 一定,<-KaHin>: 回复 @-BMAL :真棒！,<-BMAL>: 回复 @-KaHin :boring little imagination 故事,<-BMAL>: 回复 @Chew_Zz :加油,<Chew_Zz>: 我觉得自己现在就是这种半溺不死的状态,<BabyRabby>: 为什么没有////？,<鹿子吖>: [泪]真的成你的迷妹了！猴猴看,<cannerTang>: [doge][doge][doge]快出画集哈哈哈哈,<MOONYOLK>: 你要是出画集我一定买,<小清新捷ns>: 太好看了[羞嗒嗒]]
BMAL	還有一個 一不小心畫成宇山娃娃的Licca. ​​​	[<Badciagal>: 哇丽佳，我小学就喜欢买珍妮娃娃，藏了好多,<LXJ大杰子LXJ>: 戴面具那个好喜欢,<Hamsterye>: [污]我一直在等那个手机壳!,<G二哥>: 啊啊啊啊啊啊啊啊啊啊！！！！！！我的妈呀太可爱啦！！！！！！！！！！！！！！！啊啊啊啊啊啊啊啊啊啊啊啊啊啊啊啊啊啊【低吼】,<EvolvedCylin>: 哇 真的超喜欢啊！,<Iamzx_支田田>: 可能都会被我拿走…简直逼我出licca的衣服[doge][挤眼][笑cry],<SailorStars->: 好看死啦[花痴][花痴][花痴][花痴][花痴][花痴][花痴][花痴][花痴],<胸手妹妹>: 不会画画的渣渣边赶毕设边看大触的画觉得内心好惆怅,<GunXGun>: @吃饭不留半粒米   @Kakavia   @elyonXotic_Z  超喜欢这个博主,<帕尼呀0818>: 快快快，搞成手机壳,<常常很饿实果子>: So damn cute...]
BMAL	LICCA CHAN！！ ​​​	[<千千酱很好吃mua>: 啊啊啊想要原图！[悲伤][悲伤][悲伤],<革小措>: 我也想做头像没水印…[难过],<Crytze苏红>: 说要原图当头像会不会有点不礼貌……[失望]+1,<Naomikyx>: @Rikaboba,<一只丑少女w>: 未免也太好看了吧[二哈][二哈][二哈]请问可以求无水印做头像吗∠( ᐛ 」∠)＿,<Ookeyxhyyy>: 说要原图当头像会不会有点不礼貌……[失望],<Iamzx_支田田>: 兔女郎！！！爱也！,<弥年>: @片桐Ithaka  呀！！]
BMAL	[玫瑰] 秒拍视频 . ​​​	[<LULU777xxx>: 有原画卖吗 想买啊啊啊啊,<ZNL_Moomin>: 美的不要不要的！出书就好了,<巴拉巴拉巴啦呼>: 男神画的这些都是商稿吗？还是练笔呀,<siu06>: ozzzzz Dorothy？,<赵老直>: 是一个喜欢雷鬼的小青年,<Iamzx_支田田>: 5060暗号敲敲]
BMAL	最爱的小撇步 秒拍视频 . ​​​	[<苏泊蓝>: 上面那个sex是什么？,<尧子教主>: 黑科技[哆啦A梦吃惊][哆啦A梦吃惊][哆啦A梦吃惊],<巴拉巴拉巴啦呼>: 这背景音乐是什么呀,<Mein_nico>: 看你小撇看了三遍,<银河系直>: 怀疑这是一个nars种草博[眼泪],<餓病>: 早；))))))))),<三土老儿>: 卧槽 这是nars exhibit A吗]
BMAL	“小葱拌豆腐” ​​​	[<噫我叫我自己小可爱>: 回复 @LALA王玄之 :[喵喵],<LALA王玄之>: 回复 @噫我叫我自己小可爱 :是小葱拌豆腐[二哈],<噫我叫我自己小可爱>: 回复 @LALA王玄之 :这不是……白素贞和小青吗……,<我的昵称好炫酷耶>: 这是白娘子，和小青嘛,<普林斯兔>: oh 这色彩！！！,<-少女白露->: 很好，超爱白蛇！,<LALA王玄之>: 非常可口！女娲伏曦图[芒果萌萌哒],<坤乙丙丁>: 太会画了 我的目标,<甩狙少女土萌萤>: 讲道理这个可以出壳子 真心！,<晦涩多餘>: [泪]太好看了！！,<你好可爱住我家吧>: 尾巴可怕又好看[眼泪],<橘盐女士>: 起鸡皮疙瘩的好看,<Ms_阿白>: 好看！！记得发货~,<不露不露梦blue>: [爱你][爱你][爱你][爱你][爱你][爱你][爱你][爱你][爱你][爱你][爱你][爱你][爱你][爱你][爱你][爱你][爱你][爱你][爱你][爱你][爱你][爱你][爱你][爱你][爱你][爱你][爱你][爱你][爱你][爱你][爱你][爱你][爱你][爱你],<整整下了十天雨>: [doge]一清二白,<ForestOfElk>: [作揖][作揖][作揖]]
BMAL	花鳥卷 秒拍视频 . ​​​	[<CHANGE吉吉吉>: BGM有重老家赶集的[喵喵]错觉,<老子最美biubiubiu>: 真是爱死你了 美人,<潜艇什么前挺>: 终于，我还是爱上了一个男人,<爱妃羡慕小五君的黄金马甲么>: 希望能有帚神拟人版[嘻嘻][嘻嘻],<怼dii>: 想买手稿[doge],<-KaHin>: 都画SSR 我非酋不服！！,<脑籽_>: 求烟烟罗，po主我给你捐个好不好[悲傷],<Heyyilia>: 看你画画很享受，手真的超稳，超厉害呀我的哥,<BabyRabby>: 期待下一个：阎魔or妖刀姬～,<河瞳老弟>: 回复 @-BMAL :我抽到了3只，然而黑白童子都是换的,<MU-1>: 求画刀刀姬[偷笑]估计更美,<甩狙少女土萌萤>: 为什么不能评图！ 我想给你看我抽的花鸟卷！[摊手][摊手][摊手],<-BMAL>: 回复 @啊Pen :我沒抽到，就不會有，抽到了，就可能有。,<啊Pen>: 會不會有煙煙羅～,<無_Yuri>: 最喜欢花鸟卷了！,<Voidccy>: 天 好喜欢啊啊啊啊,<芝士西瓜小龙虾最最顶呱呱>: 跪求周边啊！心好累，只能看不能拥有[摊手],<草克力>: ！！！！！评论下，我就能抽到了！,<Brianna_ylu>: 左手！ 厉害了！,<筋脑伤>: 啊[哆啦A梦花心]真好看,<iglooogel>: 啊啊啊 美cry 想看蹦蹦跳跳的妖刀姬和烟烟罗,<野鬼SAMA>: 我的天 左手？？,<-SEMO->: bgm像葫芦娃哈哈哈,<奶油菌>: bgm好评[doge],<White_bab>: 一样左撇几[哆啦A梦花心],<Ahreum_>: 又小天使又小恶魔,<正长老>: 你画画这么好我只想娶你回家！]
BMAL	GreenLight 青行燈 秒拍视频 . ​​​	[<-BMAL>: 回复 @李东骆 :今天早上抽到了,<-BMAL>: 回复 @八眉君斑比 :[害羞],<赖焱斌>: wow ！so 棒,<JOEYHSU_>: 透明笔感觉色色的,<Guoggylry>: 好好看。[花痴][花痴][花痴],<lueluelue-wow>: 这是什么牌子的勾线笔啊求推荐！！[爱你],<兔美同学>: 能出这个cos么。。 [眼泪],<称霸幼稚园的大嗷>: 我最爱的画师画了我最爱的式神[心],<-T0MiE->: 可以去网易阴阳师参加皮肤设计！！！,<BlaBlaBitch>: U got the green light Ahahaha,<李蕊含>: 想拿你的作品纹身 又好怕有人也这么想 重了咋整…,<圈圈乐o>: 真的好好好好好看,<CEeCeEE11>: 又一个天才左撇子！,<大熊不是大雄>: 我的妈呀，我的妈呀，！！,<勒克西->: @Lin-Yunong110,<橘猫wwwww>: 惯用手左手戳萌点,<BIGBIG-DONI>: 大神！赶紧出多点教程呀～膜拜你超级久啦！[淚][淚][淚][淚],<即将进化成功的软妹子>: 啊啊啊啊啊啊啊啊啊美死了！！,<你的然锅>: 厉害了[哆啦A梦吃惊][哆啦A梦吃惊],<吉野的不破爱花>: 好中意(✪ω✪)想睇多d过程✧⁺⸜(●˙▾˙●)⸝⁺✧,<-HK-->: 什么纸和笔啊，好牛的。,<不惘闻>: 左手画...厉害,<怼dii>: [太开心][太开心][太开心]]
BMAL	我的袋子里有辣汁儿. ​​​	[<卷卷羊是超级大bubu>: 回复 @2Mirror :我也！！,<2Mirror>: 一眼扫过去以为写的是“我的脑袋里有辣汁”，看图发现自己看错了[笑cry],<-趙RIO->: 啊怎么样上色这么匀啊_(´ཀ`」 ∠)_,<焉知非福君>: 拧盖子的那只手 感觉怪怪的。,<Ameinias>: "I got hot sauce in ma bag,swag."]
BMAL	[爱心]️看到這幅畫的人，很快就會得到好的姻緣，尤其是這幅畫的作者。 ​​​	[<鹿吴越真鹿>: [色][可怜][可怜][可怜][可怜][可怜]希望这个能出更多周边～纹身贴啊各种各种周边[爱你][爱你][爱你],<CHEN-BIBI>: 好看到我想娶了你,<___猜火车___>: [眼泪]哈哈哈哈哈,<_Hanuary>: 对你（de hua）一见钟情了怎么办[污],<久川奈绪>: 好好看 能不能出贴纸[二哈],<SuperMan_Wangrong>: 回复 @-BMAL :来哪儿啊[doge]你不应该直接私信给我你的微信么[笑cry][笑cry][笑cry],<-BMAL>: 回复 @SuperMan_Wangrong :来,<SuperMan_Wangrong>: 我来当你的姻缘[舔屏][舔屏],<软妹思密达H>: 画的超好看！！！！[爱你][爱你][爱你],<隔壁大妞儿叫李帅>: 出贴纸吧，手账贴纸[doge],<安安推安利记录>: 好看！[爱你]比心,<就是糖醋小排>: 我太爱你了[爱心]️[爱心]️,<艺术塔get_>: 求出护士姐姐周边[悲伤],<大道寺芝士->: 回复 @林呢呢- :想看八婆,<-BMAL>: 回覆 @林呢呢- :就会有很多supreme可以穿,<林呢呢->: 那些偷偷看偷用又不注明删你留言的八婆看到会怎么样,<朴素的狐有三>: 为什么不能图片评论,<Yummy-Kim>: [羞嗒嗒][羞嗒嗒][羞嗒嗒],<圈圈乐o>: 祝你早点找到男朋友[二哈],<--PArKaJi>: 想知道，用什么笔画的,<神会长>: 这幅画的作者联系我就可以立刻有好姻缘:-),<王烟烟同学的微博>: 哈哈哈哈哈哈啊哈哈哈哈哈哈哈哈哈哈哈哈哈哈哈哈哈哈啊哈，超级厚脸皮嗳你,<鱼可萌>: 超爱  存图存图～,<何以慕染处>: 比心！这个画风真的超级喜欢超级喜欢！,<Winny维佳>: 太喜欢了 简直太美～～～～[爱心]️,<朴灿星>: 希望赞这幅画的人都能得到一个大屌老公[二哈],<宫鑫明阙>: 希望我们都有好的姻缘,<海盐味薯霸>: 哇！！！！！！！！跪求大大出贴纸！！！,<我们无需一见如故>: 太好看了[鼓掌][鼓掌][鼓掌],<用户wojiushigedaSB-M>: 会有周边吗？一直想把你画的人物头像弄成耳环带[笑cry][笑cry][笑cry],<Nslove21>: 作者不是有女朋友了么,<一眼丸子>: 希望下一次 能走到最后,<zc叔叔呵呵嗒>: 哈哈哈哈哈好的谢谢也祝福你,<____marcie>: 谢谢po主！！！祝愿你得到好姻缘！祝愿我本人顺利考上研,<秋日记本>: kkkkk祝福你！,<Justin的老婆V>: 哈哈哈哈哈哈哈[笑cry],<鹿吴越真鹿>: 美极了[飞吻][花痴],<谜你白>: 感觉超适合做成纹身贴！（出周边我一定买）,<鄭鯊魚>: 啊哈哈哈哈这祝福收下[心],<-九味地莲丸->: get[爱心]️,<黎小兔>: 好美！！！什么时候还能买到手机壳！！,<hello西柚c>: 哈哈哈哈哈好的[心],<常常很饿实果子>: 你要爱画里的女人吗,<Hamsterye>: 如果有贴纸就好了[心],<夜月amber>: 希望你被丘比特两顿爱之箭射个满怀,<ForestOfElk>: 哈哈哈哈哈哈 祝福作者 给作者比个心,<没带橡皮>: 回复 @没带橡皮 :前四也行[笑cry],<子虫果子>: 大爱画风，有周边么[鼓掌]🏻,<没带橡皮>: 第一个点赞留言的人会找到声音好听品味不错精壮的小伙子]
BMAL	[闪电]️ ​​​	[<LALA王玄之>: 回复 @-BMAL :[伤心]这杯醋，我先干为尽！,<-BMAL>: 回复 @LALA王玄之 :我看中圖二的店員。,<LALA王玄之>: 我看中了图二的国旗。,<沈萬叁YOUNG>: 地址在那里啊求告知,<Iamcatgirl>: [太开心][太开心]]
BMAL	Blythe Self-Customization ​​​	[<河童子>: 哈哈哈哈哈哈哈哈好可爱哦！,<TIGERARMY>: 真的好赞，好喜欢这种风格,<fatkiwi丸>: 改的小布好看，画的也好看[喵喵],<cla1re>: 第一次发现你的微博 被深深洗脑了 默默地翻完了感觉还不够看 满满的崇拜！！！[爱心][爱心][爱心]超喜欢你！加油！如果你以后能出漫画就好了！[爱你],<-BMAL>: 回复 @Iamzx_支田田 :好想改娃，上瘾了。,<miss_sheya>: 卸螺丝和举着一对胳膊系蝴蝶结的梗太喜欢了[笑cry][笑cry][笑cry],<余泡菜小姑凉>: 你一个蓝孩纸...为啥玩小布[笑cry][笑cry],<她是繁星和雨天>: 收不收徒弟呀[笑cry],<别人的哇噻都不是哇噻>: 换眼片就像戴美瞳 还有拿一对胳膊绑头发的梗实在太有趣了[紫心],<安小喵灬>: black and cute]
BMAL	Weird My & Little My ​​​	[<-badtaste_>: 哈哈哈最佳cos,<FrancesMayes>: 这是你吗，悟空吧,<她是繁星和雨天>: [爱你]可以拜你为师吗,<苏无力>: 哈哈哈哈哈哈哈哈哈[猴子]可爱]
BMAL	瞧瞧自己这一年都干了些什么荒唐事？ ​​​	[<清芽子呀>: 越荒唐越是特点嘛,<-BMAL>: 回复 @苏泊蓝 :可以护摸啊，新年快乐！,<李东骆>: pink year,<玛丽莲露萌>: 回复 @-BMAL :[求关注][求关注]会出么,<玛丽莲露萌>: 回复 @-BMAL :淘宝出啊，一定买！！！！,<普林斯兔>: 太好看了啊 出个画册或者什么的的吧！！！！,<大热风hoooot>: 有卖这个明信片的店铺嘛...想买....,<老吴头憧憬晚年生活>: 无敌是多～多么寂寞～,<本月男孩>: 有好多没看过好美,<苏泊蓝>: [心][心][心]好想摸摸原稿！太美丽了[哆啦A梦花心]（新年快乐！,<H22氢气>: 你太棒了[二哈],<MoskitoMeow>: 好看!!求做成明信片寄给我[爱你][爱你][爱你],<-BMAL>: 回复 @LALA王玄之 :刚刚在看画册呢。,<LALA王玄之>: 回复 @-BMAL :你怎么还不睡啊？,<-BMAL>: 回复 @LALA王玄之 :我会害羞[委屈]，不过我倒挺期待自己10年后会画出个什么东西。,<-BMAL>: 回复 @鹦鹉-发福中 :对，年末Bonus.,<巨根美少男战士>: 回复 @蓝蓝水水清清醒醒hhh :想看,<巨根美少男战士>: 先看一下那美人鱼的，微博好像没见到？我去翻翻,<鸡汤贩卖机>: 啊啊啊啊啊好喜欢,<LALA王玄之>: 你太了不起了！想要上一年的全套，还有这一年的全套，以及下一年、下下一年……,<黑猫嘿嘿哒>: 太美了，偶然见到一次你的图，就爱到无法自拔[心],<老心来扎铁啊_>: 真的真的炒鸡喜欢 炒鸡好看 炒鸡棒💕💕💕,<酷二吧>: massive work啊厉害,<卐monster>: 美得惊心动魄[ok],<李少侠->: 你棒极了[鼓掌][心][心][心][心],<Ahreum_>: 瞧瞧你一年多么无敌棒💖,<LIKOUBASHI>: 太好看了!![心][心]]
BMAL	5个月的长度 ​​​	[<OKAecc>: 哈哈哈哈莫名想到了超级学校霸王里周星驰变身后的样子,<medici_>: 哈哈哈哈哈哈哈。,<一乘一得一>: 我一直以为你是个少女！[喵喵][攤手],<污婆逗>: 啊哈哈哈哈哈哈哈哈哈哈哈厉害了word哥,<蛋卷的饼-Jam>: 回复 @大闷的小闷 :我也,<OFF-F>: … 请问可以编个麻花辫吗,<知心老爹>: 回复 @大闷的小闷 :+1,<LaUgkoy__>: 不行了 哈哈哈哈哈哈哈哈,<自然醒shy>: 回复 @李东骆 :对对对就是那个肯德基赠品[doge],<李东骆>: 想起了那个很丑的娃娃,<-LeilaZ->: 可以考虑一下进化成杰富力士[眼泪],<Quizas_s>: 居然还是想夸你一下[doge],<温柔MH>: 在cos毛利兰么？🙃🙃,<大闷的小闷>: 還以為博主是女孩子(;´༎ຶД༎ຶ`),<吧唧吧唧_oops>: 像Troll哈哈哈哈,<菁葵儿Jamaisy>: 可以发射爱心了[红心][哆啦A梦花心],<罗大脸LIAN>: 哈哈哈哈哈哈哈哈哈哈]
BMAL	虽然之前都发过GIF了, 但是。 ThePhenakistoscopeExperiment ​​​	[<齐馨儿>: 回复 @JADEEISLE :这是费纳奇镜 动画前身好像是,<JADEEISLE>: 回复 @齐馨儿 :齐哥你可能是假的齐哥[泪]这个是定格动画吗？[泪]真赞真喜欢,<齐馨儿>: @JADEEISLE,<识郎shilanglo>: 我的天！！[舔屏],<GONG-LIE>: 太有趣了   我也要做几个[傻笑] 哈哈哈哈,<陳黑犬夜叉>: 字体太好看了！！,<SylviaaaChen>: 回复 @-MORPHEUS- :请问这是什么歌呀 好喜欢好喜欢,<CHillBJORK>: 这个视频可以看无数遍[看看],<王坚果-Wa>: @W_wwEI_H,<不吃鱼不吃鱼>: @HJR_Will  给我1年我能做出这样的动图作业,<-MORPHEUS->: 这歌是不是我发给你的！,<84_84_>: 这个更有感觉，太有感觉了～～～！,<死蠢的杠杠>: @StarDust_TZ     嗷这个真的好厉害,<云养枝>: bgm配上图太美妙了,<侯珺子_Isabella>: hollyhigh！！,<bulebuleeyessssssssssssi>: 你很棒哦[哆啦A梦微笑],<陈轻歌的水晶之恋>: 有创作能力的人都是世界的宝藏，尤其你还这么酷,<普林斯兔>: 有产品吗 能买吗,<P-mint>: 背景音乐[爱你],<我是思洁>: @igugu  转速不要太快就能看懂了,<几木不会轻易的狗带>: I'm falling,<catmeplz>: You're incredible[舔屏],<鸡汤贩卖机>: 好棒啊！！！！！,<RetroLM小火山>: 酷[鼓掌]怎么做到的如此了解少女心,<将烬酒>: 怎么这么酷！！！！,<Yummy-Kim>: 太棒了[好爱哦][好爱哦][羞嗒嗒],<一大包原味薯片>: 好棒[心][心][心]]
BMAL	!HAPPY BIRTHDAY! 日本·三井纪念美术馆 ​​​	[<而是我想你看到的>: 生日快乐[兔子][兔子],<长的可真丑>: Happy～[爱心发光],<chanphannn>: 生日快乐！！！[蛋糕][蛋糕][蛋糕],<Ke__Ge>: 生日快乐[蛋糕],<光生的卡特>: [舔屏]好好吃的感觉,<吃蛋了嘛>: 生。日。快。乐。,<衫鹤煎蛋>: 生日快乐[蛋糕][蛋糕][礼花],<LOCHUIYU_>: 射手宝宝生日快乐,<BIGBOSSbx>: happy birthday[玫瑰][玫瑰],<紗厘子大力獅>: 祝你生日快乐啊！[兔子][兔子][蛋糕][蛋糕],<Imagine-Dragons>: 生日快乐[蛋糕],<你要叫我金老板>: 看着我饿了[泪]]
BMAL	池袋好无聊，请问池袋有什么？ 日本·池袋駅（東京） ​​​	[<想超帅>: 回复 @鲨鱼病 :哈哈哈哈哈哈哈,<鲨鱼病>: 回复 @脸脸瑞 :牛逼,<-BMAL>: 回复 @林竹 :mandrake昨天逛了一个下午。,<林竹>: 回复 @-BMAL :对哦有时差。书店的话涩谷其实最多，bookoff和book 1th都能开到比较晚。也有mandrake和village vanguard。,<栗原Reiko>: 当然是有无头骑士Drrr！,<-BMAL>: 回复 @林竹 :animate9点关门了，打算去秋叶原的Aninate.,<WAsabi_squirrel>: 回复 @-BMAL :还在池袋站着等人 被日本人问过多少钱[摊手],<爱达荷的屎__贼臭>: 回复 @-BMAL :那就只能吃了,<林竹>: 乙女之路，全是同人志。也有很大一个animeta书店。,<想超帅>: 平和岛静雄 折原临也 黄巾贼 DOLLARS 赛尔提 罪歌,<-BMAL>: 回复 @爱达荷的屎__贼臭 :池袋真的好无聊。,<-BMAL>: 回复 @WAsabi_squirrel :我也是心血来潮跑来池袋，结果咩都没有。,<爱达荷的屎__贼臭>: 有西口公园.....,<WAsabi_squirrel>: 池袋没有渋谷好玩,<-伊然不觉晓->: 有很多中国人[摊手]]
BMAL	用半日時間做了一個費納奇鏡 [爱心]️ 第一次做，真的小心翼翼才不會出錯。好好玩。 ​​​	[<beneeePace>: [鼓掌][鼓掌],<Seymour_rrr>: 爱上你了怎么办[悲伤],<清芽子呀>: 一直盯着看！可爱！,<OlleBI>: 回复 @Calmotinyyy :怎么做,<JenJenKW>: 你食咗我嘅心[爱心],<橘猫wwwww>: 好多心可以吃喔！,<吃蛋了嘛>: 你偷了我的[爱心]️,<Dok9>: [馋嘴][馋嘴],<Lait-saidnite>: 好喜欢好喜欢！[心]]
BMAL	小护士[爱心]️[打针][医院] ​​​	[<板藍根泡麵>: [羞嗒嗒]想要手机壳,<周薏欣>: [心][心][心],<-BMAL>: 回复 @BlackWidow1117 :没有，只有低清有水印图,<CAIBAOERAZP>: 没有水印就好看了[白眼],<ANAN7->: 做壁纸肯定好好看QvQ,<-Yummyahh->: 太好看了吧[泪],<BlackWidow1117>: 有无水印高清图吗[作揖][作揖][作揖]好美。我也是护士[doge][doge][doge],<Eminem的女朋友>: 越看越像Riri诶,<假裝很酷的村里人>: 请问什么时候能出手机壳吗？,<WHOHONGLI>: 爱炸[爱心发光],<梦幻的泡泡->: 好看[亲亲] [飞吻],<一只智障的小号>: 第一个评论！好喜欢好漂亮！]
BMAL	Almost A YeAr. ​​​	[<炖蛋儿>: 竟然不是蓝朋友[二哈],<小野青子>: 羡慕那只芭比 哈哈哈哈哈哈,<正在玩耍的某人>: 你们和芭比简直莫名的和谐。,<-ZEROerBY>: 发现了 第三者[奥特曼],<LALA王玄之>: 好Cool的眼神！]
BMAL	SILLY BOYS, JUST SHUT UP AND WATCH ME WALK. ​​​	[<一只无知的火烈鸟>: 回复 @Phizh :请问能不能分享一下手机壳在哪里买呀(´⌣`ʃƪ),<山口组扛把子shitt>: 为什么把我印在你的T恤上[微笑],<奇思妙想怪小孩>: 啊 出吧 出吧 一系列产品 一定发家致富！,<鬼知氘>: 回复 @土豆儿CLAIRE :好喜欢,<土豆儿CLAIRE>: @鬼知氘  找到了，超喜欢他,<藏匿的树>: 我的天 想买[泪][泪][泪] 太酷了,<一副爽歪歪的样子>: 这件真的想入。。。,<meant_to_m>: 会开售么[求关注],<兔咪子>: 即将成为手机壳之后的又一爆款！[偷笑],<元气达>: 好有才华的boy 吓的我赶紧关注,<-怪梦Barbara->: 好看死了。快开淘宝吧！,<-魏什麼>: 好看！会贩售么？,<猪油捞饭n>: 冬天了 你说怎么办,<是我很棒>: 好看，可以出一个系列了，裤子围巾背包全套,<野生橙酱>: 太好看了 会量贩式销售吗,<艹亻咅啊>: 天 快出我要买 我要穿 长袖的,<Phizh>: 又要买了[二哈][二哈]明信片和手机壳我都邮到澳洲拿到手[二哈][二哈],<一只智障的小号>: 最讨厌这个衣服了 最喜欢你了,<一只智障的小号>: 出出出！！！[悲伤][悲伤][悲伤],<壹柜>: 推出产品[好棒],<CYgnus1995>: 啊啊啊啊啊好想买！想买！🌚,<Bastet黑猫少女>: 好看   有卖吗？,<迷子子子子子>: 很好看[太开心],<兔美同学>: 请问贩售么！！！,<-阿再>: 好漂亮啊啊啊啊啊啊,<Asan万年睡不饱>: 好好看[哆啦A梦花心][哆啦A梦花心],<iamhuangmin>: 你真的很讨厌诶 让别人可望不可及,<like-o3o>: 超好看啊啊!!!!!,<梦幻的泡泡->: 我要承包你的评论,<梦幻的泡泡->: 这个衣服 太帅了 太美了 给我来一个]
BMAL	Sweet Clam ​​​	[<伊先生生>: 哈哈哈米兰达可儿,<SillycillyKatcat>: 好美呀 做成碟子也很美[草莓蛋糕],<小浪催i>: 最近的脸蛋都很乖巧,<周薏欣>: [心][心][心],<Ahreum_>: 🍬🍬糖豆豆美少女[脸红],<高娜童鞋>: [鲜花][鲜花]好好看]
BMAL	Let's Go Kitty Cat ​​​	[<少女的酥胸>: so cute!!,<兔美同学>: I want them,<HwangChorSin>: 会出售吗，好喜欢,<AncHoRLesship>: wow wow wow]
BMAL	Done ​​​	[<神农厉害>: 让我想起了水果姐的Roar,<艹亻咅啊>: 我的天 太好看啦,<川北x小玫瑰>: 你呀 真的好厉害[心],<Rline_>: @_罗茜之王王王,<sosoCarlos>: 我要买黑豹那张[花痴]]
BMAL	/ Blessing ​​​	[<舌甘mmmm>: 好看，能请问下用的是什么纸和什么颜料吗,<ababeir>: 真棒，都不敢相信你是男孩子[拜拜],<Samuel_ky>: 最爽的就是撕水胶带的那一刻[嘻嘻],<Clyde_Bonnie>: 突然变得这么小清新[疑问],<魚悸->: 好好看啊，好喜欢[心][心][心],<轻轻抱->: 啊啊啊女娃娃太可爱了,<WIIIGA>: 这得画多久啊真有耐性,<Seven_RainM>: 是左撇子嘛[哆啦A夢吃驚][哆啦A夢花心],<黑塞阿布>: 咪呀！可爱到炸！,<僰王一山>: 很喜欢你画的男子,<阿綿_PASO>: ♡ʚ♡ɞ(ू• ̮ •ू❁),<野柚Neinei>: 这手套是防蹭的吗,<路人成丁>: 超级棒！[hold住][推荐],<SillycillyKatcat>: 超！好！看！！！💥,<绘画狗的日常>: 简直完美 少女心被激发[哈哈],<张梁旭>: @杨J贺   @ZHANG7_张   @空想心音   @旁观者-西北桑,<Liiiiiiiidia>: 再表白一次 想嫁你,<smart-milk>: 第一张太棒，第二张多了个男孩莫名有小学语文课本封面的感觉,<心睿Serana>: 想做你的颜料盒[爱你],<MaxinenixaM>: 啊啊啊啊啊啊啊啊啊啊美呆,<地洞妹>: 真tm好看[花痴][花痴][花痴],<出酱>: 为什么最近画风这么清新[喵喵],<出酱>: 可爱的左撇子【期待这个画风的贴纸！！,<Chenwh-vv>: omg……太好看了呜呜,<Rline_>: @_罗茜之王王王  这个画风的,<我不应该乱改名字了>: 太好看[心][心],<無懮丶>: 啊啊啊啊美死了！]
BMAL	今天一定是我的幸運日 ​​​	[<OliverAndKim>: 回复 @谁能不厌其烦安慰一个无知的少年 :那是个盗图的,<丁壳可儿>: 吴世勋！！！啊！！老公！！！,<樢榆_>: @耶嘿--哦吼啦-,<feralbunny>: 世勋啊啊啊啊啊啊啊！！,<桴苡>: 莫名的激动[心],<文一刺青-紫绮>: 我刚艾特你的那个微博 是你本人要设计纹身图么 还是别人盗你图 [傻眼]]
BMAL	带了手套画画，感觉自己专业了100倍。 ​​​	[<杨七坨>: 原来是男生？？？？我天厉害了。,<jiux9>: 这是腱鞘炎吗[眼泪],<吴小朋友Chiaki_>: storybook的tee,<_橘一一>: 看到左撇子就亲切,<席cri>: 竟然是男生，需要女朋友吗？[偷笑],<肥羊栗子>: 啊居然是蓝孩纸……？？！！,<迟凌子>: tshirt酷酷酷!,<阿小木木>: 只有我对这睡不着的Tee感兴趣嘛[doge],<南瓜子儿哟>: 据说用左手聪明！,<宝拉x>: 我也以為你是女的。。,<雨停秋>: 我一直以为你是可爱的女孩纸[眼泪]]
BMAL	【从无到有的Night Gown】 缝纫机初体验（通宵一夜未完） ​​​	[<WIIIGA>: 回复 @酷里斯特特特 :没这手艺,<銹鐵鬆針>: @WIIIGA  你快去给你娃娃做 好好看哦！！,<nnndddlllhhh>: 骚年你为何如此多才多艺[赞],<一百分美少女>: 回复 @SylviaP_P :缝纫机啥牌子啊[兔子],<就是糖醋小排>: 回复 @toxicher :Bjd,<Lee_洛心>: 为什么你什么都会[大哭],<toxicher-dudu>: 这叫什么娃娃[泪],<洒脱-女>: 真的好好看啊 喜欢 赞,<私语_Sylvia>: 跟我一样的缝纫机[爱你]好开心,<雞芳>: @ChanHiuChing--,<Captain_Blair>: oh宝宝，你到底是什么专业？怎么什么都会！,<LoLi_Da>: 好美[喵喵][喵喵][喵喵],<出逃的罐头>: 那只美白身体乳……[哆啦A夢吃驚],<你们人类a>: @-李桑羽  人家的手才叫手[泪],<無俣kui>: 博主在哪买的啊[可怜],<艹亻咅啊>: 太美了 你手为何这么巧,<Petitrynning>: 你还学过打版！？,<---此博已停更>: 所以 你也用美白身体霜[笑cry],<yhltop30>: 厉害[大哭][强],<黎泰院柴博文-GD>: 厉害 @兔兔兔兔兔兔怎么可能,<川北x小玫瑰>: 卧槽牛逼太厉害太美辣,<罩大发>: 太美辣！！！！！,<PUSSYAR>: (´๑•_•๑)你怎麽這麽全能啊！還會做衣服！！,<無懮丶>: 如此多才多艺，能否给条活路]
BMAL	人生第一只BJD （纪念微博） ​​​	[<罐空>: 看得我心都软了[哆啦A梦花心]好看,<炸飞您吗的逼>: @炸成天边一朵花  我看好美,<-Choian>: 好  美  丽  阿,<止痛寺>: 你难道去dp了？？,<TAKO的第三个心脏>: 她的眼睛！她的嘴唇！她的脸！发光属性bling bling[闪电]️,<kimyao>: 天 美的睡不着了[泪],<撒切尔八夫人>: 这才是正牌女友[doge],<2Mirror>: 感觉你会亲自给她化妆，所以又得花钱了[拜拜][拜拜][拜拜][拜拜],<NAN-JU>: 好陌生的脸…难道是自制头？,<-20-11->: 入坑之后简直是无底洞[笑cry],<-白璟>: 这个超级贵 是被施了魔法的娃娃吗,<鹿吴越真鹿>: 我的天哪[花痴]太美了,<Asan万年睡不饱>: 好漂亮呀～[羞嗒嗒][羞嗒嗒][羞嗒嗒]]
BMAL	《红楼梦》的 川上富江 ​​​	[<RP_DGS>: 这两天天天盼你的人物画 然后点赞 （再偷偷保存）,<Yove了>: [花痴][花痴][花痴],<Yove了>: 想看更多人物系列,<我轴>: 想看金庸里的大侠[心],<Jeune_Jolie>: 脸上的痣被你搞不见了，小心富江把你先奸后杀,<白泽刺青-镨木PM>: [赞][赞][赞]]
BMAL	『NEON PORTRAITS』霓虹燈牌肖像（／壹）[红心] ​​​	[<农业展览馆公主>: 是不是在黑市卖来着[脸红],<八百标兵奔北坡嘿_>: 分享一只效率奇高的boy[doge],<Mimimaondy仓库>: [一箭穿心]💖[心形礼物][红心]💞[爱心发光]💕喜欢,<DuThON>: [眨眼][眨眼][眨眼]感谢！超棒！喜欢喜欢喜欢]
BMAL	[手掌]🏻Make-Up！ ​​​	[<田心_honey>: 回复 @林呢呢- :你好请问可以发给我吗 谢谢,<zooeal>: 回复 @郑大耳 :被你发现了我偶像的微博,<郑大耳>: @吃掉星星吧  你的爱,<何宝雯>: 回复 @_大_糕__ :台词错的 没有任何一代是这个,<PINOCCHIO_KIM>: @-Kuinn-,<Maddichan>: 草 国美的就是不一样[泪][泪],<绿窗暖幽梦>: 整体视觉效果棒棒哒。颜色也很棒！[爱你]细看人体结构稍稍错位的毛病还是有的，翻转过来更明显。加油哒！[鲜花][鲜花][鲜花]别介意。,<背着一筐野生黄瓜的姑娘>: 太好看了[泪][泪][泪]以至于深夜激动的流出泪水[泪][泪],<俆羽仲凌>: 回复 @鄭鸭鸡 :我知道 不是我让你看的么 我只是想说你应该很久没看,<鄭鸭鸡>: 回复 @俆羽仲凌 :我早就 关注了,<俆羽仲凌>: @鄭鸭鸡  还记得否 以前国美毕业展 看到的,<河瞳老弟>: 土星，冥王星，海王星，天王星呢,<2097年>: @Forresty_y  我靠！太好看了,<张菲娅213>: po主出绘本一定支持你哈哈,<玉皇大帝xhh>: @木兰style  感觉你会喜欢？,<玉皇大帝xhh>: 哦呦，我男神画的好6,<落叶聚还散u>: do you love me？,<回头一笑很倾城>: 回复 @我系温小东 :好诡异噶画风`...,<我系温小东>: @回头一笑很倾城   @对_我是杨肉肉,<RTzoo>: 好想看po主画星野光[色],<張-xzx>: 翻完微博发现po主是男孩子，太酷了,<NotSeriousBuRenzhen>: 回复 @哑婶婶 :我关注了－ －,<禾喻庭>: 这个插画师应该是最喜欢的[doge] @德艺双馨的脑子烧坏了,<就是糖醋小排>: 被画风美哭[哼][爱你],<-BMAL>: 回复 @磊Alan :哇！是啊！,<sola拍妹狂魔>: @杠安利杠  带感,<WUDIMAI->: 火星好美！[爱你],<ZAKIYAGG>: Po主的风格…太爱了！💖[星光]💖[星光]💖[星光],<BOBOBETTY>: 求原图[色][色][色],<雪宝QAQ>: 回复 @-BMAL :好心塞的翻牌[拜拜][拜拜][拜拜],<-BMAL>: 回复 @我的虎牙呢 :下辈子,<雪宝QAQ>: 何时能盼到此系列原图[泪],<希腊貔貅>: @icameyourdangersoul,<继科的宝宝>: 啊啊啊啊啊啊！炒鸡好看！！！！来张原图吧[泪][泪][泪],<赛宁_>: 回复 @林呢呢- :求原图,<Donminki>: @王大大大大玉_,<Tinaki奶糕>: 能求原图么[泪][泪][泪],<ashpinko>: 博主！跪求原图啊[悲伤][悲伤][可怜]太美了 想做壁纸,<-66BAE>: 你有想过有金色亮晶晶勾边或者填色也不错 不灵不灵,<-粉色午夜erotomania>: @Scorpio-Darling,<JillDWang>: 水星和火星瞬间就有爱起来了,<Sebiye>: @Marbiye马儿   @Marbiye马儿   @Marbiye马儿,<-HSIANGZX->: 你的画真好看 [心],<-BMAL>: 回复 @林呢呢- :你是。,<林呢呢->: 回复 @原子邦尼 :你为什么有,<本月男孩>: 回复 @-BMAL :明明也是夸赞,<本月男孩>: 回复 @-BMAL :[鼻涕],<本月男孩>: 回复 @-BMAL :sorry,<本月男孩>: 回复 @林呢呢- :我也有 开心cry,<本月男孩>: ins连不上了 不要生气,<林呢呢->: 我是唯一有原圖嗎,<睡魔一號機>: 我想拿去做纹身...,<Moee__>: @FakeMarvelous,<初了个吻>: 求原图[可怜][可怜],<Baby_J_Beijing>: 天啊……我怎么变成这个样子]
BMAL	｛Peachy Keen Plate｝ 嘿嘿，发现刚刚发的看不见这只。[可爱]️ ​​​	[<-生鱼片的尖叫->: 哇噢，这盘子要是逛街看到了肯定要买[抢到啦],<Matilla->: 盘子以后会出售吗？你为什么这么触又好看？[拜拜]我no服,<披风小勇士桃子桃>: 超喜欢！  要出周边吗[哆啦A梦花心],<2b温柔>: 买！！！！！！！！,<-鹤川->: 好棒！希望以后可以买到[心],<延俊的小舅妈>: 盘子好看 蛋糕想吃]
BMAL	po点过程[飞吻] ​​​	[<好尾巴喵>: @是软妹子不是女汉子  好看,<-BMAL>: 回复 @JNECST :亲你啊。,<是你的兔球球嘛>: 求高清当壁纸阔以么,<披风小勇士桃子桃>: 超级喜欢你的画风 一直默默看着呢 画画很辛苦  但是也要继续加油啊！[哆啦A梦花心],<笑酱_>: 是马克笔还是水彩？,<今晚找蜇>: [飞吻][飞吻][飞吻],<格被>: @斜方肌霸吧  你看看人家！,<Kitty-on-pink>: @扎起你的麻花辫bling  学着点[doge],<liull呀>: 会画画的男生好棒,<煎饺味巨犬>: 请问你知道什么叫好看到飞吗？,<小松鼠吃桃子>: with your big eyes——,<体重不下50kg不改名>: 比较好奇红色勾线是用的啥笔[眼泪]🙊大神求告知！]
BMAL	祝我生日快乐 ​​​	[<Romansi>: 生日快乐（°ο°）,<有十八位老婆的同学>: 生日快乐[害羞],<我真调皮丶>: [害羞]生日快乐 爱你哟 你的生日愿望是爱我,<RerrWYE>: 生日快乐噢 喜欢你的作品[可爱],<油条管家>: 生日快乐🦄🦄🦄🦄🦄🦄🦄🦄🦄🦄🦄,<-BMAL>: 回复 @gessnow21 :thx，love you bitc,<THOMASTANG0214>: 生日快乐  好多粉丝啊 哈哈哈,<UTNAL->: 宝宝 生日快乐 很喜欢你的少女们 也喜欢你 请你吃蛋糕[蛋糕],<difeifeifeifei>: 原来是同一天[握手]生日快乐～,<2austin1>: 回复 @-BoopMoopAoopLoop :Interesting,<爱妃羡慕小五君的黄金马甲么>: 生日快乐！！[蛋糕][蛋糕][蛋糕],<大头儿子R>: 生日快乐[蛋糕][蛋糕][蛋糕] 想被一直帅傻[偷笑][偷笑][偷笑],<不知桔>: 生日快乐 pink boy,<-BMAL>: 回复 @我是小贱贱贱 :哟哟哟,<-BMAL>: 回复 @Sebastian卓田 :yesterday me told me to thank you.,<筋脑伤>: 拥抱情人节快乐[礼物],<火斗鱼>: [蛋糕][蛋糕][蛋糕]海劈波士顿！,<inbornn>: 生日快乐[蛋糕][蛋糕][蛋糕],<2austin1>: HBD !!!! For yesterday,<MHONGDAN->: 才发现原来是昨天了[悲伤][悲伤][悲伤][悲伤],<MHONGDAN->: 生！日！快！乐！原来是这天啊＼(^▽^)／！,<-BMAL>: 回复 @短腿的夏洛特 :抱歉，我实在没有办法原谅你。,<短腿的夏洛特>: [悲伤]我错过了,<野鬼SAMA>: 生日快乐 最后一分钟,<Bacxx>: happy birthday[蛋糕][蛋糕],<無懮丶>: 生日快乐[蛋糕],<Captain_Blair>: Happy BDay！[蛋糕][蛋糕][蛋糕]🦄🦄🦄,<fnkbfi>: 生日快乐 （生日蛋糕满屏掉落中）,<-BMAL>: 回复 @marovan :爱你,<ToMAtoJIIIE>: 生日快乐【请问，他有网店么】,<Li_小萌萌萌萌>: 生[蛋糕]日[蛋糕]快[蛋糕]乐，希望你画的画会有更多人看到和喜欢[爱你],<iiskay>: 生日快乐～！！！,<GarciaXMraquez>: H[哈哈]P[挤眼]B[亲亲]T[害羞]D[嘻嘻],<HIME肉酱biu>: 快乐！！[好爱哦][好爱哦],<macaroon提拉米苏>: 生日快乐，期待你的周边商品,<兔叽兔叽几点钟>: happy birthday,<MarieLiang>: 生日快乐！申请顺顺利利,<Lukioland>: 生日快乐！！！！[干杯][干杯][干杯][干杯],<耶肆小明>: 哈皮波斯 day,<088abc880>: 生日快乐[亲亲][亲亲],<-揪揪->: [健美操][蛋糕]生日快乐,<暙光乍洩>: 啊啊啊啊啊啊啊啊啊啊啊啊啊啊啊猴猴看！！！,<-MoMo毛毛->: 🦄🦄🦄🦄🦄🦄🦄🦄🦄🦄🦄🦄🦄🦄🦄🦄🦄🦄🦄🦄🦄🦄🦄🦄🦄🦄🦄🦄🦄🦄🦄🦄🦄🦄🦄🦄🦄🦄🦄🦄🦄🦄🦄🦄🦄🦄🦄🦄生日快乐,<ElieSs>: [礼物][礼物],<想拥有女王气场的TOP君>: 祝你生日快乐[哈哈][哈哈][哈哈],<柑橘不咸M21>: 祝你[蛋糕][蛋糕][蛋糕],<Mikootom>: 生日快乐[蛋糕][蛋糕][蛋糕],<茄子在睡觉>: 生日快乐[蛋糕],<韩盟拍摄签约样片摄影师-冯导>: happy birthday[蛋糕][蛋糕][蛋糕],<當大槽>: 天啊你也是这天吗！！！祝你和我都生日快乐！[蛋糕],<大概是难以愈合>: 生日快乐！永远拔岁！,<Sakura_Django>: 大射手！生日快乐[甩甩手]]
BMAL	[警告]：十八岁以下请勿点开 ​​​	[<晶寶儿->: 虽然少儿不宜但是还是好美呜呜呜,<-BMAL>: 回复 @FOCUS-96 :没画完…,<季未燃JiweiJW>: 这个水彩纸看起来好细腻，是什么牌子的？,<魔芋小王子>: 男神啊！！！我真的超级喜欢你啊！！！[doge][doge][doge],<郭阿酱不甜>: @YaWEN-Ya  [good],<-BMAL>: 回复 @LOCHUIYU_  的赞:翠翠,<悲观者_____>: 画的太好，太厉害,<Jude大将军>: @ZHANGHONGSHENG_,<X爛草莓X>: 好棒啊啊啊啊啊啊啊 舔蜜蜜~,<是辣辣->: 想要完整图[微笑],<Amy小公举萌萌哒精神病患者>: 好美好喜欢 等完整图 想做屏保[嘻嘻],<莫莫先森有恋乳癖Mushrooms>: 终于看到你画的男人[微笑],<-BMAL>: 回复 @王正大宝 :你懂我,<Mao猫黑>: 我装作看不懂的样子[doge],<珍妮-童话镇fairytown手工杂货铺>: 啊啊啊·好喜欢··嘤嘤婴·,<一副爽歪歪的样子>: 求换体位，女舔男[阴险],<怪人佐佐冈>: 糟糕  点开了…,<macaroon提拉米苏>: 这个口味有点猛的,<Blackcat__>: 能求高清无水印大图吗]
BMAL	Baby Just Get On Your Knees！自己印的丝网印T-Shirt. ​​​	[<-BMAL>: 回复 @太空奶昔-感觉自己萌哒哒 :想買？,<太空奶昔->: 不上链接真的好么[喵喵],<温柔的Barron>: 回复 @-BMAL :要不要无所谓[doge],<布蓝尼小甜甜>: 感觉不久后po主可以自己建品牌了[doge],<__西蒙_>: 回复 @-BMAL :[飞吻],<-BMAL>: 回复 @西蒙太奇_ :我只是配合Tshirt主題而已,<__西蒙_>: 回复 @-BMAL :哈哈哈哈公主架势起来了吗,<-BMAL>: 回复 @西蒙太奇_ :跪下！,<__西蒙_>: 回复 @-BMAL :你啊 哈哈哈,<-BMAL>: 回复 @西蒙太奇_ :誰，我嗎？哈哈哈哈哈哈哈哈哈,<macaroon提拉米苏>: 上链接吧[喵喵][喵喵],<-BMAL>: 回复 @温柔的Barron :要不要臉？,<温柔的Barron>: 回复 @-BMAL :心塞[泪]宝宝有小情绪了！,<-BMAL>: 回复 @温柔的Barron :自己畫[微笑],<温柔的Barron>: 炫酷！求无水印图！我也来一件！[doge],<贺厚铧>: 第二张嘴唇可爱~亲]
BMAL	Hello[doge] ​​​	[<如我一般好青年>: 我以为什么时候关注了一个潮男 点进来发现原来是插画师,<-BMAL>: 回复 @啊Pen :不要捣乱。,<-BMAL>: 回复 @hea八拿 :被戳穿的感觉很不好。,<hea八拿>: 1234 blt么[微笑],<----BYSTANDER---->: 大帅毕[亲亲][亲亲][亲亲][亲亲]帅出宇宙帅出银河系,<DeserveDamn>: 呦吼～[doge]]
BMAL	🌚🌚🌚New Project🌚🌚🌚 ​​​	[<Tyoame>: 好想要[拜拜][拜拜],<无风不起浪味仙_z>: 回复 @Reckless-L :[喵喵],<Gorilla是只烤鸭>: 回复 @Panda丨Shum :什么鬼！！！,<萌萌就这个名字了>: 回复 @lyNOkaihouku :海宝新女友,<-BMAL>: 回复 @一只小鸭船 :我也不知道[生病],<Panda丨Shum>: @Gorilla是只烤鸭  🌚🌚🌚,<lyNOkaihouku>:   @mengmeng太胖了  可爱,<夏酱的樱桃派>: @哔哔象  好喜欢,<Beasite_c>: 喜欢这个啊 @情深怎么办control,<兔几就酱>: 啊啊啊啊 好好看啊 可惜不能买来做收藏啊 如果你能做几个上架就好了,<白叔叔叔>: 回复 @-BMAL :七月中旬啊！,<-BMAL>: 回复 @白叔叔叔 :你射么时候回身振啊？！,<白叔叔叔>: 回复 @-BMAL :好看啊丝绒！,<-BMAL>: 回复 @白叔叔叔  的赞:白叔叔！,<彭彭_方知后寒>: 回复 @尤忆楼 :这是啥,<如初觉>: 然而这个是什么…,<尤忆楼>: @彭彭_姨妈服第一萌馒头OwO]
BMAL	去南山捧自己小角落的场。 ​​​	[<-BMAL>: 回复 @杨草坪 :谢谢赞赏[大雄微笑],<杨草坪>: 回复 @-BMAL :牛逼[眼泪][眼泪][眼泪]去看过你的展,<-BMAL>: 回复 @杨草坪 :[吃驚],<杨草坪>: 竟然是男生！！！！！,<lightandcoffee>: 回复 @因美貌被排挤的小仙女 :去看唯一对此作品有印象，太少女心了,<_TouShin_>: @可可麽麽zz   @睡裤王八君   @Shia湿雨  这么粉嫩的作者竟然是蓝孩纸,<XXXJ__>: 这么可爱竟然是个蓝孩纸[蝴蝶结],<Yuyuka-Nekoda>: 画得太棒了没想到是男孩纸！！！,<沈油儿>: 好棒好棒好棒[求抱抱][求抱抱][求抱抱],<-BMAL>: 回复 @寿-星 :[草泥馬][草泥馬][草泥馬],<-BMAL>: 回复 @X爛草莓X :叫上你怎麼叫？！這是杭州的南山！不是深圳的南山！,<寿-星>: 回复 @-BMAL :想打,<siu06>: 回复 @-BMAL :他可是纯洁脚诶,<-BMAL>: 回复 @siu06 :难道这不是美好祝愿吗？,<siu06>: 回复 @-BMAL :哈哈 被他看到你完了,<siu06>: 回复 @-BMAL :我的意志力强好不 哪来绝症,<-BMAL>: 回复 @siu06 :你确定你不是得了绝症？,<siu06>: 回复 @-BMAL :我的胸可能跟你一样了,<-BMAL>: 回复 @siu06 :祝愿 脚脚 在美国找到有一根大鸡巴的男友，然后幸福美满地过下去。,<siu06>: 回复 @-BMAL :我又瘦了十斤哦,<JNECST>: 回复 @-BMAL :谢谢你。,<-BMAL>: 回复 @siu06 :还可以见我。,<siu06>: 回复 @-BMAL :好桑心 今年见不到脚脚了,<-BMAL>: 回复 @siu06 :王晓要走了,<-BMAL>: 回复 @JNECST :你抓回它不就好了,<JNECST>: 回复 @-BMAL :我被黑屁抓到出血，百度了一晚上要不要去打针，我到底要不要去啊！！！！！！！！,<-BMAL>: 回复 @JNECST :你是谁，我不认识你,<-BMAL>: 回复 @寿-星 :看见真人立马打回原形,<JNECST>: 回复 @-BMAL :在我面前还装。,<-BMAL>: 回复 @JNECST :我没有啊。,<JNECST>: 有本事把肩膀崩到天花板上去。,<lillllliyy>: 是怎么画出这么少女的东西来的 天啊,<-BMAL>: 回复 @礼欠鱼 :不太清楚，应该再过两三天jiujieshuleba,<礼礼如>: 优秀毕业作品展览什么时候截止,<lengogo>: 背包很好看 [思考],<大头儿子R>: 被帅到 少女心爆棚]
BMAL	早上八点半到下午5点，快到中国美术学院象山校区8号楼看我们的毕业展。 ​​​	[<Jacqueline-SiuK>: 回复 @-BMAL :南山那边还有毕业展吗,<-BMAL>: 回复 @Sssiuken :已經結束了,<机智婊哥王大喜>:   @园长是甜豆腐脑肉粽子沾白糖派   @我是姚大的女人   @春哥派来的逗比  看看人家男生的少女心！！,<Jacqueline-SiuK>: ！！！！5.30时候去了 明天为了你再去一趟！,<逆向理论>: 去看了！好看！！,<kami在这里>: 回复 @Tx-璇 :看到了！,<RDUENG>: @-BMAL  明天还有明信片吗？你明天会不会在，好喜欢你的作品，太性感了,<Kiko_721>: 去看展好喜欢你的作品，就是没有周边，你人还不在，想见一下本尊的说,<薄荷海藻>: 很喜欢你的作品！,<曾敏大女仔>: [淚]最后时间不够 都没办法去找你买东西,<曾敏大女仔>: 额啊啊啊啊 我就昨天跟你哔哩啪啦半天的那个！！！终于找到你啦！！！！！！,<-BMAL>: 回复 @Songmmmmmm :我在8号体育馆.,<Songmmmmmm>: 回复 @-BMAL :我明天下午去看你们展啊,<-BMAL>: 回复 @Songmmmmmm :在！明天下午我值班！,<阿方哥儿>: 沦为脑残粉啦！还是想要枚红色的挂绳,<十口宝>: 回复 @张咩咩出没 :看过,<ban拉拉>: @Scorpio_Kami  有看到这个么？,<张咩咩出没>: @十口宝   超级好看,<周五福Zoe>: @看不在那里的人  好想去！好棒！,<老金cece>: 哇靠，太棒了，就是吐槽下一个爷们竟然可以这么少女心[江南style][江南style],<夏佳-little-thing>: 太棒了 好喜欢！！,<我是一只什么好呢>: 喜欢哦～[good][心],<Shidahaia->: 回复 @-BMAL :以后就是你的脑缠粉了！ ！！你看请勿拍照 ！但我还是拍了耶 [心][心][心]  http://t.cn/R2i8iCo,<-BMAL>: 回复 @Amber19-Dsr :明信片明天会有[兔子],<-BMAL>: 回复 @ooqo0 :谢谢，没有说不能拍照，只是不能碰而已[害羞][害羞],<Shidahaia->: 超喜欢这套 虽然说不能拍照 可我忍不住偷偷拍了 超棒[心],<AmberRyo-19>: 我昨天看到了，超级喜欢！！还在找有没有明信片卖[doge],<_ANITANITA_>: 好喜欢超喜欢，快点再搞点周边卖吧！之前的纹身贴就喜欢的不要不要的了!,<-BMAL>: 回复 @妙妤妤 :在象山,<妙妤妤>: 一直有关注你的画，你在象山还是南山那边，你的具体专业是? 你的画有个性，很喜欢！,<-BMAL>: 回复 @土著居民森 :我是插画专业,<-BMAL>: 回复 @-KyleShaw- :是的,<-BMAL>: 回复 @土著居民森 :南山校区和象山校区都有展览可以看。[太陽],<土著居民森>: 你好，你是学什么专业的？我学的视觉传达，过来旅游顺便看看毕业展。该去哪里看呢？,<-KyleShaw->: 6月4号就结束了么？,<黎泰院柴博文-GD>: 太酷了！！好想親眼看！Q_Q,<会飞的熊歪歪>: 回复 @-BMAL :谢谢,<-BMAL>: 回复 @会飞的熊歪歪 :4号,<Moonstruck27>: 这个好好看！！！！,<_知莫>: 作者竟然是个汉子！天啊撸！,<Ousman迪>: 东西太酷作者太帅[哈哈],<会飞的熊歪歪>: 象山毕业展几号结束的？,<永夜的持灯人>: 回复 @三角地的大森林 :也算是个缘分,<三角地的大森林>: 回复 @BMAL- :可能是我视野比较局限，不太能欣赏比较梦幻和童话的作品，只是因为我的原因，说话可能不太注意。不过作品倒是特别精致，也特别有意思。[鲜花][鲜花][鲜花][鲜花][鲜花],<三角地的大森林>: 回复 @永夜的持灯人 :哦，好像是的，不好意思哈,<永夜的持灯人>: 回复 @三角地的大森林 :你貌似回复错人了把····,<-BMAL>: 回复 @三角地的大森林 :没办法家里穷，从小没见过什么时尚的东西。,<三角地的大森林>: 回复 @永夜的持灯人 :反正我觉得很土[抓狂],<HeartSmith>: 下午四点半赶去看就闭馆不能进了 伤心[伤心],<逆也Nemo>: 回复 @BMAL- :诶！！！这样吗！！！那我明天来！！！！,<-BMAL>: 回复 @逆也Nemo-CP16Day1-U30 :闭管啦已经！,<逆也Nemo>: 回复 @BMAL- :下午太忙了！打算待会儿过来TUT,<-BMAL>: 回复 @逆也Nemo-CP16Day1-U30 :你今天来了吗？,<Roy林清>: 什么时候把你毕设的画完整的发出来好吗[doge],<水溶性阿宅>: 回复 @宗妮娜ll :_(:_」∠)_,<I-AM-FlONA>: 妈呀这满满的少女心！！！高岭之花嘛你[眼泪]好羡慕你们城里人,<-BMAL>: 回复 @吴王叚 :传媒动画学院,<海参参参参几许>: 回复 @婆婆丁约等于婆婆 :羊毛毡少女标本]
