bobogd818	#权志龙# 161231 SBS 人气歌谣预录后记*3 cr.bamboo_bin ​​​	[<志龙的ayi酱>: 新年快乐[心] #BIGBANG#,<MY痴心绝对>: 辛苦了我们的歌手大人，辛苦了啵啵鸡[爱心发光]💖,<G-sunDay>: 世界上最可爱的志龙[心],<歪鸡倒闭了>: 辛苦了，新年多福[心],<swagchicG>: 新年快乐小哥哥 辛苦了,<曲曲5776>: #权志龙# 你只有三岁[嘻嘻],<棒槌xi>: 新年快乐[兔子],<靖欣陈>: 最好的big bang[花痴][花痴][花痴][花痴],<有的只是孤独>: 马上跨年了，波波[母鸡]也要嗨皮哦  http://t.cn/RIDHVYP,<xxxibgdrgn_GRL>: #权志龙# [星光],<backup-v>: 啵啵[母鸡][爱心][爱心][爱心],<维尼喵了个咪>: 辛苦了[心][心],<拥抱路西法>: 表白啵啵鸡[喵喵] 表白全世界最好的哥哥！]
bobogd818	#权志龙# #PEACEMINUSONE# xxxibgdrgn INS ​​​	[<-怪人一只>: 更努力 要健康啊！！,<陌上桑残殇>: 龙宝辛苦了，站子辛苦了,<我是芝芝哦>: 我的小哥哥，无论如何，会一直爱你[爱心]️[爱心]️,<哎呀不管了啦>: Happy New Year and I love you[心]Thank you for 10 years.因为有你，所以十年才可以一直精彩，30代继续一起走吧，用我的20代来陪伴你。,<Crayon1916>: love you[心],<既不是大人也不是小孩的21>: happy new year,即将30代的[男孩]，我23了[脸红]OMG，不对不对我才21[doge]新年快乐[爱你]Bigbang也一直这样走下去吧，祝身体健康，红红火火恍恍惚惚,<呆毛征>: 谢谢你我的龙。[太开心][太开心][太开心][太开心][太开心],<Essie小萱咂>: 谢谢10年来一直努力奔跑的哥哥们[心][祈祷]新年快乐[心]2017，我们依然一起走[爱你],<他眼睛会笑_>: 我的歌手大人们2017继续相伴[爱心],<云水之畔>: 喜欢你，喜欢你们。,<志龙我要你长肉>: 新的一年五只都要幸福百倍,<WAITINGUG>: #2017我们也一起继续向前跑吧#   @GDRAGON_OFFICIAL  ,<小王子king129_85736>: thank you,will support you fovere,love you[鲜花],<shariling鸡涌>: thank you,I love you，GD[心][心][心][心][心],<丽萨是个小痞子>: 我喜欢的你那么优秀我不能堕落,<美美MiyaLo>: 也谢谢你呀我的歌手大人[心]2017也继续努力吧[爱心][祈祷][星星],<一只肉卷儿>: BOBO鸡开评论了？！表白男神GD，感谢你十年的光芒与付出[心][心][心],<atergolupi-->: 就是看到这句话泪奔的。10年来也谢谢你们以及站子们。大家虽然都辛苦，也请一起走下去。,<奔赴你gg>: 新年快乐波波鸡  http://t.cn/RIDOu32,<BABY_JIYONG>: #权志龙#    Thank you.Loving you forever![心],<勝鉉予情>: HAPPY NEW YEAR[心],<__志龍甜心>: #权志龙#  Thank U[爱心]Love U[爱心] @GDRAGON_OFFICIAL  ,<来一杯88年的污龙茶>: 呜呜呜呜呜呜……哥你要好好地  http://t.cn/RIDO9Ij,<meetjiyongxi>: 下个十年 二十年……我们一直走下去吧[心][羞嗒嗒],<最最最喜欢权志龙油菜花又高颜值>: #权志龙#   #PEACEMINUSONE#  Happy New Year[心][心][心][心][心][爱心][爱心][爱心][爱心][爱心],<道奇鸭的大爆炸>: Thank you so so so much.[心][心][心],<chio兔子>: #权志龙#  thank you for 10 yeas～[心],<Mminus_>: Thank you for 10 years too[心] I wish you happy forever[心]  http://t.cn/RIDOVsz,<Kjylucifer>: love u[爱心]️thank u[女孩儿] @GDRAGON_OFFICIAL  ,<我家志龙和千玺>: Stay with you [心][心][心],<NamtanGD>: 这一年哥您辛苦了I love u[爱你] @GDRAGON_OFFICIAL  ,<Bbbbbbbbroccoli>: 啊钵钵鸡开评论了！,<Wind0820>: love you,<Wind0820>: Thank you,<yg什么时候可以不拖后腿>: 新的一年也要开开心心地过啊wuli鸡涌[心][心][心],<xxxibgdrgn_GRL>: Thank you, my most precious singer,I love you. 💕Happy New Year[礼花] @GDRAGON_OFFICIAL  ,<小Cat婷-鸡涌啊>: 下一个十年我们一起吧,<swagchicG>: 小哥哥少些感伤 明天是更美好的一天 @GDRAGON_OFFICIAL  ,<Northpine_>: Thank u 2[心],<kithaa>: [心][心] @GDRAGON_OFFICIAL,<有肉才欢>: Thank you for 10 years.Bring us so much love [爱心]️,<改个名字就不懒了>: thank U  @GDRAGON_OFFICIAL  [飞吻],<-清欢xx>: #权志龙#  Thank you. 💖 Happy new year. 💕 @GDRAGON_OFFICIAL  ,<M2013的小屋>: 下个十年也一起走下去吧[心],<Crystal莹蓝之梦>: 是我们谢谢你才对[爱心][爱心][爱心][爱你][爱你][爱你] #权志龙#  ,<瑶光Alkaid>: 爱你们是最好的事。,<GNINAN>: 是我们要谢谢你们呀 一起走下去吧,<L超人一定会飞>: I Love you [心][心][心] @GDRAGON_OFFICIAL,<阿波是上帝>: Goodnight [月亮] Happy new year 🎊 ,<是苏十九呀>: #权志龙# 以后也请一起走下去[心][心][心][心],<See简介>: 17年拜托了[男孩儿][女孩儿],<xiaoyu20160310>: [心] @GDRAGON_OFFICIAL,<龍的小仙女O_o>: 爱你[心][心]]
bobogd818	#权志龙# xxxibgdrgn Ins ​​​	[<龙妻叫土豆>: #权志龙# 干了这碗鸡汤[哈哈][心] @GDRAGON_OFFICIAL  ,<一斤江小白>: 嗯，我们也在努力。,<xxx_luzi>: 有些日子是伟大的，有些日子不那么伟大，但我正在尽我所能。,<cby的世界>: 2016年的最后一天，让我们一起干了这碗鸡汤]
bobogd818	@GDRAGON_OFFICIAL Morning baby[面包]🍼🤗 ​​​	[<real_zfw>: [爱心][爱心][爱心][玫瑰][玫瑰][玫瑰],<Junny雅君酱>: [心][心][心]  http://t.cn/RcNrfW5,<spitonyou>: 回复 @鸡婆的 :原图可以私我吗[心][心][心],<小水婆娘>: 매일매일 좋은 일만, 웃는 일만, 즐거운 일만 가득하시릴 바래요，love you all[心] @GDRAGON_OFFICIAL   http://t.cn/RcNBOrG,<ShirleyStymest>: 多少遍 多少遍的I LOVE YOU 都不够[心][心][心][心][心][心][心][心] @GDRAGON_OFFICIAL   http://t.cn/RcN1pJN,<无限极小龙珠>: 你是我们的正能量，你把整个舞台和青春给我们，我们应该把私生活还你，无论如何，vip是你的强大后盾,<G小Mr>: 可爱的鸡涌啊，最喜欢你笑的模样，感觉好温暖好幸福，希望你一直可以开心大笑，愿你从今以后没有烦恼，做自己想做的自己和事情[心][张嘴],<志龙哥哥的迷妹>: good afternoon my pride[爱你] @GDRAGON_OFFICIAL   http://t.cn/RcN3455,<GD的意思是爱你>: HI  GDbaby @GDRAGON_OFFICIAL  [心][心][心][心]  http://t.cn/RcNuQut,<罗曼曼->: 图片评论  http://t.cn/RcNuKHS,<王丫丫Lucifer>: [心][心][心][心][心]  http://t.cn/RcNubzN,<GD-CE>: support you  waiting you only you LOVE YOU you best[小嘴] [皇冠] [卡拉ok]  [可爱] [手掌]  http://t.cn/RcNmtZY,<木醇zzz>: [心]  http://t.cn/RcNnu4S,<上邪KJ>: I love you my hero[心][可怜],<权吹>: @GDRAGON_OFFICIAL  my baby hero,<权吹>: my baby hero[心][心][心],<上邪KJ>: love you baby[心]  http://t.cn/RcNn65m,<拜托每天进步一点点>: ur the best.ur my hero.[羞嗒嗒][羞嗒嗒][羞嗒嗒]from gd's fan  http://t.cn/RcNncPG,<CutePink->: [心]  http://t.cn/RcNnvd0,<Belsey-JzZ>: [心][心][心][心][亲亲][亲亲][亲亲][亲亲][亲亲][兔子][兔子][兔子][兔子][兔子],<-谁能有我鸡弟可爱>: Honey[爱心]️  http://t.cn/RcNRHu6,<LointainGMY>: we stand by U,<仍是少年样>: May u smile like this all the time！[紫心][蓝心][黄心][绿心][爱心]️💖[一箭穿心][心形礼物][红心]💞[爱心发光]💕 @GDRAGON_OFFICIAL   http://t.cn/RcN8JDH,<T_Ho_G>: [心]  http://t.cn/RcNQHK3,<seventeen__sq>: 我只有一个担心!!! 宣传小能手会不会就这样不复存在…… 急用以前的更博速度也很良心啊！我只想说欧巴不要离开！[心][心][心],<崔老伯和李大爷>: love u[许愿] @GDRAGON_OFFICIAL   http://t.cn/RcNHjI5,<Chrysmen_GD>: Forever be your supporter. One and only love U.[心] @GDRAGON_OFFICIAL,<爆炸爆炸爆炸BIGBAG>: 回复 @鸡婆的 :求原图[泪][泪][泪][泪],<LiebenG_G>: love u baby  http://t.cn/RcNHyau,<Vivian__媛>: 全世界最好的志龙 @GDRAGON_OFFICIAL   http://t.cn/RcNHZ3m,<ibffyhu>: 很甜了 我的宝贝[亲亲]  http://t.cn/RcNT1xL,<Cute_GBaby>: missing u!! my honey[太开心][爱你]  @GDRAGON_OFFICIAL   http://t.cn/RcNTjmj,<TuJeon>: Fighting![心][心][心]we will always with u.good afternoon,baby!A BETTER U IS COMING[微风][微风] @GDRAGON_OFFICIAL   http://t.cn/RcNTN72,<跑跑路人丁>: 鸡涌baby～[飞吻],<阿加阿加mmm>: 我的小哥哥要一直这样笑下去，好吗[可爱]  http://t.cn/RcNTIVP,<喜欢你美滋滋>: love my sweet baby[女孩儿][女孩儿]  http://t.cn/RcNTZpH,<吴仙仙siu_>: 回复 @BUTTERFLY_GG :好可爱[抓狂],<nocherrypie>: 推荐John Lennon - imagine （歌词太戳了  http://t.cn/RcNYkj8,<芝士阿末君>: #权志龙#   @GDRAGON_OFFICIAL  [心][心][心],<一月欣十一>: 回复 @鸡婆的 :原图原图,<阿尔缇妮斯zr>: love ur smile[心]GD fans are always here[心] @GDRAGON_OFFICIAL  don't worry our leader G[心]  http://t.cn/RcNYEL5,<-ddddd蛋白>: baby[心][心][心][可怜] @GDRAGON_OFFICIAL   http://t.cn/RcNYYw2,<鸡涌我的小阔爱>: 我的志龙 我爱你[心]  http://t.cn/RcNYWCk,<kking0818>: 好甜好甜吶  http://t.cn/RcNY0qz,<甜志龙u>: Good afternoon my baby[兔子]  http://t.cn/RcNYpxb,<WWW_RY>: i will always love you like a dariling.  @GDRAGON_OFFICIAL   http://t.cn/RcNYNMi,<像大蒜一样的山竹君>: @GDRAGON_OFFICIAL  love u[心][心][心]  http://t.cn/RcNYa64,<WWW_RY>: i will always love you like a dariling.  http://t.cn/RcNYJJq,<谁都不磕>: Good noon baby🤗🤗,<龙少女啊->: Love you forever [爱心][亲亲][飞吻] @GDRAGON_OFFICIAL]
bobogd818	#权志龙#  bg_liam ins ​​​	[<西瓜志龍>: 小可爱[好爱哦],<小小鸟梦想遥不可及>: 不过你好辛苦[微笑],<小小鸟梦想遥不可及>: 长时间化妆回依赖。,<小小鸟梦想遥不可及>: 为什么不把口罩摘掉,<鸡涌你是我的权世界19880818>: 我反正只认识我家龙宝！！！,<你是圆嘟嘟吗>: 今天只表白你……love 啵啵[母鸡][心],<twenty_news>: 别以为你戴口罩我就认不出来你[偷笑],<GlovemoreD>: 我要你给你当职员啦啊啊啊~,<C_阿君>: 还找员工吗，权老板[心][心],<阿燕的牛津鞋>: 啊哈哈哈权代表[芒果萌萌哒][芒果萌萌哒][芒果萌萌哒],<杨越yuey>: 还招员工吗[doge],<Hellohugme>: love you,<甜逗_>: 一眼就看到你啦[可爱],<MadMarlene>: 这种每次想点开大图找找哪个是我们小可爱结果小可爱每次都戴口罩看不到脸然而其他路人的脸不要太抢镜的痛！,<allforGDRAGON>: 表白戴口罩的小可爱[爱心],<五五0208>: 羡慕。。。我也想去打工[心][心][心],<艾颜520>: 一眼万年就是说的你吧[嘻嘻],<艾爱葵>: 一眼就知道那个是GD[喵喵][喵喵][喵喵][喵喵],<乐乐乐乐乐菁菁>: 老公最近真的太累了,<喜好分明>: 老公你这两天累不[悲伤],<_满堂昭然_>: 没脸还是帅的气场！,<G-Dragon一一>: 你总是人群中最抢眼的那一个！[笑cry][心][心][心],<包包小朋友gd>: 一眼看到我龙[爱你][爱你] @GDRAGON_OFFICIAL  ,<JIeeWoo>: 只要有龙哥就得[强],<kiaile玹holic>: 遮的也太严了吧  要看要看,<倾城洛水小青鸾>: 脸的好小啊啊啊啊[互相膜拜][互相膜拜][互相膜拜][互相膜拜],<Mtyhvg>: [飞吻][飞吻][飞吻],<lee晓哲>: [耶][haha],<李大花朵>: 带口罩的是我老公,<笄遇龙>: 人群之中你最亮眼[lt赞],<顾生家的鸡涌>: 一眼看到你。[偷乐],<一抹茶儿kiko>: 回复 @seoul少女图文 :这不是今天去的照片吧？,<喜欢笑话的疯子>: [兔子][兔子],<有肉才欢>: 也想给权萌萌打工[哈哈][哈哈][哈哈][哈哈][哈哈],<VIII__I>: 这气场一看就知道哪个是鸡涌了，好羡慕啊[泪][悲伤]我也想给权代表打工，想跟他合照[悲伤],<苏苏雅腾>: 虽然挡着脸，依然有风彩。,<Yan-huyo>: #权志龙#  感觉是咖啡厅啊,<g_mint0818>: 啵啵鸡你好厉害，遮得那么严实你也能找到龙哥,<_王大欢_>: #权志龙#  miss you,<满延文>: 没有脸的肯定是我哥[哈哈] @GDRAGON_OFFICIAL,<-糯米丸子>: 欧巴脸太小，哈哈[眼泪]]
bobogd818	#权志龙# moonshotkorea ins ​​​	[<Mtyhvg>: [爱你][爱你][爱你],<XUHAOJING>: 回复 @kjy_xxxdanny :该死的营销号！,<Geniusslay>: 回复 @kjy_xxxdanny :…………你怎么知道是营销号举报的[汗] 没有证据的话我们不要乱说 给人抓把柄啊………,<XUHAOJING>: 回复 @kjy_xxxdanny :亲   你是怎么知道龙哥微博被营销号举报的啊？,<可爱小饱包>: 玛德，渣浪为什么要删我龙哥的微博,<桠娅婭椏>: 为什么哥哥自己发的被删了  怎么申请回来[大哭],<LOVEGD龙tory>: 太帅了[小嘴][小嘴][小嘴],<凌尒尒>: 我就想知道是什么，然后买买买,<geniusxhentai>: 依旧for men 女生可以用么[不想上班][不想上班][不想上班]是防晒霜么,<仙人掌中的仙人球>: 迷妹的日常，每天看我哥一百遍[爱你][爱你][爱你],<有肉才欢>: 哈哈哈哈，帅炸了的宣传小能手[爱你],<NamtanGD>: 啊啊啊啊啊啊啊啊啊[好喜欢]  http://t.cn/RqWRiJW,<少年呀LYF818>: #全世界最好的权志龙#  脖子太性感了[色],<你权世界只有一个>: [色][色][色][色],<你权世界只有一个>: 我龙太帅了。[爱你][爱你][爱你],<Sash_Sparrow>: 实力moonshoot银色月光,<XXJJJWWWINCY>: 窒息[拜拜][拜拜][拜拜],<BIGBANGisWILD>: 银色龙宝宝[爱你][爱你],<嘻嘻嘻哈哈哈呵呵呵咯咯咯>: #权志龙#   #G-Dragon#  妈妈咪呀，太好看啦[色][色][色][色][色][色][色] @GDRAGON_OFFICIAL  ]
bobogd818	#权志龙# 160427 福冈机场入境 GD饭拍预览 CR:ON PIC ​​​	[<傲娇的yao胖子>: 他最喜欢谁觉的。   好心疼[泪][泪][泪],<幸运的唐汐儿>: 你是全世界最棒的权志龙 @GDRAGON_OFFICIAL  爱你爱你，长大以后一定要嫁给你,<从青丹的全世界路过>: 看宝宝好憔悴的样子，好心疼[闭眼],<风纱锡淋>: 回复 @女人就要拽789 :权志龙不认识你！别乱叫！[吐][吐][吐][吐][吐][吐][吐][吐],<风纱锡淋>: 不会好好说人话的   都别来评论！[弱],<胜利家的胜利呀>: 好辛苦[鲜花]在日本好好玩，然后好好休息[心],<Some-WN>: Running around[飞机][飞机][飞机][飞机][飞机][小汽车][小汽车][小汽车][小汽车][小汽车][十点钟][十点钟][十点钟][十点钟][十点钟],<可乐鸡涌_>: 最近真是爱死你了[崩溃][好爱哦] @GDRAGON_OFFICIAL   #全世界最好的权志龙# #权志龙#,<Anada-seekmydog>: 你昨晚又睡觉吗[哼][哼][哼][哼][哼],<卿非语>: 都不睡觉了的。 他那么喜欢睡觉的人。唉,<种花的娜娜婆>: 总是因为太优秀而被人嫉妒诽谤，这不是他的错，是失败者不自量力的挑衅,<林凡蟹子>: Looks very tired, distressed, hard………………[笑cry][笑cry][笑cry][心],<Spring周如月>: 宝宝辛苦了[悲伤][悲伤],<种花的娜娜婆>: #我叫权志龙# #权志龙# 就是这个让我们心疼的人[好爱哦]你能幸福快乐就是我们最深刻的愿望！,<GD宝宝的宝宝>: 哎，宝宝一定好累,<娉婷妆颜形象管理>: 我龙哥太辛苦了[泪][泪][泪],<有肉才欢>: 真心越长越像了，一眼胜利一眼太阳，毕竟老崔眼睛大声妹眼睛小，志龙好好休息！辛苦赶行程的宝宝了[爱你][爱你][爱你][爱你][爱你],<我的头像支持GD权志龙>: #权志龙G-Dragon#  这行程,<uUntitled8>: 龙龙辛苦了[心],<林凡蟹子>: [心][心][心][心][心][心][心][心][心][心][心][心][心][笑cry][笑cry][笑cry][笑cry][笑cry][笑cry][笑cry][笑cry][鲜花],<_h-ping_呀>: 我竟然看成胜利了[笑cry] 没有人和我一样吗,<CRAYON_OFFICIAL>: 辛苦宝宝[爱心][爱心][爱心],<奔跑的红豆子>: 确实好辛苦，这几天好赶[心],<GD是我的一颗糖>: 好辛苦Wuli龙宝宝。。怎么不直接飞日本呢？？？,<琳子虞>: 好憔悴啊[惊恐]~可怜儿~[可怜][可怜],<搞笑的倩倩>: 昨天代言卡帕，今儿穿阿迪的裤子！我想说“还有谁”[哈哈]  [兔子]注意休息啊,<kachineJ>: GD.[哈哈][哈哈][哈哈][哈哈][玫瑰],<轶男xxxxxi_>: 这样下去宝宝会吃不消的[泪流满面][泪流满面]好累的[泪流满面]心疼[泪流满面],<yyygdccc>: 今天貌似20个保镖护驾，看见这气势龙哥你真是太优秀，只剩下崇拜了,<木叶兮V>: 好好休息！辛苦了，好心疼[泪],<网红来了啊啊啊啊啊>: 龙不仅是为了自己在努力，更是为了龙粉在努力[爱你],<陈夕越>: 辛苦了。要好好休息！,<疯狂并幸福快乐着的朵儿>: 好好休息！日本fm加油！,<一个高冷哒迷妹酱>: 辛苦了[哆啦A梦花心],<正牌李总夫人>: 小哥哥辛苦了呀[许愿],<我们是害虫-blue>: 宝宝太累了，心疼,<时间啊时间走快一点吧>: 看到鸡涌平安回去我就放心了[拍照],<hey_i_love_u_>: [心][心][心] #全世界最好的权志龙#,<执妻>: 太辛苦了 心疼死了[泪],<橙子鸡涌么么么么哒>: 宝宝早安~辛苦了[爱你],<yaotong的小窝>: 宝宝演绎了什么叫飞的[甜馨尴尬],<一朵太阳君>: 一只飞来飞去的权三岁。[心],<蓝少8915>: 太辛苦了。请个女助理照顾生活吧，总比男生细心些,<馬冰倩->: 图片评论  http://t.cn/RqWNB3U,<梁琦琦mona>: 双眼无神？龙哥不一直都是这种吊样吗？,<陳秋润_Cherry>: 是志龙老婆的赞我！！,<想太多精神分裂症-黄小小小慧>: 真的太辛苦了 要好好休息,<-CHENXIAOLING->: 辛苦了宝宝[心][心][心][心]好好照顾自己[爱你][爱你][爱你][爱你] @GDRAGON_OFFICIAL,<BILIBIHC>: 真的辛苦了[泪流满面][泪流满面][泪流满面],<TV小丸子de凯喵>: 龙宝，真是辛苦啦，就算再辛苦，也要好好休息哦！！！照顾好自己哟,<yzeroxi>: GD真的好辛苦，，，心疼！]
bobogd818	#权志龙# xxxibgdrgn【☄#moonshot#】 ​​​	[<Mtyhvg>: [爱你][爱你][爱你],<care-雪景>: 权代言，正式成为宣传小能手！,<豆豆豆豆豆豆儿儿>: [爱你][爱你],<lesleywuya>: 认真努力的人儿 [爱你],<818Ggirl>: 宣传部长[亲亲][亲亲],<终身只爱BigBang>: 代言人。。。。。以后得车子彩妆，衣服有着落了[doge][doge],<Santee张>: 回韩国是因为moonshot吗,<SORyinn>: 欧巴这几天很赶啊,<ElegantHyun>: 来香港吗[喵喵],<0818GD-official>: 欧巴！好帅[爱你],<我想有只_小哆啦_>: 我喜欢，长腿欧巴[爱你][爱你],<晗姑娘啊>: [爱心][爱心][爱心][爱心],<JKvictory>: 腿长一米八[doge]]
bobogd818	xxxibgdrgn【[坏笑]】 ​​​	[<境遇花季泪>: [哈哈][哈哈][哈哈],<最后海绵宝宝也哭了的秘密>: 回复 @GYUANR :我要，,<最后海绵宝宝也哭了的秘密>: 一看到你的相片心就跳个不停 …中毒太深[鲜花],<长安花ii>: 无法守护权萌萌的发型 #权志龙#  ,<二月初七时>: 又去夜店玩[心],<OneOfAKind_GD_>: 笑起来真好[飞吻],<Hedy_OTW>: 谁能告诉我jiyong的ins名前面的xxxib是什么意思吗？谢谢啦 @BOBOG-Dragon,<向阳戴戴>: 哈哈  想知道当天什么人可以进去,<正牌李总夫人>: 小哥哥好可爱啊 啾啾啾[给劲],<Haruuuuubang>: [微笑][微笑][微笑][亲亲],<Wuli鸡涌88>: #权志龙，我爱你# 又深夜出来撩妹[doge],<想和基地手拉手-想和太阳肩并肩>: [挖鼻]龙哥，没谁了。又去浪,<北七豆豆>: #权志龙#   笑容好甜呐[心],<睡觉不如唱歌>: [爱你][爱你][爱你][爱你][爱你][爱你][爱你][爱你][爱你][爱你][爱你][爱你][微笑][爱你],<你谁哦_>: 回复 @批发轰炸机的小惠 :一大早看到这个心情蛮好[喵喵],<xxxx_jiyong>: 回复 @小花1010 :朝鲜[doge][doge][doge][doge],<Ssssi__石童鞋>: 老婆们允许你这样撩了嘛[酷][酷][酷][酷],<理工mean>: 去夜店就这么开心，还跑出来撩妹[doge][doge][doge][拜拜][拜拜][拜拜],<塔pyong>: [崩溃][崩溃][崩溃],<稻草田的>: 我们bobog什么时候开评论了,<Kwon的喵>: 我想知道看到什么了笑辣么开心[思考],<天上掉下个矮矬穷>: 我宝应该出演emoji大电影,<GDbaby_凡凡凡>: 自己配的表情也是好笑[笑cry]最可爱啊[亲亲][亲亲],<蓝女子不是懒女子>: 这是Kappa庆功宴 不是夜店,<心风吹向你>: 这个表情我喜欢[坏笑],<迷糊的朵朵>: 龙龙辛苦了，能这么甜笑应该心情不错,<VIPVI什么>: 这个笑容，真的是虐得我体无完肤，但是就是那么的喜欢你撩[害羞][害羞][害羞],<Gzymmmm>: #全世界最好的权志龙#   #权志龙#   笑的那么好看[爱心]️ @GDRAGON_OFFICIAL  ,<-章卓燕->: 欧巴，这是去哪里？带上我[抓狂],<VSCO调色小匠>: 喜欢摄影调色的宝宝们关注我噢[馋嘴],<森尼lee>: 要的私我咯[嘻嘻]权志龙微信动态表情包  http://t.cn/RqWoztk,<原来小可爱啊>: 志龙欧巴笑的好开心呢,<wulihelp_peace>: 这么累，还去庆功宴[悲伤],<權萌萌的kiyo>: 这样撩妹真的好吗？ @GDRAGON_OFFICIAL   不过我喜欢[色][笑cry][笑cry],<立青先森>: #权志龙# hiahiahia[坏笑][坏笑][坏笑] @GDRAGON_OFFICIAL  ,<KwonJiyong的糯米糕_>: 今天龙哥很开心的耶,<King-within-aces>: 又去放纵了 [生气],<xxxitgdrgn>: 我的天这笑甜炸了[好爱哦],<guys-321>: 好厉害的样子[坏笑],<此微博已停用请勿再造访>: 居然开评论了 是想等着龙哥评论吗？[doge],<MAOo菌>: 高糊也可爱～[心],<胜利冷漠脸>: 你是我的取向狙击,<韩MENG>: 不知道怎么说话 好甜好甜好可爱,<lye本>: 应该是kappa party看到宝宝这么开心我就放心了,<JUNO-oo>: [坏笑][坏笑][坏笑][坏笑][坏笑][坏笑],<权三岁818>: [害羞][害羞][害羞],<yoonihan>: 我的欧巴[doge][doge],<Mtyhvg>: [爱你][爱你][爱你],<BB_is_my-everything>: 帅帅哒。一脸坏笑。[害羞],<feidaily>: 唇红齿白的白毛少年 GD MORNING[爱你][爱你][爱你],<文艺哥们>: 如果我是dj,你会爱我吗🤘🏻,<GD-Monsant-華>: 年轻真好[羞嗒嗒][羞嗒嗒][羞嗒嗒]多少VIP们想让你好好休息休息，你却浪够才回国,<VIP_PMO>: 你上哪去high了？[思考],<ZZerros>: 昨晚真的不要太帅好不啦[思考],<NamtanGD>: 看到你这么开心就好[拍照][爱你] @GDRAGON_OFFICIAL  ,<KwonJiYong的小仙女>: 风一样的美男子[花痴]]
bobogd818	#权志龙# mizangwonbytaehyun ins ​​​	[<朱桂芳V>: 你正常一点好不？,<秋天再见一面>: 我炫酷的小绵羊[绵羊][绵羊][绵羊][绵羊][绵羊],<Follow_GDragon>: #权志龙#  [爱你][爱你],<prayer123>: 看第一张，真感觉是女的啊！,<Z_guan>: #全世界最好的权志龙#  [互相膜拜][互相膜拜][互相膜拜][互相膜拜],<林凡蟹子>: 酷毙了[心][心],<-LFay->: 啵啵鸡wuli鸡涌更ins啦[好爱哦] 是不是出去high了这家伙[猪头][羞嗒嗒]  http://t.cn/RqWVFv3,<雀斑妇女>: 黑人问号？？？ ？？  http://t.cn/RqWV1pZ,<艾薇古拉儿>: #权志龙#  这件T恤出现次数真多哎，想get同款[兔子],<遇见李胜利>: 突然间好好奇钵钵鸡你是男的还是女的[眼泪],<soulllCN>: 这个是两年前的照片了吧[微笑][心][爱你],<A-Qdrolma>: 貌似以前的画风哦～[偷笑][偷笑][偷笑][爱你][爱你][爱你],<电影会长卷福>: @M-R自主潮店  这个博主新店出售各种潮品，部分国内现货,每日更新[拍照][拍照][拍照][兔子][兔子][兔子][兔子],<林凡蟹子>: [心][心][心][心][心][心][心][鲜花],<小菜xiumao>: 这件衣服出镜率好高呀[哈哈]上海FM穿过[哆啦A梦吃惊]卷毛龙帅的呀[羞嗒嗒][好爱哦][好爱哦],<Yi_v_Xi>: 回复 @Goo_Dear :还有谁！能hold住这种衣服！！,<Goo_Dear>: @Yi_v_Xi  各种衣裤各种发型都hold住[doge],<GaoJianYu_GD>: 哈哈 美女龙[疑问][挤眼],<xxibgdrgnjacinth>: 原来那张图是从这来的啊[傻笑][傻笑][傻笑],<ttt净蚊>: 那时还没纹枪呢kkk,<Auklao>: [爱心][爱心][爱心],<_青山青衫>: 真 怎么都看不够[哆啦A梦花心],<酸奶味儿的权奶包>: #权志龙# 那条金光闪闪的裤子呐，少见的泡面头呐[心][心][心][飞吻][飞吻][飞吻][鲜花][鲜花][鲜花],<小狮子你憋跑>: 到底还有多少存货[doge][doge][doge],<权势GtttOtheD>: 这条裤子！原来出处在这儿啊[哈哈][哈哈][哈哈],<Xisamahhh>: @ShawnYxs   诶 这不是二巡那件T,<和我去跳海>: @星星你的唐文浠,<SueryWong>: ki哦哒[爱你] #我叫权志龙# #BIGBANG# #权志龙#,<种花的娜娜婆>: #权志龙# #我叫权志龙# 小卷卷可耐爆了[哆啦A梦花心]偷偷问一句:这是刚拍的照片吗？,<米花棒->: 海藻头[羞嗒嗒]帅炸 瞩目的银色裤子[求关注],<GCSYD>: 一头乌黑亮丽的卷毛,<YR茹子>: 我发现哥哥老喜欢这件衣服了[羞嗒嗒],<木叶兮V>: 我龙又乖又调皮，真怕你从椅子上掉下来[震惊],<胡桃夹子2015>: [心][心][心],<cfr陈凤如>: 看来欧巴真的很喜欢这件T恤呢[爱你],<洋子的洋洋子的子>: 龙哥后面那张有点让我脑洞大开呀[笑cry][笑cry][笑cry][笑cry][笑cry],<橘的平方>: 这条裤子除了我老公别人穿在我眼里都是非主流,<hvcfdmwjtpjntlnxhpa15989796396>: 我想着这种图应该不会有人在下面评论帅吧，结果···,<穿大路>: 毕竟我也是亲眼看到他穿过这件衣服的人 所以呢 这条微博我要高调的转发[不好意思],<Mtyhvg>: [爱你][爱你][爱你][心][心][微风][微风],<montantYYX>: 这上衣在loser MV里出现过吧,<梦宝儿VIP>: 腰力真好。[眼泪],<WLvon>: 可爱泡面头[心],<胖越就是那个胖越呀>: 好腰[doge] @GDRAGON_OFFICIAL,<塔尖上的小橘子>: 少年腰力不错[doge],<不能乱改名字啦>: 这衣服出镜率有点高,<G-D娜娜0o>: 小心点[爱你][爱你][爱你],<怡121>: 小卷毛[色]爱你[飞吻],<请你意识到自己有多可爱好吗>: 逆袭[doge],<LOVEGD龙tory>: 小卷毛[小嘴][小嘴][小嘴]]
bobogd818	#权志龙# moonshotkorea ins ​​​	[<cvip顾晨雨>: 这个是什么情况有人知道不  http://t.cn/RqWLkrI,<猫氏小女仙>: 想买这个但是找不到,<莉莉小灯宝>: 腿啥时候这么长了[doge][doge][doge],<YiooMiiio>: 哦莫[好喜欢][好喜欢],<DK蹦的百宝箱>: 两米八[崩溃][崩溃][崩溃],<小笠奈子>: 大写的帅[心][心][心][心],<胡渣先生的猫>: 我好想要里面GD的那张独照[太开心][太开心][太开心],<Vita_J_>: 现在一点不卡了，快去看吧，等会龙哥就出来了…应该不用等太久,<LOVEGD龙tory>: 龙哥腿长1.8气场2.8[爱心][爱心][爱心]棒棒哒。,<杨兰兰-->: 龙哥，腿好细[笑cry][笑cry],<peaceminusone-gt>: gd还不出来[拜拜],<瑶瑶宝贝0726>: [爱你][爱你][爱你][爱你][爱你],<秋雨菲>: 完全看不了，火大，搞直播优酷根本不行！算了，等BOBO的资源,<DNTLVU>: #权志龙#   #Kappa百年巨星代言人权志龙#,<ADa___思密达>: 大长腿帅我一脸~~~[心][心],<CHOIIYONG>: 能把旁边的字都去掉吗[笑cry]只想要欧巴[微笑],<GD的迷妹好胖啊>: 360度无死角，大长腿帅我一脸[心][好爱哦][好爱哦][好爱哦][好爱哦][好爱哦][好爱哦][好爱哦][好爱哦]好爱你 #bigbang#   #权志龙GD#   #权志龙#  ,<GRI__权萌萌xi>: 我都要卡哭了！！！根本不敢开弹幕，什么都不敢开。,<秋雨菲>: 我靠！加载不出来，是看的人太多吗？？,<Mtyhvg>: [爱你][爱你][爱你],<嘻嘻嘻哈哈哈呵呵呵咯咯咯>: #权志龙#   #G-Dragon#  那么那么那么那么帅帅帅帅帅帅帅帅帅帅帅帅帅帅帅帅帅帅帅[爱你][爱你][爱你][爱你][爱你][爱你][爱你][爱你][爱你][色][色][色][色][色][色][色][色][色][色] @GDRAGON_OFFICIAL  ,<旧麋鹿_____>: 直播卡到爆[拜拜][拜拜][拜拜],<Stupid_Liar一枚少女迷妹>: 表白我哥大长腿[心][心]but 心情还是不好，被优酷耍[泪][泪],<隔海屿>: YG得了没有GD就卖不出去的病[doge],<终身只爱BigBang>: 手机看不见吗，貌似好像只能在电脑上看啊,<我想有只_小哆啦_>: LOVE OPPA[爱你][心],<LUO_ZIWEI>: 优酷可以看了，巨卡！！！,<-CaramelJewel->: for men又怎么样对我就是men我要买！,<娇弱病态少女>: 被耍了，为什么还不开始，都20.05了，我要看直播，我要看鸡涌，同意的点赞,<小热狗舅妈ovo>: 等了一小时了[拜拜]现在走过最长的路变成了优酷的套路[拜拜],<她叫七月熙>: 优酷就是玩我们呢吗？[怒][怒][怒],<小糯米Ya-G>: 对哈 能评论了哎！！！！,<丁璁VIKI>: 然而都是女宝宝买[笑cry],<徐以深情_>: 我都蹲在电脑前1个多小时了,<小糯米Ya-G>: Kappa家怎么还不开始,<_王大欢_>: #权志龙#  开始了，开始了,<十里梅坞蕴>: 大家直播都没开吗？我还以为我的有问题了[眼泪],<我不知道你在说什么>: 开始了[笑cry],<HollyJolly>: 行走的荷尔蒙[doge],<一一__饼>: #全世界最好的权志龙#   #权志龙代言#  [好喜欢][好喜欢][好喜欢],<JiminieBobo>: 广告视频看了一遍又一遍 我都能背出来他的每一句话了 说好的直播呢,<818Ggirl>: moonshot正用着呢[亲亲][亲亲],<欢喜昇铉>: 表白钵钵鸡 居然能评论了[爱你],<玉女子yoyo>: 优酷你这个歪货！！[怒骂][怒骂][怒骂][怒骂][怒骂]骗子[怒骂][怒骂][怒骂][怒骂],<ooomi>: 还没  http://t.cn/RqWAHlB,<终身只爱BigBang>: 直播呢，刚才看还有十分钟，到现在也没出来,<-小丑的戏剧人生>: 来回看几次了，结果还是没有直播啊,<FZYAOOO_>: 果然 不是自己电脑的问题[喵喵],<志龙哥哥的迷妹>: 已经看了40分钟广告。,<欢喜昇铉>: 表白钵钵鸡[爱你][爱你],<Luuy蒙路溪>: 八点也不开始  好难过,<Vita_J_>: 优酷的广告，要给宝宝看吐了…[害羞],<你你你你你再说一遍>: 能不能真诚点，优酷,<木又彡>: 帅帅哒 直播傻时候开始呀,<HQ-GD818>: 我还特意去下载了优酷，可是说的七点半呢,<你好可爱2017>: 你们在网页上看的还是客户端？？我只能在微博上的链接进去，客户端根本找不到,<你你你你你再说一遍>: 这广告都看了半个小时了]
bobogd818	#权志龙助理# #权志龙# 相关事件澄清 #权志龙助理# #权志龙# 相关事件澄清 ​​​	[<kemmiq>: @快乐每一天lulu,<奶牛君->: @高_素素  他助理没那么高[笑cry]戳中笑点,<BBISKING1>: 回复 @小同志啊给你宫哦 :呵，我觉得你这种因黑而黑的更恶心,<Massocke>: 无良媒体扭曲事实  营销狗昧着良心炒作[蜡烛][蜡烛][蜡烛][蜡烛][蜡烛][蜡烛][蜡烛][蜡烛][蜡烛],<夏夏夏小若>: 理性对待。不要轻易轻信谗言[心]因为我们是VIP[心],<花田少年梦>: 回复 @卡咔 :吸毒是被诬陷的，只在毛发中验出极微量，长期吸毒的人的尿液中能验出大麻，他只是误吸，再说他没有殴打粉丝，只是保安为了保护他在他看不见的身后推了那个疯狂的粉丝，你可以保留自己的看法，请不要人云亦云地来黑他。,<Massocke>: 到哪都能看见下面的几条营销狗抹黑.,<Massocke>: 无良媒体扭曲事实   营销狗昧着良心炒作抹黑[打脸][打脸][打脸][打脸][doge][doge][doge][doge][doge][doge][打脸][打脸][打脸][打脸][打脸][打脸][打脸],<ok鲁智深>: 回复 @撩妹圣手GD :还没有打仗你TM 就给棒子跪了 ，喊敢咬爷,<ok鲁智深>: 回复 @南风在哪儿 :想吃翔给爷说爷给你拉，新鲜的,<卡咔>: 吸毒又殴打粉丝 这样的人还能被脑残一遍遍洗白白,<山色廖青>: 回复 @Cccyx___7299 :[爱你],<WilliamLeeeee>: 回复 @用户5323520508 :[good]智障去跪舔你的韩国棒子吧！,<吐扒君>: 图片评论了解跟多GD的事  http://t.cn/RqW1YpI,<柠檬如心酸薄荷如心凉>: 中国人真是没素质，作为中国人真是感到愧疚,<柠檬如心酸薄荷如心凉>: 回复 @疯狂的大眼睛猫 :我喜欢我乐意，碍你事了？,<休骄>: 不是粉 后边说的话简直大快人心,<wuli_cZ>: 回复 @CHENG_779 :这才是真相,<山色廖青>: 回复 @Cccyx___7299 :[思考]原来是假的,<你生气时好美被占用>: 回复 @用户5323520508 :你一张狗嘴咬那么多人，累不累哦。一天闲得慌？,<听说有人要粉我kkk>: 回复 @你生气时好美被占用 :还有你爸爸我告诉你咱家站子是集过资捐过款的！你这所谓的爱国人士不仅支持日漫追nba还对国家无所作为，你这种到底何来的脸批判我们？,<听说有人要粉我kkk>: 回复 @你生气时好美被占用 :智障玩意儿？你爸爸用的这就是大号！你以为老子跟你一样闲的到处去找存在感？老子诋毁你喜欢的球星我看你是什么反应！说的好像追星不就是图个乐子一样，少在这瞎说你爸爸，你这孙子都没死我哭什么丧,<听说有人要粉我kkk>: 回复 @WilliamLeeeee :司马逻辑滚回去玩泥巴,<Mr跩根>: 回复 @林中遇鹿 :什么叫我说是谁就是谁？你也是搞笑的紧！到底是谁扔烟头搜一下就知道了跟我嘴硬个什么,<lye本>: 回复 @疯狂的大眼睛猫 :是不怎么那每个人都像她那样的话呵呵[doge]再说保安维持秩序是应该的吧再说我被摸的人什么都没干就被骂成那样我不是很懂你们呢小黑锅扣的可真厉害，给你贴一张外网评论[doge]  http://t.cn/RqWuhMa,<Massocke>: 回复 @奔驰情怀 :呵呵自己赚钱花自己的钱追星.看演唱会.还要你这种只会在键盘前蹓哒的屌丝管呀.恶心,<WilliamLeeeee>: 回复 @用户5323520508 :搞清楚，是你傻逼，shuo,<你生气时好美被占用>: 回复 @用户5323520508 :爸爸来给你耐心解释下。爸爸看nba看动漫，是当作一种生活休闲乐趣。卵细胞你追你韩国爹就跟奔丧一样啊，看不到要哭，看到了也要哭。有那个劲你说你干什么不好？对了顺便说句，其实不是很想回你的。你这种小号，大家一般称作土狗。,<听说有人要粉我kkk>: @向往欧美风 :得了！你跪舔你欧美爹的时候就没资格说这种p话了，要我别回你也行，你这只野狗滚去别的地方狗吠这是我家的站子你还很牛气了？还有老子我也不认识你这种智障,<听说有人要粉我kkk>: 回复 @Mio就是缺心眼 :的确青山把你放出来了,<听说有人要粉我kkk>: 回复 @恰如一曲婉转的华尔兹 :你这种神逻辑也能活到现在,<一个机智卉_博爱馆>: 回复 @Mio就是缺心眼 : @诱骗大眼拐跑兔子扑倒老崔,<jaijjmm>: 回复 @PickMe涌 :你说是谁就是谁咯……见仁见智！,<听说有人要粉我kkk>: 回复 @WilliamLeeeee :你不喜欢明星然后呐？你不用外国的东西？我是看到一群愤青在这bb国籍的事才说这句话的！还有姐姐我也上班了，你是拿钱买的难道我的东西就是从天上掉下来的？搞笑,<听说有人要粉我kkk>: 回复 @你生气时好美被占用 :别转移话题啊！你说这些是想表明什么？你已经七老八十了？自己都追外国的东西哪来的脸bb别人,<恰如一曲婉转的华尔兹>: 回复 @用户5323520508 :捡骂的还有,<听说有人要粉我kkk>: 回复 @刘L维东 :所以绕来绕去这是gd的错？粉丝鸡冻上前安保尽职责保护艺人所以力气大了些差点将她推倒，安保第一次推有保留力气谁知那粉丝居然还第二次上前，这时候安保力气大了将她差点推倒！所以这是gd的错？安保和女粉丝双方都有错，但这里头最无辜的难道不是他？,<听说有人要粉我kkk>: 回复 @恰如一曲婉转的华尔兹 :追星就是心智不成熟又是你妈告诉你的逻辑？你不追星我也没看你逻辑思维正常你又怎样解释,<陷入纯情的Mio酱>: 回复 @用户5323520508 :[笑cry][笑cry][笑cry]今天神经病院没关门啊？,<你生气时好美被占用>: 回复 @用户5323520508 :哪里来的滚哪里去，爸爸看nba的时候，你还是个卵细胞,<WilliamLeeeee>: 回复 @用户5323520508 :Sry，我不喜欢明星！还有，就算用也不是他们的，是老子用钱买的。你的这种智障言论，你可以去死了。,<0818与1113合八字>: 回复 @小丽妖精 :保安保护艺人是他的职责，如果艺人出现任何问题，他的饭碗可能就不保了，在那样混乱的情况下还要求保安如何控制尺度？已经提醒了不止一遍，然而脑残粉当放屁还要继续，那就只能把她推开了,<听说有人要粉我kkk>: 回复 @你生气时好美被占用 :别一口一个韩国爹的，瞅你这玩意儿喜欢nba和日漫的都是认他们做爹了？你别用一切跟国外有关的东西否则就是认他们做爹了孙子,<听说有人要粉我kkk>: 回复 @王菊_London :作为路人请看看无辜的他被黑成什么样了再来bb,<向往欧美风>: 回复 @用户5323520508 :首先 我不认识你 你多爱他多跪舔他和我没关系不要在我这里彰显 i don't fucking care.其次 我只发表我的观点 没干涉任何人 我不干涉你 请你也别在我这里吠找存在感 怪不得大家这么讨厌韩国人及其脑残粉 因为它们脑残就算了 还要强迫别人和他们一起脑残[微笑],<浪迹天涯随遇而安6868>: 回复 @PickMe涌 :崇洋媚外[怒],<扶摇直上_耶>: 回复 @HELLO_V1CKY :恩，我们脑子都是长的，不像你，偷来的，跟你身体都不兼容，所以经常胡言乱语。以后说话长点心，本来我就是刷热门看个热闹，结果评论就看到你乱喷，我不知道我家的怎么惹了你，你讨厌他我也可以讨厌你家爱豆，有时候人真的会因为一个粉丝讨厌一个明星,<我觉得声妹超级帅>: 回复 @夙瑶知玛丽 :你看 我不咬你 不就是不吃屎吗 其实脑子挺好用的 建议你长一个,<dogegob>: 哈哈哈哈，打得好，死脑残粉活该被打,<LiLe666666>: 回复 @shirk卡布奇诺 :屌丝？脑残粉才是屌丝吧，逗,<林不眠->: 看评论,不少所谓的路人一口一个脑残粉 棒子.人家花自己赚的钱去追星又没花你钱!看外籍明星来圈钱这么不服气?那你也去国外圈钱回来贡献祖国孝敬父母资助贫困儿童咯?,<王丫丫Lucifer>: 回复 @坐望青灯 :你的智商有点问题 看不懂我话里的意思 我也不想浪费时间跟你解释,<还是算了吧-bye>: 回复 @Crooked_DL :没做错事为什么要道歉？]
bobogd818	#HappyDaesungDay# [星光][蛋糕][傻笑][祈祷][傻笑][蛋糕][星光] ​​​	[<权权quan是你>: 五只都在一起， 暖暖,<GD_xxx818>: @BOBOG-Dragon  啵啵鸡 还是把评论关上吧 ！一群有的没的得 自作聪明的人在这 凑热闹！[挖鼻]（这是一心一意完全为了 #权志龙#  而开的博！亲妈站！别老乱BB） #全世界最好的权志龙#,<盯裆poppy>: 回复 @南风在哪儿 :它从第八上到第一真是多亏你们了～然而黑评还是在上面～净化的还是在后面～对待发黑博的营销号尚且不去理他～这么个tag草起来没完～路人第一眼看这个话题都会想知道为毛助理突然上热搜了～然后进来一看就会误以为助理推人～冷下去自然就好了～你们还帮着把它一直挂在热搜上～生怕之前没看见的看不见？,<南风在哪儿>: 回复 @盯裆poppy :还有别随便质疑龙站谢谢。都在忙着轮博轮精选，反黑净化，我看你微博一条东西都没有，那就别乱说。,<她很丧>: #权志龙助理#   #权志龙#  [浮云],<全网第一阿米吹>: #权志龙助理# // @BOBOG-Dragon : #HappyDaesungDay#    #姜大声0426生日快乐#   #权志龙#   #权志龙助理#   #GD#,<南风在哪儿>: 回复 @盯裆poppy :话题和热搜能一样吗！！！在你看到这条之前，热搜是第八，试过了点别的话题降低这个热度，而且明显的黑，不用我们点，路人就搜索上第一了！这是在净化反黑好吗？？？？,<盯裆poppy>: 草别的这个的热度才能降下来啊...什么时候我们净化是草黑的话题了？不都是草好的～然后不理不评不转黑的～什么情况这是～钵钵鸡你是被盗号了吗？？？？[傻眼][傻眼],<BB_is_my-everything>: 我们的姜大声。生日快乐。[心],<南风在哪儿>: 回复 @盯裆poppy :醉了。。。什么叫用声儿的净化？你什么意思？站子带声儿话题当然是祝福了。 #权志龙助理# 这个如果控的好就是好热搜，而且在这条微博之前钵钵鸡也带tag和大家一起控精选，只不过龙哥刚才上微博，钵钵鸡又删除了,<Niyannan_baby>: 希望我龙哥，在中国有好心情，真怕他不爱中国了！我们真的很爱你啊，GD！[泪],<盯裆poppy>: 回复 @南风在哪儿 :哦～用声儿的生日净化是吗？你草别的话题把这个挤下去不行？路人点～路人热度几分钟？自家粉这么疯狂带tag去转～热搜一直不下～你确定是在净化？我懵逼我理解不了～,<Harabxx>: #权志龙#  生日快乐// @BOBOG-Dragon : #HappyDaesungDay#    #姜大声0426生日快乐#   #权志龙#   #权志龙助理#   #GD#,<L听爸爸的话N>: 生日快乐啦啦啦 爱你们,<小狮子你憋跑>: 回复 @小丁丁挺YG :都刷起来吧，这个是话题，不是热搜，里面其实都是安利，因为热搜刷不下来，只能将计就计带这个话题刷安利,<南风在哪儿>: 回复 @盯裆poppy :因为都是黑，已经第一了，不用咱们草话题，路人就点上第一了，是在顺便净化啊,<blue1239>: #姜大声0426生日快乐# // @BOBOG-Dragon : #HappyDaesungDay#    #姜大声0426生日快乐#   #权志龙#   #权志龙助理#   #GD#,<龙特饼>: 啵啵鸡可能还没睡醒[笑cry],<小狮子你憋跑>: 回复 @leadersll :亲故点开钵钵鸡的微博看了么？其实这个话题是为了把热门搜索刷下去，搜索里有很多黑，而话题里刷的都是安利哦，这种办法相当于将计就计吧,<Allure-love-GT>: 啵啵鸡，不要带权志龙助理的话题[悲傷][悲傷][兔子][祈祷],<龙在云深处>: 大声！生日快乐！,<Christ诗>: [好喜欢][好喜欢][好喜欢][爱你][爱你][好爱哦][好爱哦][好爱哦],<我日你的吗耶o>: 声妹 生日快乐 爱你[心],<东方景华>: 大声，生日快乐！！！,<XXIIGU>: #姜大声28岁生日快乐# #权志龙# 大声大声生日粗卡哈密哒[爱你][爱你],<yr25>: wuli大声 生日出卡[蛋糕],<Seven-Sandy>: 好奇怪啊 GD转发的微博不见了,<盯裆poppy>: 我不能理解为毛要草助理这条话题...,<xxxgdragon_花房姑娘>: 博主，请不要带权志龙助理话题，谢谢了！ @BOBOG-Dragon,<Mtyhvg>: [蛋糕][心][心][微风][微风][干杯][干杯],<小丁丁挺YG>: 亲爱的友情提醒....权志龙助理这个不是一条特别好的热搜[泪][泪],<蠢猫忘了鱼尾纱>:   #HappyDaesungDay#    #姜大声0426生日快乐#   #权志龙#   #GD# [爱你][爱你][爱你][爱你],<我_食欲好>: #HappyDaesungDay#   #姜大声28岁生日快乐#   #权志龙#  哥哥真的太暖，声妹生快！[爱你][爱你][爱你],<-TAOLI叮>: 最可爱的声妹  生日快乐[心],<s-t-a-r-t----->: [蛋糕][蛋糕],<雪雪雪雪sulli>: #姜大声0426生日快乐# #姜大声28岁生日快乐#  声妹，生日粗卡，永远爱你永远微笑。Bigbang大发，vip永远守护你们[蛋糕][蛋糕][蛋糕][蛋糕][蛋糕][蛋糕],<反差萌志龙>: #权志龙#    #权志龙助理#   生日快乐[蛋糕]// @BOBOG-Dragon : #HappyDaesungDay#    #姜大声0426生日快乐#   #权志龙#   #权志龙助理#   #GD#,<牙白权>: #姜大声28岁生日快乐#   #姜大声0426生日快乐#   #HappyDaesungDay#  [蛋糕][蛋糕][蛋糕]我们小队来祝贺妹妹啦[心] 暖心！五只要一直一直一直在一起啊[心]]
bobogd818	#权志龙# 160425 北京车展 GD代言现代悦纳(VERNA)  新闻图 ​​​	[<LINGQIAN_YU>: 我只希望给他一些时间好好休息,<志龙啊我们公开吧>: [爱你][爱你],<咬口龙特>: 老公累了，脸上长痘了，日程太急了[泪流满面][泪流满面][泪流满面]老公累了[悲伤][悲伤],<PPANDABEAR>: 果然拍照的人不一样照片都不一样呢，饭拍绝对是带着爱在拍的啊[眼泪],<JYKwon味的忬X曼>: 回复 @Jenny-yc :鸡涌以前脸上那里有个痣，之后点掉了，就成一个小疙瘩。不过，还是很帅的吧？龙哥就是这么帅[哆啦A梦微笑],<JYKwon味的忬X曼>: 回复 @sisStypant :[微笑]作为VIP 我们肯定得知道[心],<小志龙与小胜利>: 回复 @黄桃K :哇哦！好帅气,<六号皇妃>: 鸡涌好像胖了[想一想][想一想][想一想],<芝士抹茶_巧克力>: 高冷总裁大人[doge],<权部长小绅士>: 看你因为没有休息好有点浮肿的脸和眼睛，我心疼啊！[悲伤][悲伤][悲伤]可是我却不能为你分担[悲伤][悲伤]只能通过屏幕关心你，要注意休息啊！志龙啊。[心][心] @GDRAGON_OFFICIAL  ,<一一__饼>: #全世界最好的权志龙#,<我的朋友志龙>: 穿什么都帅，这就是志龙偶吧[微笑],<冰糖小红油哇>: 脸肿是因为刚打了针,<耐奈是个桃子>: #全世界最好的权志龙#,<我有一米6-----大概>: 回复 @lyaly只想静静刷个微博 :不买,<BIGBANG的小北鼻>: 胖了还是那么帅[爱你],<耐奈是个桃子>: #全世界最好的权志龙#  [好喜欢][好喜欢][好喜欢],<喜欢唯一可啊>: @X_meng_  买,<张咩咩嘎>: 回复 @嗯达令 :我老公4点多的飞机 我送他出门的,<背包走天涯121>: 脸肿了 眼袋大了 眼里红血丝多了 我好心疼你,<SammyL916>: 没休息好皮肤状态不好水肿了心疼,<ONEANDONLY-SS>: #权志龙#   #GD#   #权志龙助理#  [心],<耐奈是个桃子>: #全世界最好的权志龙#,<lyaly只想静静刷个微博>: @我有一米6-----大概  欧巴买北京现代悦纳[嘻嘻][嘻嘻][嘻嘻],<囬忬>: 权总气场随意切换，miss you[拍照][拍照][拍照][拍照][拍照],<秋天再见一面>: 宝宝没有休息好，脸上的青春美丽豆也出来凑热闹了。,<宇宙无敌盖世可爱邓>: @崔胜贤撒拉嘿哟  感觉脸有点肿不在状态唉,<VIP光芒>: 帅[爱你] #权志龙#,<秋秋喜欢GD啊>: 宝宝好憔悴[悲伤][悲伤][悲伤]Take good care of yourself[爱心] @GDRAGON_OFFICIAL,<黄桃K>: 回复 @鸡涌志龙啊 :从来没注意过现代[眼泪] 想换车的 不知道这款性能怎么样[偷乐],<Troublemakerss>: 脸最近怎么这样了 要好好休息啊,<FLMsj>: 龙宝永远都是那么帅那么帅,<橙子鸡涌么么么么哒>: #权志龙#  这个蓝孩纸为什么这么好看哟[色],<WSL的小虎牙>: 回复 @水腐枢蠹 :你才脑残，你全家都脑残。你脑残没关系，但说别人丑是不对的哦！毕竟世上没人比你更丑的了[拜拜][拜拜],<今天你便了吗>: 龙哥累的皮肤都不好了[泪],<独自等待的魔女>: 这摄影师把GD都照胖了,<ZiCoco>: 宝宝胖了[害羞],<狸末_w>: 志龙哥的脸好像有点浮肿，好心疼,<多啦A梦是只mao>: 穿西装的样子敲好看,<小志龙与小胜利>: 回复 @黄桃K :你要买现代啊？[眼泪],<Jenny-yc>: 回复 @舒X曼 :那是什么,<了不起的翟浴榕>: 和提偶皮哥哥的头型一样呢[爱你][爱你][爱你],<红月亮300>: 图好清晰[鲜花][鲜花][鲜花][耶][挤眼],<空城舊夢--郁>: 虽然胖了，但这样挺好，证明最近过得很好，不要再瘦下去了！！[哼][哆啦A梦花心],<thedailytsai>: #G-Dragon# #权志龙# #我叫权志龙#,<Monica爱瓶子>: 看到脖子上的青筋了！好好休息啊龙哥,<LOULA-YANG>: 龙宝拍个新闻图都帅成这样，[哆啦A梦吃惊][拍照][拍照]天怒人怨啊！[哈哈](不过哥哥要注意休息，憔悴了[泪]) #Bigbang# #权志龙#,<thedailytsai>: #G-Dragon# #权志龙# 我叫权志龙#,<你的猫IYE>: #权志龙#   哥哥最帅了[羞嗒嗒][羞嗒嗒][羞嗒嗒],<xxiblkc>: 我们鸡涌可爱的小脸,<---Drifter->: 才华是有。论颜值，身高。。。。。至于那么疯狂吗。,<时大大呀>: 不要再说他胖了 等下发起气来瘦下来 又该心疼了,<GD鹿大大>: 水肿脸，黑眼圈，心疼我龙[爱心] 肯定没睡好[失望],<大美妞蒙娜丽沙的微笑>: 看上去脸色不太好]
bobogd818	160425 北京车展 GD代言现代悦纳(VERNA)  新闻图 ​​​	[<XXXICRAYONFAN>: 钵钵鸡你突然这样我不太适应[笑cry],<HUIMIN-PAN>: 现在要升价了[哈哈] 多亏代言人  品牌怎么火 得看代言人[哈哈][哈哈][哈哈],<爱你一万年99d>: 人比车帅[哆啦A梦微笑],<三次元的鸡涌君>: 隐约仿佛看到塔塔的身影  帅帅哒~,<水獭85>: 对车不懂，我只知道，人比车可爱,<如鱼得水_M_J>: 这么多摄像机，你竟然提裤子[眼泪],<款鸡涌的BangYaBangYa>: @GDRAGON_OFFICIAL  好帅wuli龙龙[心],<Massocke>: 人帅车也帅[玫瑰][玫瑰][玫瑰][玫瑰],<Sarah-Yoon>: 回复 @HiccupsBream :wuli GD今天走霸道总裁风[爱你][爱你][爱你][爱你][爱你][爱你],<helloxx_>: 随便一拍都他妈这么好看,<婷婷店铺123>: 想要    权志龙      top      胜利      太阳        动态表情的私我[爱你][爱你][爱你],<880818IF-YOU>: 你站在旁边 车就贵了[鲜花],<HomeyBabe>: 哥哥站在那好孤独,<关籽籽儿_>: 我们志龙今天好绅士,<BabyHonGGG丶>: GD，love you！,<小眼睛迷迷迷迷迷妹>: 回复 @最好的VI :还好，我得加油赚钱,<dsg_Lee>: 出场3分17秒没说话，代言费1800万，每秒钟9万1。我哥的致命魅力数字说话[拜拜],<阿胜_草莓樱桃小汤圆>: 回复 @鸡涌的鸡冻小白牙 :十几万～,<阿胜_草莓樱桃小汤圆>: 回复 @赢赢20131031 :十几万…,<胖蛋去污小分队>: 这姑娘今天是肿了吗？[心],<xxiyurixx>: 回复 @IamMissDior :操我也要穿,<梨好甜不是李好甜>: 代言又怎样，GD又不开这个。[拜拜],<g-chupee>: 香车美人[偷笑][偷笑][偷笑],<Diiivinaaa_>: 你好我想请问一下买车送这个小哥么？ @GDRAGON_OFFICIAL  在线等挺急的[酷],<奋战期末考的仙女绝不认输>: 顿时好想穿婚纱站我龙旁边[偷乐],<苏苏2宁宁2>: 看着他好憔悴啊。心疼心疼。。。。。。,<LoaRich>: 突然觉得你要是只是个开北京现代的小白领  也挺好的[心][心][心][心],<TOP鬼神大人的崔夫人>: 史上最帅车模[嘻嘻][嘻嘻][嘻嘻],<云途行走>: 欧巴好憔悴[悲催][悲催]担心。好好休息,<年度最佳龙骑士>: #权志龙#  [太开心][太开心][太开心],<小尾巴根>: 必须奋斗买车了！！！！[好喜欢][好喜欢],<你情敌比你瘦->: 痴汉脸[哆啦A梦吃惊],<KKKKKENDY>: 这个报社拍的照满分💯！,<占个地儿->: #权志龙# 哥哥头发长了[哈哈] @GDRAGON_OFFICIAL  ,<tlswftjst-G>: 努力考上研究生，赚钱买这辆车吧[微笑],<权世界的甜志龙>: 权少爷[飞吻][飞吻][飞吻][飞吻]，以后要买龙哥代言的🚘[鼓掌][鼓掌],<change-晨>: 龙龙的气质还是和兰博基尼更配哦[馋嘴],<AZ-SLquxi>: [嘻嘻][haha][鲜花],<Dana邢又又>: 哇哈 梨泰院小绅士已上线！  #权志龙#,<志龙今天更博了吗>: 我家权总裁！！！！[拍照][拍照][拍照] #全世界最好的权志龙# #我叫权志龙# @GDRAGON_OFFICIAL  ,<别看我只是一条龙>: 风度翩翩美男子[酷],<jiyongxi的Mary>: 已被这个男人帅飞[害羞][害羞][害羞],<不爱做梦的少女>: 钵钵鸡开评论了[爱你],<alinaamao>: 权宝宝帅出新高度,<布丁酱_jelly>: 啥时候又成白色了？,<孙小壮Sunny>: @ZL宅小瘦  你拍的,<废言乱语胡话连篇>: 哈哈哈哈这个logo,<我要想个什么名字好呢>: @二次元快来我碗里   @秋秋18665,<撒子粥酱Sivanye>: 回复 @王人青君 :你说还有啥是他驾驭不了的，帅炸[好爱哦][好爱哦],<鲸鸟与鲨岛>: 我龙哥又胖啦  小短腿真帅]
bobogd818	160425 北京车展 GD代言现代悦纳(VERNA)  新闻图 ​​​	[<V海绵是不是宝宝V>: 龙哥是最帅的车模[鼓掌][鼓掌],<是洋洋不是洋洋洋>: 买车送司机[喵喵],<雯奶奶滴>: 老板买车送演唱会门票吗,<Rude-Ko>: 鸡涌代言，该买车了？,<吃根萝卜bo>: 好帅啊，果然那个角度都帅[爱你],<稻草田的>: [心][心]bobo总裁大人,<li黎媛bibi>: 帅bibi[爱你] @GDRAGON_OFFICIAL,<地下丝绒L>: 肿么这么魁梧 一定是衣服不合身的原因,<YooJeong小妹>: 就是啊，请他们这样的人多好，以后车展也别请些三流车模了。,<vivi__jiyong>: 我老公胖了一丢丢也是全宇宙最帅[飞吻][飞吻][飞吻],<沙漏的微雪>: #全世界最好的权志龙#,<gdrgn_swag>: 听说代言费一千八百万啊,<噼里啪啦小董董>: 鸡涌胖乎乎，哈哈[笑哈哈][笑哈哈][笑哈哈]可爱死了,<GaoJianYu_GD>: 屏幕要碎[傻眼],<小啊茄的小啊胖爱吃鱼>: 宝宝抱抱[哈哈],<OowovoO>: 圆润了许多呀[爱你][爱你],<雕刻龙宝宝GDbaby>: [亲亲][亲亲][亲亲][亲亲]亲亲[亲亲],<幸运的唐汐儿>: 权志龙，为什么你要那么好，让我爱你爱的这辈子都不想结婚了 @GDRAGON_OFFICIAL,<小权哥哥真可爱>: 小绅士！！！！！,<甜志龙包子铺>: [爱你][爱你][爱你][爱你],<Momo_X_BigBang>: #权志龙#   #我叫权志龙#  急总一脸倦容，还是掩盖不在的帅气，珍惜我们的宝贝。,<等一个人以后的以后>: 我终于get到龙哥的同款了，那就是双下巴[眼泪][眼泪],<三心二意的迷妹>: 我龙哥胖了[眼泪][眼泪][眼泪][眼泪][眼泪][眼泪],<梁小虫vs六六>: 买车送鸡涌欧巴吗[偷乐],<J_wwwwa>: 今天可以评论[心][笑cry],<MeetDragon>: [泪][泪]marry me,<阿Miu家的呆头>: 买车送志龙吗？送我就买。,<陆lala陆lala>: 这也太帅了救命啊[悲伤][悲伤][悲伤][悲伤][悲伤],<惨绿少年小樽>: #权志龙#  好像个小新郎啊[羞嗒嗒][羞嗒嗒][羞嗒嗒],<uUntitled8>: #权志龙# 哥哥好帅[爱你][爱你],<韩饼干应该从梦想家变为实践家>: 想买载他上场的那辆,<J_wwwwa>: [心][心][心],<懒小宋VVIP>: 帅死了，我龙哥代言，肯定错不了,<喵喵喵小tin>: 小王子[喵喵][喵喵][喵喵],<Strive-微>: 哈哈  这是不是太巧了吧 @lazylady渊,<米诺灿>: 最爱西装宝宝，帅呆了！,<For_Get___>: 简直帅到爆！！！好吗,<L栗栗栗子酱>: 最帅代言人[好爱哦][好爱哦][好爱哦],<少年呀LYF818>: [心][心][心][心][心],<胡乱唱歌的小碗子>: 胖了也喜欢[爱你][爱你],<-小阿HUAN>: 小王子[爱心]️,<GGGbaby_GD>: 我们公子就是大写的帅啊😽😽😽,<-温凉冷->: 我爱的男人他叫权志龙[微笑],<TRUTH_DARE_GD>: #我叫权志龙#  我已经窒息了[泪流满面],<與龍共舞G>: #权志龙# #我叫权志龙# 己被帅昏古七了[互相膜拜][互相膜拜],<黄桃K>: 买车送GD么[偷乐],<ROSE一88>: 好帅！来我们这吗？,<芝士面面>: #权志龙#   [心][心][心][心][心][心][心][心][心][心][心][心],<冷血鸭蛋>: 受不了受不了，分分钟帅成这样[亲亲][亲亲],<Wex和索索桃>: 好帅好帅[好喜欢][好喜欢][好喜欢][好喜欢][好喜欢][好喜欢][好喜欢][心][心][心][心],<BIGBANG--LEE>: 别拦我我要买车 把他带回家,<散落一地625>: [爱你][爱你][爱你][爱你]]
bobogd818	#北京現代 ##VERNA# ​​​	[<梦宝儿VIP>: [眼泪][眼泪]  http://t.cn/Rq0rUWt,<WasbiFlaor_Echo>: #权志龙#   #GD#   #G-DRAGON#   #我叫权志龙#  [爱你],<梦宝儿VIP>: 对你爱爱爱不完。。[心][心][心][haha][haha][haha] @GDRAGON_OFFICIAL   http://t.cn/Rq0r2D4,<Neverland_XXX>: [笑cry]欧巴太酷了 我喜欢看你笑的样子,<梦宝儿VIP>: 我去。。。男神！[害羞][害羞],<起名真的好麻烦啊啊啊啊>: 帅得人神共愤[泪][泪][泪],<SWAG刘三岁>: 帅呆了，[爱你][拍照]我要报团。,<已上交国家的花骨朵儿>: 我们鸡涌在哪都是光[羞嗒嗒][羞嗒嗒][羞嗒嗒],<志龙哥哥的迷妹>: #我叫权志龙#  帅尿了呜呜呜,<看到我的雷万桐了吗>: 我老公真帅   棒棒哒,<周臭臭的小香香>: 你为什么这样的看着我，我的脸像个红苹果[爱你],<EricanB>: 帅帅帅[心][心][心]]
