caotongrui	乡村爱情十啦！你们的谢腾飞又来啦！[太开心][太开心][太开心] ​​​	[<云养猫专业大户>: 兰尼儿还是那么好看,<hhhhhh_cw>: 刘能两口子和老四呢？,<一枚开心的美少女>: 回复 @娘口三三的少女粉 :是要追剧的,<向日葵般的坚强丶>: 为什么有很多人都不见了。,<urnotcattleya_>: 啊啊啊啊啊啊啊，腾飞！ 看完了9部！ 等你嗷,<99只猫和1只孤独的狗>: 回复 @姜生少女 :新一轮的表情包[doge],<zsx流年碎>: 这恐怕是中国最厉害的连续剧了,<籮志祥>: 会排到100部10000么飞机,<姜生少女>: @99只猫和1只孤独的狗,<黄嘉怡YY>: 回复 @一只长颈鹿少女 :图片评论  http://t.cn/RNv7GgC,<一只长颈鹿少女>: @黄嘉怡YY   好  http://t.cn/RCsp4gc,<郭圣东->: 从小学开始看，看到了大学，有跟我一样的小伙伴吗,<夜之前黎明过后>: @又又亡口月贝凡  飞机来了,<-我没忘记你忘记我>: @我就是阿灰同學,<娘口三三的少女粉>: @一枚开心的美少女  [doge][doge][doge],<怎么名字都占用了>: 啊啊啊啊啊啊飞飞！！,<树上的大师>: 回复 @Air_橙 :[蜡烛][蜡烛],<Air_橙>: @树上的大师  赵四真的不见了,<WONGAHANG>: 回复 @你里鼠钐 :哈哈哈哈哈哈哈哈哈哈哈开心！！！,<kobe-bryant-MVP>: 这回没有赵四了吧,<湄公居士>: 说实话，应该结局了，这故事要有一个结尾的,<王培艺getQ>: 腾飞勇敢飞 猪蹄永相随[二哈],<用户5352470428>: 在哪拍摄啊？？？？,<菠萝公主之仙女yy>: 回复 @小Pikaaaa :我去…期待啊！,<Plcn1>: 你大爷宋晓峰呢？,<呀喜欢FSS>: 加油，小弟弟[嘻嘻][嘻嘻][嘻嘻][嘻嘻],<我爱你请你跟着念>: [爱你][爱你][爱你][爱你][爱你][爱你]🤓太好了,<你里鼠钐>: @WONGAHANG,<学插画的蕾蕾蕾呀>: 四岁那会儿无敌可爱~~~~~,<小Pikaaaa>: 期待乡10！我是最忠实滴粉丝！ @孙孙孙小贱   @菠萝公主之仙女yy,<杨朝晖-528>: 图片评论  http://t.cn/RCkDTN1,<睡觉之前拼命换姿势>: 回复 @suinshin :厉害,<田螺姑娘-阿quei为你唱首歌>: 在哪儿拍啊，想探班,<生活就是这么怪>: 乡十终于来了，期待已久的开机消息[鼓掌][鼓掌][鼓掌] #爱乡村爱情10#,<M-洁-M>: 我咋就看见你爷广坤和你姑谢兰了 你爸和你妈呢[喵喵]  http://t.cn/RCkeU7k,<有人叫我毛豆豆>: 在看到这班人真亲切，不过，好像人物还不全，不知有没有变动啊，大家对这部戏已经有了感情，已经是一种感情期盼，期待作品早日呈现！,<suinshin>: 这部剧能拍到我死 @睡觉之前拼命换姿势,<阿门阿前阿一棵葡萄树>: 什么时候可以看呀？,<舍予雨佳>: 飞机加油[左上](^ω^)[右上],<杨幂是我老婆阿>: 就怕乡村爱情不拍了，得到了个好消息🙈,<心若向阳一切皆是晴天>: 腾飞[赞][赞][赞],<小白的飞机杯>: 怎么这么可爱啊你,<小橘一阿>: 我要看！！！哈哈哈你好可爱呀,<薯条胖胖>: [爱你][爱你][爱你]]
caotongrui	槑头槑脑2，大家看到我了吗？[偷笑][偷笑][偷笑]@网剧槑头槑脑 ​​​	[<Annnnnnnnnnann>: 回复 @安大老爷子 :又接新戏了,<LV式美人>: @Annnnnnnnnnann  hhhhhhh,<娇小骄>: @老实敦厚的幻想家,<home白色的人生>: 回复 @有种抚摸叫大嘴巴 :好的，[嘻嘻][嘻嘻],<小三三也有春天>: 哈哈，是你老爸给你照的吧[允悲],<有种抚摸叫大嘴巴>: 回复 @home白色的人生 :第十集,<VGSXN>: 咋都可爱[太开心],<a苍梧鸟是你呀>: 有全集啦[哈哈],<GPL高嵩镐>: 飞机 你还是小时候可爱，减肥吧，哈哈,<网剧槑头槑脑>: 看我们团宠这犀利的小眼神儿，演技真是棒棒哒[爱你][爱你][爱你],<我只是一个小胖纸啊>: 哈哈 看到你拍照的影子,<杨朝晖-528>: 还没看到你那集呢[偷乐],<home白色的人生>: 第几集出来的[嘻嘻][嘻嘻],<_诱拐良家妇男>: [doge][haha],<一顆懶蛋蛋呀>: 從你的小眼神兒裡，姐看到了睿智,<_曹星_>: [允悲][允悲][允悲]]
caotongrui	加油[加油机]开工[八点钟] #槑头槑脑# ​​​	[<卡酷逸>: 真努力[心][心] @曹桐睿,<ababa哈哈哈哈哈哈哈哈>: 回复 @他们都叫我贱贱 :[污][污],<他们都叫我贱贱>: @ababa哈哈哈哈哈哈哈哈  腾飞来了,<小Pikaaaa>: 哈哈哈 还补个妆,<记录点滴真实_3625>: 弟弟仔 好喜欢你呀 真可爱🤗,<李大帅比>: 飞机早上好！[亲亲]快回姐姐一个]
caotongrui	哈哈哈  我要吃吃吃[加油]不要胖胖胖[偷笑] 纯纯的小吃货呀😂😂😂双击评论666❤ ​​​	[<yihanon>: @Yipinkk  吃[喵喵],<-常宇杰>: 霸道如你[嘻嘻][嘻嘻],<有着乱七八糟的小情绪>: 咋没吃猪蹄[doge],<Antonio要好好学习>: 少吃点没营养的😆,<我们要飞到那遥远地方6819>: 飞机你好^[爱你],<迷彩和牛仔>: @没关系是我啊啊啊,<BoA_Jung>: 长身体多吃点，长大再减肥[心],<送你一朵小可爱花>: 好吃你就多吃点[亲亲],<咕叽咕啾咕咕day>: 飞机太可爱了[泪][泪][泪],<陈浩琪单方面未公开地下女友>: [doge]巧了，光吃不胖也是我的愿望,<爱吃的Peter>: 不胖就没人喜欢你啦,<WangXiaohe有理想->: 吃吃吃[doge]多吃点 飞机]
caotongrui	我和@宋晓峰  大爷都很认真的看剧本[加油]@网剧槑头槑脑 ​​​	[<楊雪-M雪M>: 飞机 加油。你是最棒的。和晓峰哥哥一样棒 [爱你],<网剧槑头槑脑>: 大家来猜猜这爷俩在剧中啥关系[阴险][阴险],<云养猫专业大户>: 好期待啊，第二部了，第一部把我乐抽了,<WangXiaohe有理想->: 腾飞 你饿吗[馋嘴] 给你个[爱你],<南鸢北筏不知暻>: 回复 @王胜楠啊 :哈哈同师专校友，今天也偶遇腾飞了,<Berwicking>: 脸好嘟，想捏[眼泪],<小鹿嫂>: 此情此景，有没有让大爷吟诗一首🙈,<卡拉就得OK吗>: 宝宝侧脸杀可爱到爆 求翻牌,<9UnchainedMelody8>: 腾飞 你脸上的肉肉掉下来了哈哈哈哈哈[哈哈],<BABYfong>: [可爱][可爱][摊手][摊手],<孤独的人容易胖s>: 在铁岭新区呢[哈哈][哈哈],<CwCwJPPP03>: 回复 @_WwNnn :在哪啊,<多肉的窝窝>: 飞机加油[熊猫]这小肉手也太可爱了8,<严飞越>: 这是要拍啥 晓锋,<大墨墨823>: 你的剧本有拼音吗？,<莎士比内亚>: 宝贝儿，注意看书姿势！,<小三三也有春天>: 让你宋大爷吟诗一首[笑cry],<浦笑笑>: 腾飞，小心他飒你,<Ru1M>: 腾飞我偶遇你了  http://t.cn/RXXR5FN,<焦小焦的虫虫世界>: 你大爷永远是你大爷,<雪落无声胜有声佳>: 要拍第二部了吗？呆头呆脑？ @曹桐睿,<_NNNan1>: 图片评论  http://t.cn/RXXQs4r,<阿楠长招代理>: 厉害了，我的飞机，[噢耶]铁岭师专欢迎你[赞啊],<六六-童装>: 乡10开始拍了吗，啥时候上映,<小灵通用户12138>: 哈哈哈 你宋大爷,<仙女之裤>: 可爱死啦 捏捏脸蛋[色],<磨子桥丑基特约>: 脸上的肉肉好可爱呀,<张大欢的裤腰带>: 回我飞机[嘻嘻],<圣诞老人二腚>: 他大爷结婚了吗？,<温柔lllu>: 好可爱哦[羞嗒嗒],<404ntfound_>: 腾飞放心飞 猪蹄永相随[偷笑],<WongLynn_>: 小胖手[偷笑][偷笑][偷笑],<姚的曦之伢>: 肉乎乎小脸蛋，大宝贝,<正能量小宇宙的珊宝儿>: 飞 你的肉都嘟噜出来啦[笑cry][笑cry][笑cry],<姜生少女>: 好可爱啊 求翻牌 [亲亲]  http://t.cn/RXXWFxi,<满洲国少年2017>: 腾飞，快回复我[笑cry]]
caotongrui	今天我很开心[太开心] ​​​	[<清澈的水_>: @水果味的凡妹-,<Ganxingxiang->: 飞机我叫你一声你敢应吗[摊手],<Dloeee->: @EBICHUYO,<头皮痒l>: @IRISLZY,<用户6115228957>: 回复 @用户6115228957 :竟然不回我[失望],<亢奋的顾奈>: 飞机飞机飞机回复一下我[太开心],<二蛋拔拔>: 前两张有昔日腾飞的样子[哈哈][哈哈][哈哈],<alpacallama>: 回复 @cooboom : @Hayleychau,<-那个人样子好怪>: 飞机陪你在一块的姐姐是谁啊。回我一下子呗 @曹桐睿,<赵可以是我>: 回复 @vanyaan :你家的飞机,<默默机器人>: 啥也别说了 谢飞机你别跑 我不打飞机,<sunlightcici>: 回复 @Notdang :你想吃那个粉了吧？,<Notdang>: @sunlightcici  辽阳诶,<莫相识mcdoll>: @KKKatrina   @AuuKing酱  直接把飞机的微博给你们[doge],<哈哈哈哈哈不哈>: @雷rain2016   @西瓜西瓜我是夏天08256   @我的大圆脸哟,<洁-大大>: 你笑我就揍你[二哈],<流离的人生百味>: 飞机和妈妈长得好像，飞机最可爱了！,<艺兴的辣椒炒肉呀_>: 飞机还吃猪蹄么[doge],<vanyaan>: @赵可以_  哈哈哈哈哈哈哈 原来飞机也姓曹啊,<谢伟楷__>: 飞机呀 回我一下呗,<七妹13068588888>: 腾飞长个高了，拍七的时候几岁呀[太开心],<谢-JackyXie>: 上几年级啊[太开心],<苞米地的老头>: 飞机，我喜欢你3，4年了，你回复我一下可以吗，[擠眼]多说几个字吧,<Yao智译>: 回复 @你獨白 :666,<你獨白>: @Yao智译  我和你毅哥都是你粉丝，回一下好吗,<是徐可爱呐>: 你怎么不回我呐？回我回我哈哈哈,<大雄>: 飞机，你平时在沈阳吗？我们建了一个谢腾飞全球后援会的大群，里面都是你的粉丝，可以邀请你入群吗！,<JINxx___>: @iYangYz___   http://t.cn/R6b7fpa,<卜月明bym>: 怎么这么小就带眼镜了,<之MO>: 今天你很危险[挤眼],<DaI_TaNg>: [爱你][爱你][爱你]胖胖,<ski周>: @余博宇-  九岁啦谢飞机,<Victor-19>: 飞机，没有猪蹄了吗,<Galaxyuki茵>: @nana_sakurai_7,<喃叔儿>: 回复 @喃叔儿 :滴~后援会卡~,<呃得得得>: [爱你][爱你][爱你]回我下 😋,<追风少年刘宝库>: 哈哈哈宝贝太可爱,<路咖咖ll>: 咋不啃猪蹄呢 @张顺心黏黏黏,<用户6115228957>: 回复 @用户6115228957 :等你一天了     为什么不回我    不回我   我就一直等下去,<今天风儿有点喧嚣65319>: 飞机，我等你长大，[眼泪]好喜欢,<Yserenaue>: 飞机 想捏你的脸,<Janceso>: 飞机 你在乡爱里是第几集出现的啊！,<坪山吴彦祖>: 这是你自己管理的微博还是经纪人管理的,<哒哒哒哒潞>: 飞机 你要好好读书哦！！吃东西要均衡,<Angel丶喵呜>: 宝贝儿越看越爱，么么哒,<奈良soxif>: @记忆中的一道墙  小朋友的微博在这里,<无名Pisces>: 妈呀，辽阳的啊，小宝贝儿,<入珠当入七大颗>: 可爱屁了，小睿睿，希望你天天开心！,<一诺爱自己>: 萌萌哒！健康快乐成长宝贝[哆啦A梦花心],<毛塔塔>: 喜欢飞机，跟我外甥一样肉肉的很可爱,<高校女病人>: @ZzZzZz--YyY,<阿嬌mmmmmmmm>: 这么晚评论 还会被回复吗[爱你],<清晨要喝冰可乐>: 飞机你怎么这么可爱[失望],<Imyulu>: 飞机你跟麻麻长得一模一样啊！惊呆,<詹锐锐>: 我的飞机能回复我一下吗]
caotongrui	这可能是#吐槽大会#有史以来最大腕的嘉宾。不服的可以来尬舞，尬到你卑服！@曹桐睿 ​​​	[<青椒公主guu>: @嗯今天拉屎了吗,<Mia小魔仙>: @_okKyo   @_okKyo   @_okKyo  ！！！,<郑郑-_>: [笑cry][笑cry][笑cry]新表情包 // @曹桐睿 :哈哈哈哈[哈哈],<龙门镖局维修队_>: 哈哈哈哈明天八点我等你哦[笑cry],<BIVBIVBIVBIV>: 谢飞机王者荣耀约吗]
caotongrui	我的签名照[哆啦A梦汗] ​​​	[<今天的你开心了吗haha>: 我大概可以自己签一个了哈哈哈🙄,<发仔本发_>: 想要！哈哈哈可爱！,<猜猜猜猜我是谁____>: 回复 @蛋蛋danny :啧啧[doge],<蛋蛋danny>: @猜猜猜猜我是谁____  [喵喵][喵喵],<i鱼秀维>: @杉子-  你的爱豆,<阿仔很蓝>: 睿睿我想要这个照片[太开心]超喜欢你 啾啾,<suans->: 回复 @_巴巴妈妈- :跟着我左手右手一个慢动作,<LJ萱royal>: 小字儿一笔一画的[赞],<李孟娟Maggie>: 回复 @排排排排酱 :哎我的妈 [挖鼻],<排排排排酱>: @李孟娟Maggie,<烂豆醒儿>: 回复 @神神嘿经经 :hhh哈哈哈哈哈哈哈哈哈哈哈哈哈哈哈哈哈哈一张签名照都有一种舞王gif感,<vn-ms>: 回复 @wu世勋的 :哈哈哈哈哈哈哈哈,<你和桃>: @vn-ms  哈哈哈哈哈哈哈哈我的妈呀,<静静静静静静是我>: 回复 @海蓝_睫毛 :这身姿太优美了[doge],<海蓝_睫毛>: @静静静静静静是我,<OMGlory>: 想要签名照啊[失望],<入珠当入七大颗>: 我也要！！能微博抽奖不,<綿綿_o>: 回复 @汁阿 :成名要趁早[微笑],<爱夏大的狮子座>: 腾飞呀 我老喜欢你了 为了你追这部剧啦[眼泪][眼泪]  http://t.cn/RiDWy0I,<百事咖啡>: @-解安琪-  很帅,<小优栗>: @Chris_xyy,<汁阿>: @不是方宝盖   @綿綿_o   @Mo_oMo_o  我滴天[脸红][脸红],<棒脑子T酱>: 回复 @candYDeer :想要,<王佳飞Daisy>: @妇妇七七的泼泼,<羅耿耿>: 腾飞呀 我好歹也是腾讯会员呢，给一张行不？,<yeahyeah加油>: 回复 @谭记虾味居 :我也好几次以为是我[眼泪],<梅贾的窃魂卷>: @TheaYoung,<谭记虾味居>: @诸葛霸天儿  撞头像了！我真为是你！,<candYDeer>: 哈哈哈哈哈 @棒脑子T酱,<姜禹啊啊啊啊>: 飞机哥，吐槽大会有你那期几号播啊？,<二点五毛钱>: 回复 @马志鹏ZephenMa :可爱死了,<zlsvvv>: @wkikihqq  哈哈哈哈哈哈哈,<动物园里的小苦瓜>: 回复 @我简直就是个少女 :我可以用左手签的跟他一样[太开心],<我简直就是个少女>: 回复 @动物园里的小苦瓜 :你有这么好看？,<动物园里的小苦瓜>: 回复 @我简直就是个少女 :那我给你签一个,<我简直就是个少女>: 回复 @动物园里的小苦瓜 :想想想！！,<动物园里的小苦瓜>: @我简直就是个少女  想要吗,<关晓晴的姐妹_>: @关晓晴ohoah,<什么东西都不好吃_>: 可爱(๑• . •๑)想要！！,<蔣克城吖>: 想要[挤眼][挤眼],<ssookiee>: @靖榆_Cora,<我爱杨天宝>: @乐呵呵的雪梨文   @橙子大Q  哈哈哈哈哈哈哈哈哈哈,<鹅蛋蛋厌学战士_等细谷回来>: 回复 @能不能毕业的小太阳 :哈哈哈哈哈哈哈哈你去看看李诞微博里还有和谢飞机的小视频,<进击的小太阳_HollyZhu>: @鹅蛋蛋厌学战士  可以可以,<会跳舞的巴哥>: @LynnWang-,<YZLTZ>: 回复 @我你大表哥 :哈哈哈哈哈哈哈,<段小护66>: 谢[飞机]️你很棒，加油,<WingHeyRu->: 我要我要 给我来一份呗,<会赢呢>: @夏夕空CHAY  想要,<别哭我敬你是条汉子>: 抽奖吗[喵喵][喵喵][喵喵][喵喵],<方若窈>: 腾飞我爱你[二哈],<后座的000>: 想要[笑cry],<我又发呆了>: 给我一张啊飞机 从你出现喜欢你到现在[嘻嘻][嘻嘻]]
caotongrui	上海的黄浦江我第一次来，只可惜太晚了，东方明珠关灯了[委屈] ​​​	[<胡磊StevenRay>: 回复 @HHHHJue_______ :好想捏他脸,<弦断有谁听呢>: 回复 @右手爱上ZY :谢祖英,<从小就胆小er>: 朕的江山呢？🤷‍♀️,<爱夏大的狮子座>: 哎哟 腾飞呀 我老喜欢你了[污][污]  http://t.cn/Ri3dKHr,<青風拂面_>: @启德北京黑心中介今天退钱了么  人家的pose！,<張宝宝同志_>: @把我的宝宝还给我,<蛙木优子>: 回复 @NOkidding_ :哈哈哈哈哈哈哈哈哈哈哈哈哈哈哈起范了！,<unun-ma-I>: 原来这是黄浦江 一直都只知道对面是东方明珠塔 忘记江的存在了,<NOkidding_>: @--啵啵啵啵  哈哈哈哈哈哈,<最近有点烦的孜狗狗>: @漂浮二九  hhhhhh,<Bay在深圳>: 回复 @Qlfff :说明腾飞同学还是蛮直的，挺好！[摊手],<中华鹅女>: @半山腰z  哈哈哈哈哈哈哈哈哈,<Malcolmmmm>: 哈哈哈哈 @-王婕-  传送门,<LIY柔>: 腾飞这么大了呀，我刚好在看9呢,<东方明珠>: 图片评论 不如尬舞，亮灯不如尬舞[doge]  http://t.cn/RiuhojB,<DaI_TaNg>: [爱心][爱心][爱心],<琦琦挚爱叫熙娣>: 回复 @罗森o :哈哈哈哈哈哈哈哈哈笑死我了[哈哈][哈哈][哈哈][哈哈][哈哈][哈哈][哈哈][哈哈][哈哈],<琦琦挚爱叫熙娣>: 腾飞住哪个饭店？吃猪蹄不？姐姐给你送过去[太开心][太开心][太开心],<老嗨海海海海海__>: @anqiiiiiiiii,<Pangooooo>: 可爱死了[爱你],<曹小婷酱>: 回复 @宠宠同学 :哈哈，腾飞来了还不开灯,<张德帅-->: 回复 @HHHHJue_______ :怎么都能偶遇,<徐晓彤_Xx>: 回复 @大大大力MeNg :哈哈哈你男神啊,<一粒有毒的河豚>: 回复 @徐晓彤_Xx :就这么错过了,<徐晓彤_Xx>: 回复 @大大大力MeNg :握草 再早几分钟我就去了哈哈哈哈[打脸][打脸][打脸],<一粒有毒的河豚>: @徐晓彤_Xx  赶紧帮我追星,<一粒有毒的河豚>: 腾飞长大了耶  http://t.cn/Rinn7c7,<小艾彼>: 腾飞啊你现在在哪儿！我要来偶遇你！,<Pedrito07>: 回复 @路痴苗的一生 :哈哈哈哈哈关注一波,<HHHHJue_______>: 回复 @羅耿耿 :是的,<Qlfff>: 回复 @羅耿耿 :哈哈是的呀,<羅耿耿>: 回复 @Qlfff :你们一起看到腾飞的？,<羅耿耿>: 回复 @HHHHJue_______ :呀，你遇到腾飞啦？[good][good][good],<螯大米>: 腾飞放心飞 猪蹄永相随,<廢物陳>: 我们舞王拍个景点照 手型都起范儿 随时准备尬舞,<芝麻芝麻酱->: @uufrkjfss  就是长这么大了,<路痴苗的一生>: @SuSoBow,<路痴苗的一生>: @Pedrito07  谢腾飞有微博了！兴奋！,<纶镁桂>: @追兴宝贝Xback  来看来看,<香坊大大大ci花>: 回复 @蜂蜜味儿栗子 :哈哈哈哈哈哈哈哈哈哈哈哈哈哈,<HHHHJue_______>: 回复 @滑稽少女gym狗 :[二哈]忘记了 我可是后援会成员,<HHHHJue_______>: 回复 @老大-人给你带来了 :我也超开心的,<HHHHJue_______>: 回复 @小尓彼 :哈哈哈哈哈哈我知道,<蜂蜜味儿栗子>: @香坊大大大ci花  男神这是要尬舞的poss啊,<龙甦甦>: 去看你吧但是  http://t.cn/RiEKYQ2,<小杠几>: 回复 @HHHHJue_______ :不知道腾飞那个表情么[偷笑],<老大-人给你带来了>: 回复 @HHHHJue_______ :好羡慕啊[眼泪][眼泪][眼泪],<滑稽少女gym狗>: 回复 @HHHHJue_______ :这是台词呀 你不是真正的猪蹄[笑cry],<不吃就凉了>: Aape哥[可爱],<YZLTZ>: 回复 @我你大表哥 :哈哈哈哈哈哈哈,<用户5539794764>: 腾飞到塔上去玩更好,<HHHHJue_______>: 回复 @小尓彼 :你什么意思,<Qlfff>: 回复 @Qlfff :楼上那两个妹子是我带的[doge]]
caotongrui	亚洲舞王谢飞机...[酷] http://t.cn/Ri9aQwF . ​​​	[<美栗想养一只猫>: @糖炒栗子树-  谢飞机微博,<顏顏顏顏顏色>: @Iam王小熊  来来来，看过来,<Peaceminus布小爱>: 回复 @Cocinutjujube :哈哈哈哈哈笑疯了,<我是你老板吖>: @jcDeng_,<Cocinutjujube>: @Peaceminus_布酱小爱  雾草 看我儿这舞步,<Dyoself-阿哈>: 回复 @洛神红茶的 :融合了恰恰+广场舞+撒娇卖萌版赵四舞步，受教了谢飞机[作揖],<洛神红茶都是我的>: @小美玲儿-ry,<老子就吃彭于晏>: @-jiangshiyao,<肖梓毅>: 回复 @Zohar- :因为我要送到医院去了,<Zohar->: 回复 @肖梓毅 :你怎么这么晚睡,<我才是撩妹高手呢>: 回复 @artpink :腾飞慢慢飞！猪蹄永相随 哈哈哈哈哈哈哈,<_you_say>: @会变型的芒果果   @我才是撩妹高手呢  哈哈哈哈哈哈,<ormosiabean>: 回复 @唐九Echo :我们走形体也放这个歌  http://t.cn/RimmsiU,<阿童木不回头>: @小阿啊卓  哈哈哈哈，你的飞机,<肖梓毅>: @GHOSTIM   @Zohar-,<gingelibean>: 回复 @唐九Echo :灵活又不失性感 性感又不失帅气  帅气又不失自信  但是他为毛还是酱胖[二哈],<糖酒酒酒酒>: @gingelibean   @Qiniiin   @ormosiabean   @完美的怪兽,<一头春之猪>: @pjsalanghei   @-啊-咧-   @乐一李的李   @thujol  哈哈哈哈亲死了～灵活的小胖子,<思刻可啦啦啦啦啦啦>: @小白小Boy  飞机本人,<樱桃小碗酱就是喵大爷>: @Tstar24,<蜂蜜味儿栗子>: @香坊大大大ci花,<路痴苗的一生>: 爱豆爱豆！ // @曹桐睿 :哈哈哈[哈哈]// @杜海涛 :咋地！小伙子！要尬舞啊！！！[飞吻],<还还还是要努力>: @胖围棋  [开心],<Z2yuE->: 哈哈哈哈 @B-猪猪,<YanXXXX>: @李小心眼儿心眼儿小__,<仙道发>: @窗边的小豆豆儿_   @小酸奶和蒲公英   @Cartonner   @倪倪夏尔,<菠萝逗豆豆>: @大力蕾  [爱你],<LucLucy_>: @新的伟朋爱皇马  [喵喵],<啊哈哈哈er>: 给腾飞猪蹄，爱飞护飞  http://t.cn/RiQIfgv,<少爺圈>: 真的迷幻 @HaloChitty-,<南有_樛木_>: @我是哪吒没人信   哈哈哈看看腾飞[笑cry],<GuorongRon9>: @zzzzzcosmetics,<我才是小叶子会发光>: 回复 @-刘欢喜 :男神,<5Amand->: @少吃零食多睡觉的小倔强,<Peace_Revolution>: 灵魂舞者啊wuli飞！ // @曹桐睿 :哈哈哈[哈哈]// @杜海涛 :咋地！小伙子！要尬舞啊！！！[飞吻],<Peace_Revolution>: 回复 @迷途土豆 :我的天啊太厉害了,<一枕篮柯>: @cjcjcjcjc靖靖靖靖靖靖,<-刘欢喜>: @小叶子哼哼  [笑cry],<小三三也有春天>: 太可爱了你！你咋长这么胖内！[摊手],<Ica_aria>: 回复 @迷途土豆 :头像是p上去的[眼泪],<迷途土豆>: @Peace_Revolution  本人,<迷途土豆>: @Ica_aria  找到本人微博,<爻妹纸>: 这。。。跳得太妖娆了吧[笑cry][笑cry][笑cry],<流离的人生百味>: 虽然胖胖的，但是很灵活，话说其实飞机就是脸蛋胖,<我的名字叫做番>: @-李嘉豪先生-,<PugYoung>: @moneyBB和嚒嚒  快看啊 哈哈哈哈,<黄我不举>: 你可以很帅的  http://t.cn/Rij6ggU,<将来我儿子叫庄毛线>: @其实我叫林森森,<Ananas-3->: 回复 @困困的酒红色巧克力 :木有错！,<困困的酒红色巧克力>: @Ananas-3-  你男神,<sno枩>: 回复 @栗子gueen :超级可爱,<栗子gueen>: 回复 @sno枩 :你男神耶！谢飞机带你飞[偷笑],<sno枩>: @栗子gueen,<小鹅斑比>: 回复 @姚大胆er :！！！他还真会跳！,<J19790118->: @小哥哥kaka   @吁仅-  嘴里还念着什么[doge],<小忆图图>: 你已经成为了国产飞[爱你][爱你][爱你][喵喵][喵喵][喵喵]  http://t.cn/RiOaouJ,<低调漾>: 回复 @凡事多喝水 :喷了!真的很帅!]
caotongrui	这样算不算是侵犯肖像权呀？[偷笑] ​​​	[<陈陌哥哥>: 想买哈哈哈哈哈哈哈,<黑色信封->: 算 [二哈]可是我好想买,<黑色信封->: 回复 @尽奉你愚忠 :摇滚仙女[doge],<我的朋友叫鸡蛋>: 圖片評論  http://t.cn/RiKxaYd,<二蛋拔拔>: 腾飞腾飞 快回复蜀黍[爱你],<二蛋拔拔>: 还是喜欢乡爱那会那样胖乎乎的 声音也好萌,<郭敏纯>: 好想要手机壳  http://t.cn/RiK79a2,<傻不垃圾的小垃圾在梦里见过你>: 回复 @尽奉你愚忠 : @kimmisis-,<Devilshinx>: 回复 @梦豪lx :哈哈哈,<喃叔儿>: 回复 @喃叔儿 :爱飞护飞[爱心] 为飞起飞[爱心],<王佳飞Daisy>: 回复 @妇妇七七的泼泼 :去买个同款,<妇妇七七的泼泼>: 回复 @王佳飞Daisy :哈哈哈哈  http://t.cn/RiSg1BX,<王佳飞Daisy>: @妇妇七七的泼泼,<红花会PP_Tow>: 图片评论  http://t.cn/RiSgL6N,<梦豪lx>: 回复 @尽奉你愚忠 : @Devilshinx  hhhhh,<Better也不better>: 回复 @QuinlivanHannah :无印良品,<ooAkttPig>: 不算 肖像权是以盈利为目的的,<千千千千千千万禧>: 回复 @mescheveuxs :卧槽想买,<SoHotBaby>: 啥？  http://t.cn/RiSKvR6,<一个安静的小公主>: 还哈哈哈哈哈哈哈哈哈哈你太可爱辣！！！  http://t.cn/RiSSKbF,<黄晓文>: @Bee-JOLIN,<龍澤慧子i>: 回复 @City-傑仔 :看到了,<City-傑仔>: @龙泽慧子呀  看这个手机壳！,<kannimamaipi的>: 回复 @尽奉你愚忠 : @千千千千千千万禧,<小忆图图>: 只是太爱你[微笑][爱你],<小优定制官方微博>: 图片评论  http://t.cn/RiStyZU,<孙文9611>: 回复 @喵0220 :你帮我在咨询咨询吧谢谢,<是我的布朗熊w>: 回复 @孙文9611 :因为并没有以别人的照片盈利为目的而存照片[doge]我认为,<孙文9611>: 回复 @喵0220 :为啥不算啊,<是我的布朗熊w>: 回复 @孙文9611 :不算,<油头小刚>: 回复 @尽奉你愚忠 :这个算吧,<黄晓東Eddie>: @LINJIATING,<张小乐i_>: 图片评论  http://t.cn/RiSyaCz,<今天我也很开心呀>: 表情包不算 这种商品算！擅自用wuli飞机的照片是违法的,<爻妹纸>: 我最近正计划增肥，吃饭前看看你啃猪蹄的图片，感觉老有食欲了[哈哈],<Magnoliiia>: 回复 @GameGyuuu :我带你买,<卡酷逸>: 你可是网红[doge][doge] @曹桐睿,<心情签名屋666>: 算算算，赶快告开发者，他如果跟你家商量用你家儿子作为手机保护壳的代言人，并且双方都有书面协议，就不算侵权！,<浙江省黄子韬研究会会长>: 飞哥飞哥你最棒 猪蹄猪蹄永相随,<GameGyuuu>: @Magnoliiia  我想买好酷啊哈哈哈哈哈哈哈哈哈,<一大口章鱼>: 算！我飞哥说啥就是啥！  http://t.cn/RiaF08I,<dream梦二>: 说明你太火了[可爱],<哦咦哦吼>: 图片评论  http://t.cn/RiaDCS7,<Elusivem>: 三里屯面馆啊，哈哈,<小优定制官方微博>: [笑cry]  http://t.cn/RiaD447,<御宅莔少女A>: 大儿子你别调皮[笑哈哈],<83lllRAF>: 好像还准备出帽衫[笑cry],<Eason小新>: 我不喝水，我想啃猪蹄  http://t.cn/RiadU2l,<Eason小新>: 我想啃猪蹄  http://t.cn/Riad7fO,<孙文9611>: 回复 @小公主飞宝 :如果不是盈利手机里面有其他人照片算不算侵犯肖像权,<江河湖海都不如你>: 图片评论  http://t.cn/Riar3S1,<Kynono>: 我也打算要一个，可以吗？,<BIVBIVBIVBIV>: 图片评论  http://t.cn/RiarTWa,<仓辛子>: 玩手机不如跳舞，跳舞！,<鹿颖樱莹桃花小丸子>: 图片评论  http://t.cn/RiaBFpd,<小公主飞宝>: 算，未经本人允许以盈利为目的的使用照片视为侵犯肖像权[二哈],<A7220>: 图片评论  http://t.cn/RiaBgbI,<郑禾苗>: 大大方方的 你看高晓松,<杰伦呐>: 他很危险  http://t.cn/RiaB1vc]
caotongrui	排练回来的路上，我竟然抱着方便面睡着了[黑线]而且还被偷拍了[黑线] ​​​	[<林志炫的细妹妹>: 从乡几开始有你的？？,<Eennne>: 梦里都是飞机猪蹄哈哈哈,<里咪->: 腾飞啊睡觉都不忘了吃,<什么昵称都不想叫>: 回复 @双蛋胖仔 :像你一样,<双蛋胖仔>: @什么昵称都不想叫,<真正的赵小二>: 灰机！你得减肥了奥、[坏笑][坏笑],<是小同阿_>: 回复 @羊羊一呐 :[喵喵],<因为我事儿多>: 下次抱猪蹄就睡不着了[笑cry],<卢阿瘦>: 回复 @于凤娇哈哈 :给你顶上热门🌚,<卢阿瘦>: 回复 @于凤娇哈哈 :发现娇姐[眼泪],<桑伯男>: 腾飞手里还攥个鸡蛋  http://t.cn/RiVx7Ge,<权志龙是谁呀>: 回复 @张晋 :和你一模一样长得,<张晋>: @biiiibibi,<dhj0418>: 回复 @勇猎猎人 :3.7号,<谜秃中毒>: 腾飞小可爱[抱抱][抱抱]坐等乡9下开播,<爻妹纸>: 哈哈，是累了还是饿了？没有猪蹄哪行啊[嘻嘻],<-你晨>: 这个我能玩儿一辈子[doge],<王包子rebel>: 不吃猪蹄怎么改吃方便面了？[馋嘴],<鸡血妹_>: 谢飞机要多吃点肉肉，胖乎乎的最可爱哈哈哈  http://t.cn/RiV4sa0,<JL_激辣>: wuli腾飞可爱哒[鼓掌][鼓掌],<静谧_M>: 辛苦啦，小腾飞[可怜],<Janet_Yip2>: @D_powter,<璇璇璇璇璇---->: 罐头，肉，猪蹄哈哈哈哈哈,<勇猎猎人>: 《乡九》下什么时候开播,<darling航er>: 回复 @你就是一俗人 :谁都不服就服你,<于凤娇哈哈>: 哈哈哈哈都偷拍你 然后chuachua往朋友圈传  http://t.cn/RiVAknj,<乔乔黎黎>: 回复 @Sssssueeee :想吃没吃成,<WANG大可儿>: 加油谢飞机宝宝.妳最棒🤗[爱心][爱心][爱心][爱心][爱心],<Tile921>: 腾飞放心睡 猪蹄永相随  http://t.cn/RiVA0Mt,<谁的花生酱>: 手里还拿着卤蛋[喵喵],<Cheer_52Hz>: 哼！  http://t.cn/RiVAiPg,<zh-张小亨->: 图片评论  http://t.cn/RiVAJYi,<婷格格-Sherry>: 方方面面的 完美,<小Pikaaaa>: 愿你腾飞不会累 为你流泪为你醉 ！,<是迷人的混蛋>: @KurokuViolet  你儿,<hubschLui>: 太可爱了，姐姐爱你谢腾飞～[爱你]  http://t.cn/RiVAwZE,<小Pikaaaa>: 小飞机！你是姐姐最喜欢的13岁以下的男巨星 如果要是在你跟[猪头]ti 中做一个选择！ 姐姐会毫不犹疑的选择猪蹄！,<hjdfthhbhjk>: 可爱  http://t.cn/RiVAztV,<杨真>: 好好休息 腾飞晚安,<小海的重生日记>: 回复 @小海要健康长大 :图片评论  http://t.cn/RiVwksy,<你就是一俗人>: 腾飞！哥再嘱咐你两句！别理谢广坤！,<杨朝晖-528>: 腾飞要注意休息啊，还等着你腾飞呢,<没有196>: 怎么没有猪蹄[哈哈],<嘴的寂寞8587>: 太可爱了[太开心][太开心],<这里是大连>: 我还是等你来大连，腾飞宝宝…来了我要抱抱你[舔屏],<如果弗兰克>: 哈哈哈哈哈哈哈哈哈哈哈哈家]
caotongrui	这就是传说中的抱大腿嘛？[哈哈][哈哈][哈哈] @CCTV欢乐中国人 ​​​	[<关关雎糾>: 可爱爆炸我的大飞机[愛你],<柚子饼干y>: 腾飞放心飞 猪蹄永相随！,<用户家常菜>: 腾飞我特别喜欢你，你好可爱,<大大源又源>: 腾飞 你最近拍啥戏呢,<68-96>: @VenduLaChance  老铁[作揖],<張之也>: 小女孩：我闻到了猪蹄的味道。,<啊啦哽>: 回复 @这里是大连 :我去,<被大粪包住的金子>: 图片评论  http://t.cn/RitdlOp,<kimi家的迷妹儿>: 谢飞机，爱死你了,<磨子桥丑基特约>: 回复 @曹桐睿 :当然你更可爱啦,<这里是大连>: 回复 @这里是大连 :等你来大连玩………请你吃烤鱼片,<这里是大连>: 腾飞，啥时候来大连…[舔屏][舔屏][舔屏],<这里是大连>: 回复 @曹桐睿 :好像你,<海潮白>: 想抱[爱你][好喜欢][兔子],<MSLH_>: 粉衣服女生好粘你啊,<猪蹄吃不吃>: 飞哥 懂得撩小女生了[作揖],<CUIJIANGYUE->: 一百个小姐姐抱大腿  http://t.cn/RitdheY,<02圈>: 图片评论  http://t.cn/RitrF8r,<曹桐睿>: 回复 @胖河马ai长颈鹿 :不是我,<胖河马ai长颈鹿>: 腾飞是你吗腾飞[眼泪]  http://t.cn/RitreF4,<白菜有话说>: 飞机[飞机]️[doge][doge]]
caotongrui	背台词。[哆啦A梦吃惊] ​​​	[<王不可爱>: 回复 @Crioll :哈哈哈哈哈哈哈哈哈好可爱新大陆,<Croill>: @王不可爱  我想啃猪蹄,<二点五毛钱>: 哈哈哈哈哈太可爱了,<F1ONA-YANG>: 腾飞放心飞，猪蹄永相随！,<陳暁紅>: @除了饿还能吃-,<13赫兹>: @-RefinedMan  真的太可爱了,<奶油童鞋>: @是莞莞不是菀菀,<连kh>: 红红火火恍恍惚惚,<Koalakiki>: @Dfnhrs7777,<美少吕的日常>: 回复 @_再见喵小姐 :也有小高原红,<_再见喵小姐>: @今天我是美少吕吗-  可爱小肚肚哈哈哈,<摇贰>: 回复 @自强不息的领头猪 :cut看完了 我要被谢广坤气死了,<陈三弄>: 回复 @自强不息的领头猪 :戴上眼镜和谢广坤都长得像了起来,<新垣结衣的毛衣>: @摇壹摇儿   @番茄味玉米脆,<我我我有点结巴>: 回复 @我我我也有点结巴 :可爱哦飞机[二哈],<曦子晨>: 加油加油小飞机 很喜欢你,<我我我也有点结巴>: @我我我有点结巴  可爱哦,<Chuyu777>: 桐桐咋近视了阿这是？,<我简直就是个少女>: 回复 @动物园里的小苦瓜 :哈哈哈哈哈哈哈哈,<动物园里的小苦瓜>: @我简直就是个少女,<Sieliebtdich_>: 回复 @我叫高铁柱 :啥[疑问],<达达达w君>: 回复 @全微博最好看的人 :赞同[奥特曼]收了做表情包~,<埃妥啡>: @庄缘1  好好笑,<王羽頔>: 那么小就近视了啊,<七织千景>: 加油谢飞机[鲜花][鲜花][鲜花][鲜花],<我这么萌为什么要早起>: @77777777www  嘻嘻,<全微博最好看的人>: @达达达w君   谢飞机这张贼帅！！！！！,<我叫高铁柱>: 回复 @Sieliebtdich_ :背单词的时候不能抱我哦[微笑],<荔枝小卷>: 宝宝都戴眼镜了？咋的了,<薯片要青瓜味儿的>: @_周奕彤  哈哈哈哈,<薯片要青瓜味儿的>: @vicky就素我  哈哈哈哈,<薯片要青瓜味儿的>: @肥猴-  哈哈哈哈,<里鱼->: 太爱你了  http://t.cn/RiMk62j,<iam_minnaliytang>: 大孙子贼可爱[亲亲],<ll4o>: 回复 @BRIXYTZ_ :我没有看[泪]但是想为了他看,<BRIXYTZ_>: 回复 @亡劫营 :我要看着电视剧[淚][淚],<ll4o>: @BRIXYTZ_  [泪][泪][泪],<韩演员geng>: 原博就是谢飞机[喵喵][耶][耶],<Acidswan>: 可爱死了[飞吻],<琦琦挚爱叫熙娣>: 回复 @围观群众inECNU :喔谢谢[微笑],<我爱豆是谢腾飞>: 回复 @琦琦挚爱叫智薰S :B站有,<晕死呀66>: 怎么不像小时候了,<_今晚吃松鼠鱼>: @junpo又回来了  哈哈哈,<你艾哥呀>: @你欣爷  快来关注我们的男神,<W乔娅>: 那你还不抱我 你等什么你,<悟得一身空>: 稀罕死你了[心],<Janet_Yip2>: @D_powter,<豆豉鲮鱼_a>: @蛮牛要走八十里路  谢飞机,<aaagiu>: 这小样~太可爱了！[爱你][爱你],<Z-YuNF>: @berber-Yangal   @是刘姨  宝宝好可爱,<我腾云驾雾>: 腾飞怎么近视的呀，虽然背台词要用功但是也要爱护眼睛呀]
caotongrui	再见美丽的深圳，向北京出发！@曹桐睿 深圳·深圳宝安国际机场 ​​​	[<巧克力味儿的宝黄>: 你麻麻呢[doge],<哥哥爱吃冰淇淋>: 约长越可爱[污][污][污],<我的名字到底要多长才能被你翻牌>: 就我一个人看到马忠？[笑cry],<磨子桥丑基特约>: 回复 @国足何时出线 :我也求一个[委屈],<不忘初心lhhl>: 回复 @谢腾飞全宇宙贵族颜值后援会 :请问怎么加入,<嗑嗑嗑嗑嗑瓜子>: 回复 @国足何时出线 :求原图[可怜],<宋点什么>: 哈哈哈哈哈老喜欢你了,<石川穗乃果>: 宝宝  你还不开学吗,<新新和咕嘟嘟>: [心]Have fun！,<头文字D·>: 图片评论  http://t.cn/RiPV4jr,<哦家蒙啊0414>: 飞机飞机，宇宙第一，宝贝儿，前途无量，加油🤗,<BIVBIVBIVBIV>: [doge]  http://t.cn/RiPV7d2,<小Pikaaaa>: 愿你腾飞不会累！为你流泪为你醉！ 你若喜欢啃猪蹄！为你杀光天下[猪头]！ 腾飞宇宙颜值后援会期待您的加入！  http://t.cn/RiPVvkZ]
caotongrui	有没有来偶遇的[偷笑] ​​​	[<Lafri>: 回复 @Irinaisme :哈哈哈哈哈哈哈哈,<叶底蝉>: 谢飞机好喜欢你！,<hitche>: @Lmillet_  腾飞长大了[哈哈],<小小舟是帅哥zzz>: 腾飞小弟来深圳啦,<snail--婷tingzhu>: 还是小孩，是应该放开玩。别剥夺了童真。加油！,<蟹哥六年级>: 腾飞啊，怎么瘦了，要多吃点,<LusiyuSiyuYu丶>: 我就不去了，你好好啃猪蹄吧，谢飞机[飞机],<Vivianuuurrrvvv>: 回复 @Ditto13 :羡慕羡慕,<用貂蝉怼你哦>: 回复 @索隆的男票 :新发现！,<雷大大雨>: @ZzzzzzzZ噢,<诗雨的猪蹄>: 回复 @Shawn樂哥 :哈哈哈哈哈哈哈！！,<Shawn樂哥>: 回复 @Ditto13 : @诗雨的猪蹄  我也想偶遇,<MrazarM>: 回复 @essesitrof :转眼间好大了,<essesitrof>: @MrazarM  ！,<Bee-JOLIN>: 回复 @黄晓文 :我也要去[悲伤][悲伤][悲伤],<昵称都被用了i>: 腾飞放心飞，猪蹄永相随,<娛樂圈大手子李嘉誠_>: @Airika-,<张德帅-->: 回复 @Ditto13 :腾飞，是真的腾飞,<黄晓文>: @Bee-JOLIN,<买啰>: 回复 @叻女脫燒腩仔 :哇～,<炮仗小阿脱>: 回复 @Ditto13 : @MILOMXY  羡慕,<不羁的陈海豫>: 图片评论  http://t.cn/RJnbavB,<极和简>: @geaeus  hhhhhhhhhhh,<吕康平322>: 谁会偶遇一头只会吃的猪  http://t.cn/RJE1GiT,<我脑袋透支了>: 回复 @ppinkkkkkk- :这不是！,<Cui9199>: 腾飞 25号去香港迪士尼偶遇吧 姐姐可喜欢你了[太开心][太开心],<Y噜噜呢>: 你是我最喜欢的男神,<毒豆芽Nancy>: 我爱飞机 全是情敌[笑cry],<FUCKING_WYZ>: 可爱的飞机哈哈哈,<微笑似年华smile>: 给你买猪蹄[心][心][心],<蕃西茄怒放>: 滕飞。。。一起去东部华侨城,<二蛋拔拔>: 瘦了没那么可爱了,<可爱又迷人的仙女静>: 回复 @_蒋直直 :闭嘴哈哈哈[doge]嗯~人家不准你这么说我的飞机,<_蒋直直>: 回复 @可爱又迷人的仙女静 :啊，开心，我们家的宝贝又胖了,<可爱又迷人的仙女静>: 回复 @Ditto13 :我也想偶遇飞机[doge] @_蒋直直   @居里姑娘mmmmmm,<你跺你也麻_zZZ>: @坴果  你关注你爱豆了吗,<你跺你也麻_zZZ>: 回复 @Ditto13 :妈呀腾飞[哈哈][哈哈][哈哈],<今天喝益力多了吗>: 回复 @污宝少女 :你的些大飞,<ysq的围脖>: 小胖子等的我带的猪蹄去换拐骗你,<_深海屿鹿>: 回复 @Ditto13 : @你跺你也麻_zZZ  好羡慕,<索隆的男票>: @索隆的女票   @用貂蝉怼你哦  腾飞的微博！,<秦朝阳>: 你好，来深圳了，演出吗？,<DDHCH>: 又帅了，我的腾飞,<我脑袋透支了>: 回复 @ppinkkkkkk- :这是？,<放开我的北鼻丶>: 机遇机遇。[委屈],<曹杉Susan>: 腾飞啊，你现在多大啊 @曹桐睿,<刘腰包>: 求腾飞的表情包[泪][泪][祈祷][祈祷],<Kynono>: 回复 @曹桐睿 :寸头比较适合你[哈哈],<晕死呀66>: 回复 @晕死呀666 :[微笑],<曹桐睿>: 回复 @晕死呀666 :换了,<牙板菜>: @热带剪  无法接受腾飞是这样了…,<秀色可餐的奥利弗>: 图片评论  http://t.cn/RJQ788V,<晕死呀66>: 还是换回以前的发型吧,<wanglanqion>: 回复 @dwngyilan :哈哈哈]
caotongrui	深圳，我来啦[嘻嘻] ​​​	[<我会打拳击>: 回复 @谢飞机他姐谢西瓜 :为什么把我踢出群,<beesalvatore>: 回复 @Friccch_ :➕hhhhins,<哼个君yw>: 回复 @谁谁谁谁谁065861 :马忠，马总[笑cry],<Friccch_>: 回复 @beesalvatore :求发一下表情包,<王老师的王065861>: 回复 @哼个君er :他爹是谁,<Jinzzzzz爱吃肉Q_Q>: 回复 @巨蟹座的Tina_3333333 :不得了 还有微博了,<巨蟹座的Tina_3333333>: @Jinzzzzz爱吃肉Q_Q,<无肉丸>: 回复 @盐薯条儿 :哎叼 求求你,<盐薯条儿>: @无肉丸  还不快去catch他,<kiyojack>: 回复 @谢飞机的脑残粉- :求原图,<蜂蜜味儿栗子>: @香坊大大大ci花,<谢JIA>: 回复 @言午瑶冰 :🙈最近猪蹄我吃了,<言午瑶冰>: 回复 @谢ROOT824 :你们谢家都对他做了什么！,<Kynono>: 在哪呢？求偶遇！我也在深圳,<萌小希爱生活>: 哈哈哈哈哈哈哈[兔子]你超可爱的啊  http://t.cn/RJ93mvr,<温温计划去春游>: 哈哈哈腾飞你怎么不给小姐姐们回复评论呀～[害羞][兔子][兔子][熊猫],<旋志黄>: 回复 @谢飞机的脑残粉- :我差点就关注你了,<阿田祝君好>: 哈哈哈超可爱  http://t.cn/RJ9SZcp,<CUIJIANGYUE->: 回复 @谢飞机的脑残粉- :驾着七彩猪蹄发好了原图[doge],<玛嘉烈H>: @御無沙汰咖啡川,<心情签名屋666>: @曹桐睿  谢飞机被你这句在乡村爱情中的台词刷屏啦！曹桐睿实在太可爱了，演技杠杠的[good]  http://t.cn/RJ9yPRJ,<心情签名屋666>: 演的实在太可爱l了,<Sixseven___>: 回复 @icybiuti :去你妈的,<icybiuti>: 回复 @Sixseven___ :那也是 你俩一样高 先看到你,<Sixseven___>: 回复 @-Neutrogena :工作[狗],<-Neutrogena>: 回复 @Sixseven___ :哈哈哈哈这么快回来,<Sixseven___>: 回复 @icybiuti :看我好吗,<Sixseven___>: 回复 @-Neutrogena :我老公！！,<Sixseven___>: 回复 @-Neutrogena :我已经在宿舍啦哈哈哈哈哈,<-Neutrogena>: 回复 @Sixseven___ :哈哈哈哈哈哈来得及见你偶像吗,<icybiuti>: 回复 @Sixseven___ :妈呀我飞来看我了,<Sixseven___>: @icybiuti   @yeeyee仔   @-Neutrogena  啊啊啊啊啊啊啊啊啊,<HUANG_LESHI>: 回复 @谢飞机的脑残粉- :求原图啊！谢谢！,<周诌诌诌>: 你来深圳哪里》！？想见腾飞和马忠！,<W_是志欣啊>: 飞机去坐飞机了吗？[doge],<self-fish>: 回复 @谢飞机的脑残粉- :同求哈哈哈哈,<马甜芋的女朋友>: 回复 @谢飞机的脑残粉- :求原图啊谢谢,<除夕夜的小镇飘着雪>: 腾飞放心飞，猪蹄永相随！腾飞腾飞最宝贝 不让你掉一滴泪！！  http://t.cn/RJKmYBO,<超级幸运超级幸运的名字>: 回复 @谢飞机的脑残粉- :求这张飞机的原图[污],<LESEYLIN>: 宝宝来找妈妈 妈妈带你吃香喝辣  http://t.cn/RJKlCc2,<_jwjeaax>: 回复 @谢飞机的脑残粉- :求原图！[羞嗒嗒],<鹓鶵___>: 回复 @A-張雪婷 :握草……他怎么发出来了！,<隔壁宿舍老孙头>: 回复 @眠生 :没有腾飞，有猪蹄行么？小姐姐,<ashleezeng>: 你在哪里呀 小飞机,<MONKEY少女>: 表白飞飞 [羞嗒嗒],<高伟男shady>: 回复 @谢飞机的脑残粉- :求个原图[心],<Morton脫脫>: 宝宝好好玩哦 在深圳多吃好吃的[兔子],<CUIJIANGYUE->: 回复 @-蜜汁瓜- :小姐姐请查收[doge],<A-張雪婷>: @谭谭谭_弹走鱼尾纹  你跟谢飞机什么关系[感冒],<beesalvatore>: 最近都是用你的表情包[眼泪]  http://t.cn/RJKPFTF,<-蜜汁瓜->: 回复 @谢飞机的脑残粉- :求原图！！谢谢！,<航BOY>: 我也在深圳  可以请你吃个饭吗,<minmminmin>: 你在哪！！！！我的宝贝？？？？快回我！！！看姐姐！！！！！！！！！！啊啊啊啊啊啊啊哎哟]
caotongrui	爷爷，我好像长大了很多[偷笑] @唐鉴军 ​​​	[<zntys>: 回复 @谢飞机他姐谢西瓜 :求表情包,<磨子桥丑基特约>: 回复 @谢腾飞全宇宙贵族颜值后援会 :我想要、、、,<我是恍心>: 回复 @尸出亲斤走戊 :哈哈哈哈哈好乖呀,<认识易安好运来>: 再过两年你个头都赶上你爷爷了[眼泪],<刘深静水>: 没有，是你爷爷抽吧了许多[doge],<买个鸡柳_给你吃>: @大脑门儿上点个点儿   哈哈哈哈,<李要控计李计几O>: @曹桐睿  [微笑][微笑]  http://t.cn/RJOhRNb,<李要控计李计几O>: 个人觉得我弟弟长得像你[哈哈]  http://t.cn/RJOhNgB,<无菇o>: 图片评论  http://t.cn/RJNSZEG,<虢孖鈿>: 腾飞，爷爷掐你没,<杰克儿姑娘>: @Murmansk_TJ,<llinwanan>: 爱你 腾飞呀  http://t.cn/RJSVllV,<长停长停停dingding>: 回复 @榴莲糖不搭调儿 :原来真的有微博！感觉抽条啦[眼泪],<榴莲糖不搭调儿>: @长停长停停dingding,<那答儿>: 图片评论  http://t.cn/RJS2ahD,<崔崔月月>: 回复 @遇见赵赵赵 :[笑哈哈][笑哈哈],<遇见赵赵赵>: 回复 @吾就是汝 :我说你 头像和名字一改  我没反应过来是谁艾特我[笑cry],<崔崔月月>: 回复 @遇见赵赵赵 :他叫谢飞机[眼泪][眼泪],<遇见赵赵赵>: 回复 @吾就是汝 :没反应过来是谁,<AHM蓝眼泪>: 为了看乡村爱情9里的你，我特意开的会员。结果你出场没几次，好伤心。,<滑稽少女gym狗>: 图片评论  http://t.cn/RJaEWEx,<YanXXXX>: @李小心眼儿心眼儿小__,<凉加蚝_>: 图片评论  http://t.cn/RJaN5eL,<瑛颡>: 腾飞我爱你！  http://t.cn/RJaC782,<爻妹纸>: 腾飞就是长大了也是萌萌哒小胖（男）娃（神）[爱你]在戏外唐团儿是不老稀罕你了[嘻嘻]今天才知道原来谢广坤还是辽宁民间艺术团团长呢[酷],<苏就一个>: 回复 @_XuQian_ :这,<_XuQian_>: 回复 @苏就一个 :飞机腿还挺长,<呆萌小铁柱>: 回复 @谢飞机他姐谢西瓜 :求表情包[飞吻],<眭冉_>: 回复 @太康扛把子 :好哒,<ssss米肥儿>: 回复 @谢飞机他姐谢西瓜 :求表情包！！[色],<Shortagee>: 回复 @眭冉_ :小姐姐我要原图[爱你],<尹文荃>: 谢腾飞，我总算找到你了。[开心][开心][开心],<唐思思今天早睡了吗>: 没你高那不比你胖嘛哈哈哈哈哈[doge],<解放天性放飛自我的shuo>: 宝宝，想姐姐没有，来抱抱,<消防员欧巴呀>: 爷爷：在过两年你就可以在天上飞了,<罗翔宇__>: 长大好多呢，看到小时候的你好想摸摸你的小脸，真是可爱死啦，用东北话说就是：太招人稀罕了[心],<武文昊的微博>: 回复 @罗森o :腾飞腾飞最宝贝 不让你掉一滴泪[doge],<子三享>: 谢广坤再欺负你 你就给他扣尿布,<爱吃蒸笼饭的翀翀翀陈陈陈>: 猪蹄永相随[哆啦A梦微笑],<眭冉_>: 回复 @fugdtcegdrrfffdgrrcf :好哒[飞吻],<ggjggfcghh>: 回复 @眭冉_ :我也要私信！[good],<verrat->: 回复 @谢飞机他姐谢西瓜 :求表情包！！[可爱],<ggjggfcghh>: 飞机呀 下次图片清晰一点哈,<大头姐王濛>: 哈哈哈哈哈哈我男朋友可爱你了[眼泪][眼泪][眼泪],<易烊傻千>: 图片评论  http://t.cn/RJXVLIB,<眭冉_>: 回复 @是符雨琪 :没问题[偷乐],<是符雨琪>: 回复 @眭冉_ :要表情包哈哈哈哈哈,<你才小浣熊呢>: 腾飞放心飞 猪蹄永相随[爱你],<泰式修脚王>: 飞飞长大啦[心][心][心],<里鱼->: 猪蹄永相随  http://t.cn/RJXqrsZ,<矜持的红桃K>: 问问你爷爷下部啥时候上映,<苏就一个>: @_XuQian_,<眠生>: 回复 @眠生 :图片评论  http://t.cn/RJXUdkp,<眠生>: 有多少个人把咱们腾飞设为特别关注的[心],<周雨晴__>: 圖片評論  http://t.cn/RJXUxv0,<三头六眼小可>: 图2我记得是人民公园吧[笑cry],<不賍死你的夢>: 回复 @谢飞机他姐谢西瓜 :给我]
caotongrui	演技也是一流的  所以要吃猪蹄吗?@曹桐睿 ​​​	[<小红足疗店18号技师>: 回复 @徐欢神 :您能把我拉进群里么  我加您的微信好么,<夏日桃心>: 回复 @谷欠振焕 :[doge][doge][doge],<_卡秋九二>: 腾飞可爱[爱你][爱你][爱你],<鱼儿去看安>: 回复 @七痂 :哈哈哈什么鬼，不转不是中国人了是吧,<JDS-KA1KU1>: @JDS-许泽芃,<二妞_驴耳朵>: @unicorn211  谢飞机微博,<爱说话的无语姑娘>: @Psychoticcc  谢飞机在这,<孙壮Stronger8>: 回复 @内向的幻想 :哈哈哈哈 飞机,<致幻生物>: @孙壮Stronger8  你偶像微博,<你是我的浪味仙啊_>: 腾飞啊，你都红到表情包鼻祖尼克杨那去了，哈哈哈哈哈哈  http://t.cn/RJx5wzU,<谷欠振焕>: 回复 @TAUYUSUNG :是·无印[doge],<夏日桃心>: 回复 @谷欠振焕 :无印良品[doge],<vivi-chenxiaoan>: 明明我们腾飞爱吃罐头[笑cry][笑cry],<TuYa_Nana>: 回复 @糖小淘儿 :哈哈,<糖小淘儿>: @TuYa_Nana,<_李玮希>: 图片评论  http://t.cn/RJIxmZb,<阿油really>: 回复 @我叫谢飞腾不叫谢飞机 :老哥 我们娃儿叫腾飞 不叫飞腾,<CUIJIANGYUE->: 回复 @我叫谢飞腾不叫谢飞机 :you jump  I jump,<王菲尔Fei>: 猪蹄永相随！爱你永不变！  http://t.cn/RJf1DHn,<cencenaa>: 回复 @Layes- :广坤不是人,<好而I>: 回复 @蛋挞既是小正义 :卧槽,<CCCRISTINE_>: 回复 @阿油really :哈哈，我关注他的时候微博定位的分组是韩流！,<放开我的北鼻丶>: 从第几集里可以看到睿睿？？[太开心][太开心],<童渊儿>: 回复 @谢飞机的脑残粉- :[眼泪],<Layes->: @cencenaa,<除夕夜的小镇飘着雪>: 乡七60集，心疼死了,<阿油really>: 腾飞放心飞！腾粉永相随，猪蹄不会不在，我会一直都在，比心  @CCCRISTINE_,<八斤可乐加酸菜和香菜-_->: 回复 @STARYUZ :我很危险,<八斤可乐加酸菜和香菜-_->: 回复 @谢飞机的脑残粉- :爷爷你有本事跳下来,<阿油really>: 腾飞啊！我是你铁粉啊！,<蛋挞既是小正义>: 回复 @好而I :这里是本人微博,<好而I>: 回复 @蛋挞既是小正义 :简直我爱豆,<胖b涡轮二天>: 回复 @Accce- :哈哈哈 @BeingOdd,<小希姐姐L>: 好可爱的宝宝呀，真想从谢广坤家里抱过来，我养着[爱你],<迪莉锅巴>: [哈哈][哈哈]腾飞第九部里面声音咋变了,<阴是阴天快乐的阴>: 加我微信，发表情包，男的就算了。[思考],<Alice的小茶杯>: @Akiya_neko   @SharleneChang_   @安博女士  wow 男神微博,<依然Loser>: 厉害了，我的谢飞机！！！！,<Oo_马小懒>: 回复 @满月狸 :果断关注！,<满月狸>: @Oo_马小懒  这是这个小孩的微博。哈哈哈,<齐齐齐齐汤tq>: 腾飞，就冲着你，我要开始追乡爱了，你是从第几季开始出现的啊？,<CUIJIANGYUE->: 回复 @童渊儿 :Comment with pics  http://t.cn/RJtBBSj,<小5安好>: 大半夜来看腾飞微博，[眼泪]，也是醉了！爱我腾飞！,<除夕夜的小镇飘着雪>: 小桐睿演技超级棒！可爱时候急得想抱抱你，哭的时候心疼的不行！,<除夕夜的小镇飘着雪>: 腾飞放心飞，猪蹄儿永相随！腾飞腾飞最宝贝，不让你掉一滴泪！ // @曹桐睿 :爷爷真坏[大哭][大哭],<李栋旭的超级迷妹>:   http://t.cn/RJtQui8  // @Accce- ：爱飞护飞！！！！！腾飞放心飞，猪蹄永相随！腾飞腾飞最宝贝 不让你掉一滴泪！！！,<lili6081741246>: [开心]  http://t.cn/RJtjsYy,<伊伊伊伊伊伊呀哟>: 回复 @张浩的微博- :求表情包,<张婉莹有一只unicorn>: 哈哈哈哈腾飞。你还啃不啃猪蹄了[哈哈],<qqhedr>: 腾飞，你咋那么招人稀罕呢！,<SHARON_HO5>: 看图片都觉得可怜[可怜][可怜][可怜]]
caotongrui	我的妈呀！到底发生了什么事[吃惊] ​​​	[<XINTONGLll>: 哈哈哈哈哈哈腾飞最可爱喇,<雲間小茉莉>: 回复 @突然想改个ID :老铁！能否拉我进群！！,<雲間小茉莉>: 回复 @宝宝枣- :老铁！能否拉我进群！,<降幅高于一般>: 图片评论  http://t.cn/RJyHVEa,<边渡友菜歆>: 腾飞放心飞 猪蹄永相随  http://t.cn/RJyXodl,<收腹太晚>: @Fooligan  抗亩,<脑洞一八七>: 回复 @歌王夫人 :[眼泪],<去你个小蘑菇>: 回复 @啊啦哽 :表示想进群！求拉！  http://t.cn/RJLKeVq,<吃饭吗吃>: 回复 @马尔泰_若智 :求原图,<请添加名称>: 回复 @Li桐学 :尬评！,<冯大宝宝呀>: 图片评论  http://t.cn/RJ2RW4F,<文滢同学>: 最喜欢就是腾飞说的这句话，让我感动的都哭了。。现在已经在追第九部了，不过请腾飞给爸爸带一句话：永强，减肥！减肥！减肥！胖的广坤叔都抱不动啊~,<镜湖一哥>: 回复 @刺猬记 :消灭零回复,<我是你哈哥_>: 要表情的亲私信我吧[挤眼]  http://t.cn/RJ2WBjq,<sjxbqbizk>: 回复 @马尔泰_若智 :求原图,<月月是老师>: 图片评论  http://t.cn/RJ2JESI,<美美美美美V>: 火了火了 燥起来！,<SoHotBaby>: 回复 @是符雨琪 :图片评论  http://t.cn/RJ2UHVL,<晨希Claire>: 回复 @啊啦哽 :加啦,<小小蘑菇呀_>: 回复 @馋老呸呸呸 :我已经看到第五集了[污],<啊啦哽>: 回复 @晨希Claire :17854250659,<shinnnnnnnnny>: 腾飞 姐姐们爱你[可爱],<晨希Claire>: 回复 @啊啦哽 :你的微信号是多少,<荔枝梨汁糖>: 爱飞护飞！！！！！腾飞放心飞，猪蹄永相随！腾飞腾飞最宝贝 不让你掉一滴泪！！[心],<荔枝梨汁糖>: 爱飞护飞！！！！！腾飞放心飞，猪蹄永相随！腾飞腾飞最宝贝 不让你掉一滴泪！！！,<超级赛亚人卡卡罗特3>: 回复 @啊啦哽 :嗯，进了,<啊啦哽>: 回复 @超级赛亚人卡卡罗特3 :已经拉你了好像,<啊啦哽>: 回复 @晨希Claire :加我就好啦,<啊啦哽>: 回复 @amochichiiii :微信 这是我微信号 [眼泪],<任宇航的微博_>: 回复 @Lliu-shan :表情包 1761206625免费发你们,<里鱼->: [doge][doge][doge]中韩两大萌娃珍贵合影  http://t.cn/RJArAkz,<是符雨琪>: 回复 @张浩的微博- :( ˘•ω•˘ )求微信号,<是符雨琪>: 回复 @SoHotBaby :求原图！！！,<midtwo_>: 腾飞弟弟帅帅帅，天使宝宝爱爱爱,<Lliu-shan>: 回复 @张浩的微博- :发给我 你微信多少,<苏起哄>: 大家让一让 这个图去年的了 老粉丝在这里  http://t.cn/RJAnjQl,<Lliu-shan>: 回复 @张浩的微博- :你微信多少快发我[色],<Lliu-shan>: 在哪里能看到你拍的电视？好几个播放器都没找到 好喜欢你啊,<我能不能更帅些>: 回复 @MISSHYK :我有百度云资源,<赵da宝bao>: 哈哈哈哈哈哈哈我觉得咱们群的人是不是都在这儿了,<小灵通用户12138>: 你现在很危险[喵喵]飞飞走，跟我回家  http://t.cn/RJAQg84,<油泼面皮儿>: 腾飞放心飞，猪蹄永相随！,<-Yoninah>: 你太可愛哈哈哈哈,<MCC儿>: 我的表情包都是你哈哈哈,<我也不知道起什么名字好的啊>: 终于找到博主了  http://t.cn/RJAT2Yt,<我爱洗澡皮肤好好咯咯咯咯>: 深夜入坑比个心[心][心],<kiyojack>: 谢飞机[心][心][心]  http://t.cn/RJAj223,<不是你的王的的>: 图片评论  http://t.cn/RJAjPGQ,<郭敏纯>: 回复 @MISSHYK :腾讯视频就有吧,<郭敏纯>: 谢飞机已经占据我微信表情包的三分之一了  http://t.cn/RJAlldj]
caotongrui	@曹桐睿 我就是谢腾飞的颜饭 谢飞机的粉红飞[猪头]！ ​​​	[<子三享>: 回复 @罗森o :你好我是猪有蹄,<lousenn>: 回复 @子三享 :是我哦,<爱死大张伟>: 谢[飞机] // @曹桐睿 :哈哈哈  好玩,<BoA_Jung>: 回复 @好酷的我cool :求表情包,<CZZAO>: @冯忱是个爱打球又不专业的girl,<我想拥有以津真天>: 是你吗飞机[doge]小姐姐注意你好久了,<子三享>: 回复 @罗森o  的赞:是群里的罗森吗,<高凯越>: @LIYH---,<解放天性放飛自我的shuo>: 爱飞护飞与飞永相随,<超级赛亚人卡卡罗特3>: 饿了🤗  http://t.cn/RJwDMaq,<PANPannnnn>: 回复 @芷然子然梓然紫然孜然 :哈哈 这个名字好,<77chenzheng>: @Jeff2036,<憨人要咬紧牙关>: 回复 @看个屁啊我最酷 :最爱飞飞了[挤眼],<GONG_虹>: 爱豆同款猪蹄[doge]  http://t.cn/RJwgesa,<邬小贝贝Vivienne>: 我深深的爱上你了,<看个屁啊我最酷>: 人间可爱谢腾飞！火花演技谢腾飞！致命微笑谢腾飞！脑瓜美男谢腾飞！[爱你][爱你][爱你][爱你][爱你]喜欢飞飞的请点赞！,<-乱柒>: 回复 @药物学小排球 :必须的必！,<凉烬woc>: 宝贝儿，阿姨稀罕你  http://t.cn/RJwgJS6,<夜礼服大便>: 么么哒！爱哭你～ @布丁吃很多_,<药物学小排球>: 回复 @-乱柒 :哈哈哈哈哈哈哈哈贼可爱,<Melon爱吃煎饺>: 你red了我滴娃,<se7en20140721>: 回复 @好酷的我cool :求表情包[可怜],<立志当名优秀的饲养员>: 我就问一句我为什么不算真爱粉[摊手]  http://t.cn/RJwBZwK,<杨雪晴F>: 腾飞放心飞  http://t.cn/RJw16Ae,<Gentle慢東東>: 回复 @好酷的我cool :求图啊,<大石石石头>: 回复 @好酷的我cool :可以分享表情包嘛[污],<J-HWAN>: 猪蹄报道[哈哈]  http://t.cn/RJwu97r,<眭冉_>: 永远是你的猪蹄子  http://t.cn/RJwuIxU,<大雄丸子噢>: [哆啦A梦花心][哆啦A梦花心][哆啦A梦花心]  http://t.cn/RJwutlc,<铁蛋和公主>: 图片评论  http://t.cn/RJwu57Y,<芷然子然梓然紫然孜然>: 腾飞，你知道你的粉丝叫猪蹄吗？ 腾飞放心飞，猪蹄永相随！,<请你相信我所有的话都是假的>: 回复 @好酷的我cool :求图[可怜],<小鸡子队长>: 回复 @春晚忠实观众 :好的宝宝,<覆欲>: 你好像秒删过了 [摊手]  http://t.cn/RJwmDiM,<请你相信我所有的话都是假的>: 爱您[爱你][爱你][爱你] @小鸡子队长  快来表白小天使,<ROMANCEce>: 腾飞腾飞 爱飞护飞！,<子三享>: 啊 我也要被爱豆翻牌！腾飞放心飞 猪蹄永相随！,<啊啦哽>: 腾飞我是你的死忠粉,<用户9919900326>: 小可爱[心][心],<好吃懒做瓜>: 天啦噜竟然被翻牌了！！！！[羞嗒嗒][羞嗒嗒][羞嗒嗒],<河里鱼啊>: 哭泣，爱你，我的飞！  http://t.cn/RJwmo9q,<天宇的小粉>: 最喜欢腾飞了 @曹桐睿  [哈哈]  http://t.cn/RJwmtAb,<BIVBIVBIVBIV>: 谢飞机，风里雨里王者荣耀等着你[doge]  http://t.cn/RJwmtzO,<关我个腿子事>: 前排？！[喵喵]睿睿我是你的颜饭！,<铁民一枚>: 回复 @崔哥帅过吴彦祖 :哈哈有原图么,<lousenn>: 图片评论  http://t.cn/RJwmPfh,<Ejwww>: 炒鸡可爱我们飞  http://t.cn/RJwn1Fh,<崔程赫_>: 爱你腾飞  http://t.cn/RJwnRkv,<大阿大叶叶>: 那个小头像更可爱,<Ejwww>: @Only谢腾飞_Pigsfeet站]
caotongrui	到底发生什么事了[疑问] ​​​	[<-HUANGMINGYI>: 因为我们都喜欢你呀  http://t.cn/RiCh9rV,<Bay在深圳>: 这次是以 #谢飞机# 为关键上的热搜(⊙o⊙)哦！哈哈！  http://t.cn/RiJGLj7,<热巴阿>: 回复 @佑果酱YUKA :宝宝求原图,<怪Tu>: 回复 @ZXing_C :老哥求微信,<表痴>: 回复 @demmaX :哈哈,<张拜斯特>: 回复 @佑果酱YUKA :qiuyuantu[舔屏],<张拜斯特>: 回复 @你的邱淑贞 :求原图[舔屏],<张拜斯特>: 回复 @ZXing_C :啊啊啊啊啊啊求,<A_梦想追求>: 回复 @2017的网友 :微信[害怕],<xian先shen生>: 回复 @Ruofay : @原图妈,<Sober__H>: 因为  我想出去,<断于秋>: 回复 @一只邦尼兔 : @小小怪233  现在的你,<Gafired-1D>: 走不走  http://t.cn/RJBAJzU,<20141025棠棠>: 好喜欢你，飞机[馋嘴],<michelleHM163388488>: 因为你很棒哦[嘻嘻],<大小张__>: 图片评论  http://t.cn/RJQ9Kzv,<我不叫甜心儿>: 回复 @ZXing_C :求！,<阿陳天璐>: 回复 @佑果酱YUKA :求原图！蟹蟹[爱你],<鳄梨好好吃>: 回复 @我微博hin有用 :谢谢你哦[向日葵],<假装爱追剧>: 谢飞机你好[笑cry],<凯鑫开心123>: 还是胖乎乎的惹人爱[嘻嘻][嘻嘻][嘻嘻][鼓掌][鼓掌],<我微博hin有用>: 回复 @鳄梨好好吃 :私给你啦,<我微博hin有用>: 回复 @一坨移动的肉团 :私给你了,<石雪什么>: [哈哈][爱你]  http://t.cn/RJamvij,<一个好吃的妙脆角>: 回复 @ZXing_C :求求求！[色],<嗯哼55113>: 回复 @怪异小公举 :图片评论  http://t.cn/RJa7d97,<一坨移动的肉团>: 回复 @佑果酱YUKA :求原图！,<MrJoeJoker>: 新一代表情包素材,<小Pikaaaa>: 回复 @徐楷- :需要腾飞表情包的私信我免费 很全每天都跟新,<牧马人罢了>: 因为大v们最近都在发他的表情包还有他的截图，还有人开了谢飞机的微博，专门发他，然后大v也更着转了,<诸冰冰->: 回复 @ZXing_C :想要[馋嘴],<鳄梨好好吃>: 回复 @佑果酱YUKA :求原图小姐姐[太開心],<小Pikaaaa>: 回复 @小灵通用户12138 :需要腾飞表情包的私信我免费 很全每天都跟新,<对姻缘不抱希望只想发财>: 回复 @molly跟你都想了解 :求原图～,<钱三金-Nigoki>: @一只兔子疼   这个微博是飞机本人！,<YanXXXX>: 飞！我是你真爱粉！我爱你！,<_天苍苍地茫茫>: 回复 @晨希Claire : @廿四味阿,<那答儿>: 回复 @ZXing_C :想要！！！求！！,<诸晓庄>: 回复 @天然卷- : @请你猜猜我四sei,<金周勤Kingsicei>: 回复 @怪异小公举 : @晃应宣,<有钱就买Farrari>: 回复 @___________垚 :图片评论  http://t.cn/RJ40T2C,<是菁哥哥咯>: 回复 @一颗郑植树 :哈哈哈哈哈哈哈哈哈,<Zombbbbbbie>: 腾飞来王者荣耀啊[喵喵]快上车 我玩安琪拉,<沉迷真遥米优无法自拔>: 回复 @SLLLLUOSAer :求原图hhh,<Ruofay>: 回复 @ZXing_C :发现一座飞机场[doge],<彭小爱和鹿什么晗_>: 回复 @晨希Claire : @我是彭同学,<Dooone>: 回复 @懒癌晚期的大招君 :求原图！[爱你]  http://t.cn/RJUhk8C,<牛奶和沙葱>: @Tabaatar,<ZHANGJIA雯->: 图片评论  http://t.cn/RJykN9Y,<巧克力和大麻花>: 腾飞完美的带动了中国猪蹄场的发展,<雲間小茉莉>: 回复 @2017的网友 :老铁！加个微信吧！,<巧克力和大麻花>: 图片评论  http://t.cn/RJyDZqi,<降幅高于一般>: 图片评论  http://t.cn/RJyHCLS,<边渡友菜歆>: 你飞了谢飞机！！  http://t.cn/RJyaqZ7,<树的粉>: 你儿子太可爱了 完美 @曹桐睿,<Tony的仙女爸爸>: 回复 @冰岛的犀牛 :嗯啊哈哈,<冰岛的犀牛>: @Tony的仙女爸爸  谢飞机本人]
caotongrui	能找到我在哪嘛？[嘻嘻] ​​​	[<今天继续丧>: 回复 @想要拥有郑容和zzz :想加群,<野生秋刀鱼>: 回复 @眭冉_ :求原图！谢谢[爱你][爱你],<徐惠至的姐姐>: 回复 @是你的草阿 :啊！好想要！！！,<Laughing-kite>: 回复 @是你的草阿 :想要表情包[污],<Oakoo>: 回复 @周芷莃 :哈哈哈哈哈哈哈哈哈哈哈！,<-我不想要两颗西柚>: 回复 @眭冉_ :求原图[哈哈],<9日·>: 回复 @我在听lll :图片评论  http://t.cn/RJzMlTU,<我在听lll>: 回复 @是你的草阿 :lsn00314,<9日·>: 回复 @Remembera爱 :私信微信了哈哈哈,<9日·>: 回复 @衣甜真美子 :私信辣！,<9日·>: 回复 @我在听lll :私信微信辣,<9日·>: 回复 @污婆逗 :私信微信惹,<我是你聪明可爱的晓彤姐姐呀>: 回复 @是你的草阿 :求表情包,<Remembera爱>: 回复 @是你的草阿 :好想要表情包，,<-知川>: 举国旗那个？哈哈，一本正经的小伙子[太开心],<我在听lll>: 回复 @是你的草阿 :想要,<谢JIA>: @言午瑶冰  快来！腾飞哥哥在这里！！！,<违宪同志>: 回复 @基妹啊 :求原图！,<陈九久_>: 图片评论  http://t.cn/RJzURtO,<唐唐-0809>: 最近火了[嘻嘻],<newnewbaby->: 回复 @眭冉_ :可以私下原图吗[doge],<高橋一啾>: 回复 @是你的草阿 :想要[二哈],<ahjkiytrfffff>: 回复 @是你的草阿 :哈哈哈哈哈哈好想要表情包,<猫糖玛奇朵>: [眼泪]宝宝，你太可爱了，2014年看你的时候就觉得你肯定会火，没想到三年后上微博热搜了[doge],<余哄哄>: 腾飞腾飞 猪蹄永相随  http://t.cn/RJz7KLi,<兮兮O儿儿>: 回复 @你的邱淑贞 :求原图宝宝！,<污婆逗>: 回复 @Zoey_xy :哈哈哈哈爱飞护飞,<污婆逗>: 回复 @是你的草阿 :哈哈哈哈哈天哪想要你的表情包哈哈哈哈,<打野女魔头>: 谢飞机打卡。滴。美少女卡[笑cry][笑cry],<仲夏请等下>: 看到谢飞机啦[太开心],<Zoey_xy>: @污婆逗  看评论哈哈哈哈,<Vonghoiyan-v>: 这么可爱的腾飞 怎么能不爱[爱心]️  http://t.cn/RJzPVob,<我就不信改不了名->: 中国版民国哈哈哈哈哈哈[爱你][爱你][爱你],<CHENGKITMEN>: 你怎么这么可爱呀[亲亲][亲亲],<赖旧>: @七里香忠实粉ranranbb  腾飞放心飞 猪蹄用相随,<-sugarsugars>: 谢飞机[doge],<-李德鸿>: @体重60的那个张鹏浩  猪蹄永相随。传送门,<小可爱卷卷毛>: 回复 @想要拥有郑容和zzz :想加群,<fffa_ge>: 怎么可能找不到我的小可爱！！！！,<里鱼->: 图片评论  http://t.cn/RJ7BH1x,<彬不会>: 小时候，真像智障儿童,<一久九几阿>: @萌物大黄  评论,<车厘子小元元>: @Tay豌豆投手小咸  我爱豆,<沖涼後>: 回复 @icwinnie :妈妈 我不想喝水,<icwinnie>: 回复 @邢发财 :来一起吃猪蹄,<无脑又>: 腾飞你咋瘦了呢 姐姐还是喜欢你胖的样子,<你个APP9610>: 第9个[嘻嘻][嘻嘻],<沖涼後>: 回复 @icwinnie :妈呀！！！！找到组织了！！一起爱飞护飞！,<icwinnie>: @李特有钱  这是本尊 快来爱护腾飞。  @邢发财  桐姐快来,<o渔骨o>: 你偶像微博关注没? @范范范范范特稀]
caotongrui	开心快乐的一天！[可爱][可爱][可爱] ​​​	[<Gentle慢東東>: 马忠的儿子omg[哈哈][哈哈][哈哈],<FlowerKiss-Chilam>: 原来你是马忠的儿子呀,<太阳女神并亲了你一下>: 你俩竟然是一家的[偷笑],<猫猫奶盖子>: [笑cry]腾飞这衣服我弟也有   http://t.cn/RJZdZDN  // @曹桐睿 :和爸爸在一起玩的开心,<摩猴BlingBling>: 孩子，你粑粑是马忠[坏笑],<老丧鬼>: 回复 @你的邱淑贞 :求原图,<今天做了件好事>: 你果然是马总的儿子,<手機用戶aqianxiannv>: @就是粉红的深水小炸_彈__  快来看！腾飞的微博,<Zora24>: 马……忠[吃惊],<谭记虾味居>: @来自星星的刘奶豆儿,<童话都是骗人的啊>: 弹幕真坑，说你亲爸是马忠那个给我站出来！,<Moneylammm>: 嗯 儿子妈妈在这,<Rainydew>: 飞机他亲爹是马忠！ @努力减肥的Camille   @Meda_煊,<熊扑昇龙>: 回复 @将烬酒 :求图[心],<我要世界和平A>: @十SwagEva十,<Madchen_beten>: 回复 @明月复照人 :啊啊啊，我的心肝儿[眼泪],<LynnLam->: 回复 @iamAnnie_ :哈哈哈哈哈我知道是他  跟香秀结婚了现在！！！成天被李大国骚扰呢,<明月复照人>: 回复 @我讨厌冒险 : @Madchen_beten  哈哈哈还有口号呢 这是腾飞微博,<不在不在隐身了>: 回复 @一个星期8 :还是有 [笑cry]  不过谢谢啦～,<6ngelic檬檬>: 回复 @小可爱就是就是我 :图片评论  http://t.cn/RJheblQ,<热心网友史蒂芬>: 回复 @将烬酒 :求个原图[爱你],<不在不在隐身了>: 回复 @6ngelic高 :求原图 [笑cry][笑cry][笑cry],<翻天娃子>: @端晚端晚  快关注,<captainmiao77>: 他爸比哦 @LynnLam-,<1块小奶油>: 回复 @yuchongwong :和想要完整版的心情不同，图个乐子何必较真,<明天的星星四面八方>: @-这是我的名字,<忧郁西兰花>: 回复 @你的邱淑贞 :求原图,<yuchongwong>: 回复 @莲盅 :就自己截下水印有那么难？,<很甜的红茶玛奇朵>: hi腾飞你超Q的！！！[爱你][爱你][爱你][爱你][爱你],<rebel_08>: 腾飞放心飞 猪蹄永相随[爱你],<Melo嘎嘣脆>: 回复 @立日炊示人 :你一定没看过曾经消瘦的我[doge],<唯你的可爱与笨拙>: 回复 @我讨厌冒险 :哈哈哈哈哈哈哈哈有口号了可还行,<立日炊示人>: 回复 @Melo嘎嘣脆 :有了儿子以后可说不定[偷乐],<宇宙无敌海鲜至尊乌鱼子>: 回复 @Alibi92 :你这是什么意思,<Alibi92>: @宇宙无敌海鲜至尊乌鱼子,<我家没有小怪兽>: 回复 @你的邱淑贞 :求原图,<Melo嘎嘣脆>: 回复 @葱葱凹凸曼 :放屁。。。我有那么胖吗[doge],<熱心市民身騎白馬>: @Hyacinth_s_,<你洪妹妹>: 飞飞 我们永远支持你[开心],<聪葱大魔王>: 回复 @立日炊示人 :哈哈哈哈[偷笑] @Melo嘎嘣脆,<HAhaHAhhhaHA>: @可爱豆豆男朋友  我笑死了,<立日炊示人>: @葱葱凹凸曼  这难道不是500和他的儿子嘛,<我的李白国服第一>: 回复 @Rock家画像定制 :[心][心][心],<我的李白国服第一>: 谢飞机观光团滴滴右上角打卡[爱心]️,<Gcoooo>: 来找表情包的 哈哈哈哈,<Only谢腾飞_Pigsfeet站>: 回复 @molly跟你都想了解 :本站好像上不了热门[淚],<KFE的鲨鱼头->: 哈哈哈哈哈哈哈哈哈哈哈哈热评第一 @你洪妹妹,<molly跟你都想了解>: 回复 @OneForU_Pigsfeet站 :请飞飞看到我们站姐！[好爱哦][好爱哦][好爱哦],<CHIMINGJIA->: 回复 @你的邱淑贞 :求原图,<歌舞-升平>: [doge][doge],<Sphinxiner33>: 原来腾飞是马忠的儿子！马忠你这么可爱大胖小子不养干嘛要给大国养孩子呢[偷笑]]
caotongrui	你们的谢腾飞，长大了！变帅了？[嘻嘻][嘻嘻][嘻嘻] 大连·大连圣亚海洋世界 ​​​	[<徐洋Ocean>: 回复 @MC469Mu_a :哈哈哈哈哈哈哈哈哈哈服了,<折儿腾宸>: 腾飞啊！！！！// @曹桐睿 :哈哈哈,<MC469Mu_a>: @徐洋Ocean,<在很久很久以前有只猪>: @坑坑坑坑坑爹__,<锦户亮的老婆>: @我今天又发脾气了吗  腾飞哈哈哈,<鱼儿去看安>: 图片评论  http://t.cn/RJPH75z,<托桃小玲>: @zleeeeeee,<杰伦呐>: 回复 @为你做别 :日剧一吻定情,<布鲁的女儿>: 先跳个舞来看看吧[喵喵],<痴愚小呆鱼>: 回复 @为你做别 :好像是古川雄辉和未来穗香的一吻定情,<为你做别>: 回复 @周芷莃 :这是啥剧,<郭敏纯>: 谢飞机  http://t.cn/RJvmZg4,<zlsvvv>: 回复 @wkikihqq :哈哈哈哈哈哈哈哈哈哈 你还不抱我 等什么呢你,<段儿爱赌博>: 好乖哦，小可爱  http://t.cn/RJvT97Y,<ggjggfcghh>: 腾飞涨粉啦  http://t.cn/RJv4xjD,<wkikihqq>: @zlsvvv  咋们腾飞,<尹甜同学>: 哈哈哈哈  对上号了,<基妹啊>: 你笑啥 你笑我就揍你  http://t.cn/RxsN8gE,<Liu_lemon>: 图片评论  http://t.cn/Rxso3hi,<-zhyyu>: 我最爱的表情包[开心]  http://t.cn/RxsSO31,<锅包肉_吃了了>: 腾飞还爱吃猪蹄不,<TTSNOW-水晶手作>: 图片评论  http://t.cn/RxsSbwE,<杰伦呐>: 图片评论  http://t.cn/RxsSLFQ,<就是雨彤>: 腾飞上微博热搜了。,<-我不想要两颗西柚>: 哈哈哈沙发 可爱哟]
caotongrui	北京，明天我就回家了，这3天我很开心[开心] ​​​	[<戎预备呀_>: 回复 @精明猪的小星星 :表情包男孩？！,<精明猪的小星星>: @RONGYUBEI_  [笑cry],<乱加V>: 回复 @sc0rner :图5 who is king,<sc0rner>: @乱加V  有点像你弟啊,<酱笛au>: @Strange卓嘎,<晚年只好静万事不关心>: 回复 @子闲子闲 :你也爱他吗,<子闲子闲>: @晚年只好静万事不关心,<cityrichgirl>: @Kophelia,<王卷卷的吴尾夏>: 回复 @道貌岸然的青椒 :腾飞随心飞 猪蹄永相随,<道貌岸然的青椒>: 回复 @王卷卷的吴尾夏 :快关注他啊,<王卷卷的吴尾夏>: 回复 @道貌岸然的青椒 :你很烦  http://t.cn/RJALYTx,<道貌岸然的青椒>: @王卷卷的吴尾夏  哈哈哈哈哈哈哈哈,<赵梓君SumMEr>: @灝朙mm  真实生活的他,<_zxjjj>: @_Squirrelll,<大滿兒>: 宝宝真可爱[愛你],<wannzzz>: @kio2046,<zfcaffrey>: 回复 @CatfiftaC :舞王,<CatfiftaC>: @caffreymeow  鞋子灵魂fashion,<六丸钾>: @chooyarthin  你的腾飞,<1像温柔野兽1>: @l像你养的猫l  哈哈哈行走的表情包吗,<藝涵妮>: 小胖子 有点招人稀罕,<GameGyuuu>: @Magnoliiia  你儿子,<郭奕英Somnus>: 回复 @王筱祯w :哈哈哈,<高晓妮子>: 回复 @王筱祯w :可以,<BiubiuAk>: @QINXKE  啊飞瘦了[二哈],<王筱祯w>: @郭奕英Somnus   @高晓妮子  [偷笑],<希酱_waaa>: @童哥其实非常硬  真人[摊手][摊手][摊手][摊手][摊手],<川哥哥的撒野儿地>: 在你火之前我要占前排[思考][思考][思考]  http://t.cn/RJhXVUf,<一只小謝_>: @MedalChen   @春时花谢夏时蝉眠  小男神,<明天的星星四面八方>: mark谢飞机的拍照pose,<_晴子Sama>: 图片评论  http://t.cn/RJP1apL,<圈圈圈酱_>: 回复 @一頁紙單 :腾飞瘦了诶,<习惯一个人笑688>: 微信表情包巨头之一[嘻嘻],<-蜂蜜琥珀>: 腾飞你瘦了。多吃猪蹄吧,<我是疯子我爱卷卷>: @嘿0小宝宝   http://t.cn/RxswatK,<蔡晓云姐姐>: 回复 @穷驴丽 :[眼泪][眼泪][眼泪][眼泪],<一顿不吃饿得慌的张选手>: 噢找到了wuli小胖的微博！哈哈哈哈 @Cherokeeeee,<fffa_ge>: 我好喜欢你啊！！！！！小可爱！！！！！！！！！,<江三胖姑娘>: @SEVOL黑小王  标准艺术照的姿势 哈哈哈,<xxxxxxyy->: @cchanyeol鱼1127,<Listener_轩>: @JIANGXP-  变帅了,<杨舒涵耶>: @狠赵狠蛇蛇  [阴险][阴险][阴险],<原牛蛙锅>: 腾飞啊 这就是你不对了  http://t.cn/Rxr6OXz,<yyxwvutsrqpo>: @zzk2017zzk  他微博耶 超可爱,<Qyane_>: @KyleLoo_  ？？？,<翻天娃子>: 回复 @Sudashou :我的腾飞大宝贝[嘻嘻],<香辣天使土豆片>: @翻天娃子  看看吧,<Nicholeeeeeeeeee>: @香蕉牛奶皮皮猪,<刘番茄呀>: 回复 @潘天靖_DUO :555瘦了,<天生傲骨怎能屈服TEL>: 张大了，都不像了![吃惊],<西南第一野猪>: @-陈如花-  我终于找到这个小孩的微博了！,<王枫_>: 回复 @黄昵称 :我知道什么意思了哈哈哈哈哈,<黄昵称>: 回复 @王枫_ :雅,<王枫_>: 回复 @黄昵称 :什么意思,<黄昵称>: @王枫_  Già,<olltiiu>: 回复 @马列主义小老太 :哈哈哈哈哈哈哈]
caotongrui	你们要的舞王谢飞机！　你们要的舞王谢飞机！ ​​​	[<你的阿阮不是你的阿阮>: @missdoudou   @Missden,<天才魔方选手>: 回复 @姚姝伊 :哈哈哈哈哈,<yang-美娜>: 回复 @姚姝伊 :哈哈哈哈哈哈,<姚姝伊>: @2048小仙女   @yang-美娜,<齐可可可可可>: @WwW-set,<陈琬瑶wy_>: @Gong-xy,<_我是你万能的遥遥姐>: @陈琬瑶wy_  他有微博[摊手],<我好甜啊>: 回复 @一颗草莓糖呀 :厉害了,<你看着整吧>: 回复 @绿鲤鱼与懒驴 :儿了,<香蕉牛奶皮皮猪>: @榛果拿铁草莓熊,<GRosasunday>: @ppikas   @L-izzyuan,<大冉哇咔咔>: 回复 @刘倩WEN :节奏太快了，辛苦我飞机了,<Jennifer你的咖啡苦>: 回复 @婵_Joanna :哈哈哈哈哈哈,<婵_Joanna>: @Jennifer你的咖啡苦  笑死我了,<景笑笑77>: @韩超是个好后生,<蜂蜜桃子_>: @吃芝麻糊   这是我巩姐要的境界吗[眼泪],<nnnnMars>: @Shawn_尚鑫,<_深海屿鹿>: @_张焕怡   @艾琳是只鹿   @李大煜-LDY   @狮子座小仙女_,<喵小姐的回忆册>: 回复 @梁霂仙 :跳的还挺好的[笑cry],<梁霂仙>: @郝妞儿ooo   @喵小姐的回忆册  [眼泪],<阿喀琉纱>: 天生的舞者[卡门] // @曹桐睿 :,<我是一头爱吃牛肉的牛>: 回复 @SeaWeed_F :卧槽，好牛逼[眼泪][眼泪][眼泪],<SeaWeed_F>: @我是一头爱吃牛肉的牛,<__玖玖叁>: 回复 @Jzhang小壕 :这是灵魂舞者 我不行！,<Jzhang小壕>: 回复 @__玖玖叁 :就问你，能不能教我,<__玖玖叁>: 回复 @Jzhang小壕 :可以啊笑死了,<武大切>: 回复 @-鯉魚旗- :谢飞机是奶奶带大的吧,<-鯉魚旗->: @一个胖熊猫   @红多多_   @武大切,<PalmH_>: 回复 @memory-SMC :我滴妈,<memory-SMC>: @不就几个月的事儿,<Finn-the-human>: 彻底爱上 // @曹桐睿 :转发微博,<-Raymond-Zxq>: 回复 @KITTEN_614 :哈哈哈哈哈,<陆茶666>: @-Raymond-Zxq,<陆茶666>: 回复 @HUANG_LESHI :笑死我了,<袁找找>: 回复 @式微aLIEz :亚洲舞王当之无愧[good],<陳屋藏娇>: 回复 @你娇爷阿 :你给我a过了,<蛋黄酱OvO>: 回复 @facedoggy :长大了依然是我们的亚洲舞王[美甲]🏻,<你的Dorothy>: 回复 @你可爱又迷人的亲爸爸 :和郭华和郭华郭华郭华郭华郭华郭华郭华郭华郭华哈哈哈哈哈哈哈哈哈哈哈哈好,<蛋黄酱OvO>: @facedoggy,<嘟嘟小设计>: // @曹桐睿 : 转发微博,<李二黑要白>: 回复 @橋詩棋D鹿港小镇 :哈哈搞笑了,<橋詩棋D鹿港小镇>: @李二黑要白  阿姐你的谢飞机,<zsq_0406>: 回复 @张宏达- :哈哈哈哈哈哈哈哈哈哈哈会跳,<张宏达->: @zsq_0406   @sivic_qs  我滴妈呀,<HUANG_LESHI>: @KITTEN_614,<哦豁zzzt>: @兮兮张_   @叉lz  快看！！,<aooi>: @朴镇的小尾巴  哈哈哈哈哈哈哈哈哈哈哈,<双蛋胖仔>: @什么昵称都不想叫  长大了,<大霖丶v>: 回复 @七仔的萌宠动物园儿 :长高了,<Ne了想吃you->: @齐鹏鹏飞飞飞  小时候的你[污][污],<七仔的萌宠动物园儿>: 居然挺好看的 @大霖丶v,<oneinin->: 哈哈哈哈哈可爱的谢飞机// @曹桐睿 :转发微博,<我是葛烦躁>: @不叫郝佳琦   @卤蛋小姐_x   @猫巢咖啡厅]
caotongrui	马上要期末考试了，祝我自己考个好成绩[傻笑] ​​​	[<没吃的吃>: @WITTY少女俊三,<GZF68>: 图片评论  http://t.cn/R489AMl,<Blancmy>: 好可爱想亲亲大胖脸哈哈,<一条小蜜蜂>: 小弟弟加油哦么么哒！！！[心][心][心][心][心],<董__卓瑶>: 摊上谢广坤这样的爷爷⋯⋯,<野生大牡丹>: 回复 @JohnRogers759 :谢谢你，你人真好,<JohnRogers759>: @肥蚕子  你男神,<Yukizzhang>: 回复 @高晓松大老婆 :哈哈哈哈哈哈哈哈哈哈,<你是电你是光你是唯一的智障啊>: @Yukizhhh   我找到我男神了,<黛眉凝霜233>: 多吃点饭 看你瘦的,<Saturdaycartoon>: 回复 @J1morning :哈哈哈哈哈哈哈笑死 我看看,<xx1c_>: @74cheese74  他有微博[doge][doge],<dilidilidala>: @未小饱  黑社会气质的大孙,<陈红鲤>: 考试加油啊宝宝！你跳舞真棒！我超级喜欢你,<崔小姐在杭州>: 你好可爱[害羞],<叶晓东>: 回复 @郑宝宝宝 :男神,<奥巴肠>: 你演的谢腾飞这个角色很好，喜欢你，永远支持你，乖儿子！,<这都是何必呢>: 减减肥吧  要不然真就危险了,<烈菊>: 加油 表情包[爱你],<Wang-大卓>: 超可爱的腾飞加油,<该死的楼下邻居>: 太瘦了记得多吃好吃的补补哦[哈哈],<迦若imnu>: @马桃桃定是牛逼闪闪的大咖  你偶像。,<HZzzzz__>: 哎呦我的大孙，跳得太好了,<用户5223663129>: 桐桐祝你愿望成真,<漫天都是小心心>: 好想听你说话，小胖咂,<B7B7APPLE>: 胖胖的真可爱[爱你],<MUa毒妇>: 瘦了，吃猪蹄减肥,<请问对象是统一发吗>: 腾飞，好好考，让你爷爷看看你多厉害，奖励你真心罐头[偷笑],<王怡凡的领域>: 好好学习呦  会有用的[哆啦A梦花心],<icalculus>: 腾飞啊，你和马总长得真像啊,<朱胖子>: http://t.cn/R4Ar9fW,<just1024it>: 腾飞 猪爪不能再吃了哦,<爱折腾的哈哈哈-3>: 腾飞啊、你爷爷掐你不？,<-我是屁桃君->: 腾飞呀 姐姐好喜欢你呀 [哈哈][哈哈],<姐的萍凡你雪不来>: 愿你的学习就像你的名字一样， 一路腾飞……[笑哈哈][兔子],<彼岸黎城v>: 腾飞 猪爪不能再吃了哦[偷乐],<Wr王琳>: 谢飞机 你在哪？,<欢歌笑语小伙伴儿>: 腾飞呀 在辽阳什么小学]
caotongrui	阿弥陀佛[祈祷]愿众生平安，幸福… ​​​	[<lltianll>: 还记得饭勺车吗 哈哈哈,<秋意泷1818>: 滕飞我现在正在看乡村爱情八哦。你又胖了哦,<君若扬尘baby>: 腾飞。你该减肥了,<con皮特>: 腾飞啊～你上学了么？不要调皮捣蛋欧～不然你广坤爷爷给你送回福利院[偷笑],<韩潇我帮主>: 宝贝长大了[爱你][爱你],<流离的人生百味>: 胖乎乎的好可爱的宝宝！,<妮可呀_>: 小腾飞 帮爱你的粉丝问乡村爱情什么时候播阿,<妮可呀_>: 小胖墩 姐姐想咬你一口 太可爱啦,<有一种爱叫做放手yles>: 宝贝儿，好像又胖了点儿，喜欢你[微笑][微笑][微笑],<___宫士博>: 孩子，佛前不能拍照的,<超级无敌大柚子啊>: 又胖了啊腾飞[哈哈],<朱胖子>: 谢飞机  天天盼乡8,<_尚霏_>: [祈祷][祈祷][祈祷],<IBMking在纽约多个蓝子>: 这两年没长个呢 小伙子,<漫步与想念>: 阿弥陀佛，好孩子，,<举重王大帅>: 这小家伙是不是又胖啦！[哈哈][哈哈][哈哈],<Bay在深圳>: 小朋友从小培训善心，大有作为！[爱你]]
caotongrui	唱的一般😺😺😺😺😀😀😀😀 美拍（通过 #美拍# 录制） ​​​	[<该减肥了呢>: @-陈源Cy   @楊穎仔   @iyuant,<吃葡萄皮不吐皮>: @啮齿猫爱吃鱼   @我籽寄个儿   @露那女王不爱吃肉  好可爱哈哈哈,<成思凉>: 回复 @薛提子 :哈哈哈,<冯幼齿>: @嚄无  他的微博哈哈哈,<關妳屁事>: 回复 @库不库Vancouver :绝了,<常爱演>: 回复 @库不库Vancouver :你再这样我就要打你了,<TwinkleShaw>: 回复 @NicoleeKong :好好玩儿,<小柠檬茶茶>: 回复 @TwinkleShaw :想要表情包 哈哈哈哈哈,<TwinkleShaw>: @我係番薯番薯   @Leungkawaib,<TwinkleShaw>: @NicoleeKong   @W黄金糕,<-呼噜娃_>: @黄呵呵呵呵呵   @有颗汤丸,<曾阿FEI啊>: @田鸡的一些事一些情,<連靜涵_>: 回复 @是sin頴呀- :哈哈哈哈,<是sin頴呀->: @LIANjh-   @CHENHL是我,<肥肥洋洋洋洋>: @大莹姐万岁万岁万万岁,<_陈泓哲_>: 回复 @ChenJi2Lin :哈哈哈哈哈 这灵动的身躯,<ChenJi2Lin>: @_陈泓哲_  哈哈哈哈哈哈哈哈哈哈哈哈,<別动我的甜甜圈_>: @橘味短发少女-,<-Lynne__>: @苏小浪r  我要笑死啦,<Alison孙博雅>: @CocoChang,<Alison孙博雅>: 回复 @ACtheOnE :哈哈哈,<ReallllLynn>: @f雪梨   @Alison孙博雅,<喻怼怼>: @缩肛  找到本尊,<__balabalabo>: @Manerbibi,<治愈蔡>: @抖森抖森抖森抖森-  可爱宝宝,<无铭Agent>: @魏雪萌萌萌哒  哈哈哈哈谢飞机的微博,<吱不羁>: 回复 @苏四口 :你儿子怎么这么能 咋不上天,<苏四人>: 会演戏会弹琴会跳舞会唱歌 天[拜拜] @吱不羁,<名字一定要长才有>: 回复 @a-a-fu-show :哈哈哈哈哈哈，求frank倾情演绎,<a-a-fu-show>: @名字要长才有气质   哈哈哈哈哈哈,<JustJinL>: 腾飞[哈哈][哈哈],<小酱泥泥>: 回复 @小泥酱酱 :[微笑],<橡胶皮筋儿>: 回复 @留根刺儿 :丑爆了这孩子,<朕雪玲>: 回复 @李子佳欣 :对！妖娆的四,<李子佳欣>: 回复 @朕雪玲 :那个扭来扭去那个？难怪我觉得好眼熟[眼泪],<朕雪玲>: 回复 @李子佳欣 :是微信那个表情,<朕雪玲>: 回复 @李子佳欣 :哈哈哈哈哈可爱！！！,<李子佳欣>: 回复 @朕雪玲 :可是小孩子我一般都只喜欢长的好看的[眼泪],<朕雪玲>: @李子佳欣  爱上他,<张舍予梦>: @lmyoursz,<anannan_>: 回复 @陪我去吃鸡腿汉堡 :yeah,<陪我去吃鸡腿汉堡>: 回复 @anannan_ :果然 眼光品味惊人一致,<anannan_>: 回复 @陪我去吃鸡腿汉堡 :哈哈迷上了都迷失了方向,<陪我去吃鸡腿汉堡>: 回复 @anannan_ :你难道没有,<anannan_>: 回复 @陪我去吃鸡腿汉堡 :你迷上了？,<陪我去吃鸡腿汉堡>: @anannan_,<肥仔不会飞>: 回复 @Ruuuus :确实是啊哈哈哈,<爱以洗碟路>: @肥仔不会飞   @YES1YU-  无法自拔,<TsaiJJJy>: @藏在大衣里  哈哈哈哈哈哈,<Yukizzhang>: 回复 @高晓松大老婆 :哈哈哈哈哈哈哈哈,<Yukizzhang>: @Yadaren,<你是电你是光你是唯一的智障啊>: @Yukizhhh,<kimsugy__>: @suphuluwa,<kimsugy__>: 回复 @哦羅_ :哈哈哈哈哈哈哈哈哈,<所有刑具里我最喜欢你>: 回复 @哦羅_ :哈哈哈哈]
caotongrui	每年一次广昆福利图 ​​​	[<雪山xiao包子>: 哈哈，气死人不偿命的谢广坤也有这么搞笑的时候[偷笑][偷笑][偷笑]// @曹桐睿 :哈哈[哈哈][嘻嘻],<0豆麻招刷单员>: 超级搞笑！// @曹桐睿 :哈哈[哈哈][嘻嘻],<V校长开大奔>: 谢飞机 [飞机]️,<香水百合any>: 广坤大叔你可以演孙悟空了,<perfect_珊>: 这一块，没sei了，,<香水百合any>: 小屁孩谁帮你刷微博啊，肯定不是自己刷,<用户mkup1x4e4d>: 你这么小都会微博了,<汉汉老师>: 你爷爷这么逗，你奶奶知道吗？,<愚翁-爬山>: 小屁孩用5S了，碉炸天,<_尚霏_>: [笑cry] // @曹桐睿 :哈哈[哈哈][嘻嘻]]
caotongrui	奶奶陪我到现场[嘻嘻] ​​​	[<莉笠Iili>: [抠鼻屎][抠鼻屎][抠鼻屎][抠鼻屎][笑哈哈][笑哈哈][笑哈哈][笑哈哈],<大杰哥g>: 回复 @小晴天儿_ :赵本山说的拍到乡10,<小晴天儿_>: 回复 @李瑞杰i : 哇塞，还真的有8啊,<修提>: 宝贝加油！好好演！喜欢你哟[花心][花心][花心],<韩大嘴儿嘴儿>: 回复 @熊猫不说话momo :这大脸蛋子。。。,<大杰哥g>: 回复 @小晴天儿_ :对的  乡8刚开机三天,<6露露>: 东北真有象牙山村吗？真有大脚超市吗,<赵美美赵>: 这部叫乡村爱情什么？是不是开拍了小屁该,<-异乡的游子啊->: 回复 @永远爱着宇 :[偷笑],<雅楠路>: 原来我们谢飞机像奶奶啊,<唯爱军哥>: 嘻嘻，，，我就在现场，，，我咋没看到你，，，谢飞机，，，你好可爱,<小男男男盆友>: 谢飞机[哈哈][哈哈][哈哈][爱你][爱你][爱你],<小晴天儿_>: 回复 @李瑞杰i :[汗]它拍太多我记得有点乱.....总之是下一部啦,<大杰哥g>: 回复 @小晴天儿_ :这是乡8  怎么还乡7啊,<零零年的雪H>: 真的有大脚超市啊 [哈哈],<熊猫不说话momo>: @韩大嘴儿嘴儿  谢飞机,<换个名怎么都被占用了>: 谢飞机[笑cry][笑cry],<JAY楠Nancy>: 这个速度评论~你会回复不啊？~~[思考][思考],<囧傻呆meng>: 小胖墩～～是你自己发的微博吗？]
caotongrui	来看看我拍的MV：“快看看这是谁在摇”，点此播放>>美拍（通过 #美拍# 录制） ​​​	[<肉嘻法克>: @中铁建零食部部长,<三文旋蚱蜢琪>: @盒子盐-   @WuChauwiming,<洛锴>: @FxN-mAnzHi,<13赫兹>: @-RefinedMan,<肥肥洋洋洋洋>: @大莹姐万岁万岁万万岁,<绝味牛皮美眉>: 回复 @你今天熬夜了吗_ :哎哟了,<你今天熬夜了吗_>: @Lanoyaide,<李立明Lapming>: @不想被李猪找到,<Danny阿>: @亮亮偏头痛   @阿Vanko,<不吃香菜的矮个子>: @从前有个胖子啊   @西西希希嘻嘻嘻爽,<网瘾少女阿璐>: @小山小山耶  舞王的微博,<思祺呢>: @黄拾启  舞王,<小勤豆>: 回复 @不蒙面女侠 :谢飞机好骚啊哈哈哈哈,<孟小羊有一克拉的梦想>: @叫我瑞恩小姐  [doge],<蘑得菇>: 回复 @小白帝 :啊啊啊啊啊啊我腾飞boy真打小儿就是灵魂舞者！[心],<ASAIKIIII>: 回复 @齊偉豪_ :可爱[doge],<齊偉豪_>: [微笑] @ZHONBO-  就是他,<杨童>: @郑捕头  影帝来了、// @曹桐睿 : 哈哈哈哈[哈哈][哈哈],<梁海霞o>: 这小孩也太有才了 厉害[good],<JINXnnn>: @南沙小乳猪  你自己翻佢微博,<Laullllll>: @jessiemai_,<lizzy牙>: @-LIYEYAO-,<嘟嘟拉拉的生活>: 太喜欢你了 小腾飞[爱你][爱你][哈哈][哈哈][挤眼][挤眼],<琳兒Misslin>: 太会演了[哈哈][哈哈]天天就保证吃吃吃,<汪佳人1973>: 终于找到了这小孩的微博 太喜欢他了,<rebbbeccca>: @MelodyPiano,<本人不存在不存在不存在>: 回复 @无理boy :我也喜欢树林,<本人不存在不存在不存在>: 回复 @无理boy :我也喜欢文松,<你好_柱子>: 回复 @蜜桃炒蛋 :我喜欢文松和杨树林,<Ms_yuanzi>: @_KELVIN_LEE,<本人不存在不存在不存在>: 回复 @无理boy :欢乐喜剧人 杨树林 宋小宝队的,<你好_柱子>: 回复 @蜜桃炒蛋 :右边谁啊,<木有俞丸>: 回复 @瑞_瑞_瑞塔 :哈哈哈，这个我看啦，太捧他了,<Rita_in_Wonderland>: @木有俞丸  我找到了他的微博,<她叁哥_>: @Moonvsaty,<崔芙嘉CLH>: 看乡村爱情，一看到腾飞就想吃罐头[鲜花],<大寶sLL>: 你太逗了腾飞[嘻嘻],<7240NET>: @zsins  那小胖子微博,<孫寶珠->: @麋鹿Hao  6666,<薄荷瘦友>: @尚晓迪全球粉丝后援会,<我就是伦家>: @恍恍惚惚静哥哥  哈哈哈,<网吧全智贤>: @刘虾鱼儿   @Tweetyy,<你是电你是光你是唯一的智障啊>: @Yukizhhh,<白Designer>: 回复 @StrawberryGXY :[开心][开心][开心][开心][开心][开心][鬼脸二][鬼脸二][鬼脸二][鬼脸二],<lok666--_>: @Biliti3,<VKkikki>: @亲亲chan-yeol,<stawberry小姐>: @白Designer   @浩爷的哈尼_,<崔芙嘉CLH>: 可爱的宝宝，腾飞,<陈红鲤>: @Bellisima_L,<青青子衿彡>: 回复 @神仙下凡_ :我滴妈呀这是腾飞啊~[偷笑],<神仙下凡_>: @仙女上天_  [嘻嘻],<izzz-杰仔>: 回复 @AbingAbling :没有，我突然就想看看他。,<AbingAbling>: 回复 @王杰就是大小孩儿 :你居然关注他了,<izzz-杰仔>: 回复 @AbingAbling :社会摇,<AbingAbling>: 回复 @王杰就是大小孩儿 :[doge],<izzz-杰仔>: @AbingAbling,<Winchester学勤>: 回复 @Mani_ :哈哈 他还微博原来,<Mani_>: @Winchester学勤,<崔晓蔻蔻>: @Zhang_linlin   @Scorpio费拉拉   @DreamgirlGYY]
caotongrui	来看看我拍的MV：“乡村迪拜摇”，点此播放>>美拍（通过 #美拍# 录制） ​​​	[<洛锴>: @FxN-mAnzHi,<lololomw>: @ajtgfelmtgw,<IMLINGLINGLING>: 回复 @葱油拌面加香菜_ :表情哈哈哈哈哈哈,<galigali__>: 回复 @IMLINGLINGLING :哈哈哈哈哈 有毒,<IMLINGLINGLING>: @葱油拌面加香菜_  哈哈哈哈哈啊哈哈哈哈哈哈,<不吃香菜的矮个子>: @西西希希嘻嘻嘻爽   @从前有个胖子啊,<粉红吻鱼>: @我该起啥名啊啊,<__Fairy_bL>: 回复 @-xymmi :现在喜欢小弟弟了？,<-xymmi>: @XXBAOLU,<yayuaaaaa>: 哈哈哈哈哈哈哈哈哈哈哈哈哈找到了腾飞的微博哈哈哈哈哈哈哈笑死我了哈哈哈哈哈 // @曹桐睿 :我和妈妈，爷爷锻炼身体[嘻嘻],<张离谱>: @弓巨  哈哈哈哈哈,<关深深>: @谁在青春欣赏过你丶,<崔晓蔻蔻>: @DreamgirlGYY   @Scorpio费拉拉   @Zhang_linlin,<韩静伟HHH>: 回复 @倩Qian李 :哈哈，腾飞,<倩Qian李>: @韩静伟HHH  腾飞微博,<你被写进宥子书里>: @你被唱进DP的歌里,<心莲之美>: 太可爱啦 哈哈 腾飞,<索智源>: 瞧你爷爷一天没个正形,<小阿飞17FLY>: 好好玩 // @曹桐睿 :我和妈妈，爷爷锻炼身体[嘻嘻],<M逄勃>: 回复 @i申菲 :哈哈哈,<i申菲>: @Micky逄勃   @小杨儿琪琪,<二老青>: 迪拜遥比小苹果还要疯狂[good]// @曹桐睿 :我和妈妈，爷爷锻炼身体[嘻嘻],<礼多人财不会怪>: 小朋友又换头像了，真可爱。么么哒,<Shiny-Queen不哭iH>: 宝贝 你这是要疯啊,<李小锦妈妈>: 太帅了[鼓掌][鼓掌][鼓掌],<Angela余慧>: 宝贝加油！回复姐姐一个嘛,<zcr说了>: [哈哈]// @曹桐睿 : 我和妈妈，爷爷锻炼身体[嘻嘻],<丫头宝宝110>: 小帅哥！太可爱了！[害羞][害羞],<free大婷婷>: 你看你爷爷跳的比你还 浪]
caotongrui	又和这小胖子见面了！@曹桐睿  ​​​	[<霏ry>: 宝贝你一脸坚定的表情～～～下部戏是要演小英雄咋的？[哈哈][哈哈],<Angela余慧>: 宝贝姐姐好喜欢你哦，求回复？,<乐澳紫>: [坏笑]脸上肉太多笑都笑不起来的[眼泪]// @曹桐睿 :哈哈哈又和我的小蒙妈妈见面啦，好开心啊！[嘻嘻][嘻嘻],<窦o漪>: 萌哒哒[太开心][太开心][太开心],<sunny六人行>: 小朋友 你很棒 加油！,<周小星吖>: 谢飞机[去旅行][去旅行][去旅行][去旅行][去旅行],<黄惠谊>: 小腾飞加油！什么时候会跟爸爸妈妈过来深圳的刘老根表演呢？到时阿姨去看你！,<铁汉琪琪>: 哈哈哈你咋不睁眼阿[亲亲][亲亲],<嗨杉杉呀>: 又胖了[爱你][爱你],<感情文章博主劉子睿>: 这么小也会玩微博啊 @曹桐睿  [good][good][good]牛,<黑色帝国722>: 真可爱[飞吻][飞吻],<张宝贝的美芽>: 小飞机 你又胖了哦[嘘]]
caotongrui	我一定要加油！演好戏！不让妈妈失望[奥特曼] ​​​	[<宝贝聆听幸福>: 真是你儿子阿[鼓掌][鼓掌][鼓掌][鼓掌],<zzrm>: 观众又有眼福了。,<铁汉琪琪>: 乡村爱情八[疑问][黑线],<张家小可爱-Xt>: 宝贝加油 很爱你的腾飞[嘻嘻],<陆芷澜>: 麻烦你告诉你妈妈。我的微信卸载了！过几天在下载！叫她千万别删掉我！其实我很喜欢你的。很喜欢你胖胖的小样子！超级可爱！我忘不了那！[爱你],<姐姐的一颗小牙齿>: 又能看见宝宝咯，加油,<真情猫1喵>: 拍乡村爱情第八部了又能看见小腾飞了，很会演戏的小朋友，特别招人稀罕，你儿子真乖特别听话，像这么大的宝贝听话的很少，都很淘气，都出去玩耍，而小腾飞我觉得特别听话。真是哥哥嫂子的暖宝宝，生这么个听话懂事聪明儿子这是修来的福。,<章魚在这里>: “我叫谢飞机”[哈哈][good],<gnvxrhbcf>: 又开始了，喜欢乡村爱情,<韩佳航19950612>: 现在在演戏么？不上幼儿园么,<韩佳航19950612>: 这么小就这么努力，你是要做实力派么,<爱-你的-最爱Jason>: 宝贝，你真的长大了。真棒，加油。,<Shiny-Queen不哭iH>: 宝贝，这是乡8的节奏吗,<Miss薄荷绿时光>: 小腾飞长大了呢 还是那么可爱,<麻麻爱涵涵010021>: 这是拍乡八呢吗？]
caotongrui	晚上出去玩耍偶遇兰妮儿[嘻嘻] ​​​	[<金鑫飞飞>: @央视主播 ：小腾飞 特别喜欢你 好想和你一起玩 你演的很不错 很棒[good][good][good]加油[加油机]️[太开心][太开心][太开心],<亿啊忆>: 放开她[泪][泪]毁女神啊你,<Lucky潔i>: 过来姐姐亲亲[爱你][爱你],<铁汉琪琪>: @明明明明火四子,<Wangxiao雨雨>: 看乡村爱情就看你和兰妮还有志高,<铁汉琪琪>: @顾京京G-JJ,<李佳文>: 哈哈这胖小子还挺腼腆,<Forte_60021>: 乡村爱情续集第30部就靠你们了，后继有人啊[嘻嘻] @毕畅,<梁文紫lwz>: 太可爱啦[爱你][爱你][爱你],<待老夫掐指一撩>: 把这俩小宝贝拐到我家得了，充当一回人贩子也值了，你俩还不快跑？哈哈哈哈哈！,<-田-等-等->: 兰妮儿是现实生活中谁家孩子啊,<zhangle2697>: 兰妮儿漂亮，腾飞可爱(*¯︶¯*),<MissCougar>: @狸卯卯Lydia,<1点控>: @叫啥不一样哎  兰妮美呆！,<Rose_miki>: 兰妮儿长大了。。。还是很稀罕呢,<南山拾落梅>: 回复 @安邱县侦缉队贾队长 :[挖鼻屎],<MALUKO_->: @龙职小明  [拜拜],<乔喆>: 回复 @安邱县侦缉队贾队长 :哈哈哈,<烤点鸡脆骨>: 回复 @大头菜菜028 :兰妮儿一笑还真像英子,<哎呀妈呀叫啥啊>: 回复 @烤点鸡脆骨 :[哈哈][哈哈][哈哈],<烤点鸡脆骨>: @大头菜菜028,<七十六点八万公里>: @乔喆   @小申这厢有礼了,<龙虾老贩子>: 回复 @朱胖子 :是谁的？玉田？,<朱胖子>: @龙虾老贩子  可爱,<臭狗粑粑>: 好可爱的两个宝宝 @曹桐睿,<十六二两>: 回复 @-天空很大却看不清楚- :还在村里呢吧哈哈哈哈哈,<-异乡的游子啊->: @她说你无法承诺   @过去那些大雨落下瞬间   @全民封神  哈哈哈哈,<Shiny-Queen不哭iH>: 哈哈 你又调皮了,<我们要飞到那遥远地方6819>: [爱你]可爱的谢飞机小盆友。。。俊俏的赵兰妮小盆友。。。,<乐天198512>: 人小鬼大[加油啊],<也想住在蚕室的百慕大Gemini>: 赶紧给她推倒[吐舌头],<铁汉琪琪>: 哈哈哈腾飞跟兰妮儿[哈哈][哈哈],<铁汉琪琪>: 哈哈哈爱你呀[害羞],<思思Scorpio>: 小桐睿，，，你好可爱，太喜欢你了！,<梁媛媛的梦想天堂>: 宝贝，又去公园溜达啦。,<xuhaiyan海燕>: 赵兰妮是谁家的姑娘呀,<有幻想症的小奥特曼>: 两个孩子都太可爱了,<蓝胖子辰辰>: 在一起，在一起。看看广坤VS赵四。,<萌珂新>: 去哪里玩啦？[嘻嘻]]
caotongrui	今天阳光真明媚呀！鞍山一日游[嘻嘻] ​​​	[<Ariana033>: 好可爱啊[爱你][爱你]我们家人都很喜欢你，而且我弟也叫腾飞哦...,<rebel_08>: 祝小腾飞越张越可爱,<博林---舒娜>: 太可爱了[好爱哦][好爱哦],<妮淣晲誽>: 我今天在那路过了两次，没有看到你[泪],<路怒症>: 回复 @zcr说了 :妹,<送你两本儿>: 真可爱、来大连姐姐带你玩[爱你][爱你],<zcr说了>: 回复 @路怒症 :去了吗您,<路怒症>: 回复 @zcr说了 :小小谢,<Ariana033>: 好可爱啊[爱你][爱你]...我们家人都好喜欢你，而且我弟也叫腾飞哦！桐睿小朋友，加油哦！希望你每天开心快乐[嘻嘻][嘻嘻]...,<萌珂新>: 去鞍山有没有被你的小粉丝们认出来啊！[偷笑],<萌珂新>: 跟谁去的呀？明天天气也很好，打算去哪啊？不如去辽化长城吧[思考][鼓掌],<M喵mm>: 可爱，健康快乐成长宝贝!,<我是田心木木夕>: 小宝贝 什么时候再唱首歌呢。。,<乐天198512>: 小朋友，是你爸爸喜欢你多一点还是妈妈喜欢多一点,<莉笠Iili>: 桐桐莉笠阿姨爱你。 @_尚霏_ @_曹星_,<欢歌笑语小伙伴儿>: 哪好不如家，辽阳好[爱你],<不是很闲的盐>: 身材好妖娆[嘻嘻][嘻嘻][嘻嘻],<Zeal怪阿姨>: 可爱！[笑哈哈],<糖豆儿Galina>: 小宝贝儿，晚上好！[爱你]]
caotongrui	姥爷给我买的新玩具，可是我不会玩呀[思考] ​​​	[<伊------>: 赶紧拍戏 全等着看你。爱你,<数学课戴表_>: 小弟你真列害，赶紧让我广坤叔教你，玩具别让志高抢走喽啊,<啦啦噜啦噜啦噜_>: 你应该恨快就会玩啦,<好好生活0310>: 广坤给你买的啊？[嘻嘻],<萌珂新>: 让姥爷教你呀！[可爱],<呐思>: 小胖孩就喜欢看你小嘴嘟嘟的样子,太可爱了,<DLAM___>: 你咋真么可爱呢？看见你可高兴了哈哈,<孙益昌>: 让兴哥教你aq @_曹星_,<qqqqq885546>: 小腾飞，会玩[台球]啊。茁长吧。[做鬼脸][做鬼脸],<石门思逐风云>: 找谢广坤[呵呵],<齐小树-沈阳>: 小孩老鼓捣手机对眼睛不好，快把手机放那。。。,<蔡增燎>: @拿把水果刀就想杀人]
caotongrui	登山去喽！[嘻嘻][哈哈] ​​​	[<花花花小马>: 小飞机你好可爱哦[爱你],<__小手___>: [爱你][爱你][爱你],<博林---舒娜>: 艾玛，太可爱了[亲亲][亲亲][亲亲][亲亲][亲亲],<妞妞小筑>: 和你爸长的太像了,<三张的Rachel>: 东北舞王[爱你],<深知你是梦597>: 你好啊[爱你][爱你],<雨笑红红>: 好可爱的小舞王啊,<沐木夕颜>: 可爱的小舞王[心][心][心],<叫我大苗苗吖>: 宝贝是不是在首山了,<一天到晚游泳的鲨鱼yy>: 见面看到桐桐更可爱，超级喜欢[亲亲],<靐龘驫厵驡麤>: 我就好喜欢看你的片段啊！！！哈哈哈哈,<Anne珊珊大头>: 飞机 姐姐爱你哟,<6一三>: 好可爱的小胖。[爱你][爱你][爱你][爱你][爱你],<言午許许0301>: 真可爱，跳舞全身软呼呼的。,<HereNoFun>: 东北舞王[哈哈][哈哈],<木洛安简瑶>: 小胖纸  好可爱啊,<啦啦噜啦噜啦噜_>: 宝贝永远开心的笑下去噢,<泡菜味格调>: 小男神[爱你][爱你],<一2427278161>: 大宝贝。太可爱啦！爱你哟！[哈哈],<恨天高的王勍>: 下一季还有他吧？,<富察宛儿>: 穿的有点少[可爱],<平凡的栗子君大人>: 多少斤啦。可以告诉我不,<李江春0821>: 哈哈，这不谢腾飞嘛！]
caotongrui	今天玩得好开心呀！哈哈[哈哈] ​​​	[<梦子W>: 说实话，乡七就爱这个谢飞机！赵本山应该拍一个农村版的妈妈再爱我一次，谢飞机太会演戏了！,<印泥的-凌琪儿>: 不知道下部乡村爱情 小宝贝还演不演,<金哥和金哥的朋友们>: [花心][花心],<後倁後覺亽_亽笑嘚甛>: 太喜欢了！要经常发啊！,<此微博停用166>: 太可爱啦！！！[爱你],<安晨Sandy>: 宝贝儿，你太可爱了！[爱你][爱你][爱你],<zzrm>: 第三张，跟爸爸好像,<三张的Rachel>: [爱你][爱你][爱你],<郭fu蓉>: 小腾飞好可爱的[爱你][爱你][爱你],<句句Celine>: 好可爱啊[爱你],<孙薪蕊儿>: 好可爱，希望你可以经常更新照片，姐姐爱你哦，小宝贝[心][心][心],<森美家DM>: 最后一张带亲[爱你][爱你][爱你],<这个名字俗否>: 回复 @无处可逃的兔子 :[鄙视][鄙视][鄙视]你嫌弃胖小子[泪][泪][泪][泪],<余淑芬小姐>: 希望你能幸福，快乐！这是我最大的心愿！,<卷____卷>: 回复 @姑娘跟小乐公子走吧 :[兔子]你生吧！,<萌珂新>: 这是在辽阳广佑寺照的吧？,<这个名字俗否>: 看了他，你还不孩么[花心][挖鼻屎] @无处可逃的兔子,<萌珂新>: 胖嘟嘟的好可爱哦。哪天姐姐找你跟合影奥！,<刘刘依含>: 快看。腾飞太有意思了[花心][花心] @关木森V,<一颗果实->: 总觉得他不像小孩。你们仔细感受下,<抹茶KA啡>: 我喜欢这个小胖子[哈哈][哈哈],<深知你是梦597>: 可爱啊[爱你][爱你][爱你],<李云儿Elaine>: 这娃演技完败很多不入流的演员。太厉害了,<瞳姿>: 长得真像你爸爸，好像瘦了哦！[太阳][微风],<Janrey01>: 每次看见你，我就想起了剧中：我叫谢飞机,<蔻赛林林>: 小弟弟，该减肥咯[哈哈],<TTTTTIansuo-W->: 大辽阳啊啊啊啊啊啊啊啊～求偶遇[悲伤][悲伤][悲伤],<-谢广坤>: 大孙子好可爱[爱你],<小福禄->: 宝贝儿太可爱了~ 玩的开心不？,<爱萝莉真太好了>: 是不是辽阳广佑寺那广场,<夏日回忆928>: 哎哟～小”腾飞“好可爱～,<韩佳航19950612>: 哈哈哈哈在哪阿小弟弟,<富察宛儿>: 笑起来好可爱[可爱][爱你],<jeason-nsv>: @Rainieabc,<夏日_冰美人>: 小可爱！！！[爱你][爱你][爱你],<我叫陈一>: 爱死这宝贝了[爱你][爱你],<萱柏稷>: 头比肩膀还大[嘻嘻],<我叫陈一>: 爱死这小宝贝了[爱你]]
caotongrui	今天阳光明媚，出来晒太阳[嘻嘻] ​​​	[<博林---舒娜>: 好可爱好想捏捏小脸，太招人稀罕了[亲亲][亲亲][亲亲][亲亲],<沐木夕颜>: 喜欢你[爱心传递][爱心传递][爱心传递]好可爱，好帅气[嘻嘻],<6一三>: 太可爱了，[爱你][爱你][爱你][爱你],<妙手仁心捅主任>: 飞机实在是太可爱了，哈哈，还聪明,<神仙方方>: 肿么这么可爱！抱抱！,<丶熊小宝manny>: 哎哟我的天。好喜欢 [爱你][爱你][爱你][爱你]跟我回家好不好。[嘻嘻][嘻嘻][嘻嘻][嘻嘻][嘻嘻],<zzrm>: my favourite,<走门>: 这衣服不是走丢那集穿的吗,<herlovely熊>: 吼吼、小胖胖这么小就用微博了啊，喜欢你,<青音-冬日阳光>: 小胖胖～又胖咯～,<安晨Sandy>: 太可耐了宝贝儿！,<纪念时光里的Nancy>: [嘻嘻]  沈阳的吗。这么可爱,<乐天198512>: 大孙子真招人稀罕！,<akiko平安>: 挺好玩的，蛮可爱,<I-love-summer>: 真招人稀罕[爱你],<_我闫>: 你好 我叫谢飞机[花心][花心][花心],<凯琦小姐>: 大宝贝儿，[小嘴][小嘴],<TTTTTIansuo-W->: 也不知道男神会不会签名～[害羞],<黑子果冻嘿>: 东北大痞子[惊恐],<这个名字俗否>: 桐桐，姐姐好喜欢你，看着你就觉得周围充满了福气和好运，在自习室里真的好累，头也疼，看了你的照片瞬间好很多，[爱你][爱你][爱你][爱你] @曹桐睿,<我是向日葵小蘑菇>: 太招人稀罕了小样,<搜不到我丶>: 那小舞跳的。哈哈哈哈,<要从辣椒堆里爬出来>: 小腾飞，你不但头大，脚也大呢，哈哈～,<冬冬家的猫>: 是本人发的微博吗？,<礼多人财不会怪>: 太可爱了，么么哒。腾飞,<情定一线天>: 小胖都会刷微博了啊！,<塔鸟>: 小心倒春寒！千万别感冒了影响拍戏！！！,<刘小胖1984>: 腾飞啊！你的头好大[偷笑],<三里屯的忧伤>: 帅气，九亿少女的偶像,<27Krystal>: [爱你][爱你],<夏末秋初z>: 腾飞咋那么可爱捏,<HereNoFun>: [哈哈]小胖胖好有范儿呀[萌][萌][萌],<记得也曾忘记>: 宝贝，你还演第八步吗,<-异乡的游子啊->: 嗨谢飞机[太开心],<幽默科科888>: 小桐睿，你今年多大啦[呵呵][呵呵][呵呵][爱你][爱你] @曹桐睿,<Yy_Swlg>: 小可爱 [爱你]么么哒,<剪指甲的-Edward>: 腾飞会打那么多字啦！真厉害！！[许愿],<海公主Cindy>: cute   baby,<定春07>: 谢腾飞[哈哈][哈哈][哈哈][哈哈][爱你][爱你][爱你][爱你],<幽默科科888>: 小腾飞太可爱啦[爱你][爱你] @曹桐睿,<修杰外宣YY19236>: 好可爱啊，很喜欢腾飞]
caotongrui	今天在幼儿园，李老师给我照的，大家都说我又胖了，妈妈也说我再胖就变成猪八戒了，怎么办呀？ ​​​	[<ooaipp>: 哈哈  好可爱呀！,<执念_YY>: 看你我就没有烦恼,<刘葛liuge>: 可以互粉嘛~！[爱你][爱你]童星策划人~！,<babyKiKi->: @杨紫培Peggy,<我是班花卢小布>: 哎呀么呀，我老喜欢你了，[爱你][爱你][害羞][萌][萌][萌],<废话没有那么多>: 那就轻点造吧！谢飞机！[哼],<抹茶KA啡>: [眼泪][眼泪][眼泪],<水果dai王>: 微博求粉[馋嘴],<何何璇>: 好久不见腾飞跳舞'很想这个小宝宝,<神仙方方>: 天天都在想要有你这么个儿子多好、不要减肥啊瘦了不可爱哦！,<StewieSUN>: 哈哈哈，谢飞机小朋友！,<刘刘飞飞重名多>: 长得跟肥猪是的 哭的时候有点像老母猪,<卷妹卷卷妹>: 有视频吗？腾飞有微视吗？好想看他视频啊，多拍点,<卷妹卷卷妹>: 鹏飞看起来好听话的样子，太招人稀罕了,<杨倩要变杨小瘦>: 回复 @王小Vi :哈哈是啊 你看了他跳舞那段没,<王小Vi>: 回复 @杨倩要变杨小瘦 :他还有微博啊，好可爱,<杨倩要变杨小瘦>:   @王小Vi   推荐你关注[哈哈][哈哈][哈哈],<GlitteringSnow>: 几岁啦 越来越喜欢你了 希望出新片 期待@,<不三先生也叫狗熊先生>: 好可爱好可爱好可爱！！[亲亲][亲亲][亲亲],<Frccccccccch>: 宝宝很想你。多更新点照片啊,<Frccccccccch>: 宝宝很想你。多更新点照片啊,<茶树菇whh>: 回复 @骆奕luoluo :[拜拜]我要去看睿桐了,<luoluo嘟123456789>: 回复 @茶树菇whh :你侵犯我知识产权~是我发现的,<一2427278161>: 好喜欢呀。好可爱！[爱你],<茶树菇whh>: 回复 @骆奕luoluo :以后我也有了[挖鼻屎],<luoluo嘟123456789>: 回复 @茶树菇whh :知道厉害了吧？,<杨学博7>: 你再胖点都快成肥猫了，现在是小肥猫,<zzrm>: 应该右手举手吧[哈哈],<数学课戴表_>: 你胖与不胖大姐都喜欢你,<光头强仰天长叹>: 你脑袋怎么长那么大？,<快乐始终如一>: 腾飞啊！你几岁了啊？,<快乐始终如一>: 伙食太好了，胖就胖呗就得意你的胖！可爱啊[爱你][爱你][爱你][爱你][爱你],<韩小羊de韩妆铺子>: 这不是中国舞王吗[嘻嘻],<n-ne>: 小可爱，小萌萌，真想亲亲，咬一口大脸蛋子！舞姿好销魂，笑使了[爱你]么么~小肉蛋蛋！哈哈,<zzrm>: 让人一见钟情的宝宝。,<zzrm>: 可爱死了，超级喜欢。,<他让我bu快乐>: 飞机宝贝儿 要多吃蔬菜哦,<Veronika汪波童鞋>: 我觉得看见他，我就是开心。[噢耶][偷乐][不好意思],<武术vs>: 孩子怎么小 都会打字了 了不起啊[赞],<ILVEYOU俊城>: 怎么没有素菜啊？,<茶树菇whh>: 回复 @骆奕luoluo :我说殿下咋总有腾飞最新最美的照片呢,<luoluo嘟123456789>:   @茶树菇whh,<博林---舒娜>: 太可爱了宝宝，不过还是要适当注意营养均衡，你太可爱了宝宝,<萌珂新>: 多吃菜，少吃肉！,<啦啦噜啦噜啦噜_>: 好可爱的baby[飞吻][飞吻][飞吻],<你的盈仔>: 可爱死了 胖胖的多讨人喜欢！,<幽默科科888>: 小桐睿好可爱哦胖点可爱 我也很胖的哦[嘻嘻][嘻嘻][呵呵] @曹桐睿,<Yy_Swlg>: 你妈不要你我要你 我太爱你了 我就喜欢胖儿子,<物是人非事事休_->: 宝贝 要健康成长哦,<句句Celine>: 好可爱啊 小胖胖,<月妹小可爱啊>: 小胖子多可爱呀[嘻嘻],<多啦_雄>: 太可爱了，胖点好[嘻嘻],<Frccccccccch>: 小飞机，不要瘦，最喜欢你胖乎乎的。么么哒[爱你][爱你],<qqqqq885546>: 才知道，腾飞是马总的儿子呀，爷俩老像了[鼓掌][鼓掌],<唯爱军哥>: 小腾飞，多吃蔬菜啊！姐姐可喜欢你了，么哒哒，回复一句被，谢飞机]
caotongrui	我人生中第二个奖状，哈哈，好开心！ ​​​	[<baby_淇小淇>: [鼓掌][鼓掌][鼓掌][鼓掌][鼓掌][鼓掌][鼓掌][鼓掌][鼓掌][鼓掌],<Angie社会你瑜爷>: [good][good][good],<唯爱军哥>: 祝贺祝贺～我非常喜欢你～嘻嘻,<M喵mm>: 好棒！嘿嘿，我们一家都很喜欢你，可爱又聪明。加油！]
caotongrui	谁家的小胖，魅惑众生啊！[哈哈] ​​​	[<尐___珺>: 这才是我的小飞机[爱你][爱你][爱你][爱你] @贺宁Ivy  // @曹桐睿 :哈哈[哈哈],<漂亮的小阳阳>: 腾飞，你这么魅惑，广坤爷爷知道么？// @曹桐睿 :哈哈[哈哈],<扭松朵朵>: 回复 @蓝蓝的天空巴扎嘿 :好好笑,<靐龘驫厵驡麤>: @謝靈zhi   @周丹宁_Demi,<babyKiKi->: @杨紫培Peggy,<elvclshine>:  // @曹桐睿 :哈哈[哈哈],<1988-10-10>: 谢飞机 我喜欢你！[爱你],<肖海荣别玩了>: 小宝贝，喜欢你，,<定春07>: 尼玛啊[泪][泪][泪]// @曹桐睿 :哈哈[哈哈],<甜蜜时刻-sweet>: 哈哈～孩子太可爱了// @曹桐睿 :哈哈[哈哈],<杨学博7>: 真觉的有点像肥猫,<萌珂新>: 哈哈哈可爱的小飞机！,<呐思>: @呐哇  // @曹桐睿 :哈哈[哈哈],<卡尔溜捞遛>: 谢飞机真可爱[爱你][爱你] @_曹星_   // @曹桐睿 :哈哈[哈哈],<孙薪蕊儿>: 大宝贝姐姐爱死你啦，胖乎乎的好可爱啊,<钱多多haha>: 哈哈！这小胖孩跳的还挺好呢// @曹桐睿 :哈哈[哈哈],<夏瓜瓜呀>: 回复 @傻妞妞小艾姑娘 :只比俊秀差了那么一点点 不过也可以出道了[阴险],<Ailin_Zhao>: 回复 @夏瓜瓜也園 :柔软的腰肢 塞克西的眼神 魅惑的表情 我已成饭,<夏瓜瓜呀>: 回复 @傻妞妞小艾姑娘 :他没有进军韩流的意思么 我看必成大器,<Ailin_Zhao>:   @夏瓜瓜也園  看看吧 腾飞跳舞,<崇莲>: 你跳的是什么舞呀？小弟弟，好惊艳,<S小萱萱>: 好可爱啊！ // @曹桐睿 :哈哈[哈哈],<汉汉老师>: 这身材，啧啧，，吼吼// @曹桐睿 :哈哈[哈哈],<此微博停用166>: 腾飞太待人亲啦！[爱你]// @曹桐睿 : 哈哈[哈哈],<不三先生也叫狗熊先生>: @Titanium0  腾飞的舞蹈[哈哈] // @曹桐睿 :哈哈[哈哈],<Gwendolyn23>: 腾飞这段太可爱了[爱你][爱你],<聪明妞妞季美丽>: @傻妞妞小艾姑娘  灵活的胖子！[哈哈][哈哈]// @曹桐睿 :哈哈[哈哈],<月妹小可爱啊>: 谢飞机[亲亲][亲亲] // @曹桐睿 :哈哈[哈哈],<Xuxiaoxiaooo>: 哈哈哈哈哈哈 // @曹桐睿 :哈哈[哈哈],<子熹Ada>: [嘻嘻] // @曹桐睿 :哈哈[哈哈],<幽默科科888>: 小騰飛好可愛哦[爱你][爱你][爱你] @曹桐睿,<小球和小雄>: 真想掐掐小胖脸[爱你][爱你],<我爱博米和忠义>: 这么可爱的宝贝，太喜欢了[害羞][亲亲],<南柯一梦溪Daytime>: [爱你][爱你] // @曹桐睿 :哈哈[哈哈],<Frccccccccch>: 特别喜欢你。只看你演的,<苏格拉没有底222>: 腾飞，你太可爱了[爱你] @曹桐睿,<苏格拉没有底222>: 腾飞，爱你，呵呵[爱你],<楠楠楠楠女神>: 下部乡爱还有你不？,<Shiny-Queen不哭iH>: 小宝贝 下次传个有伴奏的呗？你唱的那个我的草原太好听了 我都喜欢上这首歌了。[心]爱你～,<西瓜奶茶酱>: 谢飞机  [馋嘴][馋嘴][馋嘴][馋嘴]太可爱了哈哈,<wuli倩妹Er>: // @曹桐睿 :哈哈[哈哈],<Blancmy>: 我们家的，[爱你][爱你][爱你][爱你],<糖尛果儿->: 腾飞太可爱了 // @曹桐睿 :哈哈[哈哈],<森美家DM>: 这小舞跳的绝了[哈哈],<富察宛儿>: 又换头像了[可爱]娃哈哈,<Ikewewe>: 小舞王查尔斯腾飞[爱你],<__Rhoda>: 我爸妈都快喜欢死你了 @曹桐睿]
caotongrui	爷爷把我领养回来，给我取名字叫谢腾飞，教了半天，我还是给记成了谢飞机[偷笑] ​​​	[<SanSiro-YAO>: 小朋友越来越入戏了，加油!,<我叫陈一>: 他一哭总是催泪。,<婶婶萝莉>: 哈哈哈哈哈，这小胖子老好玩了。,<大哈尼哈尼>: 可爱死啦～说话慢慢的呆呆的,<Velvet_Condom>: 腾飞我悄悄告诉你，皮长山儿子老说要削你，你得去整整他才行,<米斯呉>: 太招人稀罕了[可爱]爸妈每天追着看呐[挤眼]无需演技，看着就有喜感啊。。,<毛有点卷的南瓜瓜>: 嘿嘿，肉嘟嘟的，萌我一脸血咯！,<博林---舒娜>: 好可爱的小朋友，肥嘟嘟哒，招人稀罕[爱你][爱你][亲亲][亲亲][亲亲],<美少女小P>: 这几天就指着这笑话活了,<布袋和尚游四方>: 一个喝奶粉过期的大头娃娃,<54321action>: 看见你就想笑[哈哈],<孙朋月>: 哈哈今天看到你跑的两步把我可逗坏了。,<柒柒Syan>: 乡村爱情 小胖纸... 你也太逗了 每次你一出来我就想笑[哈哈],<Cadee愛迈迈>: 长得特向当时网上很火那个ps的小胖呢,<炸AAAA>: 这孩子怎么是烟嗓啊？,<用户s7m6qvh50s>: 小胖墩，我看好你，加油,<用户s7m6qvh50s>: 可爱小胖墩，好喜欢你，支持你，加油,<自由江南布衣>: 胖可爱，每天看乡7就是为了看到你，可爱的宝贝[嘻嘻],<大大大大大大大大大好走>: 宝宝、好爱你、演的特别棒、继续加油、希望你每天开开心心，健康成长[亲亲][亲亲][亲亲][亲亲][亲亲][亲亲][亲亲][亲亲][亲亲][亲亲][亲亲][亲亲][亲亲][亲亲],<多多是最可爱的小朋友>: 宝贝儿～你太可爱啦[花心][花心][花心],<BIGTIU>: 宝贝 快去 打败皮志高[奥特曼][奥特曼],<壹g佳>: 稀罕你,大宝贝,,<糯米BB看我滴>: 回复 @彭斯文 :我也是看着这个孩子想了好多本山剧才想到,<YoYo-不乖>: 太可爱啦 谢飞机小盆友[哈哈],<彭斯文>: 回复 @來得及微笑 :啊 对 我说咋这么眼熟！,<快活美美>: 这孩子长得。。。。。谢广坤啥审美啊！小蒙永强能喜欢嘛！,<_站在中间地带>: 你咋这么胖虎呢！？你几岁啦小宝宝,<--黑风寨主李小花-->: @开心皇后_天天  姐，找到谢腾飞微博了,<虚无的肉团>: 也是赵本山的徒弟了？,<此微博停用166>: 小胖胖真是太可爱啦！！[爱你][爱你][哈哈][哈哈],<梦境佳佳佳>: 肉肉的脸手感一定特好[偷笑][偷笑][偷笑],<日夜思圭思少年>: 哈哈肉肉的脸好想捏[嘻嘻],<风情哈哈>: 脸上的肉肉太多了。。。我怎么看你在电视上有点像有病一样啊。。不好意思啊[嘘],<糯米BB看我滴>: 这孩子虎头虎脑的，他亲爸爸是不是那个以前追过香秀的那个老板啊，看着有点像,<伊朵太阳花儿>: 哈哈哈 宝贝太可爱了,<葵葵葵葵葵葵葵葵葵葵葵葵葵>: 宝贝好可爱呢 么么大,<HR绿野丫头>: [哈哈][哈哈][哈哈],<水蓝色翅膀>: 这小孩太逗了，真可爱,<想这样--安安静静0507>: 好可爱啊 哈哈哈,<嘻嘻四万>: 好洋气的灰机[不好意思][转发],<JWAJS106>: 长的像一休他师兄,<MissYao->: 谢飞机/、、弟弟你真可爱！！,<乒了乓了乒乓响>: 好喜欢你那句七哥、太有喜感了[嘻嘻]招人稀罕,<Endeavor_xin5>: 哈哈，不错不错，叫姥爷七哥，哈哈,<FeiXU菲>: 稀罕死你了！可爱的要命！,<uma的qq空间>: 你太可爱了！！！！！尤其是和志高叫号那功夫哈哈哈,<_尚霏_>: 我滴宝贝儿子最可爱！[爱你],<强德一碧儿>: 谢飞机你长得和你爷太像啦[可爱],<lylkghkf>: 找到小腾飞微博了！,<莹莹吖Y唯耐男神郭旺>: 谢飞机，不要这么逗[嘻嘻]]
