chuoni	开机第101天[加油][加油][加油]@张晓谦ZHaNG ​​​	[<园小牛nnn>: 还有我，举手手，回我回我小仙女,<啜妮>: 回复 @刘胜兰15 :[阴险],<赌神阿九>: 女神和男神[好喜欢][好喜欢][好喜欢][好喜欢],<啜妮>: 回复 @晨夏雨沫 :给你沙发[偷笑],<贝塔同学_>: 脸都歪了[doge] [小黄人高兴][小黄人高兴],<S丶zhaoyan>: 这不是那个踢足球的吗？,<趙大帥脑袋被门挤了>: 这不是济南四少那个谁吗？[哈哈][哈哈][哈哈],<步履不停LrtttY>: 注意[喵喵]有人要起飞了[喵喵],<步履不停LrtttY>: 终于前排了我好激动[羞嗒嗒],<大菲Ordinary>: [爱你][爱你][爱你]]
chuoni	七夕快乐 ​​​	[<Robin_228>: 晚上回家了么[允悲][允悲],<手机用户2353034865>: 洛洛有女朋友吗？[害羞],<一位执着追梦少女的微博>: 回复 @张晓谦ZHaNG :小说里面杨阳洋和卢卡是一对[污][坏笑],<王娜娜wna>: 七夕快乐[抱抱][抱抱][抱抱],<王娜娜wna>: 回复 @张晓谦ZHaNG :[污][污][污][污][污]我什么都没听见,<JasoN_邢旭>: 我晕这个动图动的…[笑cry],<一个人先生gua>: 贺函 :秀恩爱，直接报警,<微笑的豆芽是倩倩>: 是郭鑫年同学送的吗？,<不吃猪脚的摆渡>: 回一下  会很开森,<不吃猪脚的摆渡>: don't worry.  you have a dream,<步履不停LrtttY>: 七夕快乐[羞嗒嗒]女朋友[偷笑][偷笑],<超級代Rose>: 看我的前半生就很喜欢你，长得真舒服，耐看，回下我吧，从来没这么夸过人，真的,<Rambo_Fong>: 不是都有戒指了吗,<菜菜63245>: 前半生里最喜欢你啦,<爱小单的羊羊>: 节日快乐我的女神 @啜妮  回复我一下嘿嘿,<一级睡眠运动员>: [心][心][心],<吴文杰0126>: 活该你长的漂亮[二哈],<瞬間與永恆-KOBE>: 想與你一起過[可憐] @啜妮,<可是我超帅的i>: 小姐姐超级美[馋嘴],<啜妮>: 回复 @马艺心 :[阴险]意思全懂,<林廷厚i>: 七夕快乐    洛洛姐 @啜妮,<马艺心>: 妮儿，[心]+1，你知道我要说啥哈哈,<啜妮>: 回复 @张晓谦ZHaNG :住口  http://t.cn/RIJGZ3o,<张晓谦ZHaNG>: 回复 @啜妮 :就是你最。。。还可以。。。,<啜妮>: 回复 @张晓谦ZHaNG :[汗]张老师您这话语病……没看懂,<张晓谦ZHaNG>: 啜老师你最还可以！,<刘大官人-66>: @啜妮   所以……你是跟二哈过的七夕？[二哈][二哈],<啜妮>: 回复 @吃藕鹅 :[害羞],<McWilliamsTiAN>: 回复 @啜妮 :[太开心][太开心][太开心],<吃藕鹅>: 可以说很美了[哆啦A梦花心],<啜妮>: 回复 @相声演员高峰 :[偷笑],<小丸子阿斌>: 回复 @刘胜兰15 :来兰兰互关,<啜妮>: 回复 @McWilliamsTiAN :[挖鼻][汗],<啜妮>: 回复 @花璐水yu :翻,<刘胜兰15>: 回复 @大B哥阿斌 :以后你就是女神妮姐铁粉,<啜妮>: 回复 @刘胜兰15 :不要拍我马屁[笑而不语],<刘胜兰15>: 哈哈，反正你就是怎么着都美,<小丸子阿斌>: 节日快乐啊 @啜妮   我和兰兰是朋友,<仙女和公主都是赵琳我>: 七夕快乐，祝你天天开心[爱你],<啜妮全球粉丝后援会>: 七夕快乐[心][心],<啜妮全球粉丝后援会>: #啜妮#   #全世界最好的啜妮#  啜妮相伴，粉丝永在，七夕快乐[心][心],<McWilliamsTiAN>: 别怪我。只是不想受伤害[微笑][微笑]  http://t.cn/RCsWsgZ,<CyanLu>: 还以为小姐姐有男朋友啦,<追逐着你的眼眸呢>: [心][心][心],<泰泰泰泰泰矫情>: 每次都赶不上热门，多希望你回我[鲜花][鲜花],<漫泉月的空间>: 哇塞   我的前半生里演技爆棚的  啜妮 大美女  您好啊 快乐 快乐,<盐梅织味>: 难得又见美图[偷笑],<花璐水yu>: 翻牌子吗[羞嗒嗒][羞嗒嗒]啜妮解解  http://t.cn/RCs5RTA,<王健夫6320363765>: 第一张笑的好幸福[心],<花璐水yu>: 七夕快乐小姐姐[爱你][爱你][爱你][爱你],<王健夫6320363765>: 回复 @嗯-是 :真的吗？[笑cry][笑cry],<麻辣小虾世界>: 买这么多花，是去送 老卓 吧！,<姓敶>: 不回复女神一点也不酷,<大度_>: 七夕快乐！[心][心][心][鲜花][鲜花][鲜花][鲜花],<一枚小西西>: 七夕快乐[鮮花][鮮花][壞笑][笑而不語],<相信爱拥抱世界>: 我的女神不知道你有没有脱单啊,<海洋与云朵>: 回复 @一棵小白菜- :妮儿，看到你的笑容立马就快乐了，七夕快乐？]
chuoni	这个点儿粗发好幸福 ​​​	[<EZsimon造型师>: 回复 @刘胜兰15 :喜欢[飞吻]什么时候有机会可以见下你,<圆圆茹是女神经的VIP>: 把你的奶茶给我喝哈哈哈哈[哈哈],<叶老板儿>: 包租婆，为什么又没水了,<Kangkang小公举>: 女神都有很认真的回评论，赞[哈哈][哈哈],<梵忱映像摄影工作室>: 第二张美[允悲][允悲],<羽毛乖羽毛>: 你怎么可以这么美这么可爱！！！[拍照],<这人有点飘>: 跟我一样欠的女神哈哈哈 贼喜欢你,<浩然怎么了>: 哇哇哇！太美腻了[舔屏][舔屏][舔屏],<张张张张小花呀>: 会不会被翻牌啊真是的 我要你翻牌翻牌！,<Zuoyu-Wang>: 哇 包租婆超美！,<吴文杰0126>: 我叫你一声，你敢答应吗？[二哈],<微笑的豆芽是倩倩>: 妮妮，见到轩哥给问个好呗，多和轩哥接触，他是个很不错的人，你会学到很多东西，最好能多和他一起拍点照片发在微博，谢谢,<王娜娜wna>: @啜妮   [月亮][月亮][月亮][月亮],<雍家家>: 和我爸妈重温我的前半生第二次，全家统一意见 洛洛最可爱！[嘻嘻],<仙女和公主都是赵琳我>: 特色美[笑cry][笑cry],<手机用户2353034865>: 洛洛，第二部有你吗？,<手机用户2353034865>: 回复 @手机用户2353034865 :[憧憬][爱你][太开心]有吗？我的注意力在你脸上[害羞]原来洛洛还能酱子 真美[害羞] 觉得你特适合演川岛芳子之类的 [舔屏],<疯疯疯-yf>: 回复 @疯疯疯-yf :是山城辣妹子火锅吗？我看了你半天，你发现了么[笑cry][笑cry][笑cry],<啜妮>: 回复 @疯疯疯-yf :是[阴险],<管如玉儿>: 美美哒，求翻牌[太开心],<疯疯疯-yf>: 女神你有去天街吃饭吗？我看到一个女孩超级像你诶,<呵心暖男汉仔仔i>: 本来就那么美还用美颜，过分了,<机智的囧锅>: 啊啊啊，我突然有一个很大胆的想法[doge],<不愿透露姓名的张志明>: 哇洛洛 还系翻你~,<啜妮全球粉丝后援会>: #啜妮#   #啜chuo妮#  表情包收图[喵喵],<正月十八_0213>: 姐姐，不能这样啊，太放飞自我了,<2凸子>: 搓妮，我爱你[哈哈][哈哈][哈哈][哈哈][哈哈][哈哈][哈哈][哈哈][哈哈][哈哈][哈哈][哈哈][哈哈][哈哈][哈哈][哈哈][哈哈][哈哈][哈哈][哈哈][哈哈][哈哈][哈哈][哈哈][哈哈][哈哈][哈哈][哈哈][哈哈][哈哈][哈哈],<CC怪你过分美丽>: 你不怕掉粉吗[哈哈],<啜妮>: 回复 @Rum_Green :🙄,<沢77777>: 女神你是真是的好美 记得回我让我开心一整天,<丁姑娘呦>: 回我一句女神，因为前半生爱你，后半生也爱你,<zhaoyn0106>: 女神，你好漂亮啊[鼓掌][鼓掌][鼓掌][鼓掌]女神回复我我会很开心的,<zhaoyn0106>: 我女神又傻了[爱你],<钟洛谭>: 最喜欢你短发的模样,<Rum_Green>: 哇 女神正在跟我喝一样的咖啡[污][污][污],<军涛呀JunTao-_->: 就喜欢你这似笑非笑的表情！[鲜花] @啜妮,<锋锋Lin>: 我最美的洛洛呀    你怎么变包租婆了[悲伤][泪],<啜妮>: 回复 @手机用户2353034865 :那时候太胖,<手机用户2353034865>: 怀朴抱素里的洛洛太美了 [害羞]单影循环三遍[心][鲜花][亲亲],<王健夫6320363765>: 回复 @刘胜兰15 :妮姐被你吓跑了,<水管儿工MagicQ>: 求女神回复[悲伤],<你的宇涵>: 房租给你给你 命都给你[doge],<Houtwen>: 回复 @断腿的憨佗 :我是老卓,<努力努力再努力xzt>: 喜欢洛洛的直爽，敢爱敢恨，声音还好听，主要是声音表情演的淋漓尽致[鼓掌],<断腿的憨佗>: 回复 @Houtwen :呜呜呜  @啜妮  不理我。  @Houtwen  帮我,<你执着时好美丶>: 美爆了   洛洛女神,<啜妮>: 回复 @马艺心 :我又黑了自己,<leezhenever>: 我好喜欢第二张 太美了[嘻嘻],<IAN哈莉的小杰克>: 小妮子好搞笑   哈哈哈哈哈,<马艺心>: 此处省略一万个字[污],<刘胜兰15>: 回复 @王健夫6320363765 :她平时美多了，这个第二张就特色啊，哈哈,<哆唻咪Cindy>: [爱你][爱你][爱你],<哇啦哇啦小宝>: [心]我又出来了,<李佳琪Aaron>: 你已经成功的引起了我的注意]
chuoni	感觉身体被掏空[困] ​​​	[<二腾嗯>: 别太累了，支持你哦,<上课九点半>: 点进去看大图，一张一张的翻，结果最后一张图把我吓到了，你要对我负责,<彩色斓斑斑>: 回复 @蒋洛林 :你多余！！！[顶][顶][顶][顶][顶],<阿欢先生橙子小姐有忄事>: 加油！不要放弃！,<谦田田>: 姐姐你的名字是读chuai还是chuo…,<峻豪Liu>: 刚看完决战江桥，又接着看我的前半生。就在想这美女这么眼熟呢，哪都有呢，穿越了。[哈哈],<MenderineRita>: 女神[心][心],<我叫詹天卓>: 好女神 注意身体,<丨戴灿锴丨>: 不想当小鹅的小鸭不是一个好小鸡[可爱],<岁月沉淀的不只是记忆>: 决战江桥，看了后去百度搜 女副官！ 厉害了，后来发现不是我一个人搜！好多人搜！[哼],<当代潘金莲cnm>: 好可爱 你怎么这么可爱,<l好菊花>: 女神注意休息早点睡觉,<Gretchen小珍珠->: 喜欢你在我的前半生饰演洛洛,<我喜欢你的牙套>: 让老卓给你做个鱼[眼泪],<蒋洛林>: 回复 @微笑的豆芽是倩倩 :你说话这是搞事情？,<CC怪你过分美丽>: 回复 @温泉的玛侬 :我爱你,<蒋洛林>: 回复 @微笑的豆芽是倩倩 :我又不演戏,<啜妮>: 回复 @温泉的玛侬 :好哒大使[抱抱],<StoneColdHHH>: 原谅我文字功底有限，不认识字。  请问第一个字怎么读，我自己觉得叫，cuan妮， 求告知,<海洋与云朵>: 来我碗里躺着吧。,<海洋与云朵>: 回复 @wink_RSw :弟弟，努力啊,<温泉的玛侬>: 注意休息哦[抱抱],<aiyothl>: 心目中女神就是啜妮这类型的,<一位执着追梦少女的微博>: 加油 杨阳洋[心][心][爱你],<啜妮全球粉丝后援会>: 仙女[doge]行走的表情包，注意身体。[太开心][太开心],<Garoney>: 加油加油加油加油加油加油！[心][心][心],<Vae思静Onlooker>: 注意休息，身体是革命的本钱，多喝水，夏天身体容易脱水的[心],<Joker嫑坏>: 这翻白眼，可以的[二哈],<啜妮全国后援会>: 仙女仙女[好爱哦][爱你][爱你][爱你][haha][haha][haha][兔子][兔子][兔子][加油][加油][心][心][喵喵][喵喵][喵喵][喵喵]最后一张出其不意哈[思考],<肉xrh>: 我是从第一张图点开的，知道第六张开始吓我一跳,<别叫我萌娃>: 喜欢你就是喜欢你,<cool_stone>: 天太热啦，休息休息，防中暑,<如云斋小主>: 喜欢你哦！支持你！加油！[鼓掌][鼓掌][鼓掌],<董柏玟Levine>: 辛苦了，多注意身体啊，[鲜花][抱抱][鲜花],<微笑的豆芽是倩倩>: 回复 @蒋洛林 :你才多余呢,<啜妮>: 回复 @京梆张颖超 :感谢[作揖],<美丽漂亮离我远一点>: 看了前半生，被你演的洛洛吸粉，好可爱的你[爱你]！我要追随你一段时间。爱你,<Godmxx>: 你扎揪揪 好乖好乖,<昔携>: 最后一张[微笑][微笑],<晨勃与>: 真的好漂亮啊！！！！！！,<步履不停LrtttY>: 被最后一张吓到[允悲],<乔鹤銘>: 喜欢你演技特别棒,<一个黑黑的人>: 小妹，我们可以认识认识吗？,<王健夫6320363765>: 妮姐还是很可爱啊[开心],<安安安安安安安安安安安安安An>: 图片评论  http://t.cn/R9Thvhn,<啷个哩个啷咚咚呛>: 嘻嘻嘻嘻嘻，笑死了[喵喵][喵喵][喵喵],<柠檬很甜芒果很酸>: 哎呀 小姐姐 可以换个发型不！ 哈哈哈,<沐阿君Y>: 往往最不正常的出现在最后一张  笑死,<Debbie丶鹏>: 女神。[鼓掌][鼓掌][鼓掌],<后街de道道>: 不能因为太美自暴自弃啊小姐姐[允悲][允悲]  http://t.cn/R9YBp4Y,<Smile乐儿087>: 这是在剧组吗？有啥新戏[爱你] @刘雅瑟,<ccccai-dian>: 什么电视剧？？[二哈][二哈][二哈][二哈]]
chuoni	我们的创业时代[太阳] ​​​	[<玖-VIIII>: 和我妈看电视剧的时候就和她说 这部剧里我最喜欢这个小服务员 太可爱了 哈哈哈 你在里面八卦的样子真的好讨喜[可爱],<成成的丹宝宝>: 新剧可以呢！期待火[火焰]一波[嘻嘻],<OH-MY-GOD-GEE-JESUS-GOODNESS>: 你为什么这么漂亮🙈🙈🙈,<啜妮>: 回复 @o00mygod :头像八错[笑而不语],<o00mygod>: 女神的时代[害羞],<用户5462391501>: 原来你在生活中也是像洛洛那随意的，想哭就哭一在桌渐请那受委屈就哭的样子让我爱的稀里哗啦的太可爱了[抱抱][抱抱],<S库里Cplus>: 😋 😋 😋 围观,<微笑的豆芽是倩倩>: 多更新微博呀，妮妮，喜欢你演的洛洛，演技很棒，加油,<Anesidora安妮丝>: 看到了 欢乐颂的姚滨,<白皙metallurgy>: 支持！私信您了亲[微笑],<L菇凉漂亮_>: 好喜欢你的性格！加油哦,<喻冬晨>: 天天八卦什么八卦，一边儿去[哈哈][哈哈][哈哈][哈哈][哈哈][哈哈],<那就笑_>: 我是不是来的太晚了…,<那就笑_>: 妮姐快翻我牌[羞嗒嗒],<letsgetcloser>: 洛洛和陈道明感觉很奇怪,<霸王花_94741>: 洛洛这个角色你演得太出彩了。印象超级深刻！你的眼睛太水灵了。还有酒窝。,<张晓颖-eve>: [亲亲][亲亲],<ausi寱>: 什么时候在拍新剧 我一定支持你,<你谭得很>: 全都是你  http://t.cn/R9aeI24,<原味奶茶425>: 喜欢咱们北京姑娘 加油,<i周亚>: 加油加油加油[太开心],<阿欢先生橙子小姐有忄事>: 他们说咱两长得很像[爱你][爱你],<小郑bo_ai>: 一眼就看到我美姐[心][心][心] @啜妮,<小书讯>: 发现你还有气质哟，一眼就看到你[嘻嘻],<桅璃鸢1998>: 里面是有欢乐颂里的姚斌吗 @啜妮,<飞新雷>: 头上是草帽还是花盆？,<Lolivhe>: 哈哈，头一次碰见一个姓的，还是很喜欢的洛洛[笑cry][笑cry][笑cry] @啜妮,<Lolivhe>: 咱俩一个姓哎 @啜妮,<彡彳卅>: 妮姐姐，好喜欢你啊[爱你][爱你][爱你],<小渔儿1121>: 哇，你也在这里啊，我最爱黄轩了,<林廷厚i>: 美美美[羞嗒嗒][羞嗒嗒] @啜妮,<JjJjJjoey_乔伊>: 小王爷[好爱哦],<小主播小斌>: 支持你，我也是89的,<奈何情深Zeng>: 期待小姐姐的新剧,<只因我是晓楠i>: 第一眼就看到了你 @啜妮   [鼓掌][鼓掌],<__王梁不凉>: 还有什么新剧，快快播起来,<王牌Change>: 姐姐姐姐，你看过韩剧信号吗？真的太好看了，演技好好啊,<暴躁萝莉OS>: 特别喜欢你演的洛洛 还想看你和老卓的后续怎么办[摊手],<野子的子>: 在啜妮的微博下表白ab是脑子有病吗？,<马铃薯你个地蛋>: 看你咋就这么亲切呢,<YAmeng__>: 还是你更漂亮一点,<xx努力努力再努力x>: 我同学说咋俩长的好想[doge]哈哈哈哈哈,<一位执着追梦少女的微博>: 回复 @一位执着追梦少女的微博 :洋,<一位执着追梦少女的微博>: 杨阳羊姐姐加油哦 [可爱][爱你],<骐骥千里QJ>: angela和晓明哎？,<馠屿上离岛>: 哇！有你，也有我们轩，简直太好了。,<纯薄荷要飞上天>: 那是很期待了啊[可爱],<德芙的小天使>: 竟然还有洛洛[好喜欢],<月野兔的吃货小蠢颖>: 期待创业时代[心],<王娜娜wna>: 美妮子， @啜妮   [good][good][good]]
chuoni	三年的等待！终于……拿好小板凳，要开始了！ ​​​	[<李江-襄阳>: 威武!!// @啜妮 :  #东方卫视绝密543# 支持聪哥 @演员王聪,<回忆_如泡沫>: 回复 @演员王聪 :活捉[喵喵]  你咋不回我一个这样的表情[挖鼻][挖鼻] 傲娇的不想理你了[挖鼻][挖鼻],<回忆_如泡沫>: 呀  这不是洛洛吗[笑而不语]   哈哈哈  原来认识我家老王[笑而不语][笑而不语]   #王聪绝密543# #王聪#,<追風少年初心>: 回复 @演员王聪 :[心][心][心],<追風少年初心>: 一起支持聪哥 #王聪绝密543#  [心][心][心],<成成的丹宝宝>: 洛洛姐，你可以开通微博会员，这样涨粉快[可爱],<ChikaYuri>: 你啥时候拍新剧[小黄人高兴][小黄人高兴],<有1个美丽的小女孩欧阳菁>: 这个夏天谢谢你，洛洛[赞][赞],<杜馨呦>: 支持！谢谢啜妮姐姐咯[爱你],<nancy6869>: 好看，好看！看一眼就被吸引了[鲜花][心],<我就是要究极进化你管得着吗你>: [哆啦A梦亲亲]哇哇哇你啥会有作品,<啜妮>: 回复 @演员王聪 :[笑而不语][笑而不语][阴险],<稆生>: 小聪儿越长越像郭冬临，哈哈！,<freestyle_健豪>: 妮儿支持的我门也支持[微笑],<一个字镧>: 我偶像推荐的一定会支持[酷],<演员王聪>: 谢谢大妮子！[亲亲][亲亲][亲亲]]
chuoni	古德猫宁[太阳] ​​​	[<敏姐姐gg>: 回复 @啜妮 :你的姓怎么读[喵喵][喵喵][喵喵][怒][小黄人高兴][小黄人高兴],<度_欢>: 还是穿酱子的工作服好看呀,<zyt-Yz>: 有点像 @唐菀Zoey,<Rekk->: @Rekk- : 求问洛洛回来后用的那个酒红色的口红是哪款？！！！我都找疯了！！太好看了！！！！,<Rekk->: @Rekk- : 求问洛洛回来后用的那个酒红色的口红是哪款？！！！我都找疯了！！太好看了！！！,<柠檬Amos>: 喜欢你，突然发现你长得好像江祖平，记得要翻我牌啊，我等你，加油，洛洛[心],<chimink>: 喜欢你深深的酒窝,<ausi寱>: 好美啊 女神 如果回复我就好了[可爱][可爱],<你谭得很>: 全部都是你哈哈哈  http://t.cn/R9aewk2,<猫多妮Niny>: 演的挺好，路转粉[嘘],<曲比石拉>: 太喜欢你说话的声音了！,<五环钉子户>: 回复 @啜妮 :等待好久了 希望命运不和记得少年那首歌一样,<啜妮>: 回复 @五环钉子户 :会,<五环钉子户>: 与青春有关的日子 还会上映吗？,<A姣i>: 喜欢你酒窝[心],<大电气工程师>: 那个，到底念啥捏？,<我不是小黎>: @星stellazhang,<给你一点甜甜-_>: 你太可爱啦[太开心],<聚散流沙luo>: 老卓叫你干活那[二哈],<W体元主人Q>: 女神穿的粉色胸罩,<博速X-power>: 右脸颊那颗痣，美不胜收[二哈],<侯晓梦er->: 不是我一个人感觉妮妮和白百合长得有几分相像？我不知道会不会遭骂。,<段博原>: 回复 @啜妮 :[挤眼],<小郑bo_ai>: 介大妞儿[心][心][心],<看了空气得意>: 真的有这个姓吗？这是你的艺名吧,<zxy张学友_>: 真的特别特别喜欢你和陈道明老前辈的戏份，太可爱了[爱你][爱你][爱你],<Fresh_litchi>: 是读 chuài  妮吗 好喜欢在前半生中的感觉[太开心][太开心],<RANRANGE->: 卧槽太喜欢你了！！！！！！！！！！！！！[亲亲][亲亲][亲亲][亲亲][亲亲]  http://t.cn/R9cjAcH,<改个名字怎么就那么烦>: 越来越喜欢你了chuai （chuo）妮 @啜妮  [花痴],<caicai_33502017>: 自然美！不像韩国人整出来的,<caicai_33502017>: 很漂亮，很大方！,<玥玥玥-53>: 13年见过一次就觉得啜妮又美又可爱！！果然就红了！,<用户6333508109>: 白皮肤，好身材； 美嗓音，好口齿； 奶子不大不小，美！,<董柏玟Levine>: 临睡前看下你的微博才能睡着[噢耶],<飞新雷>: 喜欢这种狡黠的笑,<Y叶源>: 洛洛姐笑起来好甜[太开心],<一起刚开始>: 你一定会红的 演的太有带入感了 就喜欢看你的小表情[嘻嘻],<Dawn_时晨曦>: 你的真实年龄到底多大啊[傻眼][傻眼],<对啊我是山楂>: 哈哈哈哈哈哈哈哈哈顾得耐,<偶巴心碎style>: 洛洛我被你迷得不要不要的[鲜花][污],<Pacemaker_11>: 就喜欢你 太漂亮了,<不谈悲欢>: 可喜欢洛洛小姐姐啦[污],<张志明718>: 洛洛，你太萌了[哈哈][哈哈][哈哈]  尤其和老卓特别有意思[鼓掌][鼓掌][鼓掌],<梦泽元>: 今天刚看我的前半生就被你圈粉了[二哈],<SR唐琴>: 好漂亮[太开心][太开心][太开心],<肉xrh>: 小酒窝长睫毛的小姐姐期待你下一部作品,<KAKA瑤>: 姓氏怎么念啊，瞬间觉得自己是文盲[笑cry][二哈],<KAKA瑤>: 洛洛，老卓呢[太开心][太开心][太开心][太开心],<傲娇9999>: 大美妞[馋嘴][馋嘴],<猴猴猴猴猴_子>: 妮儿好美[馋嘴][馋嘴],<陈Chen红Hong叶Ye>: 为什么觉得你特别像一个我认识的人 而且好像以前见过面,<高Halona>: 洛洛姐姐，好喜欢你呀，最喜欢你了，加油么么哒[鲜花][鲜花][鲜花][鲜花][鲜花],<Kiessel>: 酒窝和唇形超好看,<机智的囧锅>: 老样子，蓝鳍金枪鱼加最贵的酒[哈哈]]
chuoni	我相信你不会干这种事，我这么八卦你都没打我 @电视剧我的前半生 ​​​	[<_郑sSs予_>: 感觉你长得好漂亮啊小姐姐 就是那种女生看了都很喜欢的好看 [爱你],<Mydorie>: 说～是不是暗恋我们老卓[喵喵],<Ella倩哥>: 怎么办看了你一眼就成迷妹啦[污],<轻若尘埃一拂即逝Na>: 最后你们在一起了吗,<MsWhen>: 回复 @杨柳柳杨- :怀疑有感情戏[允悲]亏我一开始还以为这俩的设定是相差了二三十岁[允悲][允悲],<嘀哩咕鹿>: 回复 @骑着毛驴碎碎念 :她比我好看多了[悲伤],<骑着毛驴碎碎念>: 回复 @嘀哩咕鹿 :第一眼就觉得似曾相识，后来想想像你啊[笑cry],<一起去墨尔本吧>: 你最好你最好[二哈][二哈][二哈],<Ts-佳佳Xi>: 挺可爱的..小八卦,<嘀哩咕鹿>: 回复 @骑着毛驴碎碎念 :哈哈哈哈 真的嘛 我也在看这剧,<骑着毛驴碎碎念>: @嘀哩咕鹿  这演员和你长得一毛一样[笑cry],<杨柳柳杨->: 不知道这个人设是为了什么[二哈]八卦小公主[二哈],<李杉兔>: 敲可爱[doge],<lwh1996seu>: 天啊，感觉和我明叔太搭戏啦！超萌超稀饭你！,<白烟霍>: 小姐姐好漂亮啊啊啊啊啊[小黄人高兴][小黄人高兴][小黄人高兴],<Krystal颜小厨>: 每次看到你我都笑出声[开心]微博找了好几天才找到你[嘻嘻],<狗焕丶>: 小姐姐真可爱阿[并不简单],<ZD-Dan丹>: 小妞  好喜欢你的演技！,<小斯310>: 洛洛后来有喜欢的人吗？,<炫酷的筱芈幂365>: 喜欢你妹道理哦，正在看你的电影《青田》,<刘颖悟和小太阳123>: 美美的，可以代言美食哟,<zFayye_空空鎖o>: 妮儿，真棒给你双击666,<爱吃桃子de大脸猫201606>: 这个演员真还挺不错的，加油，期待你更多的作品,<Mssunsun_518>: 看你的电视剧好喜欢啊，我会一直关注你哦,<舒军r>: 支持你，奔跑吧，妮女神,<prada的女人2016>: 啜妮，人好，戏好的一位小姐姐，加油，娱乐圈需要你这样的。,<小镜子zj2013>: 啜妮，我也好喜欢你的，看你演戏真的很喜欢，很不错,<山鬼catty201606>: 期待你更多的作品,<Vivier_Chu200605>: 你们是来排队表白的吗,<candyxu0233005>: 妮66666666666，好喜欢你,<人生若只如初见christy199109>: 哈哈哈哈哈哈，越来越喜欢你了,<vickylss201111>: 洛洛跟老板斗嘴看着好可爱。,<安小扯m>: 看了你的戏，很喜欢，无时无刻都是戏，很棒，期待你更多的作品,<扒虾人无敌110>: 哈哈哈，演的真好，简单，直接,<宁静的深海_24370有理想>: 没有理由，没有借口，就是喜欢 完事了,<绿色咖啡11在唱歌>: 终于等到你，小姐姐好美腻,<吃货郑-彤>: 哈哈哈哈哈~我是老板娘，谁敢造次！,<韩庚是我的都别抢1992>: 爱你女神姐姐，棒棒哒,<Norman-P201606>: 啜妮姐姐，么么哒,<carrmonlov201606>: 拍戏一定要注意身体哦，不要太累，支持你,<克拉克december雪雪>: 喜欢长发的你，也爱短发的你，我都觉得很赞,<TFBOYS我一直在886>: 默默地支持你，希望你可以记得我,<江国小妖真伟大>: 你真的是越来越你女神了， 没看错，还会继续的支持你,<昼龙l>: 哈哈哈，洛洛，我要做你的忠实粉丝,<夏天还是大太阳小妖>: 很早就看过你的电视剧，加油哦，我会一直支持你的,<xyy仅此而已99>: 今天又一次看到了你，好喜欢你的表演肿么办,<TAN思梦style1996>: 妮女神，你要一直一直美下去，幸福下去,<塰桫温梨721>: 不错，加油，期待你更多的作品,<暗恋小短腿儿嘟嘟嘴儿53770>: 实力派的演员，给你点个赞,<乐观的忘了要忘记G搓>: 我喜欢你，我都要爱死你了请接受我的膝盖,<小胖墩Boa归来>: 你的小酒窝彻底折服了我,<lFaYe文a>: 被你的演技折服，太喜欢你了,<f伊小涵ingt>: 很棒哦，愿你的事业越来越好，支持你,<二次元_钟瑞>: 给我点赞的都是妮妮的真爱粉]
chuoni	收工啦🙋已经搬好小板凳[广告]坐等@电视剧我的前半生 ​​​	[<啜妮>: 回复 @刘胜兰15 :[舔屏],<啜妮>: 回复 @弗朗不西斯 :[嘻嘻],<啜妮>: 回复 @王女士Lucky :[坏笑],<啜妮>: 回复 @马艺心 :[羞嗒嗒],<啜妮>: 回复 @电视剧我的前半生 :[嘻嘻],<NaNNNNNN_哥>: @十亩良田大地主,<狗哥giga>: 里面的角色很好看,<弗朗不西斯>: 小姐姐太可爱了吧！！！！！！自来熟洛洛太可爱辣天惹笔芯笔芯[二哈][二哈][二哈],<Foreverwildfox>: 洛洛姐姐，说实话我羡慕你[太开心],<刘胜兰15>: 正在看着你的电视剧,<刘胜兰15>: 啜妮姐姐变身洛洛,<沈慧欣LOVE>: 你好，洛洛 等你已久 [心],<电视剧我的前半生>: #我的前半生#  你好，洛洛。,<啜妮>: 回复 @某已某未 :[作揖],<某已某未>: 小板凳搬好等待啜妮儿小姐姐变身洛洛上线🤓]
chuoni	7月4日北京卫视、东方卫视、爱奇艺突然播出@电视剧我的前半生 ​​​	[<正月十八_0213>: 快回复我一下，你好漂亮，看电视剧被你圈粉了,<Assassingxy>: [鼓掌]🏻[鼓掌]🏻[鼓掌]🏻,<啜妮>: 回复 @狒狒焦 :[坏笑],<狒狒焦>: 小姐姐眉眼好有特色，剧里没有刘海更有辨识度呢[太开心][太开心][太开心],<啜妮>: 回复 @笑茜茜的小予予 :看了就知道[坏笑],<笑茜茜的小予予>: 请问小姐姐是要和明叔演感情戏嘛？,<Forget_it_bar__>: 可爱的你[爱你],<啜妮>: 回复 @刘胜兰15 :[舔屏][爱你],<刘胜兰15>: 我就喜欢我家小姐姐,<刘胜兰15>: 本人美，照片美，反正在我心中你都美，戏也好,<啜妮>: 回复 @Maggie吐噜 :[害羞],<YoungMasterOfthehouse>: #靳东我的前半生#   #靳东贺涵#  [心][心][心]期待众多演员擦出火花[笑而不语][笑而不语][笑而不语],<啦啦啦啦啦123哈哈哈哈哈>: 本人比照片更漂亮，白静，好看。来自靳东哥粉丝的真实内心独白[允悲],<看到你勒就开心222>: 我记住了你的名字[哈哈],<啜妮>: 回复 @忧客理临 :[作揖]够意思,<某已某未>: 回复 @啜妮 :小姐姐回复我了！激动[污][爱你]赶紧去看书，7.4搬好小板凳 #电视剧我的前半生#   #啜妮我的前半生#,<啜妮>: 回复 @某已某未 :[作揖],<啜妮>: 回复 @王女士Lucky :mua～,<某已某未>: 好喜欢你呀[憧憬]啜妮儿小姐姐，支持支持！,<王娜娜wna>: 小姐姐喵[哈哈][哈哈][心][心][心][心][心][心]爱你,<啜妮>: 回复 @沈慧欣LOVE :[笑哈哈][干杯],<沈慧欣LOVE>: 在我旁边两个女生，激动的一直夸可爱可爱！ 可惜我没拍下当时的情景[嘻嘻] 今儿的啜妮老师棒棒哒[强],<啜妮>: 回复 @救生员拉里 :再看看这个[握手],<救生员拉里>: 哈哈 啜老师突然出现（前几天看完了蚀五部曲[爱你],<啜妮>: 回复 @Pink筱妞 :[亲亲],<苗吃猫>: 妮儿[doge],<马艺心>: 靳东GG说“小姑娘叫啜CHUO妮儿=搓泥儿[笑cry][笑cry][笑cry]”好吧，感谢本次活动对我们大力支持的各位大神级人物，爱你们[爱你][爱你][爱你],<Pink筱妞>: 回复 @啜妮 :[笑而不语][笑而不语][笑而不语]大麦大麦！热播热播！收视第一！,<啜妮>: 回复 @十七同学_ :[笑而不语],<啜妮>: 回复 @cloudyman009 :是,<啜妮>: 回复 @哆唻咪sunny :[嘻嘻],<JINDONGI>: 小姐姐好美[允悲][允悲][允悲],<啜妮>: 回复 @Pink筱妞 :这位小姐姐的广告词太走心…,<Pink筱妞>: #我的前半生#  我的前半生和你厮混，后半生你也逃不过我的爪爪，哈哈哈，很期待妮的新作品！加油妮妮！7月4日电视机前蹲守你[笑哈哈][good]妮最棒！妮最美！妮最有前途！哈哈哈[阴险]看好妮呦！ @电视剧我的前半生  ,<cloudyman009>: 这是真名吗？[doge][doge],<十七同学_>: 啜妮儿～～[doge][doge],<啜妮>: 回复 @马艺心 :神补刀[允悲],<马艺心>: 晋东GG说“小姑娘叫啜CHUO妮儿=搓泥儿[笑cry][笑cry][笑cry]”好吧，感谢本次活动对我们大力支持的各位大神级人物，爱你们[爱你][爱你][爱你],<哆唻咪Cindy>: 突然的惊喜[傻笑],<暖东JD>: 回复 @啜妮 :一下就记住你的名字啦[允悲],<啜妮>: 回复 @暖东JD :[嘘][偷笑],<啜妮>: 回复 @MsMelinda_靳东 :[嘻嘻],<暖东JD>: [允悲][允悲][允悲]我好像想起了什么,<MsMelinda_靳东>: 啊 你就是坐最边上的小妹子～真可爱[嘻嘻],<电视剧我的前半生>: #我的前半生#  7月4日，突然播出～]
chuoni	猜[坏笑]我演谁#与青春有关的日子# 上海 ​​​	[<刘胜兰15>: 喜欢你穿这个衣服,<HouseZ>: 抓住机遇，下次就和张涵予搭戏了,<啜妮>: 回复 @王女士Lucky :[哆啦A梦开心],<小娟frr>: 您好，我叫黄娟，今年27岁，家住湖北鹤峰县，目前在食品厂打工，家里穷，爸妈身体不好，种不了地了，妹妹在家帮种地，爸爸每年看病要花钱。你们有不穿了的旧衣服，扔了可惜的，可以给我们，我们能穿，我以前在垃圾堆捡了衣服的，别人扔的，还能穿。如果您可怜我们，同情我们，可以给点的，谢谢了。,<李奥瑞克张>: 反正不是冯裤子，在海报上看见冯导的特型演员了,<啜妮>: 回复 @王黑白 :怎地,<王娜娜wna>: 想看。赶紧播[心][心][心],<啜妮>: 回复 @Alex-YC :[嘻嘻],<啜妮>: 回复 @张逗逗BCDD :那是一定的[摊手],<啜妮>: 回复 @刘胜兰15 :[亲亲],<啜妮>: 回复 @Ariel梁宝羚 :快啦[嘻嘻],<演员张逗逗>: 回复 @啜妮 :[允悲]灰机晚点,<啜妮>: 回复 @张逗逗BCDD :没～你还在？,<演员张逗逗>: 你们还在上海呢？,<梁宝羚Ariel>: 什么时候播，想看[色]]
chuoni	这样卖萌会不会被打[摊手] ​​​	[<NJ慕小仙儿>: 哈哈你猜呢[开心],<啜妮>: 回复 @刘胜兰15 :[笑而不语],<刘胜兰15>: 不会被打，这么萌，会被宠坏的,<ElvinaNL>: 怎么会[嘻嘻][嘻嘻],<啜妮>: 回复 @Pink筱妞 :mua～,<Pink筱妞>: 用亲亲来惩罚你好了[亲亲][挤眼],<桃花岛快报>: 杨阳洋？[喵喵],<Alex-YC>: 打在你身，痛在我心[坏笑],<王娜娜wna>: 漂亮的[心][心],<deng深奥>: [喵喵]很好看啊]
chuoni	又到了一年一度晒妈妈皂片的时候[心]节日快乐妈咪 ​​​	[<啜妮>: 回复 @吃藕鹅 :[害羞],<啜妮>: 回复 @朱家一條蟲 :[偷乐][嘻嘻],<啜妮>: 回复 @PaulPaulJin :都这么说,<吃藕鹅>: 都是大美人儿[羞嗒嗒],<朱家一條蟲>: 哇  妈妈年轻时好漂亮   基因好呀,<啜妮>: 回复 @i周亚 :[笑而不语],<啜妮>: 回复 @BATTERY-BTR :[坏笑],<i周亚>: 长得好像呀[偷笑][偷笑][偷笑],<阎王是我孙子>: r有力出力，相关资料相册有。福建省人民医院骨科的庸医，陈鹏，石树培，林海仙，害的我出了医疗事故，把我搞得半死不活。在做腰椎手术之前左腿虽然很痛伸不直，右腿的大腿内侧 也痛但是能伸直。而现在是腿一边长一边短，右腰一直痛，关节和全身都痛而软，这样的庸医留着有何用,<BATTERY-BTR>: 我是第二个点赞的]
chuoni	🤷🏿‍♀️纠结留长发还是继续短着 ​​​	[<_美夕小姐>: 我觉得短发好看。看上去很清新。因为你身材好而且个子高。剪短发很好搭衣服🙈🙈,<啜妮>: 回复 @一枚小西西 :[坏笑],<一枚小西西>: i miss your long hair[淚][淚][淚][淚],<lawyhng>: 都喜欢[笑cry],<忧客理临>: 我觉得你短发更有女人味,<啜妮>: 回复 @Pink筱妞 :[哼],<Pink筱妞>: 回复 @啜妮 :无需谢顶便可拥有，百变造型任你挑[噢耶],<啜妮>: 回复 @Pink筱妞 :我又没谢顶[拜拜],<Pink筱妞>: 要短要长随你心意，我送你顶假发不就全都解决了[思考][阴险],<啜妮>: 回复 @路子野老师 :对,<ZhangyuXIannIUnai>: 短[二哈]因为短的不喜欢还可以再留长啊,<我是李小娇>: 回复 @啜妮 :没呢……没呢……我六月呢,<啜妮>: 回复 @我是李小娇 :回来没美娇 翻我牌子吧,<啜妮>: 回复 @马什么梅没霉 :😬,<啜妮>: 回复 @李建成与郑观音 :[幽灵],<啜妮>: 回复 @JaedongDD :[胜利]🏿,<啜妮>: 回复 @HouseZ :🤙🏿,<啜妮>: 回复 @让我罩着你Cc :[阿姨]🏻‍[卡拉ok],<啜妮>: 回复 @宇宙少年卢大同 :[握手],<JaedongDD>: 我觉得短发好看。,<付泰垚>: 回复 @啜妮 :努力的好姑娘啊！,<宇宙少年卢大同>: 回复 @宇宙少年卢大同 :短发一票！,<宇宙少年卢大同>: 短发更好看吧，而且不也方便打理么？,<HouseZ>: 难以取舍啊，都挺棒,<让我罩着你Cc>: 长发短发 都美离！[阴险],<啜妮>: 回复 @步履不停_123 :行～,<你会天马流星拳吗123>: 现在刚好，好好看[爱你],<啜妮>: 回复 @朱家一條蟲 :哎嘛,<啜妮>: 回复 @付泰垚 :拍戏剪的,<朱家一條蟲>: 短发干练成熟点  长发更显青春靓丽   不过长短无所谓🙃人漂亮才是重点！！,<付泰垚>: 记得你有一次的微博还在为短发而高兴,<-Corleone_>: 回复 @啜妮 :那…长发？,<啜妮>: 回复 @-Corleone_ :🙃,<啜妮>: 回复 @黑吴迪不懂白吴迪 :🤦🏾‍♀️,<啜妮>: 回复 @吴紫彤 :方言太郎,<-Corleone_>: 短发吧我觉得，可能是我先入为主了,<拿着画笔的吴指导>: 留着吧女神[哈哈][挤眼]]
chuoni	¡Hola! 西班牙 ​​​	[<啜妮>: 回复 @让我罩着你Cc :[笑哈哈],<让我罩着你Cc>: 反正就是苏太美了。[阴险],<啜妮>: 回复 @闻香识饺子 :🙃,<啜妮>: 回复 @归顺裂瓜的小人儿 :[二哈],<啜妮>: 回复 @_何文荣哦 :🤓,<啜妮>: 回复 @王女士Lucky :[飞吻],<付泰垚>: 回复 @啜妮 :等有机会我一定要去看看,<BATTERY-BTR>: 回复 @啜妮 :居然得到女神的回复[笑cry],<王娜娜wna>: 美美哒。我的姐姐,<啜妮>: 回复 @于山脚下雷公藤 :有时差,<啜妮>: 回复 @-张天琪 :[兔子],<啜妮>: 回复 @BATTERY-BTR :[熊猫],<啜妮>: 回复 @Cheung先生- :[二哈],<啜妮>: 回复 @付泰垚 :[喵喵],<啜妮>: 回复 @Vint_Ting :[嘻嘻],<啜妮>: 回复 @胤银 :还没[偷笑],<啜妮>: 回复 @文予琪 :你加油拍[干杯],<啜妮>: 回复 @哆唻咪sunny :[太阳],<哆唻咪Cindy>: 那里现在应该是早上了[大笑]猫宁[可爱]景美人更美呀[开心],<文予琪>: 看着就美[心][心],<Cheung先生->: 肖小乐里看到的，美极了,<胤银>: 去吃西班牙海鲜烩饭啦吗[带着微博去旅行][带着微博去旅行],<啜妮影迷后援会>: 回复 @啜妮 :咱们国家早上五点半,<啜妮>: 回复 @啜妮影迷后援会 :晚上10点半,<啜妮影迷后援会>: 回复 @啜妮 :有这么好的女儿当然开心了。亲，那里现在什么时间,<啜妮>: 回复 @啜妮影迷后援会 :董小姐很开心,<啜妮影迷后援会>: 妮好美，董小姐也很美哦,<啜妮>: 回复 @啜妮影迷后援会 :哈,<啜妮影迷后援会>: 这个时间我居然在]
chuoni	｛新年快乐｝ ​​​	[<QT乔通>: 我的妈呀。有点像小栗旬,<克宝宝儿>: 确实漂亮[爱你],<暴力鹏鹏_>: 回复 @啜妮 :戳你[doge],<啜妮>: 回复 @阳春l :[作揖],<啜妮>: 回复 @李给我消失 :chūo,<暴力鹏鹏_>: 你的名字怎么念[doge],<爱你就会陪着你>: 美女.....新年快乐！祝你永远开心！,<建国father>: 回复 @阳春l :消消乐广告过来的,<啜妮>: 回复 @王女士Lucky :[牛郎],<啜妮>: 回复 @忧客理临 :[害羞][坏笑],<啜妮>: 回复 @董晴 :一起奋斗[加油],<忧客理临>: 新年快乐[嘻嘻][good]  http://t.cn/RIFTwiT,<董晴>: 回复 @啜妮 :[抱抱]2017越来越好昂！,<啜妮>: 回复 @董晴 :林青檀那海报巨酷！,<啜妮>: 回复 @Pink筱妞 :baby叶～mua～,<Pink筱妞>: 妞儿新年快乐[礼花],<啜妮>: 回复 @孙楚格 :[好爱哦],<孙楚格>: 新年快乐[礼花] “周盈盈”,<啜妮>: 回复 @周粥 :[干杯][干杯],<周粥>: 2017约时间补照片！[来][来][doge][doge]元旦快乐！,<付泰垚>: 回复 @啜妮 :嘿嘿,<啜妮>: 回复 @付泰垚 :[偷乐],<啜妮>: 回复 @哆唻咪sunny :[羞嗒嗒],<付泰垚>: 女神你也快乐   又美出新高度,<哆唻咪Cindy>: 新年快乐啊[爱你]爱你爱你[飞吻],<啜妮>: 回复 @萍_艾灸中医养生艾艾贴 :[熊猫],<啜妮>: 回复 @屎粒夫人 :找不着北啦～啦啦啦,<冷酷的美少女>: ！怎么这么好看啊靠！,<Oo太阳是我搓圆哒oO>: 新年快乐哦[爱你][爱你][爱你],<啜妮>: 回复 @麦田的黄小六 :[爱你],<麦田的黄小六>: 新年快乐[礼花][礼花][飞吻][飞吻],<啜妮>: 回复 @卓恩浩荡 :[兔子],<啜妮>: 回复 @吃藕鹅 :[干杯],<啜妮>: 回复 @啜妮影迷后援会 :[舔屏],<卓恩-想改个名字啊>: 新年快乐[大笑]期待我的前半生,<啜妮影迷后援会>: 新年快乐[礼花]🍾️🍾️,<吃藕鹅>: 新年快乐，期待更多作品！,<啜妮>: 回复 @prettymemory :🤗,<梁宝羚Ariel>: 回复 @啜妮 :新年快乐[爱你][爱你][爱你],<prettymemory>: 新年快樂 章秋柳,<啜妮>: 回复 @Ariel梁宝羚 :新年快乐小梁[牛郎]]
chuoni	这个秋天 我叫洛洛 ​​​	[<TEKIA>: 跟陈道明老师演戏是什么感受？[太开心][太开心][太开心],<侧面钢琴手>: 嘿嘿 加油 期待更多作品[馋嘴],<刘齐_sniper>: 很会演戏啊！有灵气，前途无量！,<盲鸡叮到屎>: hello洛洛～,<空白蓝肥肠>: 很好奇每次和陈老师对戏的感觉是不是很畅快哈哈哈[幽灵][幽灵],<一人一马沐春色>: 这个夏天我认识你[心],<啜妮>: 回复 @没有昵称的迪 :42集,<没有昵称的迪>: 這部劇只有30集嗎？啜老師,<喜欢超辣车仔面>: 才30集呀，洛洛,<Mejoo>: 终于找到了你的微博[允悲]美的哦～,<_蔡坚强_>: 在前半生的百度演员表里复制了你的名字，百度了读音[小黄人剪刀手]，追到微博来。我一定会记住你的名字的。喜欢你。[小黄人坏笑][小黄人坏笑][小黄人坏笑],<一支M小猴>: 原来你是研究生，好棒！我也是,<孙启林在學习>: 回复 @香莫斯 :现在有木有在追啊！我刚看完,<小胖纸-是我>: 回复 @啜妮 :天呐，女神回复我了[哈哈]，我要截图拿相框裱起来[鼓掌],<啜妮>: 回复 @小胖纸-是我 :[作揖],<小胖纸-是我>: 终于查到你名字并关注了你[可爱],<Babara海博同学>: 是不是安儿？期待^ω^[哈哈],<喵了個去個名都被搶咗>: @Little_Zhang_Come,<米乐07575>: 有新戏拍了，还是部电视剧哎，我的前半生我也是刚听说，那部剧里有靳东马伊俐等，是那部剧吗，哇，到时一定收看。,<ANNLRUBYGT>: 回复 @啜妮 :哈哈哈哈[阴险][向左]这个表情看来是有啦[太开心]好期待！,<啜妮>: 回复 @ANNLRUBYGT :看了就知道[阴险],<ANNLRUBYGT>: 哇！我的前半生啊！好棒！您和东哥明叔有对戏吗？[太开心],<香莫斯>: 回复 @啜妮 :哇！！！！好棒啊[泪]明年上映吗？？！！！[求关注],<啜妮>: 回复 @香莫斯 :有[阴险],<香莫斯>: 回复 @香莫斯 :想说同一部电视剧 应该有和陈老师合作吧[眼泪]老师你还有没有和东哥合作啊真的好期待[求关注][求关注][求关注],<啜妮>: 回复 @香莫斯 :[作揖],<香莫斯>: 回复 @啜妮 :我的前半生啊～一直期待这个电视剧呢 就很关注了[求关注],<啜妮>: 回复 @香莫斯 :[疑问]你怎么知道,<香莫斯>: 上海这几天挺冷哒 老师要注意身体啊～,<香莫斯>: 之前一直很喜欢你最近才发现你有微博 最近又要和陈老师合作 好期待啊[求关注],<啜妮>: 回复 @啜妮影迷后援会 :[抱抱],<啜妮影迷后援会>: 最近小雨连绵不断，一定要注意身体，出门穿厚一点的羽绒服，尽量穿两双袜子。[心],<啜妮>: 回复 @救生员拉里 :[作揖]谢谢,<救生员拉里>: 啜妮老师我好喜欢你啊! 暑假被男朋友极力推荐看了大圣导演的蚀 演得太棒了! 但是1905上面只有前三部 心心念念半年了,<啜妮>: 回复 @啜妮影迷后援会 :感恩节快乐[心],<啜妮影迷后援会>: 才看到呢，今年真是高产的一年，拍了这么多的作品，明年可以在电视上看到多个你了。听说今天是感恩节，祝愿你快乐度过每一天，天气冷了，注意保暖，感恩你出现在我生命里，为我带来惊喜和幸福。,<王娜娜wna>: 回复 @Pink筱妞 :是的期待,<Pink筱妞>: 快点上映吧！等不及啦,<五街巷>: 回复 @啜妮 :[太阳],<啜妮>: 回复 @北顾不言 :明年,<啜妮>: 回复 @演员金珊 :[牛郎],<啜妮>: 回复 @五街巷 :🙃,<北顾不言>: 什么时候上映呢姐姐 好期待！,<五街巷>: 啊啊啊啊啊啊啊啊！]
chuoni	DreamGirl 2016 Photographer／摄影师: @-Lilee- ​​​	[<啜妮影迷后援会>: 不一样的造型，不一样的味道，我的百变王后[色],<啜妮>: 回复 @咸瑶xy :[害羞][牛郎],<啜妮>: 回复 @Pink筱妞 :[好爱哦]么,<Pink筱妞>: 哎呦，不错哟[赞]]
chuoni	→_→论角度的重要性 ​​​	[<啜妮>: 回复 @东经120度的地平面 :[笑cry]粗吧,<啜妮>: 回复 @门东毅 :[赞]有眼光,<啜妮>: 回复 @我是李小娇 :自黑,<啜妮>: 回复 @啜妮影迷后援会 :[傻笑]晚安,<啜妮影迷后援会>: 女神经和女神，你们好，晚安咯。,<啜妮>: 回复 @孙楚格 :[嘻嘻],<啜妮影迷后援会>: [哈哈][哈哈][赞],<孙楚格>: 哈哈[偷笑][偷笑]]
chuoni	回归短发[傻笑]端午节快乐 ​​​	[<SHADOWS小姐>: 短发更好看，更适合你[嘻嘻],<啜妮影迷后援会>: 短发帅，长发美，百变女王的节奏。,<啜妮>: 回复 @吃藕鹅 :[羞嗒嗒],<啜妮>: 回复 @屎粒夫人 :么么哒,<啜妮>: 回复 @青衫白马林宁凉_ :[嘻嘻],<董晴>: 回复 @啜妮 :[阴险][阴险],<酒饮白青>: 美爆了[太开心][太开心][太开心],<啜妮>: 回复 @啜妮影迷后援会 :嗯呢,<啜妮>: 回复 @董晴 :等你 回来告诉我,<董晴>: 回复 @啜妮 :[泪][泪][泪]还木有！月底,<啜妮>: 回复 @董晴 :嗯呢 你回来没？]
chuoni	久违了章秋柳 终于等到第二部 电影频道3月31日首播《蚀》之《章台秋柳》 ​​​	[<Doh_Kyungsoo泰英>: 前几天看了章台秋柳…好喜欢你[花痴][花痴]好看！！！！！！[心][心][心]刚刚看完怀朴抱素[色]什么时候还有其他的那几部啊。等着啊。电脑上看不了[泪][泪],<流青逆想>: 中央六还在看，好儒雅的秋柳，确实美！,<哈哈儿与嘿嘿儿>: 刚刚在央6看到你 章秋柳，美到我了！期待越来越好哟！,<WuuuHB>: 刚看到蚀之怀朴抱素，被你美到了[眼泪],<豐丰喵>: 看过那么多电影，各种各样的情绪，却很少能够从内心吸引，每一个眼神，每一个动作都能够让人回味，喜欢你演的秋柳~加油！,<努力做十点前睡觉的喵喵唔>: 好好看 第一次看完全吸引到不行不行 眼神都是戏 现在在演蚀之怀朴抱素 周小姐看见你的时候好惊喜呀[爱你],<老柳正好丑成我最爱的>: 好像还有一个蚀之系列的电影要在六套播呀，看了下预告里面的女主也是你吧，秋柳看的我心疼死,<啜妮影迷后援会>: 回复 @清水古道 :多多关注，她好几部作品还都没播出呢。,<清水古道>: 回复 @演员啜妮粉丝群 :特别舒服又淑女，央视电影频道就看见这一个电影，希望多拍好电影,<啜妮>: 回复 @汐夏-凡 :谢啦[挤眼],<汐夏-凡>: 看了看了，演技好，人美。好喜欢。第一次因为看电视看到了一部这么喜欢的电影。,<啜妮影迷后援会>: 回复 @路人简 :好像好多作品都没上映呢，,<啜妮影迷后援会>: 回复 @清水古道 :我第一次见她也觉得她像李小冉，但她比李小冉还要漂亮温婉一些。,<清水古道>: 很像李小冉 气质又像徐静蕾 很喜欢,<艾夏UUU>: 章秋柳，小小的身体爆发无尽的小宇宙，哪怕怀了孕依旧很美很有味道，整部影片先给予一丝希望随后被更大的绝望吞噬，后面几部啥时候放映，当初这种好电影就该去电影院看的,<啜妮>: 回复 @路人简 :私信回答你问题了哦,<路人简>: 啜妮姐姐，你电影原声也非常好听，有种甜甜的柔弱的音调，但是骨子里的坚强又能从你柔弱的声音中感受到，百度江枫渔火还是没能看，明明百度显示2013年就公映了啊，迫不及待想知道后面的剧情，小方律师和你闺蜜结婚了呢，如果真的相爱，哪怕拖着疲惫的身躯，也要勇敢的回到他的身边，一切都还来得及,<路人简>: 我有几个问题需要问一下，第二部的时候知道孩子失去了，为什么只是一味的责怪小方，你如果能感受到他的爱的话，是不用如此待他的，哪怕你不知道他为了保大而挨打，第二点就是第三部的时候你为什么会试着接受抱素，那小方律师怎么办呢,<路人简>: 啜妮姐姐，你好，昨天是我路转粉的一天，但是今天看了你另外一部蚀之怀朴抱素的时候，我彻底被你几个不经意的眉目传情的神态给打动了，演的非常棒，在我心中你就是民国的章秋柳没人可以代替，骨子里的坚强，一句我不害怕失去，直接震撼我的内心，希望你以后可以接到这样的良心巨制，我会一直支持你的,<啜妮影迷后援会>: 回复 @GENG-JIANAN :网上，搜狗影视能看了,<啜妮影迷后援会>: 回复 @啜妮 :这一天总是会到来的,<陌上--花開-->: 回复 @啜妮 :超喜欢！这是文学作品的延续，意义非凡！,<啜妮>: 回复 @演员啜妮粉丝群 :哈 这群吓了我一大跳[偷笑],<啜妮>: 回复 @陌上--花開-- :谢谢你能喜欢这没有商业味道的良心作,<陌上--花開-->: 昨晚无意间央[6]️看到，整个人都沉了进去，今天跑去图书馆想找《蚀》来读，却跑错了地方，心塞塞[伤心]回来再看一遍电影，感慨着真正文学的东西才经得起这般推敲改编，章秋柳的忧郁美、方罗兰的羞涩气，一切都刚刚好，都是那个老味道。,<啜妮影迷后援会>: 看了这个故事还蛮心疼的，这么好的女孩却承受了她不该承受的压力和困境。只有和方律师在一起她才有开心的笑容，希望他们能一起走下去……,<啜妮影迷后援会>: 喜欢啜妮的朋友们加到群里来吧  http://t.cn/RqACrWW,<ElvinaNL>: 昨晚看了呢[嘻嘻][嘻嘻],<啜妮>: 回复 @扎西妈比 :[偷笑],<迪声伴弦音>: 回复 @啜妮 :演得真的很棒！,<扎西妈比>: 演得不错啊~难道是我来姨妈的缘故我怎么还看感动了[挖鼻]特地来搜微博 好喜欢这电影 哈哈哈,<mtttt>: 回复 @啜妮 :我就想知道这部怎么样了最后？我喜欢郁达夫和矛盾的书。,<啜妮>: 回复 @mtttt :没事 后面还有3部[偷笑],<啜妮>: 回复 @Lau_Luke :[偷乐],<啜妮>: 回复 @半杯咖啡时光 :[羞嗒嗒],<恋曲贰0壹0>: 这个系列后续的啥时候播呀，还有第一部叫啥？我要补课[可怜],<迪声伴弦音>: 在餐厅吃饭看到墙上电视在播，结果就看进去了，结果饭都冷了[左哼哼][右哼哼],<mtttt>: 我由于做饭，错过了蚀之章台秋柳的结局，谁能给我讲讲，网上搜不到。,<半杯咖啡时光>: 无意中看到电影频道播出的，一直看到影片结束！非常美的一部片子！以为女主角是梅婷呢！特意百度了一下原来是啜妮！你很棒！加油哦！,<啜妮>: 回复 @振泉_Tommy :[得意地笑],<啜妮>: 回复 @GENG-JIANAN :歌华机顶盒电视回看,<你也可能是一个异类>: 回复 @啜妮 :所有播放器搜了一遍都没有，什么时候重播,<恋曲贰0壹0>: 女神[色]电影刚看完，相当棒。,<啜妮>: 回复 @寒山882013 :[偷乐],<啜妮>: 回复 @阿森纳的花小花 :[握手],<啜妮>: 回复 @GENG-JIANAN :回看[偷笑],<寒山882013>: [花痴]相当棒，女神[花痴],<你也可能是一个异类>: 我想知道怎么还可以再看一遍,<阿森纳的花小花>: 刚看完，觉得挺好，所以百度了一下…所以过来支持一下！,<-林涵->: 回复 @啜妮 :谢谢，加油[害羞],<啜妮>: 回复 @-林涵- :当然[挤眼],<啜妮>: 回复 @葉慕林 :母亲[威武],<-林涵->: 回复 @啜妮 :好的谢谢加油[可爱]如果有播的话你回继续发微博吗,<啜妮>: 回复 @-林涵- :不清楚 这个要看央6的排片,<沧州古天乐>: 回复 @啜妮 :加油！我们都爱你！,<葉慕林>: 刚看完～作为刚怀孕不久的我，里面妈妈对孩子的爱很是动容。演的很好。感觉会红！[爱心]️,<-林涵->: 什么时候会有第三部呢,<啜妮>: 回复 @vigor_r :[haha]]
chuoni	每次看到你们笑 心里暖暖的 #动物园快乐公益#五年了 人与人之间的互相关怀其实很简单[太阳] ​​​	[<-AIMEEEEEE->:   #刘忻#  真棒[笑哈哈][笑哈哈][笑哈哈],<A-Lii>: #刘忻#  [兔子],<臭狗屎好吃>: // @刘忻官方山东后援会 : 刘忻正能量[good][good][good] // @刘忻官方后援会 : #刘忻#  善良的人儿最美丽！[赞][赞][赞],<0608-晓晓-祝刘忻生日快乐>: #刘忻#  // @刘忻官方后援会 : 善良的人儿最美丽！[赞][赞][赞],<霞霞要抱抱>: #刘忻#  粉粉的忻宝贝,<刘忻甘肃大玲芯一个人>: #刘忻# 早上好，,<Karain_shen>: 姐姐啊，你是小傻子么。。[笑cry][笑cry][笑cry],<么么雯__>: 我忻！[爱你][爱你][爱你],<Mua_杜杜>: 满满的正能量[心],<搞siao的胖纸>: #苏妙玲爱心公益正能量#  [good],<花开蔷薇Wan>: #苏妙玲正能量#  谢谢公益万 满满的正能量,<深知你是深情>: #苏妙玲#  我万[doge],<北极忻>: #刘忻# 正能量偶像，忻芯晚安,<Supertuoo>: 忻解解[哈哈][哈哈],<sml-妙不可言>: #苏妙玲正能量#,<你想要看什么->: #刘忻# 棒棒哒,<清清爱可爱万wan>: #苏妙玲正能量# 棒棒哒~,<鬼小王w>: #忻芯公益#  [心][心][心][心],<刘忻--向日葵陪伴>: 鬼妞那个姿势也是醉了[偷乐]好多天不更博，原来是投身公益了啊[噢耶][噢耶][噢耶] @刘忻  ,<苏妙玲云南妙恋超仔一直在>: #苏妙玲正能量#  小万好可爱，好有爱心，和小朋友一起玩[太开心][太开心][太开心][太开心],<Wendy__Na>: 刘忻，你的造型[眼泪][眼泪][眼泪],<刘瑀->: 忻解解，小万。[赞啊][赞啊][赞啊],<Forever_箫笙>: [doge]图3  忻解解你的肾6plus好抢眼！  别掉了[耶][doge][耶],<鹿大花_一半火焰>: #刘忻#  忻解解就是这么悄悄的棒！,<鹿大花_一半火焰>: #刘忻#  忻解解好棒！,<芯片N加1号>: 小鬼脸上涂的真花花[笑cry],<小怪不乖O>: #刘忻#  我姐真zun,<清响>: #刘忻#  [赞][赞][赞],<我爱love小万>: #苏妙玲正能量# 苏妙玲,<累困饿>: 最后一张是个什么“怪物”！！,<一棵椭圆形的小木头>: 我忻土土的[doge][哈哈],<是露露不是小白兔>: 刘忻[鼓掌][鼓掌][鼓掌],<爱宇作姐姐一生>: #刘忻#  姐姐好可爱啊，棒棒哒[心][心][心],<王子妈爱刘忻>: 第三张那个粉色衣服的女姑娘[玫瑰][玫瑰][玫瑰][玫瑰],<芒果糖xue>: 第三张，干啥呢。。。,<不管从前在意以后>: #刘忻#  [鼓掌][鼓掌][鼓掌],<LMLWan24>: #苏妙玲正能量#  [心],<芯窝饭>: #刘忻# 为公益棒棒哒！,<永远ai鬼>: #刘忻#  看我忻解解那花痴样[偷笑][偷笑][偷笑],<在路上_飘>: 刘忻[爱你][爱你][爱你],<DangDangxin>: 我忻啥时候去的啊。。。,<抱不住太阳的深海68>: 第三张刘小忻好可爱！做公益最友爱了！给大家大大的赞！,<聆听小鬼歌唱>: #刘忻#  姑娘你好棒，好暖心的公益[赞],<一念不忘个啥>: 哈哈哈// @一凡_Lx :  #刘忻#  姐姐你小心屁股后面的手机,<4斤不作>: 我宝宝棒棒棒[亲亲][亲亲][亲亲][亲亲],<Xyliaaa杨婉婷>: 第三张谁呀[害羞][害羞][害羞],<杨琳Liuxin>: 偷偷跑去献爱心，我妞妞要不要辣么萌萌哒[偷笑][偷笑][偷笑],<苏妙玲官方四川后援会>: #苏妙玲正能量#  善良有爱心的你[good],<悟空的小名是空空>: #苏妙玲# 真棒！,<Chocolate_刘忻个站>: #刘忻#  [心],<Baby杏and小万0809>: #苏妙玲正能量#,<Donkey77>: 为我万刷个存在感,<一指星河>: #苏妙玲# [赞啊],<PGONE1984>: #刘忻# 图三美哭[泪][泪][泪]我的鬼好棒[可怜][可怜][可怜][心][心][心],<祝君甜>: 小万 #苏妙玲# & #刘忻#,<忻城儿>: 萌萌哒[心][心][心]，生病之后第一次见你，看样不错，放心了，以后照顾好自己啊,<馨寒爱小万99>: #苏妙玲爱心公益正能量#  棒棒哒[心][心][心]]
chuoni	OMG “又结婚了” ​​​	[<啜妮>: 回复 @辫字尔 :看到精髓,<啜妮>: 回复 @奕萱Claudia :还有十多天吧～,<啜妮>: 回复 @我是李小娇 :[亲亲][亲亲]你怕的真不赖～,<奕萱Claudia>: 回复 @啜妮 :呵，你啥时杀青哇,<啜妮>: 回复 @奕萱Claudia :嗯～认识？]
chuoni	呵呵…军婚 ​​​	[<啜妮>: 回复 @吴洲凯 :先找备胎[偷笑],<窦骁>: 戳你，你这办事班里一个人不请啥意思[哼],<吴洲凯>: 回复 @啜妮 :快离吧！,<啜妮>: 回复 @吴洲凯 :对,<吴洲凯>: 兵痞吧？[偷笑],<啜妮>: 回复 @咸瑶xy :假的…]
