defoe19900606	又是一个大通宵！这次和豆姐@美豆爱厨房 一起深夜！ps那是活好大排档…[喵喵]下周见！ ​​​	[<Riffraff-鱼>: 骚猫，衣衫不整[喵喵],<超级无敌小馒头->: 喜欢上猫叔了[喵喵],<王楉溪>: 为啥我看到了男婶的乳沟。。。,<赏味贤期>: 张猫 你真的要勤更视频 逆时营救里 好多人和你抢台词！！！,<一只傻猫qwq>: 竟然觉得你有点帅？我一定是疯了[doge],<二狗子ing>: 回复 @lvyZiyi :jiao shou ang bei [允悲],<B_ITING>: 推荐 逆袭之星途璀璨 快看看好不好[允悲],<王大PP>: 你的表情很贱耶[doge][doge][doge] @张猫要练嘴皮子,<薛之谦的喵喵喵_>: 衬衣扣子是怎么回事！！女生多了就可以解开了吗！！,<飞流直下三千里198605>: 天哪，为什么，这是昨天的视频？！！！！！！为什么我刚刚看到，是不是没有卡片啦[泪],<举不动wsy>: 猫猫！你耍流氓！,<twentyonee>: 这个配字真是没谁了,<Haiwa_Ly>: 有没有人觉得张猫像张雪峰,<怪咖家潮铺>: [喵喵][喵喵][喵喵][喵喵]好来,<金世佳OVO>: 小王子的屏狗男婶er的屏狗[笑而不语][笑而不语]  http://t.cn/RoRXBkm,<不吃胡萝卜的大门牙>: 哇！骚猫好性感[坏笑][坏笑],<思考中的凯洛>: 回复 @旧墨开始蒙了尘 :活好不黏人[喵喵],<瑩子囖>: 活好大    拍档？,<shakdhebsndh>: 我大张猫变帅啦好喜欢[爱心],<赵雨婷婷>: 快把你扣子扣上，太主动了……,<智障稚小青>: 骚猫骚猫[doge],<小帅帅之千娇百媚>: 我呢，将来会是一位网红，你可能不信。但是没关系，你愿意成为我的第6140个粉丝吗？你心里肯定会想妈的智障！你粉丝才那么少！怎么可能成为网红啊！是，我粉丝现在是很少，但也不能否定我的将来啊。我可是很负责任的持续更新热评，请相信我  爱你们[爱你],<Miss大酱>: 豆姐的杀气腾腾，让我虎躯一震[眼泪][眼泪][眼泪],<醒秋同学>: 脸都被你丢光了[瑜伽一],<无非求得真爱与理解J_>: 猫猫猫婶婶婶做一个美国版怦然心动的视频吧！,<无非求得真爱与理解J_>: 猫猫猫，做一个怦然心动美国版的视频吧！,<两米二的小神仙>: 坦胸露乳矫首昂视 @张猫要练嘴皮子,<自来卷fengho>: 为什么不好好穿衣服[拍照][拍照],<刘梦洁z>: 哈哈哈哈哈哈，一眼就看见你，就你搞笑,<何叉叉hxx>: 猫婶儿最好看[哈哈],<Lily雅雯>: 那个深V是什么鬼[拜拜][拜拜][拜拜][笑cry][笑cry][笑cry],<小蚊子爱蹦哒>: 活……活好?我能试试吗[doge],<E1Nion>: 期待[好喜欢][求关注][噢耶][许愿],<九九四十九pilgrim>: 哈哈哈哈哈 活好大？？？,<锥福的奈源子->: 张猫现在变骚了？,<Leann小木木>: 真是很man的猫,<Seclusion-Vanish>: 竟然帅了[喵喵][喵喵],<风走了八千里->: 你只需要个男朋友🙈🙈🙈🙈🙈,<这个用户名是九个字>: 最左边的那个男孩子为什么不开心呢，是因为大脸猫拿走了器大活好么[doge],<这是宁宁新注册的微博>: 活好大？？？？？？？？？？？？？？什么好大,<大雨噗拉噗拉>: 告诉你一件事   我喜欢你！  嘻嘻,<陈煜Childe>: 骚猫，哈哈哈哈哈[笑cry],<lvyZiyi>: 坦胸露乳[doge],<G_tqrong>: 活好器大？！我居然看成了这个[摊手][摊手][摊手],<梦幻小花猫>: 坐等黑社会，社会我喵哥，人狠话不多,<DOU-北斗星的爱>: 我看到了帅哥[憧憬],<是来来不是菠菜>: 一堆人里面男婶儿你最胖胖耶[二哈],<稚置>: 我们要放假了[二哈],<我叫汤姆45594>: 活大好[doge],<糯米鼠仔翔>: 张喵你是在COS深夜食堂摸？,<Fucking_Gentleman>: 工人体育馆那边？]
defoe19900606	祝你生日快乐 ​​​	[<左情媚子>: 我擦  和我一天  好 粉了,<想拥有美丽笑容的女孩>: 我6月6日生日。。。。。。没想到一样。,<久老大的小迷妹ovo>: @张猫要练嘴皮子  送你一碗长寿面，祝你生日快乐！  http://t.cn/RI9ePHL,<YAFANNA>: @张猫要练嘴皮子  送你一碗长寿面，祝你生日快乐！  http://t.cn/RI9ePHL,<吾名黄昏井5999>: @张猫要练嘴皮子  送你一碗长寿面，祝你生日快乐！  http://t.cn/RI9ePHL,<小妤妤i>: 我居然和你一天生日耶[二哈]  真为你感到荣幸 [doge]  诶，是你还是我[坏笑][坏笑],<月家有女初成神>: 回复 @Han_Lucy :哈哈,<Han_Lucy>: 回复 @月家有女初成神 :我也是[doge],<乐乐不闷小姐>: @张猫要练嘴皮子  点点浪漫的烛光，岁岁生日的幸福！  http://t.cn/RI9ePHL,<Dimash的小仙女12318>: 同一天生日，顶我上去,<徐曼夏>: @张猫要练嘴皮子  送你一碗长寿面，祝你生日快乐！  http://t.cn/RI9ePHL,<谦谦谦非>: 生日快乐呀[爱心发光] 看你的视屏是我们班无意间看到的 后来就喜欢上了 希望你的视屏越做越好 加油[微笑][微笑][微笑],<司徒愈>: 郭敬明也是这一天生日,<欣时雨>: 我五月五，我同桌八月八,<超TIAN的大白球奶糖>: @张猫要练嘴皮子  蜡烛已点好，生日歌已响起，寿星快许愿吧~  http://t.cn/RI9ePHL,<云霖世界>: @张猫要练嘴皮子  点点浪漫的烛光，岁岁生日的幸福！  http://t.cn/RI9ePHL,<humbleluckily>: @张猫要练嘴皮子  特别的爱给特别的你，生日快乐我的亲！生日快乐  http://t.cn/RI9ePHL,<扁嘴筱>: 回复 @Seclusion-Vanish :我也是[doge],<扁嘴筱>: 回复 @张猫要练嘴皮子 :我和你i都是同一天生日的[doge],<抗慢北鼻>: @张猫要练嘴皮子  为你唱首生日歌，祝你永远18岁！  http://t.cn/RI9ePHL,<ffkjs>: @张猫要练嘴皮子  为你唱首生日歌，祝你永远18岁！  http://t.cn/RI9ePHL,<迷人的与他同在>: 和我一天生日 @张猫要练嘴皮子,<阿尔缇妮斯_>: 哇，男神，我今年的阴历生日也是六月六，我们算同天生日吗[喵喵],<隔壁的那条萨摩耶>: 回复 @鹿的香芋巧克力 :求原图,<日及_Even>: 生日快乐呀猫[猫咪],<蘇B貓132號>: 阴历6月初6倒是本喵的生日呢，巧不巧 @张猫要练嘴皮子,<木南南南南>: 老天，同一天生日啊[doge]原谅我今天才看你视频，深夜食堂那个不错,<向chengrui>: @张猫要练嘴皮子  过生日的人最美，撒浪嘿～   http://t.cn/RI9ePHL,<Baby卓立>: @张猫要练嘴皮子  送你一碗长寿面，祝你生日快乐！  http://t.cn/RI9ePHL,<The-菠萝-from-Mars>: @张猫要练嘴皮子  过生日的人最美，撒浪嘿～  http://t.cn/Rc1WDAQ,<Chenyu晨宇啊>: 我前几天看katandsid微博 关注你 没想到居然是同月同日生,<非枯菲荣>: 哇塞，男神和我爸同一天生日呢？,<唐mewmew>: 怎么觉得明星过生日很快，生孩子也很快,<辛楚贤>: 跟我同一天生日[哈哈][哈哈][蛋糕][蛋糕]，一起开心,<Max女子力>: @张猫要练嘴皮子  过生日的人最美，撒浪嘿～  http://t.cn/RIL9rml,<Miss_Louize>: 原来你和郭敬明一天生日。哈哈哈哈,<墨阳余下>: 和我一天[doge][doge],<迷失在荒野的寂寞>: @张猫要练嘴皮子  送你一碗长寿面，祝你生日快乐！  http://t.cn/RI9ePHL,<苏誉歌>: 为什么你的生日是高考前一天？,<只爱奥利奥5376>: @张猫要练嘴皮子  过生日的人最美，撒浪嘿～  http://t.cn/RI9ePHL,<小小小兔子本人>: @张猫要练嘴皮子  送你一碗长寿面，祝你生日快乐！  http://t.cn/RI9ePHL,<叫我不应时请大喊李易峰i>: @张猫要练嘴皮子  南婶生日粗卡  http://t.cn/RI9ePHL,<微薰么么哒>: @张猫要练嘴皮子  送你一碗长寿面，祝你生日快乐！  http://t.cn/RI9ePHL,<猫跟你都很了解啊>: 生日快乐[蛋糕],<欧尼8181>: @张猫要练嘴皮子  特别的爱给特别的你，生日快乐我的亲！  http://t.cn/RI9ePHL,<一泽不是伊泽>: @张猫要练嘴皮子  送你一碗长寿面，祝你生日快乐！  http://t.cn/RI9ePHL,<不_在乎了Lolita>: @张猫要练嘴皮子  过生日的人最美，撒浪嘿～  http://t.cn/RI9ePHL,<willow5702540296>: 风和日丽的一天，你都生日到了，因为你的短视频为我带来了很多快乐，[眨眼]生日快乐[爱心],<北岸初晴198>: @张猫要练嘴皮子  过生日的人最美，撒浪嘿～  http://t.cn/RI9ePHL,<我那么高冷你怕不怕>: 男婶生日快乐[爱你],<傻璐Youth>: 回复 @Seclusion-Vanish :一样一样！！都是高考前一天,<夜血樱>: @张猫要练嘴皮子  送你一碗长寿面，祝你生日快乐！  http://t.cn/RI9ePHL,<_Jiojo>: 这也太巧了吧，和我生日是同一天诶*罒▽罒*,<熊喵丶僾撒娇>: 我也是六月六那个六月六]
defoe19900606	我叫张小喵，没时间解释了[喵喵] ​​​	[<我不是向小鸟>: 为什么不更新择天记,<海诚L>: 来给你点时间你解释解释！！,<少女少女耶耶耶>: 回复 @张猫要练嘴皮子 :有老婆就是了不起[摊手],<不仅仅是一个偏执狂>: 意外的觉得这只喵的眼神有点像达康书记啊！[吃惊],<胖胖的吃货仓鼠>: 颜值比男婶高很多啊,<i木木木木槿年>: 这猫比你还可爱[doge][doge] @张猫要练嘴皮子,<蜜汁少女_>: 回复 @大活人i :他解说的外科风云扭曲了整个故事情节。他凭着明星私人生活把白百合在剧中的人物讲的像个精神分裂患者似的只说白百合在剧中见谁怼谁对患者同事态度都不好前因后果压根不讲[微笑]真的我要是碰上剧中那些事我早就上手了[微笑],<缱绻的海角>: 为什么有一期节目没放在微博上 @张猫要练嘴皮子,<大活人i>: 回复 @Rachel就是盈 :好难过，还没来得及看就删除了[污],<爱吃萝卜的小白兔2>: 土豆白[爱你][爱你],<Rachel就是盈>: 回复 @大活人i :这……你要问张猫……反正看完那个视频我觉得自己看了假的《外科风云》[污],<大活人i>: 回复 @Rachel就是盈 :所以为什么删了[二哈],<仙女大大->: 喂喂喂几天了？？[哼],<Vaincess>: 说好的周四更视频呢[泪][泪],<Leonice123>: 等更新等的我好辛苦[doge][doge],<焰火之尘>: 还不发视频[顶]还不发视频[怒骂]还不发视频[抓狂],<阿银与萤>: 好可爱(｡･ω･｡)ﾉ♡,<梦稀笔谭>: 还不更博还不更博还不更博[二哈]重要的事情说三遍！,<不懂事的小泼孩_624>: 更新更新更新呢[哼],<ebestwjy>: 回复 @亲爱的小尘埃 :昨天更了，又删了,<Iris_黄当当>: 陈羽凡怎么不见了,<_Sophia_CCC>: 多长时间更新视频呢[摊手],<缱绻的海角>: 把你视频都看了一遍，好充实[微笑] @张猫要练嘴皮子,<无敌帅气加可爱>: 不更 我要取关了😕土豆白,<柳林zll>: 我记得有个外科风云的视频。咋没了[怒骂][怒骂],<Rachel就是盈>: 下午看到关于外科风云的，导致我现在怀疑以前我看过的张猫的影评都是不客观的[拜拜],<拜拜就是不乖>: 怎么还不更新[闭眼][闭眼][闭眼],<柚绿时光0>: 周四没有更新视频？,<丫头格格不入>: 猫啊～你更新是越来越不积极了……天天翻你微博，你就是不更新～你说急人不急人！[哼],<Elaine甜饼>: 我爬上床准备看更新的视频，结果[二哈][二哈][二哈][二哈][二哈],<IAM_A_GOODBOY>: 低产喵今天周四了啊喂[怒骂][doge],<翔氏千金>: 上一条微博删了？,<Zora_49>: 想看视频[太开心],<Balabalabu_->: 忘了今天是周四吗,<亲爱的小尘埃>: 今天不是周四吗，怎么不更新？,<双鱼小卢0306>: 我刚刚看了一个假的视频吗？想评论然后发现没了，我能怎么办啊，当然是选择原谅你啊[笑cry][笑cry][笑cry] @张猫要练嘴皮子,<little柒霺儿>: 土豆白[笑cry],<jidijingling>: 什么时候回来，更新更新……要看视频[心][心][心],<小蜜蜂柠檬>: 你现在也太低产了，好久才更新,<Dxevil>: 我家的叫屌猫，屌不屌,<Blackat2>: 张猫 我要听你唱歌,<渺茫女>: 为什么还不更新？望眼欲穿啊[抓狂],<Continue卅>: 怎么几天不更新啦！,<鳴天更赤阝9527>: 回复 @青草黎明 :对呀[傻笑],<任珂502>: 猫，明天更新择天记吗[羞嗒嗒],<青草黎明>: 回复 @鳴天更赤阝9527 :是啊~好想念[馋嘴][挤眼],<青草黎明>: 不用解释~亲亲[亲亲],<北纬43度45>: 求更新视频啊[花痴] [花痴] [花痴],<WUZHAOQIN_>: [doge]你就解释一下吧,<旧就久a>: 没时间解释了，我刚来，我叫。。。唔唔唔——,<有个姑娘叫张小喵>: 我才叫张小喵，你是高仿[喵喵],<-耐活>: 装嫩？  http://t.cn/RafYrOZ,<搁小诗>: 就想听你解释啦...[笑cry],<喇嘛的官配是尼姑>: 又被骗进来了[二哈][二哈][二哈],<游天的月>: 唉，人生为什么会有差距，而最可气的是这种差距居然是先天的，真不知道以后会如何，我好害怕，煎熬,<可爱的小小沛>: 为什么还不更新择天记]
defoe19900606	我开通了#微博问答#！有什么想问的快来问吧，我一定知无不言，言无不尽！微博问答，让知识有价！ ​​​	[<这个世界让你变的不善良>: 张喵，怎么减肥啊？,<沼泽里的玫瑰>: 能不能快快更新，在线等，停急的,<超级喜欢苏先生的weng小姐a>: 男婶，你有女票吗[哈哈],<LH鹿晗的小迷妹777>: 张猫，鹿晗帅吗?,<孔子不懂的孟子懂>: 回复 @我是猫大侠呀 :我也想知道,<贼稳男神王十八>: 那个，我是来崔更的[doge]  http://t.cn/R6CsaL0,<异度空间摆出绚烂人生>: 喜欢听你说电视剧电影，特别喜欢，快快出新！,<异度空间摆出绚烂人生>: 我想听你说大唐农药2,<忆趣大猫侠>: 回复 @左岸右转tony :机智大兄弟,<怪兽大学ii>: 没钱🙉  http://t.cn/R6CpHoE,<左岸右转tony>: 回复 @我是猫大侠呀 : 此处应该  @在下杨舒惠,<是你的大玉啊->: 为什么永远是风和  日  丽的一天,<莫非piero>: 一直在等你视频……为啥你就是不发……,<一厘米阳光的温暖>: 为什么总是要去买菜菜[思考],<_尕霍>: 资源在哪（认真脸）,<陌烟烟miya>: 张猫你什么时候更新啊[二哈][二哈],<Soong_booox>: 《消失的爱人》好想听你发啊……,<LK布兰德泽斯>: 为啥那么喜欢开车？[眼泪],<新鲜感是毒感情是蛊>: 请问你的正经工作是什么？,<我叫黄温柔才怪呢>: 提问还要钱？？？[拜拜]  http://t.cn/R69modM,<我苏阿>: 为什么现在不更日常了 是又胖了吗？,<大魔王Castle>: 我爱你，你爱我不？,<魏大勋的小迷妹纸>: 为什么来不及解释  为什么要风和日丽的一天   为什么向你提问要收钱,<将黎Zora>: 你怎么好久没有表白小星星[星星]️了呀？ 好奇ing～[思考][思考][思考],<katrinakkkkkim>: 回复 @我是猫大侠呀 :图片评论  http://t.cn/R69Jioq,<达酱lion>: 你为啥最近产量变低了……非常喜欢你的电影梗概，非常！！！！！,<ZHANGMIAOGAO>: 回复 @烟枪袋子 :忙开车吧！,<胖胖妹的姑姑王>: 回复 @我爱葛大爷 :这个 … 可能不会[笑cry],<我是你的天下第一好呀>: 回复 @你说梅梅姐我说么么哒 :[嘘][嘘]所以张猫以后会不会更的快些,<胖胖妹的姑姑王>: 回复 @我爱葛大爷 :我之前也是攒了一个月的 不过更新的有点慢[哼],<我是你的天下第一好呀>: 回复 @你说梅梅姐我说么么哒 :[污][污][污]每次看一个，好不过瘾啊。攒一个月一下一子看完，炒鸡喜欢,<胖胖妹的姑姑王>: 回复 @我爱葛大爷 :哈哈哈 反正我也是不想追剧 看看张猫的[笑cry] 几分钟感觉就秒懂整部剧,<我是你的天下第一好呀>: 回复 @你说梅梅姐我说么么哒 :[哈哈][哈哈][哈哈]这个电视剧太长了，我就等张猫了,<胖胖妹的姑姑王>: 回复 @我爱葛大爷 :啊 我以为是播完了 我并没有看那个电视剧[污],<我是你的天下第一好呀>: 回复 @你说梅梅姐我说么么哒 :播了前三十集的，我已经看过好多次[失望][失望][失望],<你才是鱼雷>: 回复 @烟枪袋子 :服哈哈哈,<_等风_也等你_>: 请问！你为什么热爱风和日丽的一天[挖鼻]而且你为什么叫张猫，给我一个解释！,<巴黎街3号301>: 可以拍一个新射雕的视频[鼓掌][鼓掌][鼓掌],<Fullofiniquities>: 我为什么这么可爱[摊手][摊手][摊手][摊手][摊手],<鹿锅锅的鹿小柒>: 张猫你有女票[笑cry][笑cry][笑cry][笑cry],<D_ouble_木>: 真的有小星星吗？为什么那么久都没有关于你女神的视频了？请问你还记得大明湖畔的小星星吗？,<Y宝宝LLKK>: 555连问张猫问题的钱都交不起[悲伤],<Lao_Yoyo>: 张猫，和盛小拖把被基地弄死了，以后只能靠你的视频缅怀小拖把了。[泪][泪],<两bu懿>: 支付100元[二哈],<呃呃xft>: 天天等你更新，你骄傲不？,<SummerQ夏天OO>: 猫婶啊！100也太坑了吧！→_→,<杨诗钰icu>: 求小星星照片[doge],<-杉杉的微博>: 回复 @小凯Andrew :对！！！！！！！不出来就要取关了,<陈新颖只能是我的>: 为啥叫张猫不叫张狗[二哈]什么时候有时间解释[二哈],<小仙女w霆>: 张猫为什么这么污？   不解,<记住1698>: 就一个问题，你单身吗[doge],<忆趣大猫侠>: 回复 @小生花丑丑 :不觉得吗[眼泪],<忆趣大猫侠>: 回复 @谁的人生能完整 :真的是真的,<是否安然>: 土豆喵，你是不是胖了，所以没露脸了,<陽光Angeling>: 能做动漫夏洛特的视频吗？,<怪蛋苏叶>: 下一条视屏是什么时候[鲜花],<小江Eric>: 为什么每一天都是风和日丽[摊手][摊手]]
defoe19900606	已 经 被 删 了 ...那 我 再 发 一 次 吧... ​​​	[<保护我方安琪拉qwq>: 回复 @续渝珊 :很久的事了，而且我也不知道怎么有脸去和父母说，本身性格也很迁就懦弱，吃过哑巴亏，就想叫现在的父母看好自己孩子，哪怕是亲戚哥哥都可能侵犯孩子,<可能爱不了人>: 看哭了，禽兽！！！,<续渝珊>: 回复 @少女野心家zmj :报警啊，强奸罪的时效很长的，虽然不知道能不能按强奸儿童来算，但是至少能判七八年啊，不能让这么恶心的人逍遥法外,<ailsa桐>: @姜姜veronica,<有色Y>: 回复 @最佳宝贝小涵涵 :相对于通过看黄网或者其他的方式，让孩子们通过健康正常的途径去接受性教育真的会好很多，男孩子知道如何保护自己和尊重女性，女孩子也知道什么地方是不能让别人碰的，保护好自己。,<Thatday521>: 我去好他妈恶心，世界上居然还有这么恶心的渣男。 @Sissi陈子希双子    @Cici沈珮宁,<南墙_Y>: 回复 @南墙_Y :国外的性教育要好很多了，而且懂得怎么保护自己，家长也会教这方面的知识和怎么防范,<南墙_Y>: 前几天在学校，我们前后两桌谈论到这个性教育的问题。真的，中国性教育太落后了 基本没什么人讲过这方面的知识 都是长大了后知后觉自己知道的。小学，老师不会跟学生讲性教育这方面知识 家长更不会说了 导致有些人遭遇了侵害都不知道  还没人会相信这种事情会发生在自己身边……总之，觉得特可怕[衰],<南墙_Y>: 回复 @金侁cc :很可怕,<保护我方安琪拉qwq>: 回复 @布兰尼老甜甜 :抱抱[悲伤],<我叫范啊>: 看了那么多案例 所以下定决心一定要给小朋友普及这些教育 我教的小朋友里面有几个小女孩穿裙子经常会撩起来 我很是担心啊[泪]所以一直教她们 希望能管点用[心],<布兰尼老甜甜>: 回复 @少女野心家zmj :抱抱你  ~我初三时差点被跟我同岁的小混混强奸了,<布兰尼老甜甜>: 回复 @酒姑娘i :我也有过  现在想想都觉得可怕  差点被强奸了  那时候我才初三 。,<傾城而獨立>: 回复 @金侁cc :第一眼没拖到下边就看到上边趴了一个小的脸，结果往下一拖就看到那张脸，鸡皮全身起，汗毛都立了起来，我还只是看了图片没看电影就感到惊悚，现在想想都是惊悚，那就是鬼吧,<归兮GG>: 每次看到这些都想杀了那些变态，如果可以真的把他们剁碎了都不为过！！希望他们永远不超生！！！,<吉田花梗>: 回复 @scorpio阿天 :不用赋予这种事情太多的意义，算起来也不过是身体受个伤而已，不要 自己给自己附加太多的枷锁，世界上还有很多更美好的事情呀[心][心],<我是小小小小茜>: 回复 @金侁cc :面对亲戚邻居甚至家人的猥亵，报警根本没用，犯罪成本低，报警成本高，顶多算你一个人事纠纷，小孩子没有防范意识，所以家教很重要，真的好可怕🙊,<凌璎珞>: 回复 @生而有谦 :可以啊。你私信我然后加微信我发你,<生而有谦>: 回复 @凌璎珞 :可以要百度云资源吗？,<long雨诗-Eunice>: 好可怕 看不下去 光是看看就有阴影了,<落_安>: 我在同一天看的素媛与熔炉，然后抑郁的一晚上没睡着，就是难过压抑的要命,<_壹九九九>: 我的天呐完全无法想象,<梓里含义>: 回复 @逛吃逛吃_喵喵喵 :有这么多的坏人，我相信一定会有很多好人，希望大家都看好自己家里的小孩，减少这样的事件[祈祷],<海派宝>: @Sdanni   @IamHM  世界真黑暗啊,<逛吃逛吃_喵喵喵>: 回复 @梓里含义 :真的觉得很难受  世界各地都有不少相同的案例  怎么没人重视,<三分淑女范七分女子汉get>: 回复 @ICU-18 :不会的，我妈把我保护的很好，而且我已经结婚了,<杜若岚曦>: @Josie雯雯,<-柳梢儿willow->: 回复 @小怪兽学姐 :对啊……衣冠禽兽！[喵喵]现在医生的医德真的……,<小怪兽学姐>: 回复 @-柳梢儿willow- :没事就好，但那些人真的该受到法律的制裁，还医生呢,<ICU-18>: 回复 @三分淑女范七分女子汉get :如果他还是你的继父，很可能他是在等机会,<ICU-18>: 我们告诉女性要保护好自己，告诉小孩子不要跟陌生人说话，其实更应该从小教育孩子尊重他人，还有真正犯案最多的是熟人！,<梓里含义>: 回复 @karry家的慈祥糖豆 :当时生物课好像是讲到男生身体结构，全班女生都趴下了大家都不敢看,<梓里含义>: 回复 @逛吃逛吃_喵喵喵 :据说素媛原型那个女孩十六岁就自杀了[伤心],<梓里含义>: 回复 @金侁cc :距离看这部电影过去好几年了但是仍然忘不掉这张恐怖的脸，就连之后看见其他剧里有这个演员都会觉得后背冒冷汗[伤心],<憨豆的小姐姐>: 总有人喜欢在别人的伤口上跳踢踏舞，而我们却都无能为力，希望法律能更健全，希望社会能更包容，希望每个从暴行中侥幸存活的人，不会再沉默的死在流言中……// @张猫要练嘴皮子 :对不起…看完我感觉自己无能为力！怎么才能救救孩子们…[泪],<斯幽_>: @Graph-_,<吃烤冷面虽好>: 回复 @节操帝姓吴 :我认为惩治变态就得要变态的手法,<少女怪物-Al>: 回复 @三分淑女范七分女子汉get :希望能有更多好心人,<少女怪物-Al>: 回复 @金侁cc :比恐怖片还可怕,<璃玥似水>: 回复 @金侁cc :看这部剧的时候，心里堵得慌，不是说孩子是祖国的花朵和未来吗？所以未来和花朵是用来糟蹋的的吗？为什么不判重刑，这些人毁的是一个家庭、是这个国家的未来啊！,<一念半影>: 回复 @堇傩 :太令人寒心了,<d折断的翅膀>: 看到这些  特地去看了电影  熔炉  真的被震撼了  那些可怜的孩子该有多么无助啊  真心疼他们   但是自己也是无能为力  只希望家长们对自己的孩子进行一些这方面的教育  不要让孩子懵懵懂懂的时候   就感觉这个世界是灰暗的,<灯雾lushlaws>: 哭着看完的，真的很难受。很想做些什么，但又什么都做不了。,<堇傩>: 回复 @一念半影 :所以性教育还是得提早,<一念半影>: 回复 @堇傩 :我小时候没什么小黄书，我妈比较传统，也没有告诉我这些，都靠以前一个邻居姐姐教，我什么事都会跟她说，那个时候零几年吧，这种事情就有，被我碰巧撞见了，老师差点猥亵同学，是我叫来女老师，我回家就告诉了邻居姐姐，是她教了我这些，要不然我也可能会是被害人,<prettyDinger>: 希望所有的女孩都可以远离性侵，生活在阳光下// @张猫要练嘴皮子 :对不起…看完我感觉自己无能为力！怎么才能救救孩子们…[泪],<爱笑的樱桃Isabel>: 回复 @加糖会膨胀的奶特 :[太阳][太阳]不客气(๑• . •๑),<加糖会膨胀的奶特>: 回复 @爱笑的樱桃Isabel :谢谢小姐姐了,<爱笑的樱桃Isabel>: 回复 @加糖会膨胀的奶特 :你好，叫熔炉,<鱼棠YT>: 从小就想当律师，现在更坚定这个念头了。,<白雅曉>: 回复 @混混维恰 :熔炉，残疾儿童被性侵，反应当时社会的黑暗,<加糖会膨胀的奶特>: 回复 @爱笑的樱桃Isabel :你好，这部电影叫什么名字呢,<星陨泪落>: 回复 @scorpio阿天 :抛掉那些恶心的回忆，过好你自己的生活[鲜花][心],<星陨泪落>: 回复 @最佳宝贝小涵涵 :还是不理解为什么不能进行性教育，如果孩子懂了这些， 至少知道要反抗啊，我觉得好多人小时候或多或少都会遇到类似这样的事情，只是程度有所不同，都是在长大后明白的。而且现在会上网的小孩已经被动或主动的了解这方面的东西了，但这种了解更加伴随着隐患,<星陨泪落>: 回复 @最佳宝贝小涵涵 :但不进行性教育 情况已经很糟了不是吗,<星陨泪落>: 我们这样的普通人除了转发，似乎真的 别无它法了，我唯一想要祈求的，就是 哪怕我们国家关于这个的法律制度很不完善，但可不可以尽早的，普及孩子的性教育呢，让他（她）们早早地懂得保护自己。我们中国传统文化虽然有很多瑰宝，但中国关于这种事情的传统观念真的是让人绝望啊！ @张猫要练嘴皮子 :,<努力瘦10斤的七菇酿>: 回复 @曦曦酱Jessie :三年很快就会过去，加油，付出总会有回报的]
defoe19900606	每个人都应该知道的事实 http://t.cn/RMlJp5y . ​​​	[<譚讚>: // @张猫要练嘴皮子 :有些东西不是说变就能变，就像我们铭记历史，就像你们一贯的胡说八道！ // @papi酱 :扩散！,<柳叶大人>: 啧，真是过分！// @张猫要练嘴皮子 :有些东西不是说变就能变，就像我们铭记历史，就像你们一贯的胡说八道！ // @papi酱 :扩散！,<Dvz-朵色_>: 回复 @nightmare678 :买朵色的中国的,<陈等等的LittleStart>: 历史铭记在心！胡说八道会付出代价的。// @张猫要练嘴皮子 :有些东西不是说变就能变，就像我们铭记历史，就像你们一贯的胡说八道！ // @papi酱 :扩散！,<-Ceonyi秦意>: 回复 @一只美丽的哈巴狗 :kanguole,<一只美丽的哈巴狗>: @-Ceonyi秦意,<米力頎牛尔>: 真得不转不是中国人 // @张猫要练嘴皮子 :有些东西不是说变就能变，就像我们铭记历史，就像你们一贯的胡说八道！ // @papi酱 :扩散！,<717谦谦生快>: 我去你丫丫的[弱][弱][喵喵][喵喵][喵喵],<小楼与风语>: 日本胡说八道// @张猫要练嘴皮子 :有些东西不是说变就能变，就像我们铭记历史，就像你们一贯的胡说八道！ // @papi酱 :扩散！,<用户6013763613>: 回复 @nightmare678 :刚买完兰蔻，再也不买了[怒],<叶叶叶叶叶叶叶叶儿>: @Delia佳佳,<贫道有个小破观>: 自欺欺人掩耳盗铃之辈// @张猫要练嘴皮子 :有些东西不是说变就能变，就像我们铭记历史，就像你们一贯的胡说八道！ // @papi酱 :扩散！,<王小琼是我>: 过分！凭什么把我们失去的被日本人残忍杀害的三十万同胞的悲惨历史化为乌有?！日本人真是越来越嚣张了啊，反正有一天还不是要被中国踩在脚底下！！！,<L独门反骨>: 事实就是事实，这是史实！作为一个中国人不会因为一个日本人这样的观点感到失望或者受伤，因为没有必要！只会觉得可悲和可笑，自欺欺人这种事的前提是他首先是一个人才行[嘘]// @张猫要练嘴皮子 :有些东西不是说变就能变，就像我们铭记历史，就像你们一贯的胡说八道！ // @papi酱 :扩散！,<诺兰唯音>: 回复 @nightmare678 : @WANGHEROoo  [可怜],<hhhalal>: 但起码日本入侵了中国，并杀了不止30万中国人,<林风棠y>: 日本之所以不能昌盛，就是因为他们对自己的行为不负责任，总是一昧掩盖自己的错误。,<爱我中华爱我中爱我华>: 回复 @nightmare678 :哭着保存这幅图,<薛之谦的小仙女啊sjhp>: 需转！！// @张猫要练嘴皮子 :有些东西不是说变就能变，就像我们铭记历史，就像你们一贯的胡说八道！ // @papi酱 :扩散！,<送你一个玫瑰姑娘>: 回复 @王傻傻不笨 :这个事国际都知道了 因为这个酒店老总有右翼政府撑腰  还开发布会说绝不撤书[摊手],<脸红5601>: 有种加添中文版和韩文版的书，别怂啊。,<请叫我冥帝>: 铭记历史，勿忘国耻！,<田燕Mia>: 回复 @迪玛希家的嘉树 :你去南京亲眼看看不就知道了嘛,<雪黛88>: 必须转，这个是不可容忍的！ // @张猫要练嘴皮子 :有些东西不是说变就能变，就像我们铭记历史，就像你们一贯的胡说八道！ // @papi酱 :扩散！,<______迷糊小姐爱闹小情绪>: @______闹小情绪  看看吧,<手机用户2078>: 求扩散！反正我有生之年都不会去日本，也不会为日本经济做哪怕一分钱贡献的 // @张猫要练嘴皮子 :有些东西不是说变就能变，就像我们铭记历史，就像你们一贯的胡说八道！ // @papi酱 :扩散！,<四是四十四十>: 回复 @nightmare678 :[摊手]有没有人来解释一下什么意思,<桔梗味的泡泡>: 一个思想龌龊到什么地步的人才会说出这么无厘头的话，把自己的观点发表有本事就光明正大的让中国和韩国看呀，搞得这么隆重却唯独避着当事人，你是多么不自信啊！还酒店ceo，我猜这也是你骗来的吧，一个给自己观点不停找一些借口来证实，真是太可笑了。[生气][生气],<舒sunshinely>: 为什么这个视频没上热搜,<最是那树影下自在如风的少年_>: 骗自己岛国人就和台独藏独港独份子一样，你们就活在你们的世界里吧，但是APA肯定是不会去住了  // @张猫要练嘴皮子 :有些东西不是说变就能变，就像我们铭记历史，就像你们一贯的胡说八道！ // @papi酱 :扩散！,<傲慢爵得背带裤>: 南京作为当时的首都（是首都吧）怎么可能只有20万人，笑话[怒][怒][怒],<阿呆呆的日常day>: 认真看完🙋 // @张猫要练嘴皮子 :有些东西不是说变就能变，就像我们铭记历史，就像你们一贯的胡说八道！ // @papi酱 :扩散！,<max跑跑侠>: 哎呦喂   隔夜饭没消化一不小心吐出来了   这长相这举止果真是日本人[鼓掌],<我稀罕15032>: // @张猫要练嘴皮子 :有些东西不是说变就能变，就像我们铭记历史，就像你们一贯的胡说八道！ // @papi酱 :扩散！,<楼上是我的first-love>: 回复 @nightmare678 :kappa？……呵呵，果断不买了,<吴朴女孩>: 我的加拿大老师问过我为什么不喜欢日本，没有办法，我根本不喜欢一个连自己错误都没法承认和永远无法坦然面对历史的国家。[微笑]// @张猫要练嘴皮子 :有些东西不是说变就能变，就像我们铭记历史，就像你们一贯的胡说八道！ // @papi酱 :扩散！,<北顾怀奚>: 其实在日本会出现这种问题一点也不奇怪，他们的教科书都被改成什么鬼样子了，政府都在粉饰历史，德国的认错态度全世界都看得到，唯独日本一直打死不认。 现在非常感谢张纯如前辈，没有她，南京大屠杀不会被那么多人所知，而日本也不会在这个问题上收到国际上的谴责。// @张猫要练嘴皮子  // @papi酱,<低调的磬鹭>: 一直都想去日本看看，我没忘南京大屠杀，管不了别人是否入住此酒店，但我可以管好自己 // @张猫要练嘴皮子 :有些东西不是说变就能变，就像我们铭记历史，就像你们一贯的胡说八道！ // @papi酱 :扩散！,<许诺洋先生光荣与爱>: 呵呵哒！坚决抵制这种人[拜拜]// @张猫要练嘴皮子 :有些东西不是说变就能变，就像我们铭记历史，就像你们一贯的胡说八道！ // @papi酱 :扩散！,<你才到碗里去冖>: 扩散，一定要抵制这样的酒店，日本APA酒店 // @张猫要练嘴皮子 :有些东西不是说变就能变，就像我们铭记历史，就像你们一贯的胡说八道！ // @papi酱 :扩散！,<Kundser>: 我越来越觉得这个世界上好像只有巴基斯坦可以去了   不止是去玩 去看 还可以给我们最善良 最淳朴的兄弟国带去一些温暖 就算那个国家很乱 很贫穷 但只有他们对我们是从始至终都有着一颗热诚的心 我不想去声讨哪个国家 哪个品牌 我能做的只有不买  兄弟再落魄他也是兄弟， 敌人再完美他还是敌人。,<残血惑>: 如果日本真的被核彈炸過，別說現在那兩座城市還寸草不生，起碼生蠔是絕對不能吃，怎麼現在反而還成為了旅遊勝地，還好意思修一個和平公園，弄得好像受了多大委屈一樣，真的不知道日本的歷史怎麼編的，不過由此也可看出，就連日本人也沒臉面對自己的歷史，才會瞎編，這樣他們才有臉在世界人民面前立足,<残血惑>: 太無語了，敢做不敢認，我也是醉了，日本人不僅屠殺，還細菌戰，還殺光、燒光、搶光，最後吃了兩個炸彈，終於慫了，我還以為他們學乖了了，結果它們又開始炒作自己是唯一被核彈摧殘過得國家，被核彈摧殘過不是好多年都有輻射，不能住人嗎，什麼現在那裡的人過得好好的，而且廣島最出名的還是那裡的生蠔,<来自火星的绒绒>: 不买日本的东西我又不会死，还有的是别的可以用！反正不能让我的钱进这种人的口袋，然后他反过来还骂我的，一分钱也不行！真恶心！！！// @张猫要练嘴皮子 :有些东西不是说变就能变，就像我们铭记历史，就像你们一贯的胡说八道！ // @papi酱 :扩散！,<颜韩昕>: // @张猫要练嘴皮子 :有些东西不是说变就能变，就像我们铭记历史，就像你们一贯的胡说八道！ // @papi酱 :扩散！,<米怂怂->: 现在APA负责人现身，表明态度自己不会收回书籍，我只想说，如此厚颜无耻之人，我第一次见到// @张猫要练嘴皮子 :有些东西不是说变就能变，就像我们铭记历史，就像你们一贯的胡说八道！ // @papi酱 :扩散！,<你说你叫佛罗里达>: ！！！扩散// @张猫要练嘴皮子 :有些东西不是说变就能变，就像我们铭记历史，就像你们一贯的胡说八道！ // @papi酱 :扩散！,<HCISHMILY>: 它们真是可怜的民族 // @张猫要练嘴皮子 :有些东西不是说变就能变，就像我们铭记历史，就像你们一贯的胡说八道！ // @papi酱 :扩散！,<琳琳2143>: 说着理性爱国，但是看到这样的事情，真的好踏马想骂街啊！[哼][哼]  // @张猫要练嘴皮子 :有些东西不是说变就能变，就像我们铭记历史，就像你们一贯的胡说八道！ // @papi酱 :扩散！,<琳琳2143>: 我觉得理性爱国是必要的，我或许不会去网上喷各种日本人，那个国家有着很多文化和文明的传承，但这并不影响我对他们的厌恶！// @张猫要练嘴皮子 :有些东西不是说变就能变，就像我们铭记历史，就像你们一贯的胡说八道！ // @papi酱 :扩散！,<Supermanllp>: 回复 @凡人痴梦 :当时所有的小山村基本都被屠城。而且南京大屠杀被屠城前哪有可能止二十万人口，对呀！但是被屠杀的人中当然有中国士兵啊！,<续酒对联>: 回复 @nightmare678 :哈哈[握手],<nightmare678>: 回复 @泰勒我大大大女神 :霉粉呐，我也是霉粉一枚[喵喵],<续酒对联>: 回复 @nightmare678 :我的天，好多我都买过啊。再也不买了！]
defoe19900606	夏洛克——专业打脸三十年[二哈][二哈]#神探夏洛克4# ​​​	[<Shaunvampire>: @鹿小鱼H  [眼泪][眼泪][眼泪],<像小熊熊的西瓜酱3>: [笑cry][笑cry]我也发现这几处了，太逗了,<乐可邻居>: 突然發現莫利亚提好帅~,<elephant_yuang>: 优酷会员4/月[鲜花][鲜花][爱你][爱你],<芝士沙丘里>: @-WooooD-  哈哈哈,<从你的全世界滑过yeah>: 第二集更好看要看的快过来找她 @hoyo2,<北海的柴郡猫_>: [笑cry][笑cry][笑cry][笑cry],<茶蛋哲学>: 还有他给华生女儿玩具的时候,<Z-929-T>: 最大的打脸就是“it's not a game anymore”“the game is begin”……,<Siberiacy>: 超级逗逼[笑cry],<奇了怪呀>: 为了他买了人生中第一个会员,<阿aa童木>: 不 我坚信那张光盘就是莫利亚提安排的[喵喵],<warmbloodZ>: @孩子你最操蛋的幻想是什么,<相望-->: 回复 @某小孩--布 :红红火火恍恍惚惚,<某小孩--布>: @相望--   [笑cry],<睡着的释然>: 回复 @Zelda_616 :最怕空气突然安静哈哈哈哈哈哈哈哈哈哈哈,<今天兮夜砸熊了么>: 回复 @wuli凡凡很成熟 :莫娘hhhh,<ZX-小仙女>: 回复 @v5殿下 :我,<ZX-小仙女>: 回复 @攻受皆可景药药 :斯我 我有,<ZX-小仙女>: 回复 @一直在追赶的蜗牛 :我有的,<ZX-小仙女>: 回复 @找白夜喝扎啤的蜜汁鸡 :我有,<ZX-小仙女>: 回复 @我就是喜欢一个人招你惹你了 :第一集,<成熟de凡>: @我是叶修手里的烟  哈哈哈[眼泪][眼泪][眼泪],<有独角兽的蓝鲸-oxygen>: 哈哈哈哈哈 已收图,<阿婴w>: 哈哈哈哈哈哈哈哈哈哈哈,<TYYYYYYY呀>: 告诉我在哪看的，我快憋死了！！！,<攻受皆可景药药>: 神探夏洛克4哪里有的看？,<修仙的瓶盖儿>: 回复 @Emma工作坊 :有汁源,<修仙的瓶盖儿>: 回复 @v5殿下 :我有,<修仙的瓶盖儿>: 回复 @找白夜喝扎啤的蜜汁鸡 :我有，丝我,<啊啊啊啊啊焜>: 把其中一个主角写死了很不开心[二哈][二哈],<一只大恐龙>: 真有意思[二哈],<美美尚美美>: 回复 @橘子味的猫橘子味的猫 :是啊是啊[喵喵][喵喵][喵喵],<橘子味的猫橘子味的猫>: 回复 @我叫尚美美 :哈哈哈哈哈哈，总觉得这种微博仿佛更好看[眼泪],<鲸鱼大丸子>: 没看过电视剧，只看过电影，感觉和心目中的歇洛克差了很多，还有那个莫里亚蒂……他真的不是蛇精病么……在我心目中他一直是个像豹一样危险的男人呀！不过也许电视剧会不一样，哪天把电视剧看了吧,<柠檬剧多多3928>: 我有夏洛克第四季汁源，不用会员，丝我直接发你,<白夜的小太阳>: 啊啊啊啊第四季已经出来了嘛啊啊啊啊好鸡冻在哪里哪里  http://t.cn/RM5Irzt,<你找不到我aha>: 回复 @Penguin-lxy :来找我要 要看的宝贝们,<袜子穿在你的耳朵上吗>: 回复 @迤逦中逃脱 :嗯！[泪],<小于儿没有花无缺>: 舍友告诉我。。。之所以Mary死了。。。是因为他们现实生活中分手了,<永爱卫>: 但我依然爱他[doge][doge],<小表张>: @棉袄棉袄大红枣,<戴王冠的小丑>: 所以说我卷福儿脸盘子大又长，不是没有道理的……[摊手],<小魔女咱咱>: 回复 @妮妹原汁原味 :跪求啊,<嘟嘟的小姐姐->: @小胖子和大瘦子-  [眼泪],<菠萝派大星->: 回复 @凉茶洽洽 :原著作里面，mary这个角色也是死了的,<菠萝派大星->: 那只狗也被演员吐槽过，是拍摄的时候真的不动，然后魔法特和麦哥蹲在马路边改剧本[doge][doge][哈哈][哈哈][哈哈],<Lemon李小酒>: @阳光下的小幸福xu,<之乎者也耶耶耶>: 我也是等了那么多年，大三开始等第四季，现在都毕业了,<KevinHamishThompson>: 不要剧透，，，，,<薛薛薛薛爱人>: 回复 @然小EING :我莫真逗[笑cry]]
defoe19900606	拜拜了，2016！燃烧吧，2017！ ​​​	[<曾Bong>: 破坏公物，报警抓你，赔钱[眼泪],<lvyiyiyi>: [太开心][太开心][心],<_Marvelous欢>: 你还是很棒棒的～,<_懵奈_>: 张猫加油！一直支持你[good],<咔咪啦1234>: 加油！不觉得你丑啊？还是我审美问题，加油加油！？喵！！一起减肥！！,<GEM-jaden>: 一直在屏幕后面支持你!加油， @张猫要练嘴皮子   @张猫要练嘴皮子   @张猫要练嘴皮子,<叫我Emma队长>: 一定会更好的，我越来越喜欢你了,<amjgdgel>: 这条评论来晚了我的张zhu[二哈],<CHEN_LUU>: 丑.. 嘛？   有特点能被记住  就是优点了啊 而且你有小星星啊,<smiling_敏儿>: 你的声音，真的好听。,<爱吃虾的奶牛>: 男婶儿加油啊，我们奥莉奥在猫猫谷等你飞黄腾达然后给他买[苹果] 呀,<精精SS>: 一月分放弃了熊猫🐼所以现在的熊猫短片我都不爱看了[眼泪]怀念又是风和日丽的一天。。,<十八圩>: [哆啦A梦吃惊]加油，张猫,<歪尼菲儿>: 这图做的太low了[拜拜],<Miley艾>: 图书馆有个男同学好像张猫你，他不明白为啥我一看见他就想笑[偷笑][偷笑],<小黄书是小太阳>: 加油吧，张猪，相信自己，你可以再胖十斤[鼓掌],<于未走走>: 哈哈哈哈(ಡωಡ)hiahiahia,<XIXI奶味弦子>: 张猫，我喜欢你的幽默,<HEAVEN08256>: 哈哈哈哈哈，加油2017,<张娟13444>: 觉得你很有才，，我很佩服你！,<萌世毒尊>: 就算你的长相是男婶，但声音是男神呀 ps，不是配音呀，是正常说话的声音～～～,<宛如我是一阵风>: 莫非这就是传说中的八毛特效,<妹纸的下午茶>: 清新不做作给你打6分,<泡芙是只小松果>: 为什么我的重点在。。这是不是叫bear的app[笑cry][笑cry],<球子怕麻烦>: 哈哈哈哈  男神  我饭你呀  有颗聪明脑袋才是真男神[爱你],<芒果Zhi>: 有才华的人总会发光,<只爱原味C>: 行辣！就喜欢你这样的[污][污][污],<DOU-北斗星的爱>: 一点都不丑，很棒的[good],<Melody行不行>: 哈哈哈 男婶儿 你已经很棒了  继续加油！[兔子],<领域外的文盲>: 土豆白，有猫饼啊,<我是大陆呀>: 胖一点的男婶儿才可爱[可爱],<lilycat01>: 可是我真的觉得你长得超级帅的，之前都是看你讲电影只能听见你的声音，还不知道是不是用了变声软件的，有一次看见你自己录的一个视频，就觉得哇塞，本人好帅啊，而且声音好特别啊(⊙o⊙)，加油~,<努力努力再努力QZF>: 2017目标有好多，祝我都实现啊,<LONG--X>: 希望大家都可以好好的，加油,<蹦蹦是个洋葱头>: 加油，张猫，哈哈,<夏晓夏V>: 特意跑来告诉你，嗯，是丑[哈哈],<火木木->: 看多了你的抬头纹  感觉还是hin可爱的[哈哈],<这不是我的十八岁>: 红不红重要吗？我们是走心的 @张猫要练嘴皮子  （这几个月眼看着你的粉丝量涨到36万，我们就要红了[色]）,<酷布乐>: @就这样一直任性,<依雪1994>: 挺喜欢你的，男神加油！[可爱],<无往不胜的奇女子>: 虚度光阴不错啊喝喝茶多好[失望],<化成那轻风>: 男神声音真好听～,<喵了个咩ya>: 猫，加油[爱你],<血色黄昏410>: 其实我第一次看你的时候觉得你挺帅的[doge],<茹毓Try>: 加油，我喜欢你的视频,<全宇宙最最最最最帅的魏大琦>: 趁年轻做好多疯狂的事[心],<自带光环的小太阳>: 流言蜚语总会让我们迷茫。但是这不应该是我们畏惧退缩的理由（题外语~猫猫！！！我们要看大脸！！别人说不好看咱们难道就不出门了嘛！！你长成了我喜欢的样子！！！！）爱你！！！手动比心！！！！！！,<猪头女孩我本人>: 喜欢看你的吐槽视频 新的一年 多多关照啦  http://t.cn/RMZHaIZ,<工藤柯东>: [好喜欢]可我还是挺喜欢你的呀，虽然同为男性,<Vicky树>: 男婶儿 没有你我都不知道看啥片儿,<腿不长不短少女>: 加油男神[喵喵],<_______ZZZ___>: 猫啊你是男神[doge],<烧鱼驾斑马东来>: [doge]我就想知道小星星咋不在你的过去和将来里呢，典型耍流氓,<正鼎鼎咦>: 男婶儿，加油！[心],<柚子花凉白开>: 厉害了我的哥[馋嘴],<骄阳cora>: 燃烧吧，张[猪头]男神,<Rack-Kid>: 大脸大脸！[爱你]]
defoe19900606	一个成语：半tour废 ​​​	[<八重小雪>: 回复 @舒童不是书童 :我服[作揖],<暴力火车>: 回复 @_王玉龙_ :关注她怎么了？[摊手],<舒童不是书童>: 回复 @邬必芬 :胡建人？[doge],<东篱下C>: Shopping 夏令萍,<愛牙签之前传>: 哈哈哈评论都是人才，web足道,<yy-Enny>: 没毛病我的哥[doge],<鳴天更赤阝9527>: care爱care亲,<世界枝架>: 回复 @一棵豆芽呐 :服你,<薛洁洁的小细胞>: 你要练嘴pease[doge],<YolMs_5959>: 我竟无话可sure[摊手],<舒童不是书童>: 无shake击[doge][doge][doge],<yaomomomomo>: [二哈][二哈][二哈],<心脏献给厨子殿下>: get学英语的新姿势？,<森林与麋鹿的夏天>: 逗……逗……逗我?[笑cry],<阿楠GolleN>: 铺天gay地皮蛋solo粥,<舒童不是书童>: 君要臣死 臣face book[doge],<Un-郭云枫>: 像山东话[眼泪],<邬必芬>: 无fuck说[摊手],<我和男朋友啊>: book思议 @张猫要练嘴皮子,<杨足食>: [doge][doge][doge]我是杨 little[doge][doge][doge],<杨足食>: [doge][doge][doge][doge][doge],<杨足食>: 张more[doge],<杨足食>: 哈哈哈哈[doge][doge][doge][doge],<杨足食>: 张more你在看评论区吗[摊手],<杨足食>: 开心到飞起[doge],<杨足食>: 我想狂刷屏[doge],<杨足食>: 你到底回不回复快说！！！[doge]张 more是吧？！我已经报警了[二哈],<miiiiiiiooooooooooo>: 你归到papi酱团队啦？,<最最最最最千乘>: 你叫张婶儿[doge],<刘祥12138>: 第一，赞我 [喵喵][喵喵][喵喵],<第一缕想念>: 我叫flower[哈哈],<Zero_ooooou>: 这个英文名很有特点，more哥[哈哈][哈哈][哈哈],<_王玉龙_>: 你居然关注她[拜拜][拜拜][拜拜][拜拜]]
defoe19900606	吃个街边摊，喝瓶好酒！Merry Christmas！[圣诞树][圣诞树] ​​​	[<本杰明master>: 为什么不能评论[闪电]  http://t.cn/RIRsbAp,<迷津难渡>: 街边摊？好高级的样子，我只吃得起路边摊[摊手][摊手][摊手],<我只想慢慢的>: 回复 @沉迷野崎君的寡人有疾 :我还喝过RTO[笑cry],<逍遥Radio>: 穷鬼，这是哪门子好久，广告狗,<tootooroo>: 男婶儿～～～[二哈][二哈][二哈],<妮飘妮飘>: 【我的淘气值634分,你是我的有缘人吗,赶快看看淘气值尾号和我一样吗？一起瓜分100万红包！】 http://t.cn/RI8UBGx  点击链接，再选择浏览器打开；或复制这条信息，打开[向右]手机淘宝[向左]￥lP5wghsEU0￥,<叮当-PH>: 小心，这酒有毒[笑cry],<范佳佳佳佳佳欣>: 我还在朋友圈里看到过RID,<花夏幸福如花儿>: 图片评论  http://t.cn/RIHum0L,<楠酱呢>: 啊哈哈我看了好多你的视频，我已经是你的迷妹了！好想给你生猴子怎么办！！！[哼][哼][哼],<闹闹0925>: 哇塞，你这粉丝量和评论一看就不是买的粉，哈哈，你怎么不去做熊猫的视频啦？,<没事吐个槽>: 我也喜欢喝蓝色瓶的,<罐头咩>: 从不到千关注张喵，到现在，哎呀我简直是星探[污][坏笑],<梦梦梦梦1995>: [doge]差评 圣诞节要吃圣诞树,<是你的包子哥阿>: 张猫你还不出视频！,<许李余生的承诺>: 你是不是接广告了[眼泪][思考],<端小二>: 给钱了？鄙视你！,<少羽喵喵>: 婶儿，我为什么被移出了你的qq粉丝群？[泪][泪][泪] @张猫要练嘴皮子,<张格愣子>: 喝酒要抓紧 没时间解释了,<KA-CII>: 我就说嘛， 看了半天，总感觉哪里不对！,<颖breezebear>: 我最喜欢这个味道,<侏罗纪芋榴芒>: 圣诞快乐，麻蛋来不及解释了，快爱上你了,<梦想者的懒癌症>: 圣诞快乐[月亮],<蓝眼西瓜>: 秀好一把文艺小清新～差点忘记了你是男婶  http://t.cn/RV42Y3m,<啊哦你在偷吃什么呀>: [圣诞树]圣诞快乐[羞嗒嗒],<冰激凌是热的吗>: RIQ[眼泪][眼泪],<河小农>: [心]酒和路边摊,<摘一颗星球在你眉头>: 男婶前几天刷微博看到papi转你了 后知后觉怪不得你有段时间开始了papi式吐槽当时就觉得你走这个路线跟papi像 后来看到papi转你觉得诶呦男婶会被很多人知道了嘤嘤嘤 然后点你的微博看看吧 好像也算不上一夜爆火 瞬间觉得还是希望男婶火上天 出名赚很多钱走上人生巅峰哈哈哈,<狗蛋家的媳妇>: 你不减肥了吗？张猪，Rio,<luvianhuan>: 干了  http://t.cn/RIjqbJU,<tingting净植>: 干不干把3.8换成38,<初诺未央>: 婶子，好久没见你露面了，你就别幕后了，出来说点什么吧！,<TW-GiRLS>: 新出了一款带卡通人物的RIO，你可以送给小星星。,<我的网名kk>: 在路边是吃霾吗？,<爱吃肉的板栗酱>: 嗯，这酒度数不错啊🤔🤔🤔,<夭衣lp>: 我喝RIO半瓶就倒了 好尴尬。。。。。。。。。,<斐衲德Hop>: 不好意思，我看后面那是凉皮吧！冬天吃凉皮，夏天吃麻辣烫，这样更配哦！,<爱7喵滴鱼>: 回复 @爱7喵滴鱼 :……,<小猴子牌凯喵>: 男森  圣诞节快乐,<Li-zhu-jun>: 这算赤果果的广告植入么[喵喵][喵喵][喵喵][喵喵][喵喵][喵喵][喵喵] @张猫要练嘴皮子,<雪绒-J>: 就我觉得不是RIO而是RIQ么,<云卿-FTS>: Happy Christmas！,<语冰不可夏虫>: ᎷᎬٗᎡ͙ᎡᎽ Ꮐ۟ᎻᏒᎥٗᏚᎢ͙ᎷᎪᏚ ——没时间解释了 赶快喝！,<马克不姓马>: 这就好酒了？红星二锅头才是好酒[doge],<鹤北的WJ>: 这广告打的...,<-Hi-Boy->: 回复 @张猫要练嘴皮子 :如出一辙[doge],<李文TAO>: 好巧哦，我和小星星出来逛街正好碰到你了[微笑]  http://t.cn/RIlZxem,<木木暮森>: 平安夜不如守个岁[摊手],<楠楠炒鸡帅>: 你快点更博[怒骂][怒骂]我生活唯一的乐子就是你的微博啦[怒骂][怒骂],<一醉经年>: 你这是广告吗？[哆啦A梦吃惊],<趴在雪地里的虎>: 蜜汁  滤镜[兔子][兔子],<Utopia根号一>: 没人发现这其实是RIQ?]
defoe19900606	光顾着吃了！祝大家中秋快乐～请自动忽略最后一张！#中秋##中秋节# ​​​	[<haohao昊可爱>: 我的视线无法从最后一张移开啊[笑cry],<用户5939845097>: 那个海星可以吃吗,<这个名字好像挺长>: 婶儿你好萌.我要把持不住自己了[doge][doge][doge],<十万伏特妞儿爷>: 我要感谢你，每当我睡不着觉，我就打开你的视频，看几个，我就迷之睡着了。为什么要在这一条留言呢，因为这一条人少，你看到我真挚的谢意的几率更大一些，不过演变到后来，我没想睡觉时，看几个你的视频也会睡着，迷之催眠术。,<奔波儿墩儿>: 回复 @REBecca__Duan :谢谢，哈哈，我真的以为是自己没姿势，不知道原来海星是可以吃的！,<努力哒妍妍菇凉>: 能不能发个攻略亲[爱你][二哈],<时光路人小香槟>: 回复 @REBecca__Duan :头一次知道海胆还能吃[惊恐],<段乔_Rebecca>: 回复 @奔波儿墩儿 :哦还有 内个海星是不能吃的 青岛海边和卖海鲜的到处都是 可能男婶儿就随手拍一下[眼泪],<A-Tong丶>: 我也去过劈柴院 吃了臭豆腐[哈哈][哈哈],<奔波儿墩儿>: 回复 @REBecca__Duan :[作揖][作揖][作揖]谢谢，还以为问题石沉大海了[摊手],<Ai亚亚1314>: 海星其实真的不好吃吧[白眼],<段乔_Rebecca>: 回复 @时光路人小香槟 :是哒,<段乔_Rebecca>: 回复 @奔波儿墩儿 :青岛的劈柴院哦 看起来超可爱其实不好吃啦[兔子],<段乔_Rebecca>: 猫猫我只想说你去的都是专门宰游客而且不好吃的地方啊[悲伤][悲伤],<小圆国方>: 大家都是真正的侧脸没有棱角。丑照只剩丑的孩子[笑cry][笑cry][笑cry],<曰生火华>: 卧槽海星也能吃[汗][汗][汗][汗][汗][汗],<胖胖的人人>: 一脸猥琐[笑cry][笑cry],<奔波儿墩儿>: 海星真的可以吃？好吃吗？还有倒数第三张那个，你是在哪吃的，求推荐！,<绵绵鹿姐姐>: 早知道你去我就去了！唉,<开心的墨墨粒>: 国足国足国足好次,<懒小姐lhx>: 谁给你拍的[怒][怒][怒],<凉子姑娘_>: 哈哈哈哈哈哈～这些都是我暑假去过哒[哈哈]同款照片哦[爱你],<另一个不存在>: 里面吃的东西特别多[笑cry]你没撑死阿,<虞伊水下>: 从上往下翻，看到这条我就想吃东西了[泪]说好的减肥呢,<小威家的小丸>: 张猫你就是王子涛吧,<文文是个大暖男>: 没有小星星的放毒！,<好菇凉宋小花>: 猫哥猫哥好有食欲,<蘑菇妖芮芮小>: 回复 @宇宙猫和红豆兽 :不我也想问，第六张是什么呀,<我叫早早菌>: 我六月也去过啦，里面的臭豆腐炒鸡好吃,<假装有昵称并且此昵称未被占用>: 突然好想你，就来看你的视频啦~  心情都变好了,<吕王殿下LN>: 男神，你的发际线[doge]还是男婶儿,<悠悠蓝月光>: 国足 臭豆腐 哈--哈--哈 是的有多臭啊！,<皮卡洲呀>: [花痴][飞吻],<开黑么兄弟>: 张猫能做我男朋友么,<ABCEe瑶>: 都怪昨天看了你的微博，我竟然梦到你了！！！！！梦到和你在一起了！！！还甜蜜的笑醒了！！！！[眼泪][眼泪],<Jie-sinaer>: 青岛的劈柴大院，哈哈哈；刚去玩回来，不然还能邂逅呢，我是小星星[害羞],<不是你的我是我的你>: 劈柴院的确实又贵又不好吃，强烈推荐西镇臭豆腐，比这个国足臭豆腐好吃的多,<只为冰冰粉>: 正经起来是个帅哥[doge],<Lady-西西>: 这是哪呀看起来好好吃,<玩泥巴的少女嘿>: 最后一张图哈哈哈,<留墨經年>: 男婶儿怎么把小星星吃掉了[doge][doge][doge] @张猫要练嘴皮子,<Mini亞->: 为啥看起来好萌[喵喵],<有梦冉冉>: 妈呀，太熟悉了，中山路，劈柴院，王姐烧烤。。。为什么我想到鱿鱼，为什么还有臭豆腐[笑cry],<于于于Somnus>: 就是在青岛呀   哈哈哈哈   在劈柴院吃爽了～[嘻嘻][哈哈],<时光路人小香槟>: 第六个是海胆不，求大神解答,<小小的旧爱太浓>: 最美我大青岛[害羞],<2017年河北省理科状元>: [爱你]不要总抬头,<君上卿Sama丶>: 我刚去完劈柴院，男婶你什么时候去的,<cinnabars>: 猫婶滤镜用的不错啊[doge],<iris_li2016>: 男婶儿今天去哪儿 我要制造偶遇[嘻嘻],<姒_Swizzle>: 好想知道吃的都是什么[眼泪][眼泪][眼泪],<JohnnyJelly>: 小海星hin吓人,<薛之谦的陈小媚>: 大家好，我是小星星,<健哥_心羽姑娘爱你一辈子>: 哈哈！青岛！劈柴院！[doge]同款基本都吃过 吼吼,<小虎HJ>: 一看你的脸就用了美图秀秀！[汗],<请叫我妍子大人i>: [喵喵]这是哪儿  看着这些吃的不自觉的开始流口水～,<亚玲的异想世界>: 这个侧脸好蠢哈哈哈]
defoe19900606	#男婶儿的日常#  我终于发现了我抬头纹的妙用！！[偷乐][偷乐][偷乐] ​​​	[<南邨长巷>: 为何你没有微信公众号[害羞][害羞][害羞],<萌宝萌三三>: 逗比的世界我 不懂[拜拜],<我睡觉一点都不可爱>: 为什么还不更新[大哭],<河图你喜不喜欢我>: [笑cry]你可以用它来夹死蚊子,<shmily_swh>: 没人发现男婶儿的那个笔是用双面胶粘上去的吗[挖鼻],<Dreamingsleeper>: 脏猫你赢了。。。,<jny觉得大家都在和我抢小白>: 回复 @张猫要练嘴皮子 :哦  小星星是谁啊？,<张猫要练嘴皮子>: 回复 @薄唇轻舔印上颤栗的肌肤 :并不是！,<eyesmonster>: 夹蚊子[笑cry],<jny觉得大家都在和我抢小白>: 男婶儿  是你吗？  http://t.cn/Rt6QqA3,<-管制青春>: 图片评论  http://t.cn/Rt6afG8,<仙人掌般的小盆芋>: 婶儿，胶水对皮肤不好，以后咱不用了哈乖[挤眼],<谭爷爷要去欧洲喂汽水>: 婶儿～再不行咱们就去拉皮[哈哈],<仨双单眼皮>: 喜欢这样的智障会low么[挖鼻],<Xiangzhihere>: [喵喵]老娘……,<海绵大宝宝的每日n记>: 男婶多贡献几张表情包啊[眼泪],<胡蝶梦境>: 你也是够作，不知道越夹越宽吗？,<梦境edge>: 这个人有病病[笑cry],<5个圈圈圈圈圈圈圈>: 婶儿 多出视频啊[doge],<向前前前前前看>: 实际听人家说，有抬头纹的男孩子容易生男孩子~,<姜炜爱做梦>: 是男神！鉴定完毕！,<我觉得我很瘦>: 笔是无印良品的六棱柱！,<王大力没有力>: 讲真！男婶！你有考虑过抬头纹的感受嘛？我听到它在骂街。。。[拜拜],<宇宙中的九Li>: 我只看到了白花花的表情包[笑cry],<陌莕莕>: 回复 @Little未来_Song :[喵喵],<Little未来终究会有猫的_Song>: 回复 @陌莕莕 :就猜到沙发是你,<哈罗阿晨xi>: 男婶果然与众不同,<凌sleep>: 还能夹点别的吗？,<城南的口袋>: 哎呦喂！这抬头纹帅裂天际！,<一枚小小小小吃货君>: 为什么要学薛之谦[思考] @薛之谦,<Sofia-Y>: 你就是夹个西瓜在褶子里…你也是我们的男婶儿～[笑cry],<赵小玥爱吃锅包肉>: 没错你就是大智障哈哈哈哈哈哈哈,<迟到了喵>: #真 抬头纹夹牙签#,<EIonstruo>: [哈哈][哈哈][哈哈],<你和我的小故事>: 怎样都好！[哆啦A梦花心][哆啦A梦微笑][可爱],<一个和头像匹配的名字>: 没事儿研究这个，你到底是有多无聊。看完觉得有意思的我更无聊[doge],<微洋初至日光舒>: 同样拥有抬头纹，为什么我夹不住。。。求指教啊[许愿][许愿][许愿][许愿],<萌瘦子爱吃Meat>: 婶儿，你有木有考虑过笔的感受？[doge],<vvitamango>: 我觉得男婶你可以夹蚊子，这样家里的灭蚊液都可以省了[喵喵][喵喵][喵喵],<梵巴藏>: 那个笔的是不是贴上的[挖鼻],<我眼大我先说>: 这笔超好写！超好写！超好写！,<咸鱼璐__>: @大尾巴龙的小胖达,<玮玮小玉>: 我以为是薛之谦……[doge][doge][doge],<小小白的旅行包>: 男婶帅的不可方物[doge][doge][doge],<zhenYI鹿>: 原来你是这样的男婶儿,<盖茨比的盖茨比>: 你可以夹两根[太开心][太开心],<vivre-海外>: 男婶你不要这样！！！,<jiamahuu>: 这么年轻有这样的抬头纹不是好面相吧，,<宁静不似曾经>: 好吧，你赢了[汗],<福福福zzzz>: 哈哈哈哈哈哈哈，我也有男神纹]
defoe19900606	我叫张猫，没时间解释了，快上车！ ​​​	[<我就静静地看你们装孙子>: 啥时再出熊勒个猫？,<深斘>: 已关注[doge][喵喵],<-Joker大大>: 我竟然爱上了你[doge][doge],<弃权大魔王>: 那个视频我听下来有阴影,<善良猪pig>: 哈哈哈，太逗了！[嘻嘻][嘻嘻],<谭爷爷要去欧洲喂汽水>: 回复 @达大达达达达达达达 :是哒,<Anemone_fan>: 男神！！！小星星是谁。。,<不知其可也olo>: 求你在视频里用的bgm[大哭][大哭][大哭],<未来-晴天->: 一不小心被你声音给迷住了,<礼箫北>: [眼泪]、为什么关注你的时候推荐的分类是萌宠...,<极品搞笑菌>: 这抬头纹。。。[doge][doge][doge],<甜甜甜甜小莹>: 声音让我关注了[doge],<甜甜甜甜小莹>: 可以 分类是萌宠,<周大宝的小王子>: 可以 你成功的引起了我对你的注意[doge],<lovetoshare吧啦>: 在papi那里看到了你的视频，很新鲜阿有木有，赶过来看了一批视频，蛮有意思的，哈哈哈哈你个小弯弯,<Kigali风不大>: 晚安[笑cry],<an喜橙>: 关注你，推荐加入 狗狗[狗]，你到底什么来头  http://t.cn/Rtx9DGt,<阿达啦啦啦>: 哈哈哈哈哈太可爱了,<一只小蘑菇竟然说>: 讲真，你的视频是不是模仿万万没想到啊,<sakurayinger>: 你以后肯定会更火 所以我留个脚印哈哈,<木子李_MUZL>: 发现一枚有才华的宝宝,<梦想是兔子还是绵羊>: 想看宠物的，铲屎官什么的(๑≖ټ≖)[胜利],<咻吱>: 你明明是狗啊[喵喵]  http://t.cn/Rtf3sg9,<难安>: @白米周  这个人跟你可像  快看他微博,<君要臣死_臣怀了太子>: 男婶儿，我来报道啦,<south虚拟号>: 老司机男神[哈哈][哈哈][哈哈][哈哈],<鼓鼓的面包脸里装满着梦想啊>: 你好逗啊 对了 你是那个熊猫频道的张猫吗,<LillianLLLNLLLLNNLLillian>: 阿我就想问问小星星是谁？,<你和我的小故事>: 挺好玩的你！呵呵，关注你啦嘻嘻！,<请叫我猫叔>: 正经说话挺好听的,<Melody_lonly>: 回复 @张猫要练嘴皮子 :哈哈哈～ 开熏～ 看到视频了～ [花痴],<果德慕斯>: 回复 @张猫要练嘴皮子 :风格也像,<叫我二俊>: 被你圈粉[哈哈],<劉琉疏>: 嗯？B站？果断关注[鼓掌],<喂龙虾爸爸>: 真的觉得你好可爱啊[偷笑],<花折风>: 男神会唱歌吗QVQ求唱千秋月别西楚将！！！,<张猫要练嘴皮子>: 回复 @第54321只考拉 :[鼓掌][鼓掌][鼓掌][鼓掌][鼓掌],<第54321只考拉>: 回复 @张猫要练嘴皮子 :好萌好萌好喜欢哈哈哈哈哈哈哈,<张猫要练嘴皮子>: 回复 @第54321只考拉 :哎呀 少有人看懂这个梗哎,<第54321只考拉>: 看吐槽前女友的那个视频，看到春江水暖鸭先知被生动套用瞬间被圈粉哈哈哈哈哈哈哈哈哈哈哈哈哈哈哈,<Mr-敏小姐>: 看了你关于前女友的视频关注你，男婶，很棒，加油[嘻嘻][嘻嘻][嘻嘻],<隐喻修辞>: 回复 @张猫要练嘴皮子 :谢谢。我是最近打算买个电脑所以一直看。,<张猫要练嘴皮子>: 回复 @隐喻修辞 :索尼的,<隐喻修辞>: 就想知道那台红色的笔记本电脑的型号。,<Lu我也没差>: 回复 @张猫要练嘴皮子 :[害羞],<张猫要练嘴皮子>: 回复 @Lu我也没差 :好的呀～,<Lu我也没差>: 今天开始被你圈粉儿了,<VERA_柒小小i>: 哈哈哈 看了papi酱过来你,<你不爱哭不爱笑>: 男婶儿，小学生们作妖了，你吐槽一下他们啊[思考],<张猫要练嘴皮子>: 回复 @傻肉R :扶额……就看不到了,<张猫要练嘴皮子>: 回复 @一笑奈何淡抹浅时光 :哎呀 谢谢！！！,<小咚咚ddd>: 就喜欢你的抬头纹]
defoe19900606	#男婶儿的日常# 关于我那婶婶的抬头纹…[喵喵] ​​​	[<今天肉长老萧脸上了吗>: 我是新粉 看完这条微博配图突然发现po猪略像颜王,<张猫要练嘴皮子>: 回复 @A刘璟 :[酷][酷][酷]姑娘好眼光～！！祝你们幸福～！,<不要在我面前说璟璟>: 回复 @张猫要练嘴皮子 :就是好看！不然我能嫁给他嘛,<张猫要练嘴皮子>: 回复 @A刘璟 :…你成功的指出了我所有的…嗯…优点…,<不要在我面前说璟璟>: 回复 @张猫要练嘴皮子 :看到抬头纹了么？酒窝还有单眼皮、,<张猫要练嘴皮子>: 回复 @A刘璟 :哈哈哈 还是有很多相像的地方！！,<不要在我面前说璟璟>: 回复 @张猫要练嘴皮子 :图片评论  http://t.cn/RtbKNHY,<张猫要练嘴皮子>: 回复 @A刘璟 :求图！,<不要在我面前说璟璟>: 回复 @张猫要练嘴皮子 :严重怀疑你俩是不是走失多年的亲戚,<张猫要练嘴皮子>: 回复 @A刘璟 :[傻眼][傻眼][傻眼][傻眼][傻眼],<不要在我面前说璟璟>: 今天刚关注你！就因为你跟我老公长得太像了！,<料不正>: 回复 @张猫要练嘴皮子 :害羞的说 没有的话 我觉得我挺好的[害羞],<张猫要练嘴皮子>: 回复 @料不正 :[左哼哼]你猜！,<料不正>: 害羞的问 你到底有没有男友[害羞],<周梦蝶>: [doge]长胖了挤掉了两条   [眼泪][眼泪][眼泪][眼泪][眼泪][眼泪][眼泪],<男神经病啊朴有天>: hhhh 喜欢你[喵喵],<我是你_叔叔_>: 哪家小伙子这么帅！,<TheBigDream_萌滚滚>: 不去给滚滚配音，跑粗来撩大妈，男婶儿也4没Sei辣～～～[挤眼][挤眼][挤眼],<se3v7en>: 回复 @Kathy_长颈鹿快到碗里来 :妈的,<Kathy_长颈鹿快到碗里来>: 回复 @张猫要练嘴皮子 :被发现了[doge][doge][doge],<杭杭滴微笑>: [拜拜][拜拜][拜拜][拜拜][拜拜],<张猫要练嘴皮子>: 回复 @Little_丫头 :我可以消失两天[阴险],<Little_丫头>: 最近男婶出现的频率异常高啊,<张猫要练嘴皮子>: 回复 @在下妙鲜包 :[鼓掌][鼓掌][鼓掌][鼓掌],<渐午天>: 哈哈，男婶儿张猫最帅啦！[拍照][拍照],<张猫要练嘴皮子>: 回复 @宁静不似曾经 :减肥中…,<宁静不似曾经>: 最要是肉太多了[可爱],<金金金元元元宝宝宝>: 这样的话不应该给你抗皱精华了应该让你增肥，争取把这条抬头纹也撑开[喵喵][喵喵],<GU小娃>: 我男婶儿说啥就是啥（心心眼流口水.gif）,<Ag是菜菜>: 抬头纹是男婶儿身上一道亮丽的风景线,<LL璐宇>: 哈哈哈哈哈哈哈哈,<鬱悶噶多多>: 男婶说什么都对[doge],<紅綾靑絲>: 我刚刚以为你的叔叔找了一个男人当老婆，所以你叫男婶，还想说哇，好劲爆，结果[哆啦A梦汗],<从前有一条蛇>: 婶！你有毒[拜拜],<-管制青春>: 你的脸离家出走多久了，告诉我[doge][doge][doge],<老--胡--啊>: 告诉我怎么拍照显脸小,<叶叶雨梧桐>: 婶婶的抬头纹[哈哈],<小四儿已弃疗>: 婶儿，别低头，抬头纹会掉！,<Sofia-Y>: 不管你变成啥样！你都是我们的男婶儿！（认真脸）[心],<蔚蓝的小世界>: 图片评论  http://t.cn/RtyXIgW,<Jeanne_Shi>: 抬头纹是弯的因为男婶有男朋友,<仙人掌小姐cherry>: 回复 @张猫要练嘴皮子 :赶紧的啊！只看到你在胖的道路上越走越远……快回来！男婶儿！,<宇宙无敌世界第一萌>: 男神都好几条抬头纹、所以你可以再瘦点恢复三条抬头纹的状态[偷笑],<陌莕莕>: 回复 @Little未来_Song :你懂的[喵喵],<张猫要练嘴皮子>: 回复 @仙人掌小姐cherry :我会瘦下来的！！,<Little未来终究会有猫的_Song>: @陌莕莕  彭于晏[doge],<张猫要练嘴皮子>: 回复 @猩猩小姐萌萌哒 :[哼],<蓬蓬大人>: 回复 @张猫要练嘴皮子 :你就当逗比不是挺好么,<张猫要练嘴皮子>: 回复 @蓬蓬大人 :[委屈][委屈][委屈],<猩猩小姐萌萌哒>: 婶别低头，抬头纹会掉,<张猫要练嘴皮子>: 回复 @我叫小蛋壳 :[鼓掌][鼓掌][鼓掌],<却大人>: 迷之自信 哈哈哈 @张猫要练嘴皮子,<仙人掌小姐cherry>: 男婶儿！你要是瘦一点还是很帅的好吗？,<立早宅主>: 婶！是谁给你的自信哈哈哈哈哈哈[哈哈][哈哈]]
defoe19900606	2016.6.6,26。 ​​​	[<麋鹿icon>: 6666666666666,<我不过是个小人物>: 这不是我男朋友吗，几天不打上房揭瓦，赶紧给我回家。,<-秃叽楚楚->: 喜欢你的嘴皮子[害羞],<阿Q和你>: 你再看！你再看！再看！我就把你吃掉！,<阿Q和你>: 男神别当妇女之友了！！只跟我交朋友好吗！！,<无处安放的大长腿Kk>: 66666666666,<张猫要练嘴皮子>: 回复 @晨凯憋嗦话 :哈哈 是的,<有木有晨凯>: @CV6熙  有点像你[笑cry],<张猫要练嘴皮子>: 回复 @川千印象 :[酷][酷][酷][酷],<川千印象>: 好帅！喜欢[花痴],<Camilla崔崔>: 回复 @张猫要练嘴皮子 :我只能说我喜欢这种长相的[脸红],<张猫要练嘴皮子>: 回复 @Camilla崔崔 :美颜给力,<Camilla崔崔>: 回复 @张猫要练嘴皮子 :我盯着这张照片看了好多次，我也不知道为什么[脸红],<张猫要练嘴皮子>: 回复 @Camilla崔崔 :可以是的！,<Camilla崔崔>: 男婶儿是妇女之友的意思么～～～,<兔子睡在窝边草上>: 回复 @野兔的机会 :大话熊猫是pandapia家的，张猫是给ipanda配的,<万绿丛中一点红呀>: [熊猫]男婶你的时间果然很多呀,<茶狗蛋>: @元气少女马妞妞  你情敌[哈哈],<黑与白的纯净>: Happy Belated Birthday  http://t.cn/R5Mgs82,<猫小沁96>: 著名网红生日之际发了自拍[蛋糕][蛋糕],<风吹过的街道LCX>: 回复 @张猫要练嘴皮子 :还有以后要早点睡这样脸上才不会长痘（保持帅气滴样子[兔子]），当然对健康也好[眨眼],<风吹过的街道LCX>: 回复 @张猫要练嘴皮子 :我刚好有看[兔子]果然是网瘾少年这么晚还在玩手机[哈哈],<张猫要练嘴皮子>: 回复 @风吹过的街道LCX :原来熊勒个猫 熊猫日记什么的都是我配音的,<风吹过的街道LCX>: 回复 @张猫要练嘴皮子  的赞:我理解你的自我感觉良好[喵喵]，毕竟你确实可爱无公害[兔子][熊猫]，那以后将滚滚的新鲜视频及时奉上的伟大事业就交给你了[鲜花]还有我有个疑问滚滚一般滴视频都是你配滴音吗一定要回复我啊！忘瘾帅哥[兔子],<张猫要练嘴皮子>: 回复 @冬彦是一颗杨桃 :谢谢！,<遇见未来遇见易烊千玺>: 回复 @张猫要练嘴皮子  的赞:啊啊啊啊男神赞我啦[崩溃][崩溃][崩溃][崩溃][好喜欢][好喜欢][好喜欢][噢耶][噢耶][噢耶][哈哈][哈哈][哈哈],<沛沛沛沛paper>: 回复 @张猫要练嘴皮子 :胖点好 胖点萌 [猪头],<张猫要练嘴皮子>: 回复 @冬彦是一颗杨桃 :哈哈哈！ 哦要瘦下来,<沛沛沛沛paper>: 回复 @张猫要练嘴皮子 :放心 [喵喵]现在胖多了 快赶上你了  果然喜欢熊猫的人就没有一个瘦的[喵喵],<张猫要练嘴皮子>: 回复 @冬彦是一颗杨桃 :哇哦～他可比我瘦多了！,<沛沛沛沛paper>: 回复 @张猫要练嘴皮子 :私以为鼻子嘴巴一模一样 正脸更像 只是没有正脸照 因为他非常不喜欢拍照 最重要的是他从小就特别特别喜欢熊猫 所有头像全是熊猫 你们不会是失散多年的兄弟吧 哈哈哈哈哈  http://t.cn/R5f4NiN,<张猫要练嘴皮子>: 回复 @冬彦是一颗杨桃 :求图,<张猫要练嘴皮子>: 回复 @任拌拌_不想输给人生 :[色][色][色][色],<一本正经的熊喵>: 配音的啊！你好我是🐼,<我房间里有鸡>: 男婶真是从小眉清目秀相貌堂堂 所有人都夸你玉树临风风流倜傥 走起路来都是风度翩翩器宇轩昂 长大之后必然骑上白马当上国王！,<影小怀字慕容_759>: 男婶儿终于露脸了！,<野兔的机会>: 生日快乐！张猫，什么时候出新一季 《大话熊猫》啊,<Hermanmummy>: 张猫是一只有才华的猫,<指缝流沙>: 脏猫竟然爆照片了 额 神秘感没有啦[开心],<奥胖控的小润润>: 这是婶儿？有生之年得见真容系列,<风吹过的街道LCX>: 传说中滴张猫[熊猫]也是个帅哥啊[兔子],<沛沛沛沛paper>: 我天 长得跟我男朋友好像！！！,<萌宝萌三三>: 一看就不是什么正经猫。,<捡肥皂咯>: [爱你][蛋糕],<乖猫猫3cc>: 忐忑就他唱的？还和那个谁搞基？[哈哈],<鄢小一>: 张猫好帅哟[嘻嘻],<lemmz2002>: 一看就不是正经猫,<急需高甜来拯救>: 生日快乐(｡･ω･｡)ﾉ♡,<屁墩儿爱织围脖>: 哼，一看就知道不是个好猫[猫咪][熊猫][熊猫][熊猫][哈哈][哈哈][哈哈][雷锋][雷锋][雷锋],<飞来飞去的马甲1>: 生快！原来这个就是张猫啊。我还以为他会有黑眼圈呢。,<默默的melody>: 男婶儿居然爆照了,<北極裡的熊>: 生日快樂！！！[蛋糕][蛋糕][蛋糕],<cafenait>: 你声音好听，可为啥长得要萌呢,<万倩茹Ariel>: 生日快乐！！！！[兔子][兔子][兔子][熊猫][熊猫][熊猫]]
defoe19900606	每次说认真发微博，然后就没消息了！这次是真的回来了！ 失踪人口回归！ ​​​	[<做人民的公仆为人民服务>: 回复 @张猫要练嘴皮子 :男婶儿不要有负担啊！好好工作！如果男婶儿因为我们就有压力的话，我会觉得愧疚的啊[哈哈],<张猫要练嘴皮子>: 回复 @北堂一十四 :对不起…,<张猫要练嘴皮子>: 回复 @纠八八 :晚上没能上！都进我群里提醒我啊,<张猫要练嘴皮子>: 回复 @yishibidi_59279 :唉 晚上没上成功,<做人民的公仆为人民服务>: 男神儿啊，为啥子要抛弃我们[泪]你追求梦想当然很好，可是我还是很忧桑，不是淡淡的！！！刚好在直播听到了主题曲，想哭[泪],<纠八八>: 回复 @张猫要练嘴皮子 :今天守在B站吧，导播每次放你主题曲的时候，大家都会发同样的表情一起玩，每次发，都能想到你,<yishibidi_59279>: 回复 @张猫要练嘴皮子 :发亿元不是有个扭来扭去的么，就是大家都在发啊，昨天发了7000多个呢,<张猫要练嘴皮子>: 回复 @yishibidi_59279 :亿元舞是什么,<yishibidi_59279>: 回复 @张猫要练嘴皮子 :哈哈，你刚刚卒了一次，过一会又会来一次哦，你没看到大家说的吗？刚才都在跳舞啊,<张猫要练嘴皮子>: 回复 @yishibidi_59279 :看不了啊,<yishibidi_59279>: 回复 @张猫要练嘴皮子 :就是现在哦,<张猫要练嘴皮子>: 回复 @yishibidi_59279 :[鼓掌][鼓掌][鼓掌][鼓掌]好的啊,<yishibidi_59279>: 回复 @张猫要练嘴皮子 :男婶儿居然回复了，好激动，下次一定第一时间来喊你。,<张猫要练嘴皮子>: 回复 @yishibidi_59279 :哎呀呀 怎么没人喊我,<yishibidi_59279>: 昨天晚上B站直播一直到半夜，直播间背景音乐刷了无数遍《熊勒个猫》的主题歌 ，大家跟着跳亿元舞，真是盛况。,<yishibidi_59279>: 然后呢?每天都来看看，请继续保持回归状态啊,<独爱黑白滚滚的牙刷刷>: 我就单纯的想知道为什么走了[泪],<爱茜茜哩898>: 两脚兽里最喜欢你的版本,<滚滚是什么可以吃么>: 熊勒个猫每天睡前必看啊，希望能继续出第三季[悲伤][悲伤][悲伤],<小咩的羊毛>: [抓狂][抓狂]滚滚们这么可爱，你就这么忍心抛弃它们吗？,<芝士仙贝配牛奶>: 很喜欢你的声音啊[悲伤],<Peaear>: 超喜欢男婶儿的配音QwQ希望男婶儿能实现自己的梦想[爱你],<我不是个小号你造吗>: 期待有机会看到下一季，有好几期我都是放在缓存里时不时就拿出来看着傻乐的，男神张猫哈哈,<懒润润>: 失踪人口，我们在群里等你！！！！！你快麻利的来露个脸啊！！！！！！！,<荲鹿>: 失踪人口，我们在群里等你！！！！！你快麻利的来露个脸啊！！！！！！！,<Dreamingsleeper>: 失踪人口，我们在群里等你！！！！！你快麻利的来露个脸啊！！！！！！！,<天真我大男神>: 男婶儿一定要经常回来串串啊(｡･ω･｡)ﾉ♡,<大脸猫AM>: 哎，可惜了。男婶儿一路顺风。,<柒瑾花Judy来自外星球>: 男婶，精神上理解你，但是情感上放不开你走啊，你要是不继续熊嘞个猫，我上哪去听年年都一样的拜年方式去啊[泪][泪][泪],<Ted_Mosby_>: 我也觉得太清闲会没有安全感，是不是家境普通的人的通病？,<熊猫小懒要减肥>: 张猫不要走，要不去演熊猫猫吧,<小王子sansan>: 期待你抽空继续滚滚们的故事[爱你][爱你],<自闭少女的日常你不懂>: 好想看熊了个猫啊，求出第三季，还有你配音！,<九重月明如素>: 男神的配音这么迷人[心]以后也要多发一些音频啦,<三炮后勤部东中1号小苦逼M>: 男婶儿[泪][泪][泪],<只围观不啃声>: 张猫二熊都走了[泪流满面],<Holocene_e>: 你不是去生猴子了咩,<指缝流沙>: 回复 @辉浅么么哒 :关注 熊勒个猫 然后搜索熊勒个猫主题曲 第二季最后一期有,<Alabaste>: 为什么是失踪人口不是失踪熊口也不是失踪猫口？？？,<夏天369258>: 不要走啊男婶儿[泪]大家都想让你留下来了。我等等啊等啊，还在想第三季什么时候粗来呀,<SomedayTheOne>: 猫勒个熊啊！！！居然还不甘清闲了，那就赶紧上新一季啊,<老--胡--啊>: 张猫张猫，好想你啊,<辉浅么么哒>: 回复 @指缝流沙 :主题歌叫什么 哪里有下载呀,<奥氏煤矿集团>: 男婶儿！就算你去追逐你的梦！也别忘了这一段带给我们的梦！！！！[泪][泪][泪][泪]以及熊勒个猫[爱你][爱你][爱你][doge] @张猫要练嘴皮子,<Nicky_Tien>: 回复 @取昵称好费劲啦 :他是跟二熊跑了,<Scarlet是最爱猫>: 哎，又一个人才走了啊,<柠檬糖钰>: 男婶儿，加油[好棒],<囡星雅>: 男婶加油[左上](^ω^)[右上]，期待下一季熊嘞个猫[许愿],<月关下马晒太阳>: 男婶啊你咋就抛弃了熊团子走了呢[笑cry],<素素不是仙>: 拍剧去啦？那就加油吧！,<xi游记>: 离开了还是可以做第三季嘛,<xi游记>: 。。。神马情况，我还在等第三季。。。。[晕][晕][晕][晕][晕][晕][晕][晕][晕][晕],<JasmineMMMMint>: 啊啊啊啊啊啊啊啊欢迎回来,<蓄青颜>: 男婶儿！~常回来看看啊~,<蹦跶蹦跶快起飞>: 等着熊勒个猫第三季[xkl转圈][xkl转圈][xkl转圈]]
defoe19900606	终于吃到了传说中的“翔瑞浴兽”… ​​​	[<张猫要练嘴皮子>: 回复 @一点都不笨的笨蛋 :正解,<yellow-blue-green>: 我做的熊猫吃翔[微笑]  http://t.cn/RUO1dWi,<解绑智能手机>: 靠！我报110去[哈哈][嘻嘻][哈哈][嘻嘻][哈哈][嘻嘻][哈哈][嘻嘻],<wentseason>: 熊猫吃翔，好吃么[doge],<高五狗的日常>: 总共六个，双数，三对，这低调的虐狗，我已经不想和你玩了[拜拜],<_Johnlisk>: TFPanda？,<宇宙无敌世界第一萌>: 所以...好吃么...,<嗷呜嗷呜Ann>: 团子辣么可爱 为什么要吃它,<败瓦中逸乐>: 熊猫吃翔[偷笑]]
defoe19900606	好多朋友问我要《熊勒个猫》和《熊猫冷笑话》的铃声啊！那不如出一套铃声吧…你们想要哪些片段呢？ ​​​	[<oO飛夢Oo>: 伸出小手扒住篮筐，往下一按，往里面一滚~~~[偷笑],<他让我取名跟我说都不可用>: 妈妈不要叼我那段！！！,<挽结>: 妈妈不要叼我啦~~~,<Justake>: 麻麻~不要叼我拉~~~~,<橙子酒222>: 麻麻不要叼我啦~~~[喵喵],<奋斗永远不能停>: 麻麻，不要叼我拉。。。。,<_DDDaniel>: 麻麻不要叼我啦～,<_V琅轩V_>: 哎呀呀，呀呀呀，呀呀呀呀喂和麻麻不要叼我啦~~~这两句简直大爱啊！太萌啦哈哈哈[爱你][爱你][爱你],<我叫王小瘦>: 那是什么?_?能吃么，好吃么？ 我要妈妈不要叼我啦，呀呀呀喂那段,<思颖同学_lilith>: 麻麻！不要叼我啦！,<宇原西>: 麻麻不要叼我了。。。。好吧。。。诶呀呀呀。。。呀呀呀呀啊呀,<春风像蛋挞挞挞挞挞>: 麻麻不要叼我！！,<小巫婆芒果>: 麻麻不要叼我啦！,<Eryn圣香>: 居然上头条了，静止吧世界,<外出晒太阳的菜刀妹>: 都想要[偷笑][偷笑][偷笑],<败瓦中逸乐>: 我要第一季的一月不减肥的那个！[哈哈],<叽里咕噜屋里哇啦拉>: 麻麻，不要叼我啦啦啦啦这句，太可爱了,<大世界de小微尘>: 麻麻不要叼我 please!!,<大号不能被发现啊>: “妈妈不要叼我啦”以及“哎呀呀哎呀呀哎呀呀~喂”,<陌莕莕>: 第二季第二集的迷之娇喘可以出短消息铃声[doge][喵喵][doge],<无聊得发呆的熊>: 麻麻不要叼我啦～,<草西V>: 麻麻 不要叼我啦,<微澜湖>: 必须是妈妈不要叼我啦！！,<长直发的我s>: 哎呀呀～哎呀呀～呀呀呀呀喂～[笑cry][笑cry],<梁洛菡>: 男神，能发放一下福利么？其实我想要滚滚的叫声做手机铃声[可怜][可怜]当然，只要是你的声音，哪段我都爱哦[心][心],<你好哇夏银河_>: 爱丫丫哎呀呀呀呀呀喂,<xhqfhghmjh>: 当然是“哎呀呀~，呀呀呀~，呀呀呀呀~喂”[眼泪],<Oo柒月小雨oO>: 哪段都喜欢，你随便发，绝对支持[强壮],<Uranus_chan>: 下水道那个片段，喂，你是谁，还有人阿说话，真好玩,<李嘉二二二二>: 麻麻～不要叼我啦！,<凌sleep>: 我喜欢去年说园润的那期：一月不减肥，二月徒伤悲。。。。的那个！,<穿背带裤的熊猫>: 奥利奥从小眉清目秀那段,<ariwn>: 啊……稀粑……萌萌哒[doge],<锤萌>: 要哎呀呀～呀呀呀～呀呀呀呀～喂！[哈哈][哈哈],<蔡蔡菜菜蔡蔡蔡>: 麻麻不要叼我了～,<尛筽氼>: 每次开场白风和日丽的一天，就知道开始了,<手机用户1852592662>: 还有小团子越狱那一段,<水一水>: 哎呀呀 呀呀呀 呀呀呀喂,<你大哥咩咩>: 啊~~~~~~~~~~麻麻不要叼我啦~~~~~~~~,<改名狂魔丫四毛>: 奥总裁卡头那一段！,<尛筽氼>: 每次开场白风和日丽的一天，就知道开始了,<烦透了微博>: 哎呀呀，呀呀呀，呀呀呀呀喂,<面包CLOVER>: 哎呀呀~呀呀呀~呀呀呀喂~,<少时玩花不解语>: 哎呀呀，呀呀呀，呀呀呀，喂,<奋力奔跑的熊猫>: 麻麻不要叼我啦～～～～ 哎呀呀～呀呀呀～呀呀呀～喂～～,<朕知道朕略萌>: 哎呀呀哎呀呀呀呀呀呀,<关Guan太太>: 都出吧都出吧哈哈,<张猫要练嘴皮子>: 回复 @德的脑残痛子饭tacchan :龚琳娜的忐忑…,<德的脑残痛子饭tacchan>: 下水道那个神曲!至今没明白你在唱什么。。。,<洋葱每天都睡不醒>: 哎呀呀哎呀呀。。。]
defoe19900606	终于下班了！工作服该洗了… ​​​	[<字说字画字说字画>: 我们四川是6月6，晒衣服.....[嘻嘻][嘻嘻][嘻嘻],<皇昊月>: 小心衣服被偷 到時候你就只能以身相許了,<我吃肉真的不算浪费我能胖>: 求高清无码，做屏保！,<iPanda熊猫频道>: 周末晒衣服喽[哈哈][哈哈][哈哈],<乖猫猫3cc>: 回复 @XLMS立沙 :真滴为,<XLMS立沙>: 到底是真猫还是假熊？[疑问],<七月佳佳>: 这是张猫君的工作服？尺寸不对吧？,<Cecily2040>: 其實我一早就知道全部都是你們扮的[挖鼻][挖鼻]張貓，你扮哪個?奧莉奧嗎？,<李侠侠啊>: 我就知道，它们都是工作人员假扮的！！都是披着熊猫皮的人！！！,<Claire_WM>: 自挂东南枝的教科书版教学!,<解绑智能手机>: 那条拉链没达到10000000000次使劲拽标准。退货退货。赶紧的！我们奥总裁的淫威你是知道的[嘻嘻][哈哈][嘻嘻][哈哈][嘻嘻][哈哈][嘻嘻][哈哈],<梦舞沁莲>: 禁止水洗，禁止干洗，禁止漂干，禁止熨烫，这是一次性的[笑cry],<改的了名字的帅对>: 工作服春秋季节两套，顺丰到付，谢谢[doge][doge],<乐小公子>: 这工作服给我来十套。,<凌sleep>: 我愿意帮你洗。。 。。,<Dreamingsleeper>: 今日最佳！[哈哈]~,<夏草季节>: 说，你平时扮的是哪只猫？是永浜吗[偷笑],<张猫要练嘴皮子>: 回复 @梁洛菡 :额…,<梁洛菡>: 这个size你不合身吧[偷笑],<水灵灵就是吾>: 此工作服可以购买嘛？来一套,<陆米啊陆米>: 哈哈哈哈哈哈配图好评,<_饣并_>: 缺洗衣服的吗，上过大学那种[doge],<自闭少女的日常你不懂>: 特别形象，大写的可爱[可爱],<葩索宝>: [笑cry][笑cry][笑cry][笑cry][笑cry]好可爱,<80rh>: 张猫张猫 我要听你学熊猫妈妈说话 做成铃声,<源源的小胖墩>: 这得晒两天才能干透,<一只招财猪>: 哈哈哈[笑cry][笑cry],<瓷娃娃艾米>: 原来是工作服啊~[笑cry][笑cry][笑cry]]
defoe19900606	下雨天，蜗牛和远方更配哦～ ​​​	[<张猫要练嘴皮子>: 回复 @我叫王小瘦 :[傻眼][傻眼]吃不起法餐,<张猫要练嘴皮子>: 回复 @有一只梅花鹿_ :稍等…百度…,<李喜楽>: 我不管 粉丝破万请吃饭 你自己看着办！,<德的脑残痛子饭tacchan>: 你忽然这么小清新我好不习惯[挖鼻],<80rh>: 这都可以有。。。[傻眼],<我叫王小瘦>: 蜗牛和焗不是更配么？远方是种什么做法，能吃么，好吃么,<Arredondo_>: [飞吻][飞吻][飞吻],<有一只梅花鹿有一只巴哥>: 你造蜗牛有多少颗牙吗[doge],<当归于半夏>: 麻麻不要叼我啦～～]
defoe19900606	晚上，这里好安静啊！ ​​​	[<Dreamingsleeper>: 回复 @张猫要练嘴皮子 :[挤眼],<永远睡不够得了轻抑郁症的派大星>: 在成都念书到现在我可以很负责任的说:这里可比北京热多了，张猫猫可以不穿秋裤啦！萌萌哒！,<闵苏噶的ROLEX>: 回复 @张猫要练嘴皮子 :[坏笑]那你要瞪大雙眼看著咯,<张猫要练嘴皮子>: 回复 @静静默默SayGoodnight :我只有熊猫眼……,<闵苏噶的ROLEX>: 回复 @张猫要练嘴皮子 :你有熊貓毛護體，不怕,<张猫要练嘴皮子>: 回复 @静静默默SayGoodnight :[吃惊][吃惊][吃惊]别这么说,<张猫要练嘴皮子>: 回复 @李卓TinTin :对呀对呀！,<张猫要练嘴皮子>: 回复 @Dreamingsleeper :……好押韵……,<张猫要练嘴皮子>: 回复 @果优优 :等不到啦,<闵苏噶的ROLEX>: 那麽調皮，待會[幽灵]找你咋辦,<永远睡不够得了轻抑郁症的派大星>: 张猫猫又来成都了？,<Dreamingsleeper>: 月黑风高，入园探猫；来者何人？奏四长猫！[熊猫],<果优优>: 坐等张喵被爬窗。。。。。]
defoe19900606	还是熟悉的位置！还是熟悉的两口路！ 成都·重庆两路口老火锅(倪家桥店) ​​​	[<张猫要练嘴皮子>: 回复 @面瘫少女-_- :哈哈 两路口就是重庆的！不过没在重庆吃过～,<陈称秤成沉__>: 是火锅嘛！！？？[doge][doge][doge]大半夜的丧心病狂啊～～～[喵喵][喵喵][喵喵],<闲闲小女子>: 张猫。。。大晚上的别这样,<淼淼的亲妈>: 张猫张猫，期待你多学团子用假声说话，好可爱！,<砍樵的大鱼>: 这家味道可以哇？,<贝克街首席捕鼠官>: 大半夜的[泪]张国庆我恨你！,<面瘫少女-_->: 吓一跳，还以为你来重庆了呢[拜拜]]
defoe19900606	我最怕让在乎我的人失望了！所以我要努力了！谢谢微博关注我的朋友们！张猫会做的更好！ ​​​	[<张猫要练嘴皮子>: 回复 @丢兔兔最爱豪豪小宝贝啦 :嗯嗯！加油！！,<张猫要练嘴皮子>: 回复 @闲闲小女子 :哈哈 谢谢！没有欺负 只有自我施压 [哈哈][哈哈],<张猫要练嘴皮子>: 回复 @pearl游走在人生边上 :[爱你][爱你][爱你]谢谢～！,<张猫要练嘴皮子>: 回复 @塔塔yang :[哼][哼][哼][哼]人家是靠嘴皮子吃饭滴！,<滚滚滚滚我爱你>: 怎么的了这是，挺好的啊[做鬼脸][做鬼脸],<Dreamingsleeper>: 回复 @张猫要练嘴皮子 :[嘻嘻],<闲闲小女子>: 张猫君肿么了？谁欺负你了，关门放呆毛！看我们呆萌凶残的双欣童鞋大发雌威！,<止于至善93>: 国庆节快乐！请向各位圆滚滚君转发祝福！[爱你],<塔塔yang>: 回复 @张猫要练嘴皮子 :[挖鼻屎][挖鼻屎][挖鼻屎]你放假不是应该在动物园扮成熊猫吸引游客？,<张猫要练嘴皮子>: 回复 @塔塔yang :哎呀  我放假回家啦！等我回去哈！,<张猫要练嘴皮子>: 回复 @Bonnie宝Liu :西兰花！也赞！哈哈哈[哈哈][哈哈][哈哈],<塔塔yang>: 张猫你在北京不？我可以走十五分钟去北动请你吃好次的[嘻嘻],<张猫要练嘴皮子>: 回复 @七_琪_起_弃 :会越来越健康的！[哈哈][哈哈][哈哈][哈哈],<张猫要练嘴皮子>: 回复 @孤舟自泊山水间 :[泪][泪]感动！谢谢！最近也有点上火！不过没关系的！谢谢啊！！,<张猫要练嘴皮子>: 回复 @valium柔 :谢谢柔柔！早休息哦！千万不要熬夜啊！,<张猫要练嘴皮子>: 回复 @来生愿为圆滚滚 :嗯嗯！会更黑的！哈哈！！,<张猫要练嘴皮子>: 回复 @饼干警长的暑假 :[爱你][爱你][爱你]谢谢！！,<张猫要练嘴皮子>: 回复 @神烦跟屁熊成小 :[爱你][爱你]谢谢！！,<张猫要练嘴皮子>: 回复 @奥淼对双 :嗯嗯！谢谢！我会更努力的！,<张猫要练嘴皮子>: 回复 @图阿南 :谢谢！加油！！,<张猫要练嘴皮子>: 回复 @思一号胖达专列 :哈哈哈 谢谢你爱的抱抱！,<张猫要练嘴皮子>: 回复 @Dreamingsleeper :哈哈哈 还有人记得张猫斯！你太厉害啦！谢谢！,<张猫要练嘴皮子>: 回复 @慕容琉鄢_影小怀 :[爱你][爱你][爱你]谢谢！！,<Bonnie宝Liu>: 张猫君，油菜花，赞。。,<桑舍巴斯基爱滚滚>: [眼泪]黑黑滚滚更健康,<孤舟自泊山水间>: 猫哥加油~~不过也别太累哦，不然又要满嘴口疮火泡了[生病],<ZROU噢>: 加油。一定会更好。,<来生愿为圆滚滚>: 加油张猫君，加油黑~,<六一是颗小汤圆儿>: 张猫君最棒[鲜花],<奥淼对双>: 加油，凡事尽心尽力就好，支持你哦！,<YuvalHarari>: 脏猫！你永远系偶的大肥王！Oh不，偶永远系你的大肥王！偶的性感黑胸毛永远向你敞开耶！么么哒！快来吐槽偶！加油加油加油！[太开心],<Dreamingsleeper>: 加油张猫斯，加油！,<影小怀字慕容_759>: 沙发支持脏猫君[挤眼]]
defoe19900606	你好，微博！ ​​​	[<Uli涛涛>: 到底了到底了[doge][doge],<米姑娘你好>: 用了一下午翻完了,<蔡-公子>: [doge]翻完了  http://t.cn/RauwYm4,<小仙女洛丽塔Lolita>: 哈哈哈哈哈哈哈哈哈哈哈哈哈真爱表示翻到底了🙃,<芊芊雨翩>: 翻到底了，哈哈[开心],<迷人罪>: 回复 @碗我洗嘛 :不看评论很快的,<碗我洗嘛>: 回复 @迷人罪 :你没仔细看吧[二哈][二哈],<潓漈>: wtf！我是真爱！到底了！,<迷人罪>: 回复 @碗我洗嘛 :我一天[污],<辛辛德瑞拉>: 居然看完了[嘻嘻][耶],<阿七菇凉_muma>: 回复 @阿七菇凉_muma :还是通过QQ助手[污][污][污],<阿七菇凉_muma>: 终于翻到底了，我的男神。,<树木木木>: 打卡[噢耶][噢耶],<董小姐的一封信>: 终于翻完了 打卡 滴滴[爱你],<卿须缓缓归矣>: 翻到底，打卡[doge],<囍相逢呐>: 回复 @毒心術呀 : @张猫要练嘴皮子,<囍相逢呐>: 你好 猫婶儿  虽然昨天才看你微博 但我坚持用一天时间看完了  想一直守护你  [微笑][微笑][微笑][微笑],<儿朵耳朵儿>: 回复 @开耳栗 : @张猫要练嘴皮子,<儿朵耳朵儿>: 你好 男婶儿~[思考],<麦兜酥酥>: 这真是一个奇迹 我终于看完了你所有的微博 虽然并没有每一条都赞【表打我】 男婶儿，哇爱你！ 比心 [爱心][心][飞吻],<碗我洗嘛>: 张猫，我花了2天时间，从头看到了最开始的一篇微博，支持支持。很喜欢你说电影，会一直支持到底！[坏笑][坏笑][坏笑] @张猫要练嘴皮子,<王小發財>: 挖到底啦[开心],<张好一个哇塞>: 哈哈哈哈哈哈哈哈哈哈哈哈哈哈,<别闹许嵩是我的人>: 我只想告诉你我翻到底了,<任地霸霸>: 终于看到最后面了[羊年大吉],<顾朝贝>: 男婶！！终于翻到底了！！[鼓掌]上次半路失败了，这次打卡成功！！一直默默关注你，好可爱的男婶，不！是男神！来自一个小迷妹[污]要奖励！！男神的回复[可怜][可怜][可怜],<hh纷飞>: 你好！ @张猫要练嘴皮子  我刚刚关注了你哦！继续加油！,<朱朱大人z>: 你好，小喵喵[哈哈][嘻嘻][嘻嘻][嘻嘻],<童TONG童银君_>: 男神！男神！我也翻到底了[喵喵],<灰兔子的大鼻孔>: 你好，张猫，每次想到这个名字就会想到“长毛”[挤眼],<从前已经遥远我真感谢有你能想念>: 你好 男婶！[挤眼],<吴美人e>: 你好猫婶儿~~~我特么终于翻到底了,<兔子乔小妞>: 终点站到啦[格子旗],<小阿怪Ag>: 啧，翻到底了[doge],<江湖人称小华华>: 真的翻到底了[眼泪][眼泪][眼泪],<初诺未央>: 矮油，我翻到底了哎，这里人好少,<慧子的星空海>: 哈哈哈哈。第一条微博。在papi那里看到你就关注了。[鲜花]男婶儿，你好。,<上帝的顽皮小天使>: 真的有宝宝像我一样的翻到了最底呀！ 当初第一次发微博的时候是什么心情呢，一定不会想到有好多小粉丝会翻到你的第一条微博吧[可爱]其实看完所有还觉得我们的zf张猫先生还蛮可爱的[比心][害羞]好啦，好好工作。   -------------来自张猫男神的小迷妹[害羞],<郭德纲爱人>: 打卡成功！获得男婶儿香吻一枚[哆啦A梦汗],<-南乔>: 终于翻完了你的微博[喵喵],<捡来的傻兔子>: 男神，，看看看，我叫你男神，不是男婶哦[爱你][爱你][爱你][爱你][爱你][爱你][爱你][爱你]求翻牌，求回复[太开心][太开心][太开心][太开心][太开心][太开心],<张猫要练嘴皮子>: 回复 @空灵Aqu :那是的！！哈哈,<空灵Aqu>: 回复 @张猫要练嘴皮子 :喔 闯关奖励：男婶的回复 ⊙ω⊙,<张猫要练嘴皮子>: 回复 @空灵Aqu :恭喜闯关成功！,<空灵Aqu>: 哈哈从头翻到尾了,<城南的口袋>: 回复 @张猫要练嘴皮子 :嘿[哈哈]占领微博第一条回复～男神早点睡啦o(≧v≦)o晚安～,<张猫要练嘴皮子>: 回复 @我要做陪千玺的那个人 :刷了好多啊,<张猫要练嘴皮子>: 回复 @城南吃土中 :刷了这么多呀,<张猫要练嘴皮子>: 回复 @小罐子里装小灰子 :谢谢！[哈哈][哈哈],<小罐子里装小灰子>: 当你粉丝多了，就不会来回复了。[太阳][太阳][太阳][太阳]可能是因为我也在雅安，成都呆过，所以觉得比较近，就想来多说几句。[害羞]啦啦啦，祝你天天开心吧[哈哈][哈哈],<小罐子里装小灰子>: 我居然一直刷到了这里[笑cry][笑cry]如果有不妥，还请见谅]
