guokrfact	你们猜猜这是啥[doge]提示：这是@变态学教授无铭 点名想看的器官 #解剖巨鲸# ​​​	[<啊_吖__>: 回复 @黑猫Van :[生病][生病][生病][生病],<fuckingbadgal>: @博物杂志  薄雾这是什么 看不懂[看看],<我叫糖葫芦i>: 我的饭啊…白吃了,<冰泉温酒>: 我就吐槽一下居然有人不知道海水咸是因为矿物质吗？,<谌然Believing>: 回复 @不高冷的周星星 :明明是一股矿泉水的味道[拜拜],<有个香蕉叫芭拉>: 回复 @禁止卖蠢别看了就说你呢 :→_→,<禁止卖蠢别看了就说你呢>: @有个香蕉叫芭拉,<谌然Believing>: 回复 @不高冷的周星星 :有意思的理论，可是，游泳池的水尝起来并不咸[doge],<谌然Believing>: 深井冰，鲸鱼那么大的块头，飞机该怎么打？[黑线],<南门二b>: 为什么海水这么咸？还不是因为你们这些城市人边游泳边小便,<无足海参>: 回复 @为所欲不为 :常识呢....它体细胞也没有肉眼可见啊,<yummmmm_>: 一看你就知道吃过才知道咸,<客官你的肥皂掉了我帮你捡起来吧>: 这么污，当然是鸡鸡。,<Ton耳朵>: 回复 @HYL_蘭 :[doge],<WellNiceTry>: 咦链接大变态 @Caddress,<sssssu_u>: @Q詠Q  科普,<okuribito1919>: 所以你想说精液是咸的咯[doge],<HYL_蘭>: 鲸鱼的精液是咸的？人的并不咸啊…[doge],<一头大草>: @腿太郎  在不在你的收集范围内,<Lotus_Yue>: 回复 @肥墩墩大人-_- :卧槽,<一个笙>: [拜拜]什么人才会把“精液量”和“宝宝喝奶量”这俩指标放在一起,<一朵小尘埃>: @一朵小尘埃神马幻彩星   @一朵小尘埃她妹,<_鋒記_>: @flea54mo  重口味,<雨晴若是久长时>: 教主怎么知道是咸的,<NANIKORESUGOI>: 所以，你们为什么会知道精液是咸的？,<黑猫Van>: @Shan-宝贝儿  卧槽,<键盘用户16816888>: 回答，你怎么知道精液是咸的[笑cry][doge][笑cry][doge][笑cry],<HadFlight_小白>: 都尝过呀[吃驚],<我吃牛百叶>: 谁能想象男人的一次射精量相当于他儿子四天饭量的？,<社工老江>: 好重口的说法// @谣言粉碎机 :海水这么咸，是不是因为这些大块头在海里排放了太多了精液？想法倒是挺新奇，然而事实上并不会→_→ http://t.cn/amFIZ9,<狼与二哈>: 回复 @为所欲不为 :不会，细胞大小有极限的。就像大象和老鼠比只是细胞多……而不是细胞更大。,<Whitedab>: @Lo6_CS  我要吐了,<素素素素传谭>: 回复 @玩世不恭张先森 :[拜拜]妈的智障,<一千二百零七_lim>: 蓝鲸:妈的智障[doge],<天下第一制鞋匠人>: 我擦，你怎么知道XX是咸的。。。,<佟丽娅滴粉丝>: 请问一下，在海里撸管会不会引来鲨鱼,<傻hei的jiu>: 你猜这是什么 @啾de傻hei,<吃饭就像干架>: [doge][doge][doge][doge]原来如此。,<dragon张先森>: @Suzy_传素  细思极恐[哈哈]好污,<mysolarrain>: 那个无铭的微博我都不敢看，有些真的好恶心。,<nocommentyet>: 不可能精液使海水变“咸”（或者“更高盐度”），除非蓝鲸从海水以外摄食——质量守恒定律[doge],<zyyme_84>: 知道精液是咸的，细思恐极啊,<肥墩墩大人-_->: @Lotus_Yue,<云破月弄花>: 这种动物的精子会不会跟珍珠一样大？,<一式天灵琦想>: [doge]po主 你说的是恒河(不懂的可以去看恒河的神话故事 污的不能再污了),<能BB吗>: 吃啥补啥，抓紧割下来。,<白藥丸Summer>: 居然没打马赛克[doge],<Billups>: 你真的需要一包汰渍 @谣言粉碎机  [doge],<一个螃蟹八只jio>: @不是水懒是水獭  卧槽,<Fzy-Edison>: @浩个小贱人  大不大,<FREYMAR>:  jy好咸 你好污,<文刀立三皮>: 谁说精液是咸的？,<锅炉桑>: 你怎么知道精液是咸的[doge],<南山大大大大王>: 咦 你怎么知道精液是咸的？]
guokrfact	和我们一起，干点儿英雄事迹吧。 ​​​	[<锈迹和风>: 回复 @乔慕念格M :我只想说，根本没时间[笑cry]尼玛今天下午的课从12：55上到17：40,<各国广泛的会>: @DawnXII,<迷你周>: 那就等我吧，先去找两年工作经验，反正追求真理的心不会变[眨眼],<回忆专用的小靴子>: not文科生friendly的招聘，伐开心,<厦丶>: 每天打四小时的飞机去上班，累啊,<点咚咚>: @xxxxx天_番茄ver,<出来混迟早是要逗的>: 那你能不能出来辟谣。。难道要我成天看婆婆，博物来辟谣，要你有什么用！！！！[哼][哼],<一个拉轰的boy>: 暑期实习要不要[羞嗒嗒],<浪費這天空>: 哈哈哈哈哈哈哈哈,<头上长了两个包>: 去租条船开个会…？,<我是牙牙>: 请转给你关心的人，哈哈哈哈哈哈，粉碎娘神吐槽// @谣言粉碎机 : 回复 @SummerMarmot :当然不是，请转给你最爱的人。 // @SummerMarmot :这个招聘是个谣言吗2333 // @谣言粉碎机 :工作地点北京。说学历不够的，下面不是还写着诚招实习生呢嘛[doge],<吴茨稔>: 被粉碎机转过的微博都是谣言[doge][doge][doge][笑cry][笑cry][笑cry],<苏州翡翠翠>: 最想转给自己，第二个简直是我的理想工作，希望博士毕业时还能遇到这样的职位// @谣言粉碎机 : 回复 @SummerMarmot :当然不是，请转给你最爱的人。 // @SummerMarmot :这个招聘是个谣言吗2333 // @谣言粉碎机 :工作地点北京。说学历不够的，下面不是还写着诚招实习生呢嘛[doge],<我是牙牙>: hhhhhhhh,<快乐地痴迷丶>: 可我只是个逗逼，咋么办[悲伤],<娜样杰扎>: 我英专…作为一个文科生我也很关注科技界的事情[泪流满面]]
guokrfact	和我们一起，干点儿英雄事迹吧。 ​​​	[<膝盖中箭囧坦克>: 房租那么贵，又不给报销,<i苏先生>: 实习生就是打白工的，然并卵[挖鼻],<George7th>: 这个账号居然还活着…,<白毛小狼狗>: 工资能不能给个范围啊？]
guokrfact	真有“吃肉影响智商”这样的研究么？请看@窗敲雨 的查证：吃肉影响智商么？ ​​​	[<樟树妖>: 回复 @卷儿爷JO :…………,<秋本喵>: @陈老虾  我信,<阿田太郎大君__>: 回复 @普罗旺斯体验北非风情 :不同意。我们是在“自然”的定义上有不同见解，无法继续谈下去了。,<为知笔记老魏>: @保存到为知笔记,<定春128号>: 最后一句太搞笑了，向来是肉食者被素食则斥为异端，各种道德压制，现在还妄图智商压制了，呵呵。,<胖死的小蝌蚪跟瘦死的大蝌蚪谁大>: 但是还是能得出一个猜测：现在喜欢吃肉的人可能小时候比较笨[哈哈],<阳光海浪和鱼>: 回复 @田里个田里个陈雨田 :切尔诺贝利事件后，在此禁区内安装人类的认知是不适合生存的，但事实是还是有很多生物体可以生存。我们说我们的生产行为导致某些物种消失，但自然界还有，我相信是很大部分物种是我们未知的。你的例子说对土地的破坏，这个破坏只是对特定的事物来说是破坏，但对自然来说，它只是不同的“存在”而已,<竹篛>: @一坨臭大粪的狮子,<阿田太郎大君__>: 回复 @普罗旺斯体验北非风情 :对不起我没有好好地读你的句子。既然你说可以做便表示自然的调节能力允许，那请解释速生桉林对土地破坏的巨大影响力。,<阿田太郎大君__>: 回复 @普罗旺斯体验北非风情 :如果我们是靠打猎为肉类来源的话，你说的没错。但人为地开辟农田难道不会对土地造成伤害？我不相信。,<阳光海浪和鱼>: 回复 @田里个田里个陈雨田 :资源消耗了不是凭空就没有了。最简单例子就是碳循环，消耗掉一种已知的资源，总会有一种新的资源。而且也不存在适应性问题，这些都是自然规律的调节作用。人只能服从自然规律，不管我们做任何所谓的“好事”还是“坏事”。只要能做，就是自然允许的，既然允许，那就说明自然有能力调节,<亚历山不大c>: @小小莹0223  谣言,<阿田太郎大君__>: 回复 @普罗旺斯体验北非风情 :肉类消耗量跟环境关系是很大的。举个极端的例子，素食者一餐吃一斤玉米，肉食者一餐吃一斤猪肉，养猪至少半年，猪每餐两斤玉米。玉米需要灌溉，需要养分，对土地是有影响的。肉食爱好者所消耗的资源其实是比素食者大得多的。,<FXcoin9>: 回复 @yuxuelu9 :[哼],<一条好兔>: 最后一句。。。。明明常常是食素者一副圣母样，同意评论里的，这种观点就是极端素食主义者炮制出来的。,<阳光海浪和鱼>: 最后一句好荒唐。 吃肉本身就是天经地义。符合自然规律就是对环境好，少拿人的想法去揣度自然的好坏,<如一个人听雨>: 回复 @笙十三 :[拜拜]从小爱吃肉,<yuxuelu9>: @FXcoin9  你童年一定智商低,<微澜澜澜>: 我超爱吃肉。。。但是智商很高啊。。,<白knight>: causality correlation和correlation，看多了自然明白,<啤酒鸡块>: 管他呢，降低我认了,<爱睡觉的狗子>: 回复 @江华John :[斜眼],<冬寒小生>: 以前看过一个纪录片，里面有一面善的中年人说，人类之所以变聪明，就是因为吃肉了。所以我一直认为，我是杂食动物里的食肉动物。,<大老虎的小悦悦>: 回复 @不想说话的橙子 :[偷笑][偷笑][偷笑],<丨奈文摩尔丨>: [good][good][good],<紫心芥蓝>: 就算降50%智商，也还是抵挡不了吃肉的人性啊。,<duedueduedue>: 回复 @咖喱膏 :这是一堆智商低的，实在找不出为什么自己比别人笨的理由，就要拖所有人下水。。。,<不完美先生和完美小姐的故事>: 美国专家发现：爱吃鼻屎的人智商高…爱吃米田供的智商更高…,<膝盖中箭囧坦克>: 素食魔人们信，还贴吧到处宣传，顺便举报了肉食吧……,<江华John>: @彭呀彭呀彭  有人信[lt切克闹],<5CVISION_TATA>: 其实这个结果是告诉大家少吃一点猪肉牛肉，多吃一点鱼和鸡的人智商要高一点点。如果绝对吃素的人其实是傻逼，智商连一百都上不了……[挖鼻屎],<karina就是萤火虫>: @口水妖怪  你就很爱吃素啊 ,<BERYL莉莉>: 应该是智商影响吃肉！ // @谣言粉碎机 :谁信！,<虎妞御用小马甲>: @飞扬呐  难怪你这么喜欢吃肉！心疼,<伯恩的霸权>: 就是因为吃肉人类的大脑才不断进化的啊,<守zhu待tu>: 素食动物的智商世界第一统治世界,<harps>: 不吃才影响。我吃一天素就想杀人,<電砲飛腳>: 只吃素是一种反自然的行为，素食者不配以人类的形态存在,<某年某月某日某刻我这样说道>: [doge]吃素者// @谣言粉碎机 : 谁信！,<Surprise_Nfix>: 活着不吃肉干啥……,<瑞牛大叔>: 一句话概括：吃肉降智商是极端宗教或素食分子（尖似鞋教）搞出来的谣言。,<曹操大叔>: 当初不就是吃了熟肉，比其他屌丝动物摄取了更多的蛋白质才真正走上智慧人类的道路么，才过了几十万年怎么就给忘了。。。。。,<花见河童与稚音>: 回复 @最终鬼畜猫 :谁信呐,<张纤也有重名啊>: 这是典型多万媒体断章取义 // @谣言粉碎机 :谁信！,<高冷的柯基大侠>: 原来我智商很早前就这么高了,<mary米立米立>: 我打小到现在为止还是比较偏素。。。。[拜拜]// @谣言粉碎机 :谁信！,<麦欧爱斯>: 别说是假的，就算是真的，你以为这样就能阻止我吃肉？[拜拜][拜拜][拜拜]// @谣言粉碎机 :谁信！,<不厌橙>: @杜坚强dy91  ,<Doris-多普勒>: 骗人！我不信。[右哼哼] @J-Gloag丛林蝎,<鹿玖w>: @墨散烟火  哼,<Bury2morrow>: 素食者写的吗，就跟peta那帮子一样，吃螃蟹吃虾吃老母鸡都管,<澳门马岱葛洛北>: 回复 @九斤老妪 :[喵喵]可惜现在成了个呆逼 真是忧伤,<九斤老抠>: 回复 @Rust_McNulty_葛洛北 :at你就是为了给你一种智商向上的感觉[酷],<小神屬貓>: 所以可以放心吃肉了……(一边捏着肚子上的脂肪)]
guokrfact	你跟着一起转了，就说明你在看春晚…… #小彩旗你歇会儿吧# #春晚# ​​​	[<谯谯谯谯谯谯>: @金天爽  这身材！,<大A君zzZ>: 看盯着小腿看时，是顺，看影子时，是逆时针哦,<有什么了不起的盖茨比>:  // @谣言粉碎机 :你是否听说过看这张图上人的旋转方向可以判断自己是左脑思维还是右脑思维？这是个谣言啦： http://t.cn/zH0wLUg  ,<Molly要hold住>: 我和一个朋友同时看，转的方向不一样怎么解释?,<水墨瞳在此>: 原来周伯通、郭靖、小龙女接受过裂脑手术？,<驱虎骑士>: 祝你新年快乐万事顺心家人安康[可爱],<巴黎刀刀>: 回复 @萌宠的主人小白熊 :后来我们就可以随便想看成左就是左，想看成右就是右了 哈哈[哈哈],<Iron-Ley>: 从来就没有信过这种[挖鼻屎],<妮卡是只猫>:  // @谣言粉碎机 :你是否听说过看这张图上人的旋转方向可以判断自己是左脑思维还是右脑思维？这是个谣言啦： http://t.cn/zH0wLUg  ,<萌宠喵的主人喵>: @巴黎刀刀  咱当初还看了好久呢。。。。,<仅仅是换一个名字而已>: 谣言，哦哦哦// @谣言粉碎机 :你是否听说过看这张图上人的旋转方向可以判断自己是左脑思维还是右脑思维？这是个谣言啦： http://t.cn/zH0wLUg,<aime达娃>: 回复 @asuka-chinn :我也是 能控制它转，就脑子想不同类型的事。情绪不同的,<Dolinfo>: 我怎么只能看到向右转[晕],<热死个人了呢>:  // @谣言粉碎机 :你是否听说过看这张图上人的旋转方向可以判断自己是左脑思维还是右脑思维？这是个谣言啦： http://t.cn/zH0wLUg  ,<雅八郎>: // @谣言粉碎机 :你是否听说过看这张图上人的旋转方向可以判断自己是左脑思维还是右脑思维？这是个谣言啦： http://t.cn/zH0wLUg,<asuka-chinn>: …我…两边都可以……只要给自己暗示… // @谣言粉碎机 :你是否听说过看这张图上人的旋转方向可以判断自己是左脑思维还是右脑思维？这是个谣言啦： http://t.cn/zH0wLUg  ,<阿橘hh>: [嘻嘻][嘻嘻][嘻嘻]// @谣言粉碎机 :你是否听说过看这张图上人的旋转方向可以判断自己是左脑思维还是右脑思维？这是个谣言啦： http://t.cn/zH0wLUg,<刺桐种子>: 不要在意这些细节→_→（好吧其实可以看看。。）// @谣言粉碎机 : 你是否听说过看这张图上人的旋转方向可以判断自己是左脑思维还是右脑思维？这是个谣言啦：  http://t.cn/zH0wLUg,<KeyOnYo>: 回复 @香芋蜜柚 :点开没看完,<夏天好热的>: 回覆 @香芋蜜柚 :小彩旗啊,<KeyOnYo>: 回复 @木如言_羽 :哦，和春晚啥关系,<张三钉>:  // @谣言粉碎机 :你是否听说过看这张图上人的旋转方向可以判断自己是左脑思维还是右脑思维？这是个谣言啦： http://t.cn/zH0wLUg  ,<夏天好热的>: 回覆 @香芋蜜柚 :谣言啊,<陈温颖-CAROLINA>:  // @谣言粉碎机 :你是否听说过看这张图上人的旋转方向可以判断自己是左脑思维还是右脑思维？这是个谣言啦： http://t.cn/zH0wLUg  ,<兰度郁金香>: [抓狂]这个居然也是谣言啊// @谣言粉碎机 : 你是否听说过看这张图上人的旋转方向可以判断自己是左脑思维还是右脑思维？这是个谣言啦：  http://t.cn/zH0wLUg,<KeyOnYo>: 回复 @木如言_羽 :啥意思,<宝宝的名纸叫双子座>: 是可以变换转，谁说的没关,<拉面小丸子哟哟哟>: [爱你]// @谣言粉碎机 :你是否听说过看这张图上人的旋转方向可以判断自己是左脑思维还是右脑思维？这是个谣言啦： http://t.cn/zH0wLUg,<夏天好热的>: 一直就觉得这不靠谱，原来真是谣言、、、 @香芋蜜柚,<Reggy_WAH>: 我可以自主控制她左转或右转哟_(:з」∠)_,<jamessprite>: 小彩旗是逆时针转的还是顺时针啊？// @谣言粉碎机 : 你是否听说过看这张图上人的旋转方向可以判断自己是左脑思维还是右脑思维？这是个谣言啦：  http://t.cn/zH0wLUg,<巴爷-周运堂>: 我先看见是向右转，一会儿变成向左转，一会又变了。这算什么？,<蔻玛>: 还是不懂+无法控制方向,<MoanaMona>: 你真的太敬业！！,<小moon的姆妈>: 少看春晚，多长姿势！！！// @谣言粉碎机 :你是否听说过看这张图上人的旋转方向可以判断自己是左脑思维还是右脑思维？这是个谣言啦： http://t.cn/zH0wLUg,<文香>: 某国学大师在北师大讲座时用过此图 // @谣言粉碎机 : 你是否听说过看这张图上人的旋转方向可以判断自己是左脑思维还是右脑思维？这是个谣言啦： http://t.cn/zH0wLUg  ,<脾气火暴的懒羊羊>: // @谣言粉碎机 :你是否听说过看这张图上人的旋转方向可以判断自己是左脑思维还是右脑思维？这是个谣言啦： http://t.cn/zH0wLUg,<彭志贤>:  // @谣言粉碎机 :你是否听说过看这张图上人的旋转方向可以判断自己是左脑思维还是右脑思维？这是个谣言啦： http://t.cn/zH0wLUg  ,<mersea23>:  // @谣言粉碎机 :你是否听说过看这张图上人的旋转方向可以判断自己是左脑思维还是右脑思维？这是个谣言啦： http://t.cn/zH0wLUg  ,<不让别人发现我>: 试了下手指反着画圈，马上看到舞者反着转了，大脑好厉害！！// @谣言粉碎机 : 你是否听说过看这张图上人的旋转方向可以判断自己是左脑思维还是右脑思维？这是个谣言啦：  http://t.cn/zH0wLUg,<热热多简单>: 方向可以自我控制呀,<JustNAMIDA>: 看着影子想着转的方向就可以人为的变过来。,<Genius_Wong王二曦>:   @莹_ly_44   @Bonita_Fu   @aolanduo7962,<涵泳容天>: 哼哼哈哈恍恍惚惚含含混混// @谣言粉碎机 : 你是否听说过看这张图上人的旋转方向可以判断自己是左脑思维还是右脑思维？这是个谣言啦： http://t.cn/zH0wLUg  ,<肖南cat31>: 小彩旗你歇会儿吧// @谣言粉碎机 :你是否听说过看这张图上人的旋转方向可以判断自己是左脑思维还是右脑思维？这是个谣言啦： http://t.cn/zH0wLUg,<今天张哈夫复习了吗>: 其实我两个方向都能看到，原理是啥米？ @谣言粉碎机,<Heatherbeam>: // @谣言粉碎机 :你是否听说过看这张图上人的旋转方向可以判断自己是左脑思维还是右脑思维？这是个谣言啦： http://t.cn/zH0wLUg,<悟毛>: 这个两边都可以看到的怎么办？,<开会在路上的Alex達>: 春晚的电力都是小彩旗提供的  // @谣言粉碎机 :你是否听说过看这张图上人的旋转方向可以判断自己是左脑思维还是右脑思维？这是个谣言啦： http://t.cn/zH0wLUg,<吉茄菌>: 哎卧槽，我一直以为是真的,<Victor-ice>: 你太没节操了。。。 // @谣言粉碎机 :你是否听说过看这张图上人的旋转方向可以判断自己是左脑思维还是右脑思维？这是个谣言啦： http://t.cn/zH0wLUg  ,<大学生就业指导团队>: // @谣言粉碎机 :你是否听说过看这张图上人的旋转方向可以判断自己是左脑思维还是右脑思维？这是个谣言啦： http://t.cn/zH0wLUg  ,<Marick>: // @谣言粉碎机 : 你是否听说过看这张图上人的旋转方向可以判断自己是左脑思维还是右脑思维？这是个谣言啦：  http://t.cn/zH0wLUg,<HA_HoshinoArika>:  // @谣言粉碎机 :你是否听说过看这张图上人的旋转方向可以判断自己是左脑思维还是右脑思维？这是个谣言啦： http://t.cn/zH0wLUg  ]
guokrfact	【趣漫画】霸王龙的小短手百黑不厌啊！【趣漫画】霸王龙的小短手百黑不厌啊！ 原图来自imgur ​​​	[<Alien覞>: 乍一看以为是车震时口诀。。。,<阿艾可林>: 看成【遮档，手抓牢了.......,<我是巍巍啊>: 但你怎么解释其它恐。。好吧，其它手也不长，有的根本不是手。// @谣言粉碎机 : 顺便来回顾一下地震时的求生口诀：伏地、遮挡、手抓牢！（详阅： http://t.cn/ht4pch  ）嗯……对霸王龙来说，最后一条也有难度……,<理查德--帕克>: // @谣言粉碎机 : 顺便来回顾一下地震时的求生口诀：伏地、遮挡、手抓牢！（详阅： http://t.cn/ht4pch  ）嗯……对霸王龙来说，最后一条也有难度……,<穷通有时2012>: @红红0522  哈哈，这个有意思。,<miffy喜欢吃西瓜>: 这样说给学生听，他们一定会喜欢并且记得牢牢滴！[嘻嘻] // @谣言粉碎机 :顺便来回顾一下地震时的求生口诀：伏地、遮挡、手抓牢！（详阅： http://t.cn/ht4pch  ）嗯……对霸王龙来说，最后一条也有难度……,<ShylockWolf>: 口决是：天灵灵，地灵灵// @谣言粉碎机 : 顺便来回顾一下地震时的求生口诀：伏地、遮挡、手抓牢！（详阅： http://t.cn/ht4pch  ）嗯……对霸王龙来说，最后一条也有难度……,<大骐家小宝>: @白雪骐  图！]
guokrfact	向@谣言粉碎机 提问：按照现今的科学发展趋势下去，男性有可能生子吗？求答案！ ​​​	[<尚倚柴门>: 人类研究了这么多的科技就是为了男人生孩子，快回到一万年前！！！// @谣言粉碎机 : 现今的科学发展趋势有朝要男性来生子的方向发展吗？关键得有需求不是。,<随机此用户名已被注册>: 请看每年的彩虹大游行,<ZeondeNT>: 回复 @好奇的旺达 :施瓦辛格生娃那是他演的某电影里的剧情。。。,<阿修修修>: 需求会有的…墙裂要求回答该问题～,<史喵克酱23333>: 科学技术供给不足以满足日益增长的怕痛女子或者基友们的需求,<森妮儿Vevina>: 需求很大的 基友们也会希望有自己的孩子吧 ==,<啪哒呯>: 男男生育需求挺大的吧,<小赵的脑袋是一团浆糊>: 应该是有需求的……比如gay？,<好奇的wendi>: 以前在书上看到过，一美国人，老婆身体不好，老公替她生的。还听说施瓦辛格帮他老婆生了娃，不知道是不是真的~,<我今天早睡早起了吗>: 转发此微博:..... // @谣言粉碎机 :现今的科学发展趋势有朝要男性来生子的方向发展吗？关键得有需求不是。,<吉祥如意三鲤>: 转发此微博:其实现在已经有男人生了孩子吧，而且还怀上二胎什么的……// @谣言粉碎机 :现今的科学发展趋势有朝要男性来生子的方向发展吗？关键得有需求不是。,<脸白心脏>: 敢不敢不要避而不答……正面回答问题好吗？,<妮朵妮野麻酱和哥不足>: 需求这个……可以有(﹁"﹁) // @谣言粉碎机 : 现今的科学发展趋势有朝要男性来生子的方向发展吗？关键得有需求不是。,<时间都会告诉你_>: 我觉得差太大了...短时间内很有困难吧]
guokrfact	向@谣言粉碎机 提问：仙人掌防辐射的功效有多大？ ​​​	[<吴传生>: 好消息与坏消息。。。,<dqange>: // @谣言粉碎机 : 有一个坏消息一个好消息。坏消息是：仙人掌等绿植完全没有防辐射的功能。好消息是：电脑的辐射剂量并不足以对人体健康产生危害，不必防。相对于电脑的辐射，朋友们更应该担心电脑用多了对视力的影响。,<人间-色相>: 转发此微博:[嘻嘻] // @谣言粉碎机 :有一个坏消息一个好消息。坏消息是：仙人掌等绿植完全没有防辐射的功能。好消息是：电脑的辐射剂量并不足以对人体健康产生危害，不必防。相对于电脑的辐射，朋友们更应该担心电脑用多了对视力的影响。,<左手右脚07>: 这不是好消息胜过坏消息？[偷笑]// @谣言粉碎机 : 有一个坏消息一个好消息。坏消息是：仙人掌等绿植完全没有防辐射的功能。好消息是：电脑的辐射剂量并不足以对人体健康产生危害，不必防。相对于电脑的辐射，朋友们更应该担心电脑用多了对视力的影响。,<几木木几>: 对皮肤有那些影响？所谓“防辐射乳液”靠谱吗？,<Olivia_XUXU纠结ING>: 那对皮肤还是有影响的啊…亲身实验啊…,<程景的微博>: 回复 @董小窝 :上次过机场安检时，正好带了个测电离辐射的仪器。数据显示，安检机器里边很高，但外边辐射量很低，和别的地方没什么区别，安检人员对我的仪器特别感兴趣。你如果在首都机场，下次我去的时候，可以带仪器给你测一下,<权哥Stone>: 转发此微博:// @谣言粉碎机 :有一个坏消息一个好消息。坏消息是：仙人掌等绿植完全没有防辐射的功能。好消息是：电脑的辐射剂量并不足以对人体健康产生危害，不必防。相对于电脑的辐射，朋友们更应该担心电脑用多了对视力的影响。,<陌晓楚>: 转发此微博:我爸说仙人掌防辐射，就把一个小小的仙人掌放我房间里。一段时间后，我把仙人掌摔烂了。哇～那味道。。。,<三三已经存在>: ....如果是超大型的办公场所N多电脑传真打印空调都运行呢....总觉得不太能放心，身边很多同事都有在吃抗辐射的营养片之类= =,<仙霞路吉诺比利>: 请继续辟谣 使用电脑对视力并没有影响// @谣言粉碎机 : 有一个坏消息一个好消息。坏消息是：仙人掌等绿植完全没有防辐射的功能。好消息是：电脑的辐射剂量并不足以对人体健康产生危害，不必防。相对于电脑的辐射，朋友们更应该担心电脑用多了对视力的影响。,<南之瓜>: 又一个好消息和坏消息，坏消息是，孕妇防辐射服毫无保护作用，好消息是，孕妇根本无须防辐射。// @谣言粉碎机 :有一个坏消息一个好消息。坏消息是：仙人掌等绿植完全没有防辐射的功能。好消息是：电脑的辐射剂量并不足以对人体健康产生危害，不必防。相对于电脑的辐射，朋友们更应该担心电脑用多了对视力,<VINCISUE>: 有相关的调查数据吗？,<大程爱大狗>: 转发此微博:靠谱！支持此观点[赞]// @谣言粉碎机 :有一个坏消息一个好消息。坏消息是：仙人掌等绿植完全没有防辐射的功能。好消息是：电脑的辐射剂量并不足以对人体健康产生危害，不必防。相对于电脑的辐射，朋友们更应该担心电脑用多了对视力的影响。,<Hello-Geek>: 一直觉得，仙人掌什么的练了吸星大法么……能把360度放射的辐射吸过来？// @谣言粉碎机 : 有一个坏消息一个好消息。坏消息是：仙人掌等绿植完全没有防辐射的功能。好消息是：电脑的辐射剂量并不足以对人体健康产生危害，不必防。相对于电脑的辐射，朋友们更应该担心电脑用多了对视力的影响。,<韩媛Crystal>: 转发此微博:转给朋友们！// @谣言粉碎机 :有一个坏消息一个好消息。坏消息是：仙人掌等绿植完全没有防辐射的功能。好消息是：电脑的辐射剂量并不足以对人体健康产生危害，不必防。相对于电脑的辐射，朋友们更应该担心电脑用多了对视力的影响。,<金梵雅>: // @谣言粉碎机 : 有一个坏消息一个好消息。坏消息是：仙人掌等绿植完全没有防辐射的功能。好消息是：电脑的辐射剂量并不足以对人体健康产生危害，不必防。相对于电脑的辐射，朋友们更应该担心电脑用多了对视力的影响。,<罗伯曾在印度>: 转发此微博:[嘻嘻]// @谣言粉碎机 :有一个坏消息一个好消息。坏消息是：仙人掌等绿植完全没有防辐射的功能。好消息是：电脑的辐射剂量并不足以对人体健康产生危害，不必防。相对于电脑的辐射，朋友们更应该担心电脑用多了对视力的影响。,<已经注销用户>: 电脑辐射不用防？谁来辟谣？,<zoe么么嗒>: 转发此微博:貌似电器辐射这个谣言是由中国联通制造的，当时为了宣传绿色手机就骗大家说普通手机辐射伤身，后来一传十十传百就变成所有家用电器辐射伤身~// @谣言粉碎机 :有一个坏消息一个好消息。坏消息是：仙人掌等绿植完全没有防辐射的功能。好消息是：电脑的辐射剂量并不足以对人体健康产生危害，不必,<啃毛豆>: 既然电脑辐射量不足以对人体造成辐射，那孕妇装穿与不穿还有什么意义呢！// @谣言粉碎机 : 有一个坏消息一个好消息。坏消息是：仙人掌等绿植完全没有防辐射的功能。好消息是：电脑的辐射剂量并不足以对人体健康产生危害，不必防。相对于电脑的辐射，朋友们更应该担心电脑用多了对视力的影响。,<兔哥兔姐>: @铭铭1982  你爹老是想给你买仙人球防辐射啊！快把这条给他看,<小小吖艾比>: 那电脑辐射会对皮肤有损害吗？长豆 长色斑什么的是不是跟电脑辐射有关系啊,<果壳网>: 更详尽的解释在这里哦： http://t.cn/hqFdNI  // @谣言粉碎机 : 有一个坏消息一个好消息。坏消息是：仙人掌等绿植完全没有防辐射的功能。好消息是：电脑的辐射剂量并不足以对人体健康产生危害，不必防。相对于电脑的辐射，朋友们更应该担心电脑用多了对视力的影响。,<露比好孩子>: 转发此微博:那手机辐射呢？// @谣言粉碎机 :有一个坏消息一个好消息。坏消息是：仙人掌等绿植完全没有防辐射的功能。好消息是：电脑的辐射剂量并不足以对人体健康产生危害，不必防。相对于电脑的辐射，朋友们更应该担心电脑用多了对视力的影响。,<董小窝>: 请问那么我们在机场安检和值机工作的辐射影响多大？,<宗浩9968>: 转发此微博:感谢谣言粉碎机给了我们：一个坏消息一个好消息。 @谣言粉碎机 :有一个坏消息一个好消息。坏消息是：仙人掌等绿植完全没有防辐射的功能。好消息是：电脑的辐射剂量并不足以对人体健康产生危害，不必防。相对于电脑的辐射，朋友们更应该担心电脑用多了对视力的影响。,<我的灵感全在这里了>: 这……我还专门买了仙人掌摆电脑边……,<Shiloh莉茉>: 转发此微博:但我觉得仙人掌对电脑辐射很敏感，或者是吸收辐射？放电脑前没多久就死了，放别处是不会的// @谣言粉碎机 :有一个坏消息一个好消息。坏消息是：仙人掌等绿植完全没有防辐射的功能。好消息是：电脑的辐射剂量并不足以对人体健康产生危害不必防。相对于电脑的辐射，朋友们更应该担心电脑用多了,<幕德>: 那为什么用久了长痘,<TinySan祈福>: 提问：众所周知毛发更易吸收辐射，长期面对电脑是否会导致脱发等不良反应,<Rae的任务是征服地球>: 那那那，电脑静电粉尘什么的，对皮肤的影响有多大啊？,<____________________tim-航航航>: 半年涨两百度的人飘过。。。。,<Empty_BeYourself>: 到底是该哭，还是笑来着。。囧// @谣言粉碎机 : 有一个坏消息一个好消息。坏消息是：仙人掌等绿植完全没有防辐射的功能。好消息是：电脑的辐射剂量并不足以对人体健康产生危害，不必防。相对于电脑的辐射，朋友们更应该担心电脑用多了对视力的影响。,<bio潘多拉魔盒box>: 这条要转，保护视力,<iuuuuuu丶>: 近视越来越严重了[可怜的][忍不了],<龙葵X>: 仙人掌之于宅男宅女还有一个用处，把刺拔下来当牙签，等光秃秃了之后掰下来挤出汁液可以去痘消炎，过敏皮肤慎用,<丸子小Ponyo>: 转发此微博:仙人掌的价格hold不住啦 // @谣言粉碎机 :有一个坏消息一个好消息。坏消息是：仙人掌等绿植完全没有防辐射的功能。好消息是：电脑的辐射剂量并不足以对人体健康产生危害，不必防。相对于电脑的辐射，朋友们更应该担心电脑用多了对视力的影响。,<鸡年就生个平安健康的鸡宝宝吧>: 就是，免得我仙人掌永远养不活然后还要一盆接一盆的祸害// @谣言粉碎机 : 有一个坏消息一个好消息。坏消息是：仙人掌等绿植完全没有防辐射的功能。好消息是：电脑的辐射剂量并不足以对人体健康产生危害，不必防。相对于电脑的辐射，朋友们更应该担心电脑用多了对视力的影响。,<澍零哩>: 电脑辐射可会加深脸上斑点？,<-烧柚->: 对面部有没有危害？,<藥罐啞啞>: @谣言粉碎机  又給我們領導省錢了......敢問圖書充消磁機又無輻射呀，成天都聽見有人在說這個輻射大，有充消磁機的崗位就成了沒人願意來的崗位了【不過我是上班就在那地方待著的~~~尋求科普。,<巴黎策略>: @JennyYang_2010,<半野>: 说的没错！而且品牌电脑都是达标的，杂牌电脑有些电子元件是劣质的才有辐射。,<你家隔壁的老王一轩Evans>: 玩了十几年还两边都5.0,毫无压力 // @谣言粉碎机 :有一个坏消息一个好消息。坏消息是：仙人掌等绿植完全没有防辐射的功能。好消息是：电脑的辐射剂量并不足以对人体健康产生危害，不必防。相对于电脑的辐射，朋友们更应该担心电脑用多了对视力的影响。,<xina1121>: 是啊，除非你把頭夾在兩個ＬＣＤ螢幕中間幾時個小時，否則不會有什麼影響的。視力衰退是因為用眼過度。每半小時要休息五分鐘，眼睛才會健康。,<小小锅边>: 转发此微博:哎~那只好把仙人掌的刺当牙签用了,<伍6柒伤>: 还好我不推荐别人用此类植物防辐射！！,<蓝葻>: 电脑对视力的影响？求稿汁！！,<公园狮>: 电脑用多了对视力有什么影响？,<别怪我不努力>: [泪]眼睛瞎了~~,<耀小仔>: 视力真的又变差了[泪]// @谣言粉碎机 : 有一个坏消息一个好消息。坏消息是：仙人掌等绿植完全没有防辐射的功能。好消息是：电脑的辐射剂量并不足以对人体健康产生危害，不必防。相对于电脑的辐射，朋友们更应该担心电脑用多了对视力的影响。,<爱斯基摩七>: 转发此微博:……居然不防！？// @谣言粉碎机 :有一个坏消息一个好消息。坏消息是：仙人掌等绿植完全没有防辐射的功能。好消息是：电脑的辐射剂量并不足以对人体健康产生危害，不必防。相对于电脑的辐射，朋友们更应该担心电脑用多了对视力的影响。]
guokrfact	向@青年老黄历 提问：优先上方舟的人会按什么来挑选，地位？金钱？长相？体重？ ​​​	[<文化扫雪工>: 7分无压力[哈哈]// @谣言粉碎机 :  #微造谣# 不！只有“抗谣性”高于4分的人类才有资格获得船票。抗谣性测试地址： http://t.cn/SGH0nQ,<小龙家的猫>: 一下子看成“优先上方舟子的人”了，口味太重了。,<米小暗>: 小机你精分了……,<吴嘉欣喺我老婆>: 按姓氏，姓禤既上先[哈哈][哈哈][哈哈],<Vi克多他爹大兔渣>: 8分...看来是相信了你会给船票...抗击谣言任重道远哪。,<拟人状态>: 耶！！我高于四分！！我8分！！ @青年老黄历  请问能帮我算算上方舟要带些什么东西么？// @谣言粉碎机 :  #微造谣# 不！只有“抗谣性”高于4分的人类才有资格获得船票。抗谣性测试地址： http://t.cn/SGH0nQ,<Anson_Du>: 谣言一条，抗谣性+1，嘎嘎,<火火烧烧烧>: 9分……难道因为我相信有船票，所以扣了1分吗？,<湿人松尾香蕉>: 6分的表示压根就不信...,<疯猫居士>: 我得了6分，不过既然不能携带宠物，我不上船了！// @谣言粉碎机 :  #微造谣# 不！只有“抗谣性”高于4分的人类才有资格获得船票。抗谣性测试地址： http://t.cn/SGH0nQ,<二伊呀那鲁湾四>: 抗谣性6+无压力飘过,<字段读取错误>: 10分有赠票不？,<希尔伯特的晨星>: 10分的表示不相信方舟,<笑海嘲风>: 放心了....我也超过了，但是我一开始就不信啊,<p珊珊珊珊珊珊>: 我有！！船票呢[爱你],<黄美姬么么哒>: 我有4分耶耶耶~~~,<梦雪星晴>: yeah，我有6分 // @谣言粉碎机 : #微造谣# 不！只有“抗谣性”高于4分的人类才有资格获得船票。抗谣性测试地址：<sina:link src="SGH0nQ"/>,<TC_Reburn>: 那我可以上船咯~,<Gabriel笑骂由人>: 超过5的人还在乎2012吗？,<Twipty>: ９分怎么说……？,<查里斯z>: 9分是不是有vip船票？,<嘉仕伯chill>: 我也有资格了，求船票,<冰牙骡骡民族那一栏填的是吃货>: 我也有资格了,我是7,可是超过4的人就不会相信粉碎娘这句话了吧...,<幻小七JC>: 那我有资格了，好像7还是8]
guokrfact	年轻的时候在数学课上想过这些事情的请举手！http://t.cn/SANshI ​​​	[<不是buster菜是Barista菜>: 举手……………………,<忧郁走岩礁>: // @谣言粉碎机 : 举……举手……,<经常璐璐>: 我突然想念你们了[泪]  @妮可歌   @爱耍爱疯死S的乌贼   @苏侧卫就是倪嘉,<砂妍joreen>: [泪]理解万岁，我的心声啊！,<KeiG13Lies>: 这个看不懂的肯定不考// @谣言粉碎机 : 举……举手……,<NT牛蛤蜊>: 不会不会不会，别叫我上黑板做题，我不会不会不会[挖鼻屎],<章鱼大舅舅>: 转发此微博: @fall_ark  这样就充实很多了[哈哈] 可以上煎蛋// @谣言粉碎机 :举……举手……,<tinyu22>: 转发此微博: @一直很想做考拉　我上微积分也这样 ！！！[泪]// @谣言粉碎机 :举……举手……,<xiehong>: 擦，老师别提问我，我不会！；老师提问我了，擦，我不会！// @谣言粉碎机 : 举……举手……,<粥易凝>: 中枪倒地// @谣言粉碎机 : 举……举手……,<水大人的围脖>: 在大学，好像高数不去占座就必挂似的,<活在当下的馒头君>: // @谣言粉碎机 : 举……举手……,<林若水_Anson>: 还有看着表倒计时：3，2，1--下课！--“铃~~~~”// @谣言粉碎机 : 举……举手……,<暮寒>: 转发此微博:从小到大班主任都是数学老师，有木有！大学早上五点起床去占高数座位，有木有！咱容易嘛……// @谣言粉碎机 :举……举手……,<绳命不息吐槽不止>: 我要不就想ZzzzzZzzzzz,要不就"    ",然后其他呢?没有其他了.,<Holland213>: cc @Queenie小姐  哈哈~,<p3p3pp3>: 转发此微博:我靠！这也需要证明！！ 我靠！这也能证明！！// @谣言粉碎机 :举……举手……,<渔父Z>: 中枪数次，千疮百孔// @谣言粉碎机 : 举……举手……,<壮大运>: @nightless不夜橙  这个特逗,<HIPSFAN>: @死理性派  肯定没这种经历]
guokrfact	这是史上最强大的队形帖——司马迁。http://t.cn/akS59H ​​​	[<润包子凡>: 哈哈！哈哈！哈哈！大家都围观下,<Oscarser>: 名言都是知音体--野原新之助// @谣言粉碎机 : 请大家点开链接，看回帖——粉碎娘,<hbcdr-cs>: 我偏爱队形贴，最终所有的话都是老娘杜撰的-------------慈禧,<谁抢了我的懒漫带疏狂>: 尼玛小爷就是对这种队形贴有爱啊！！！！[威武] // @谣言粉碎机 ：请大家点开链接，看回帖——粉碎娘,<阿斯托尔福>: 不要去盗别人的图，你看我们从来不盗图多好！！——果壳网,<大姗Bunny>: 前世五百次的回眸，才换来今生的擦肩而过。— — 释迦牟尼// @谣言粉碎机 : 请大家点开链接，看回帖——粉碎娘,<左手运球_>: 就算是真的名言，也有很多吭爹的。你的每一种做法都能找到一个古人“云”过，最烦这个了。[便便] // @谣言粉碎机 ：请大家点开链接，看回帖——粉碎娘,<孙碧纯终究还是要离开的>: 我觉得这句话不是他说的好久了.一直没敢说出来...// @谣言粉碎机 : 请大家点开链接，看回帖——粉碎娘,<SeasonYip>: 拒绝个人崇拜------斯大林,<ABlueWindBell>: 原来，站队是这样的。 // @谣言粉碎机 : 请大家点开链接，看回帖——粉碎娘,<1986HelloWorld>: 这个必须转——赵本山// @谣言粉碎机 ：请大家点开链接，看回帖——粉碎娘,<狗_layer>: ~\(≧▽≦)/~,<绣球桑>: 为了欢乐，为了粉碎娘，转了！——王成,<煎蛋番茄>: 所以路飞对女性免疫么？[嘻嘻],<下一锅饺子>: 转发此微博:最后一个强力,<冗余代码>: 果壳的粉果然强大// @谣言粉碎机 ：请大家点开链接，看回帖——粉碎娘,<小麦亩产千八>: 网络上的名人名言有80%是捏造的——林肯,<EvilEcho>: 吐槽帝啊都是。哈哈哈。// @谣言粉碎机 : 请大家点开链接，看回帖——粉碎娘,<大狐狸花>: 请大家一定要点击链接看强大的原帖。——克里斯托弗.沃肯// @谣言粉碎机 ：请大家点开链接，看回帖——粉碎娘,<雪老中堂>: 世界上有那么一群为了造谣而造谣的纯粹的人，真让人感动// @谣言粉碎机 ：请大家点开链接，看回帖——粉碎娘,<大光圈小C>: 这话是霍曾布鲁子老爷说的！网络传言好可怕// @谣言粉碎机 : 请大家点开链接，看回帖——粉碎娘,<kafkaa首葫芦>: 你们留点算我的—蒂姆 库克,<少爷Jim-Tsui梓峰>: 这个不转就对不起粉碎娘了// @谣言粉碎机 :请大家点开链接，看回帖——粉碎娘,<心静枯木西太后>: 笑疯了[哈哈][可爱],<Has-it>: [iPhone] --------[悼念乔布斯],<芋头lee>: [哈哈] // @谣言粉碎机 ：请大家点开链接，看回帖——粉碎娘,<llllleonl>: 哈哈哈哈哈哈哈,全线崩溃,乱入啊!!!// @谣言粉碎机 : 请大家点开链接，看回帖——粉碎娘,<无名Mk3>: 这哪里是粉碎娘了，分明是粉碎叔……,<大骢>: 当初是你要分开，分开就分开—— 约翰.列侬 (这句是里面最厉害的)  // @谣言粉碎机 ：请大家点开链接，看回帖——粉碎娘,<猫猫201008>: 等粉碎// @谣言粉碎机 : 请大家点开链接，看回帖——粉碎娘,<Stella丁丁>: 果壳越来越像豆瓣了啊。——阿北 // @谣言粉碎机 : 请大家点开链接，看回帖——粉碎娘,<ffan_zhang>: 仅以此图向所有貌似深邃的言论后缀某常见人名的微博致敬！[哈哈]// @谣言粉碎机 : 请大家点开链接，看回帖——粉碎娘,<啊软绵绵的>: 哈哈哈哈哈哈哈哈你们啊，就想做个大新闻！——江EX-core// @谣言粉碎机 ：请大家点开链接，看回帖——粉碎娘,<益西甲央降曲巴乌>: 呐。。。居然打不开了。。,<手机用户-2134131>: 果壳挂了吗？怎么打不开？,<Mili>: 看到这些所谓名言名句就浑身脑壳儿疼——亚历山大·米粒// @谣言粉碎机 : 请大家点开链接，看回帖——粉碎娘,<Gaso1ine>: 碉堡了！// @谣言粉碎机 ：请大家点开链接，看回帖——粉碎娘,<蓑笠妪>: 不看回帖的是坏人——詹姆斯邦德// @谣言粉碎机 : 请大家点开链接，看回帖——粉碎娘,<Hslingxi>: 链接把我看得要疯了……// @谣言粉碎机 ：请大家点开链接，看回帖——粉碎娘,<云出逍遥>: 真相只有一个 --金田一,<饮血的祭司>: 转发此微博:黑夜给了我黑色的眼睛，我却用它来看谣言——爱新觉罗·胤禛// @谣言粉碎机 :请大家点开链接，看回帖——粉碎娘,<小虫牛牛>: 小时候落下的毛病。总是要背诵各种名人名言以备写作文时用，美其名曰增强说服力。所以，就有了各种捏造的名人名言了。回帖很亮。,<Claire曹佳佳>: 高手在民间，网友最有才。,<蓝天_孤独A子>: 转发此微博:果断转发——刚到河北省时，元首说道// @谣言粉碎机 :请大家点开链接，看回帖——粉碎娘,<木颯>: 转发此微博:最后一副图的“三位一体”我实在没hold住——圣保罗… // @谣言粉碎机 :请大家点开链接，看回帖——粉碎娘,<Ms_ChanChan_小彦彦>: 那个“想留不能留才最寂寞”亮得一塌糊涂吖！！！,<burgh>: 什么乱七八糟的，头晕。,<Wishucky_Ace>: 我是要成为海贼王的猎人。---乔布斯（后来我发明了时光机穿越到猎人game里了，怎么总有人说哥哥昨天死了捏。）// @谣言粉碎机 ：请大家点开链接，看回帖——粉碎娘,<果壳网>: 果壳网里的每个帖子，都会影响微博的样子——卡尔维诺// @谣言粉碎机 ：请大家点开链接，看回帖——粉碎娘,<某某某某莎拉>: [欢欢]太欢乐了~~一条成功微博的转发数将随时间按指数规律增长——摩尔定律[哈哈] // @谣言粉碎机 :请大家点开链接，看回帖——粉碎娘,<集艳成球>: 我不能悲伤地尿在你身旁。——乔治·奥威尔// @谣言粉碎机 : 请大家点开链接，看回帖——粉碎娘,<俗人孙欣成>: [嘻嘻]// @谣言粉碎机 : 请大家点开链接，看回帖——粉碎娘,<PX猫蝮蛇>: 转发此微博:我记得我前天还搜那份乔布斯语录里的一些的出处来着，无果，建议以后转外国人语录时附上英文，当年那条mit图书馆墙上语录就附了，里面把傅立叶华丽丽的翻译为fuliye[挖鼻屎] // @谣言粉碎机 :请大家点开链接，看回帖——粉碎娘,<红花好少年>: 谣言会倒逼出真相——乔治·华盛顿,<天蝎紫蝴蝶>: 好欢乐~都是淫才~// @谣言粉碎机 ：请大家点开链接，看回帖——粉碎娘,<再也无人的荒地>: 邓不利多那张图明显是干豆腐,<姚瑶瑶12>: [哈哈]// @谣言粉碎机 : 请大家点开链接，看回帖——粉碎娘]
guokrfact	十一长假前，粉碎娘正在投喂辛苦的技术部。猜猜左边那个面部模糊的大叔是谁？ ​​​	[<V啦啦啦啦啦>: 谣言粉碎机 木有关系，还是看的出来是美女！！,<一般废物吧>: 说的是！// @谣言粉碎机 ：为什么焦点不放在粉碎娘脸上！,<傲梅寒雪>: @姬十三  [偷笑] // @谣言粉碎机 ：为什么焦点不放在粉碎娘脸上！,<张老师的学生ZL>: 求粉碎娘围脖QQ人人MSN！// @谣言粉碎机 ：为什么焦点不放在粉碎娘脸上！,<Yunge-Huang>: 其实我好奇你们招不招实习生哦~~,<24K丿纯帅丶>: 把摄影大哥粉碎了吧。。。。。,<平原上的登山客-SC>: 图片一放大，粉碎娘那清秀的面孔就变模糊了，真是太可惜了。,<抱鱼睡的猫>: 支持+10086！,<九兮_心跳>: 压根儿就木有焦点啊。。。。,<路小路_路>: 嗯，估计照相这位大哥垂涎这蛋糕很久了,<严小严严>: 粉碎娘的真相啊！,<tertius>: 求粉碎娘清晰照。我的第一焦点就是粉碎娘。。[哈哈],<_安静的小熊>: 拍照的大概是个吃货吧………………,<xiehong>: 虽然高斯了，但左边的笑还是透出丝丝菊花味....,<SrysdNbr>: 这张图改名，猥琐大叔吃蛋糕,<小伙子炸炸>: 我不想看蛋糕...,<你们都知道我是谁的>: 小图就清楚了啊笨姑娘．,<小猪八三>: 回复 @凉风有兴 :拍照者是吃货一枚，哈哈哈，鉴定完毕,<Dieoutever>: [花心]粉碎娘好美！// @谣言粉碎机 : 为什么焦点不放在粉碎娘脸上！,<付强2010>: 我想知道粉碎娘在喂谁呢？,<McMorning>: 原来粉碎娘是真娘！,<凉风有兴>: 为什么不把焦点放在左边那个面部模糊的大叔脸上。。。。,<愚石_知足常乐>: 我表示只看到蛋糕...,<跟屁虫小贱贱>: 心事鉴定组应该发文对此事做一个轻度分析 // @谣言粉碎机 : 为什么焦点不放在粉碎娘脸上！,<嗯哦哦>: 转发此微博:水哦～// @谣言粉碎机 :为什么焦点不放在粉碎娘脸上！,<Ldine>: 这聚焦的焦点在蛋糕上面吧,<汪仔牛奶SAMA>: 粉碎娘长得好理性！,<路灯四>: 显摆镜头.真可耻!.谁要看蛋糕啊!谁要看蛋糕啊喂!!!!,<麻壳吐槽>: 因为13是个胖纸，引力场比较大！光线因他的引力场而弯曲。,<eddie_chan>: 小图还是能看清的，粉碎娘长得很知识分子，跟职业形象很搭,<缥缈浮生>: 粉碎娘和蛋糕比起来，蛋糕比较重要,<PoraPoon>: 因为焦点总是会被粉碎掉,<谭知还>: 把焦点看成香蕉了]
guokrfact	#科学漫画# 《民间测胎儿性别方法大全》 ​​​	[<Im爱寇>: 强// @谣言粉碎机 ：谣言就是这样流传开的[嘻嘻],<fantasizing>: [嘻嘻] // @谣言粉碎机 ：谣言就是这样流传开的[嘻嘻],<彭小喵>: @未未爱苹果  O(∩_∩)O哈哈~“七七四十九，问孕何时有，除去母年庚，再加一十九”,<0小巴>: 我一直都很认同是这样的因素才会有那么多的谣言和“名人”！！！！// @谣言粉碎机 ：谣言就是这样流传开的[嘻嘻],<染指大坏蛋>: // @谣言粉碎机 :谣言就是这样流传开的[嘻嘻],<就是高高的>: [困] 没少看这类的文章，越看越蒙。伤心。,<萧遥旭>: // @谣言粉碎机 ：谣言就是这样流传开的[嘻嘻],<老吕在天津>: 不光是胎儿性别，还有中西医结合治愈疾病的。中西一起上，好了就说中医多么多么神。// @谣言粉碎机 ：谣言就是这样流传开的[嘻嘻],<Enigma-Wind>: 转发此微博:很多人就在做这种无脑的谣言传播者// @谣言粉碎机 :谣言就是这样流传开的[嘻嘻],<弹芯>: 图示越来越明朗了啊 厉害,<wolfccb>: 转发此微博:算命、风水、巫医、特异功能、民间地震预测……都是这么化腐朽为神奇的。 // @谣言粉碎机 :谣言就是这样流传开的[嘻嘻],<少爷Jim-Tsui梓峰>: 十分同意，我一直就是这么认为的。,<Ala_Orz>: 转发此微博:各种谣言通用 // @谣言粉碎机 :谣言就是这样流传开的[嘻嘻],<一对长筷子>: 转发此微博:哦…那大家粉碎粉碎吧…// @谣言粉碎机 :谣言就是这样流传开的[嘻嘻],<Claude樊星>: 社会化媒体营销也是这么做的……// @谣言粉碎机 ：谣言就是这样流传开的[嘻嘻],<CCC_001>: 所有传出来诡异的神奇的东西都是这样,<井疯子>: 回复 @奥卡姆剃刀 :还会有数不清的人告诉你：我那在XXX工作的XXX也是这种情况，是真的！！！[哈哈],<dizzyceezi>: 不止测胎儿，很多谣言不都这么传播来的么// @谣言粉碎机 ：谣言就是这样流传开的[嘻嘻],<我是牙牙>: +1 很经典的图示// @谣言粉碎机 ：谣言就是这样流传开的[嘻嘻],<隨身帶板磚>: 一针见血// @谣言粉碎机 ：谣言就是这样流传开的[嘻嘻],<YellowSmart>: 就是这样 // @谣言粉碎机 : 谣言就是这样流传开的[嘻嘻],<ZGX_sz>: 这个解释清晰明了！// @谣言粉碎机 ：谣言就是这样流传开的[嘻嘻],<flying-Sunshine>: 中国大部分就是这种情况，偏方就是这样得以流传,<一丝不挂苟不理V>: 此图可推广！// @谣言粉碎机 ：谣言就是这样流传开的[嘻嘻],<奥卡姆剃刀>: 在大功率电台站工作的男同学生了个女孩，作为“辐射会导致难生男孩”的事例传了十年，而该站生男孩的记录均被忽略。其实，没有任何可靠的科学调查和研究支持这个说法。// @谣言粉碎机 ：谣言就是这样流传开的[嘻嘻],<看的见八卦的房间>: 算命什么的也一样,<李呆>: 文字可以换成民间中医偏方有效方法大全// @谣言粉碎机 ：谣言就是这样流传开的[嘻嘻],<番薯也叫地瓜>: 哈哈哈哈，小能很有才！！ // @谣言粉碎机 : 谣言就是这样流传开的[嘻嘻],<伽蓝Yux>: 什么星座，血型，生辰八字，原理都是一样的：人们只相信他们想听到的话，自动忽略他们不想听到的话，于是准的一塌糊涂。// @谣言粉碎机 ：谣言就是这样流传开的[嘻嘻],<金属铱>: 就是大家一起来扯淡呗,<尔雅YY>: 以讹传讹的故事。但是有些说法，比如生儿子母亲会越来越丑之，其实是有遗传学知识的。不是都不靠谱啊// @谣言粉碎机 ：谣言就是这样流传开的[嘻嘻],<Jimmy_崇>: [哈哈] 精辟！猜对的人不去买彩票，反而都以为自己是活B超！// @谣言粉碎机 ：谣言就是这样流传开的[嘻嘻],<李杨Phoebus>: 必须科普// @谣言粉碎机 ：谣言就是这样流传开的[嘻嘻],<Sun酥君>: 三人成虎啊 // @谣言粉碎机 : 谣言就是这样流传开的[嘻嘻],<滚烫的黄油火>: 这是谣言流传大全。。。 // @谣言粉碎机 : 谣言就是这样流传开的[嘻嘻],<某院友>: [偷笑] // @谣言粉碎机 ：谣言就是这样流传开的[嘻嘻],<飞行音>: 一般都说是女孩，说对了就对了，说错了人家得个男孩还很高兴又不会计较什么。,<这般炸酱面>: 转发此微博:那里写了民间 // @谣言粉碎机 :谣言就是这样流传开的[嘻嘻],<梦斯逸>: +我有一个姬友// @谣言粉碎机 ：谣言就是这样流传开的[嘻嘻],<wanpiggy>: 转发此微博:[偷笑]// @谣言粉碎机 :谣言就是这样流传开的[嘻嘻],<就饭吃的饼>: 不只猜性别是这样…… // @谣言粉碎机 : 谣言就是这样流传开的[嘻嘻],<releaseV1>: 粉碎娘威武[威武],<閒人阿輝>: 反正就50%的概率，蒙对后被无限放大了……,<微妮妮>: 形象！// @谣言粉碎机 ：谣言就是这样流传开的[嘻嘻]]
guokrfact	【一测吓一跳 家电产品辐射清单】[吃惊] [吃惊] [吃惊] ​​​	[<大白兔小白兔幸福>: 那电热毯呢。。。。真有那么恐怖。。。。,<辛宝Otto>: 这才是我关注该微博的原因！！,<Mage_D>: 被辐射吓之前，先搞清辐射是啥吧……// @谣言粉碎机 ：家电的辐射真的那么恐怖么？先分清楚电离辐射和非电离辐射吧！一般的家电产生的辐射都是非电离性的，且其剂量都没有高到能伤害人体的程度。谣言粉碎机曾对这条微博中排名靠前的电吹风的辐射情况作过详细解读，请点击： http://t.cn/appRgl  ,<桃乐夕>: 没那么可怕，就不要自己吓唬自己啦，[挖鼻屎],<LF之airinwind>: 科普一下。// @谣言粉碎机 ：家电的辐射真的那么恐怖么？先分清楚电离辐射和非电离辐射吧！一般的家电产生的辐射都是非电离性的，且其剂量都没有高到能伤害人体的程度。谣言粉碎机曾对这条微博中排名靠前的电吹风的辐射情况作过详细解读，请点击： http://t.cn/appRgl  ,<proudofme>: 你这“五星”到底算是高还是低啊？,<外星人饱饱>: 学习了// @谣言粉碎机 ：家电的辐射真的那么恐怖么？先分清楚电离辐射和非电离辐射吧！一般的家电产生的辐射都是非电离性的，且其剂量都没有高到能伤害人体的程度。谣言粉碎机曾对这条微博中排名靠前的电吹风的辐射情况作过详细解读，请点击： http://t.cn/appRgl  ,<GregorySong>: 所以啊，一般都不是被辐射出问题的，而是自己吓自己吓出问题的 // @谣言粉碎机 ：家电的辐射真的那么恐怖么？先分清楚电离辐射和非电离辐射吧！一般家电产生的辐射都是非电离性的，且其剂量都没有高到能伤害人体的程度。详细解读，请点击： http://t.cn/appRgl  ,<邓菲菲>: 转发此微博:// @谣言粉碎机 :家电的辐射真的那么恐怖么？先分清楚电离辐射和非电离辐射吧！一般的家电产生的辐射都是非电离性的，且其剂量都没有高到能伤害人体的程度。谣言粉碎机曾对这条微博中排名靠前的电吹风的辐射情况作过详细解读，请点击：  http://t.cn/appRgl  ,<打不下来的灰机>: [good] // @谣言粉碎机 ：家电的辐射真的那么恐怖么？先分清楚电离辐射和非电离辐射吧！一般的家电产生的辐射都是非电离性的，且其剂量都没有高到能伤害人体的程度。谣言粉碎机曾对这条微博中排名靠前的电吹风的辐射情况作过详细解读，请点击： http://t.cn/appRgl  ,<哎呀车仔面>: 别忘了，还有一种叫低频辐射的，风扇就属于低频辐射，还有充电器，低频辐射对人有害。,<老实de人>: 我发现有了这个粉碎机真好！！,<TT55GG>: 转发此微博:又来了，其实他们应该去测一测，守着一堆篝火跳舞的辐射应该达到八星，伪科学就是用科学的名词加貌似科学的方法来说一通扯淡的理论 // @谣言粉碎机 :家电的辐射真的那么恐怖么？先分清楚电离辐射和非电离辐射吧！一般的家电产生的辐射都是非电离性的，且其剂量都没有高到能伤害人体的程度。,<一时心>: 我太讨厌别人问我有没买防辐射服了，这个问题不想回答，先去研究清楚电离辐射和电磁辐射吧。自己需要有判断力，别被别人左右。// @谣言粉碎机 ：家电的辐射真的那么恐怖么？先分清楚电离辐射和非电离辐射吧！一般的家电产生的辐射都是非电离性的，且其剂量都没有高到能伤害人体的程度。,<Sr杉>: 那個請問每天我的床頭擺著手提電腦，手機，PSP，等等，且都是開著的，那么會有很大的輻射嘛？,<獅子奏的白牛二>: 加湿器分超声波加湿器、纯净型加湿器和电加热式加湿器，后两种基本就没有任何辐射，辐射最大的是第一种，也是市场价格最便宜的一种。,<林枫徐>: 女性就这样小智慧了哦也,<容我改个名先>: 以××小智慧命名微薄的怎么都这么水。。。,<hzghm>: 一看发这个微博的人的名字，就知道是在扯。。。,<企丁丁同学>: 太喜欢看粉碎机扇这些垃圾微博的耳光了，哈哈！// @谣言粉碎机 ：家电的辐射真的那么恐怖么？先分清楚电离辐射和非电离辐射吧！一般的家电产生的辐射都是非电离性的，且其剂量都没有高到能伤害人体的程度。谣言粉碎机曾对这条微博中排名靠前的电吹风的辐射情况作过详细解读，请点击： http://t.cn/appRgl  ,<末杪>: 这个ID名真是自打自脸啊= =..,<粉刷匠斯嘉丽>: 推荐谣言粉碎机// @谣言粉碎机 ：家电的辐射真的那么恐怖么？先分清楚电离辐射和非电离辐射吧！一般的家电产生的辐射都是非电离性的，且其剂量都没有高到能伤害人体的程度。谣言粉碎机曾对这条微博中排名靠前的电吹风的辐射情况作过详细解读，请点击： http://t.cn/appRgl  ,<增田组组员>: 照这样辐射，我们该住茅草屋，过最原始的生活，可惜现在我们家里上上下下一应俱全，我怎么还没给辐射的变异，变成异型出去扫荡扫荡。,<普罗斯>: // @谣言粉碎机 ：家电的辐射真的那么恐怖么？先分清楚电离辐射和非电离辐射吧！一般的家电产生的辐射都是非电离性的，且其剂量都没有高到能伤害人体的程度。谣言粉碎机曾对这条微博中排名靠前的电吹风的辐射情况作过详细解读，请点击： http://t.cn/appRgl  ]
guokrfact	@谣言粉碎机 @微博辟谣 是否真的有蜱虫?是否又真的如此严重呢??强烈求解~!!! ​​​	[<松年believe>: 万能的粉碎机   能发个手指的活动能力和大脑的灵活度的证据的文章吗？？？？？？,<蹦蹦跳跳真可耐>: 我家那里确实是有好几个人死于这个可怕的虫子,<北风白月>: 小时候放牛牛身上就有很多。,<梦中岑寂>: 突然想起《解冻》…// @谣言粉碎机 ：消息基本属实，但没有想象中的可怕。 http://t.cn/aK1rBZ  身处蜱区需要注意的是：1、避免在树林和草丛中久留。2、做好个人防护（帽子、长裤长衣、把裤腿扎进袜子）3、注意检查身上是否有蜱在叮咬。4、发现叮在身上的蜱，即刻前往医院就诊求助。,<蝴蝶暗消007>: “基本属实”本身就是一种非常恶劣的官样语言，往往用于官方不得不承认事实而又要给自己留有余地（或者说，面子）的时候。属实就是属实，不属实就是不属实。如果是“基本属实”，请说出每一点与事实的差别来。,<接地气的理智ling>: 大家都多加注意。// @谣言粉碎机 ：消息基本属实，但没有想象中的可怕。 http://t.cn/aK1rBZ  身处蜱区需要注意的是：1、避免在树林和草丛中久留。2、做好个人防护（帽子、长裤长衣、把裤腿扎进袜子）3、注意检查身上是否有蜱在叮咬。4、发现叮在身上的蜱，即刻前往医院就诊求助。,<木宝宝的晨妈妈>: // @谣言粉碎机 ：消息基本属实，但没有想象中的可怕。 http://t.cn/aK1rBZ  身处蜱区需要注意的是：1、避免在树林和草丛中久留。2、做好个人防护（帽子、长裤长衣、把裤腿扎进袜子）3、注意检查身上是否有蜱在叮咬。4、发现叮在身上的蜱，即刻前往医院就诊求助。,<大甜头J做自己>: 转发此微博:小小害人精 // @谣言粉碎机 :消息基本属实，但没有想象中的可怕。  http://t.cn/aK1rBZ    身处蜱区需要注意的是：1、避免在树林和草丛中久留。2、做好个人防护（帽子、长裤长衣、把裤腿扎进袜子）3、注意检查身上是否有蜱在叮咬。4、发现叮在身上的蜱，即刻前往医院就诊求助。//,<娇嗲-曾小Mi>: 手贱。。。不应该搜蜱虫X。。。,<被迫改名叫LAW霸>: 这图片太恶心了！！[生病][吐],<Stubborn_Youth>: 河南农村多的是！从小到大见太多了，没见出过事啊。,<此号注销囖>: 不要慌，这东西我天天帮家里的狗捉。没想象中恐怖。,<香眯美雯>: 需要的童鞋收藏 @喜羊羊武士   @腊梅小姐,<我叫破喉咙了啊>: 请问蜱虫致死的原因是什么？所携带的细菌病毒导致？本身无毒？谢谢！,<娇嗲-曾小Mi>: 北京有出现，但是没死人吧。话说这伤口，貌似上年夏天身上出现过啊，一直没找到被什么咬了。不过现在还活着咩。,<C子C子大C子>: 还有哪些地区有这虫子出没呢,<李永昊>: 咨询了老爸，这东西一直都有，年轻时也被叮过，也有人因此得了森林脑炎。老百姓几千年都这么过了，比登革热死亡率小得多。,<土豪伯>: 小时候比较常见，东北叫：草耙子！！！！,<seabirdl>: 转发此微博:知识帖// @谣言粉碎机 :消息基本属实，但没有想象中的可怕。  http://t.cn/aK1rBZ    身处蜱区需要注意的是：1、避免在树林和草丛中久留。2、做好个人防护（帽子、长裤长衣、把裤腿扎进袜子）3、注意检查身上是否有蜱在叮咬。4、发现叮在身上的蜱，即刻前往医院就诊求助。,<Catsoul喵魂>: 支持果壳～// @谣言粉碎机 ：消息基本属实，但没有想象中的可怕。 http://t.cn/aK1rBZ  身处蜱区需要注意的是：1、避免在树林和草丛中久留。2、做好个人防护（帽子、长裤长衣、把裤腿扎进袜子）3、注意检查身上是否有蜱在叮咬。4、发现叮在身上的蜱，即刻前往医院就诊求助。,<我有本本>: 没人让你故意散播恐慌 但也不是故意淡化影响,<我有本本>: 这个谣言粉碎机很有五毛的味道 说蜱虫不可怕 北京原来没听说过有蜱虫吧 现在出现了 而且有人被咬死了 是死人了啊 这还不可怕？那怎样 要出现僵尸了 才能让你感到可怕？,<夸克今天送任务了吗>: 怎么判别虫子是蜱虫呢？市区会有么？,<每三木_>: 叮咬的照片有点恐怖[衰] // @谣言粉碎机 ：消息基本属实，但没有想象中的可怕。 http://t.cn/aK1rBZ  身处蜱区需要注意的是：1、避免在树林和草丛中久留。2、做好个人防护（帽子、长裤长衣、把裤腿扎进袜子）3、注意检查身上是否有蜱在叮咬。4、发现叮在身上的蜱，即刻前往医院就诊求助。,<常小才>: 我同学的姑夫被咬，昨天去世了。这样还没有想象中可怕吗// @谣言粉碎机 ：消息基本属实，但没有想象中的可怕。// @Y瀦Y溢 ：晕咯。。。。。// @江东晓 ：好恐怖[吃惊],<JohnBi>: 蜱虫最大的可怕就是总是让人忍不住手贱去百度“蜱虫狗”……,<秋秋亦夏>: // @谣言粉碎机 ：消息基本属实，但没有想象中的可怕。 http://t.cn/aK1rBZ  身处蜱区需要注意的是：1、避免在树林和草丛中久留。2、做好个人防护（帽子、长裤长衣、把裤腿扎进袜子）3、注意检查身上是否有蜱在叮咬。4、发现叮在身上的蜱，即刻前往医院就诊求助。// @Y瀦Y溢 ：晕咯。。。。// @江东晓 ：好恐怖,<轻寒杳染林兔子>: 看图真的好吓人！// @谣言粉碎机 ：消息基本属实，但没有想象中的可怕。 http://t.cn/aK1rBZ  身处蜱区需要注意的是：1、避免在树林和草丛中久留。2、做好个人防护（帽子、长裤长衣、把裤腿扎进袜子）3、注意检查身上是否有蜱在叮咬。4、发现叮在身上的蜱，即刻前往医院就诊求助。// @江东晓 ：好恐怖[吃惊],<沫沫家的花麻蜜>: 但是还是觉得可怕// @谣言粉碎机 ：消息基本属实，但没有想象中的可怕。 http://t.cn/aK1rBZ  身处蜱区需要注意的是：1、避免在树林和草丛中久留。2、做好个人防护（帽子、长裤长衣、把裤腿扎进袜子）3、注意检查身上是否有蜱在叮咬。4、发现叮在身上的蜱，即刻前往医院就诊求助,<丽珺s>: 非常kp// @谣言粉碎机 ：消息基本属实，但没有想象中的可怕。 http://t.cn/aK1rBZ  身处蜱区需要注意的是：1、避免在树林和草丛中久留。2、做好个人防护（帽子、长裤长衣、把裤腿扎进袜子）3、注意检查身上是否有蜱在叮咬。4、发现叮在身上的蜱，即刻前往医院就诊求助。,<dinner-of-S>: 蜱区是哪些地区。。。。,<爱吃的良良>: 蜱区指哪儿个地方 // @谣言粉碎机 : 消息基本属实，但没有想象中的可怕。 http://t.cn/aK1rBZ  身处蜱区需要注意的是：1、避免在树林和草丛中久留。2、做好个人防护（帽子、长裤长衣、把裤腿扎进袜子）3、注意检查身上是否有蜱在叮咬。4、发现叮在身上的蜱，即刻前往医院就诊求助。,<rainbow329>: 也可用热蜡整个封住蜱虫待蜱虫完全死翘翘后将其轻松拿下，学狗狗们的相关知识时学到的,<好运宋晓明>: // @谣言粉碎机 ：消息基本属实，但没有想象中的可怕。 http://t.cn/aK1rBZ  身处蜱区需要注意的是：1、避免在树林和草丛中久留。2、做好个人防护（帽子、长裤长衣、把裤腿扎进袜子）3、注意检查身上是否有蜱在叮咬。4、发现叮在身上的蜱，即刻前往医院就诊求助。// @Y瀦Y溢 ：晕咯。。。。。,<lynshos>: 说了跟没说一样~// @谣言粉碎机 ：消息基本属实，但没有想象中的可怕。 http://t.cn/aK1rBZ  身处蜱区需要注意的是：1、避免在树林和草丛中久留。2、做好个人防护（帽子、长裤长衣、把裤腿扎进袜子）3、注意检查身上是否有蜱在叮咬。4、发现叮在身上的蜱，即刻前往医院就诊求助,<旺旺仙Baye>: 这么热的天，谁穿袜子吖？更没穿可以扎进去的长裤....,<不Nice小姐13号>: // @谣言粉碎机 ：消息基本属实，但没有想象中的可怕。 http://t.cn/aK1rBZ  身处蜱区需要注意的是：1、避免在树林和草丛中久留。2、做好个人防护（帽子、长裤长衣、把裤腿扎进袜子）3、注意检查身上是否有蜱在叮咬。4、发现叮在身上的蜱，即刻前往医院就诊求助。]
guokrfact	#我身边的胡“盐”乱语# 粉碎谣“盐”，大家来谈谈身边的胡“盐”乱语！ ​​​	[<巃生第玖子>: 国外吃盐的表示无压力，在这里当回预言帝，我预言未来半年沿海一带高血压，心脏病以及其他心血管疾病的发病率会高增,<善意不取得>: 回复 @916MeltSnow :我妈今天去超市，放盐的货架上空空，但，很多很多很多人在淡定的购买着酱油和大酱。。,<杜佳昕DFD>: 每一位抢盐的傻逼，上辈子都是折翼的盐焗鸡,<荷兰豆伯爵>: 如何用碘盐防核辐射：碘盐500克，脱衣，沐浴后擦干，用刀每隔2-5CM斜着划一刀，将盐均匀抹在身体表面尤其是伤口，注意腋窝和大腿内侧。接着将自己悬挂在通风、干燥的地方，七日后即可达到辐射不侵的地步。小贴士：如能加香叶、胡椒、八角若干，防辐射效果更佳。,<MeltSnow在西电放羊>: 家里开会讨论决定,开始快人一步,囤积酱油...,<Frankie冇要求>: 女问：有房么？男答：没。女：有车么？男：没。女：有存款么？男：没。女：什么也没有，你来相亲干什么？男：我有盐。女：老公！！！,<糖2沫>: 太扯淡了  我同学义愤填膺的要给我看什么文章 说凤凰卫视说地震是日本搞地下核实验 扯淡简直,<善意不取得>: 刚看到一个段子：某人问一个在超市的老太太，“您为什么不抢购食盐呢？” 老太太答："我非典的时候买的盐都没吃完呢！",<谭鱼头卖狗肉>: 盐没了，买盐酸（HCl）和氢氧化钠（NaOH）自己回去萃取氯化钠（NaCl）结晶，也就是盐。,<黄勇刚>: 我身边最大的胡盐乱语就是：抢购碘盐的源头在网络上。,<餅乾子>: 回复 @童井檀 :听她口气是看CCAV得来的……谁知到她呢……嘛~不过她不属于抢购行列，我也就不管她了……,<aihupo>: 深圳的，盐没涨价，但超市货架空了，我这种刚好厨房用盐枯竭的人真哭笑不得。。。明天再买不到就没法做饭了啊。。。,<Layla-waittingforabox>: 回复 @可可的看看 :你妈妈真看的开~~,<谭鱼头卖狗肉>: 回复 @教主饼干谣言都很蛋疼 :你要问问你妈是不是亲眼看到央视这么报道了，不然就是听人家传谣知道的。,<马纳耳朵>: 老干妈抢完了，饭扫光跟上，大家继续,<小鱼要加油>: 哈哈……我是转给大家看评论的……个个都是搞笑高手啊……同志们，盐没了还有酱油，酱油没了还有咸菜，咸菜没了还有啥……大家赶紧想……,<小鱼要加油>: 回复  @云过扶摇枝 :哈哈………这个有才……,<Joy_ego>: 每一位抢盐的傻逼，上辈子都是折翼的盐焗鸡”,<ScarletAbyss深井冰末期>: 今天一桌酱油色……TTATT,<周圆圆zd>: 再买盐的小心点听说工业盐也脱销啦~再买到就吃工业盐啦。恭喜你啊~明年今日你忌日吖~,<可可的看看>: 我生怕我妈跟风买盐，她说家里正好没盐了，却买不到，又说听别人讲会有污染，她来句“中国到处都是污染啦，怕啥？[汗]”,<周圆圆zd>: 我觉得CCAV挺不容易的，说严重点，老百姓就哇肿么办抢盐，说不严重来个知情不报。。。真不容易哎。。。关键是你得分什么人。。。可见中国2B货太多。。。3.15应该把这些货全查出来办了！,<峰云疯语>: 我姥家的盐由一元涨到六元了…,<a灿的一些事一些情>: 回复 @马纳耳朵 :恐怕与盐相关的食品都被“洗劫咯” 这世道 唉！,<餅乾子>: 我极力试图劝解我娘……结果我娘曰：“央视都说了！亚洲的海域都有污染！”啊……CCAV……我的蛋一阵阵地疼……,<cherish_薇>: 到处都是“盐已卖完”的牌子，这肯定是2011最新流行语！,<Chan阿苗>: 我妈淡定地说:盐不能当饭吃,买多了做啥!别以为我是你,非典跟着人家跑去买板蓝根..,<小天使爱吃黄桃桔子d_Z>: 回复 @马纳耳朵 :味极鲜,<一颗biubiu>: [酷] 打击谣言散布者。,<没想到的万万>: 回复 @Frances_Q :[哈哈] [哈哈] [哈哈],<ValleyS>: 太多制造谣“盐”的了……,<-髙髙->: 你应该改名为：谣盐粉碎机,<谭鱼头卖狗肉>: 回复 @马纳耳朵 :纯盐难以下口，可制成药丸。还有防辐射衣服，防辐射围巾之类。,<麻辣-金枪鱼>: 上海早就开始在抢咸菜了！！,<马纳耳朵>: 盐抢完了，酱油跟上，酱油没了，什么跟上？后面的同志接上！,<秋秋亦夏>: 广州超市，一盐难求～无盐下厨，上饭馆，相顾无盐，唯有泪千行～,<谭鱼头卖狗肉>: 回复 @Joy_ego :放心！风水轮流转，哈哈~,<yenzai>: 我家刚好没盐了，酱油也快没了，坚决不买高价盐，所以决定先清淡饮食一段时间好了，等食盐供应恢复正常后再买吧~,<马纳耳朵>: 盐抢完了，酱油跟上，酱油没了，什么跟上？看到这帖的同志们，咱们接个龙吧，给奸商们开开思路,<疯扯扯Frances_Q>: 回复 @怪蜀黍爱大婶 :看到金坷垃，我笑了。。。,<没想到的万万>: 金坷垃还尼玛防辐射呢！！！！！！！！不流失有木有！！不蒸发有木有！！零浪费有木有！！吸收两米以下的氮、磷、钾有木有！！！！一袋能顶两袋撒有木有！！！！！！！Made in America-shengdiyage!！！！,<CaT-__->: 回复 @我系小R :哈哈～,<现在就这样了_>: 一太监穿越至当朝，见街上众人甚多，双手高举，均大喊：我要盐，我要盐！太监感叹世风日下，当初自己是因穷而入宫被阉，如今众人抢“盐”，更有甚者，连黄花大闺女都在求“盐”,<空山近远>: 被那些抢购的人逼迫的我们这些不相信谣言的人，恐怕万一做饭时需要盐的时候没有而去买盐。我说万一哪天说这大米也紧俏了可怎么办？旁边一阿姨说，幸亏大米不长在海里。,<AJ554>: 别谈了，看盐都看恶心了，让微波清净清净吧,<云过扶摇枝>: 2050年，某老：“我吃的盐比你走的路还多！”某小：“那是您当年赶上核泄漏了！”,<一眼_Ian>: 今天在学校走廊看大屏幕新闻说澳门本地都有抢盐了，我还没来得及发表意见，旁边的一个老人家已经用粤式普通话说：别信，mo用的。还是有明白人啊！,<lepetit-prince>: 我妈说与盐有关的股票都涨停了！还有多夸张才好呢？,<空山近远>: 公交车上一小伙子说，人家日本地震成那样了都没咋地，中国人还没检测到有核辐射就撑不住了。,<Joy_ego>: 非典的时候你们买醋，核辐射你们买盐，你们到底有没考虑过酱油和糖的感受！！！！！！,<LEEEMANMAN>: 沒文化好可怕，中國人好可悲。一包鹽就浮現出一個名族的素質。,<战鳞>: 今天老妈的催命CALL叫我去买盐，不买还被骂……我晕……辐射和盐有毛关系啊啊啊！吃到咸死也不是防不了辐射！,<happy阿莫西林>: 回复 @霰容 :什么意思,<小晃_这大叔很怪>: 我们学校倒没什么，主要是说他们地震是因为核实验吗？标题是凤凰网的,<水大母母母>: 就连所谓重点大学的学生也在疯买盐.这是不是中国教育的悲剧阿.就这么盲目跟风?稍微百度一下都不至于相信啦.独立的思想在哪..,<霰容>: 好吧，其实粉碎机的目的不是让大家吐槽吧囧……]
guokrfact	向@谣言粉碎机 提问：人体的碘含量是维持在一定的水平的，为什么那些人说吃盐能抗辐射? ​​​	[<来园的桃子>: 粉碎娘不要太着急 慢慢来 有错别字了,<_王瑞>: 中国人一提到碘就首先想到碘盐，因为中国教育里没有“碘片”的概念。,<第七世界之子>: 这个是要转的嗯嗯``,<满怀信心想要拯救世界的捧哏少年>: 盐在手，跟我走，挖盐井，打酱油~,<harryisme>: 忙得手忙脚乱了吧，都打错字了，而实际上……]
guokrfact	向@Ent_evo 提问:酱油可以代替盐么～新疆这么远～就不用参与抢盐活动了吧 ​​​	[<葛紫苏>: 很多正好没盐的人家，只好去买酱油了，可是人口基数是那么庞大，正好没盐的人家还真多，以至于酱油也开始出现被抢购的情形了。。。,<夜枫_植树种草>: [偷笑]  // @谣言粉碎机 :真佩服你的联想能力。碘盐不能防辐射，酱油也不行。要是为了咸味的话，倒是可以试一试。,<徐小胖儿>: 我靠，吃屎能防辐射，都赶紧地吧！！！,<需冷藏保存>: 事实证明新疆也逃不过……,<DJK-SEAL>: 一群258万，这么怕死的！可笑！[鄙视],<圻思喵想>: 我觉得她的意思是，用酱油替代盐来烹饪，就可以不用跑去跟人家抢盐了吧？,<小小na>: 你的回答也太有才了，笑死我了。 // @谣言粉碎机 :真佩服你的联想能力。碘盐不能防辐射，酱油也不行。要是为了咸味的话，倒是可以试一试。]
guokrfact	乃们学的不是化学，是寂寞。。。(@写小说的蜀黍) ​​​	[<心如浮云意似流水>: 哈哈，以前倒还真没注意过,<es_es_muss_sein>: 噗～ // @谣言粉碎机 :还记得我说福尔摩斯里的跳舞小人吗？压箱底的宝贝被你们曝光了[泪] Synthesis of Anthropomorphic Molecules: The NanoPutians. J. Org. Chem., 2003, 68 (23), pp 8750–8766 // @天蓝提琴 : @庄小哥   @谣言粉碎机  求解释...每个图都是啥  // @Sapphirious :// @白蘋吹尽 :转发微博。,<天灵灵地灵灵啊>: 想当年高等有机合成的考试。。。。 // @谣言粉碎机 :还记得我说福尔摩斯里的跳舞小人吗？压箱底的宝贝被你们曝光了[泪] Synthesis of Anthropomorphic Molecules: The NanoPutians. J. Org. Chem., 2003, 68 (23), pp 8750–8766 //,<張小強洛夫斯基>: [偷笑]把这些东西都集合在一起的话……会有什么不良反应么〉？,<烁光>: 每个学化学的上辈子都是折翼的漫画家 // @谣言粉碎机 :还记得我说福尔摩斯里的跳舞小人吗？压箱底的宝贝被你们曝光了[泪] Synthesis of Anthropomorphic Molecules: The NanoPutians. J. Org. Chem., 2003, 68 (23), pp 8750–8766,<PeterYaoCN>: 从小爱化学，长大会跳舞。,<靖王爷>: 苯环结构真是经典呀！// @天蓝提琴 : @庄小哥   @谣言粉碎机  求解释...每个图都是啥  // @Sapphirious :// @白蘋吹尽 :转发微博。,<馒头家的花卷>: 粉碎娘你们不是去会议室看重口味电影了吗Q v Q,<子小耳总>: 蛋疼的化学分子式。。。,<凤田>: // @谣言粉碎机 :还记得我说福尔摩斯里的跳舞小人吗？压箱底的宝贝被你们曝光了[泪] Synthesis of Anthropomorphic Molecules: The NanoPutians. J. Org. Chem., 2003, 68 (23), pp 8750–8766 // @天蓝提琴 : @庄小哥   @谣言粉碎机  求解释...每个图都是啥  // @Sapphirious :// @白蘋吹尽 :转发微博。]
guokrfact	今年春晚的金鱼魔术，据称只要给水通上低压电，金鱼就会顺着电流的方向流，求证@谣言粉碎机 ​​​	[<竹子Moviegoer>: 据说那画是LED灯,<蝈蝈叫>: 第一缸鱼明显是假的,<Kalzium>: @中国经贸出版社总编辑 ： #春晚# 鱼走方针魔术解密，所有鱼缸水都很浅，因为在鱼缸下面有电磁的布线〔用来安排金鱼走〕。第二：就是最残酷的部分；在这些金鱼的肚子里面安排磁铁〔懂外科手术的人会很明白的〕，这样，金鱼就会按你的指示行走。 我之所以解密这个魔术，是因为这个魔术太残忍！因为这种鱼活,<铃流>: 好残忍[吃惊]  // @谣言粉碎机 :这个解释不靠谱吧,<Blue_Wing>: 这速度 [给力]  // @谣言粉碎机 :这个解释不靠谱吧,<Scotty_芊>: 那那个磁铁的呢？,<喔喲魚>: 看到有人說是磁鐵||]
