hunterqiya	妈！！！[笑cry][笑cry][笑cry][笑cry][笑cry]对于这件事你打算咋跟我解释！ 北京·酒仙桥 ​​​	[<影帝张洋>: 回复 @手机用户2642013682 :表演技巧[眨眼]拿瓜子打节奏而已[偷笑][偷笑][偷笑],<我是二猫猫>: 解密里的嗑瓜子特务老三演得特别生动，各种花式嗑瓜子好评，咋练出来的,<小仙子angle>: 帅[爱你],<逗宝就是我啦>: 是不是瘦了[衰],<司吱吱>: 他[笑cry],<好运来48105>: 咋整的怎么这么像我儿子呢，[吃惊],<小二爻_>: 猥琐的洋哥,<莹莹莹_Oscar>: 帅到没朋友呢,<Arvin露>: 你在干嘛呢 @影帝张洋  你真帅就喜欢你,<Arvin露>: 好像啊但你更帅点]
hunterqiya	亲爱的朋友们，至今日起，我不再用张凌烽这个名字了，我要做回张洋了，以后街上见了我，记得叫我张洋[嘻嘻][嘻嘻][嘻嘻]你们的张洋又回来了[坏笑][坏笑][坏笑]记住哦！我叫张洋，弓长张，海洋的洋！！！@张凌烽_  这个微博会持续用一段时间，之后就跟大家告别了。因为是时候了，我要做回自己了[嘻嘻] ​​​ 全文	[<鑫雨心语-->: 回复 @Hi-BYQ :谢谢啦。,<Hi_BYf>: 嗯呐，就是弓长张，凌烽的洋[傻笑],<Hi_BYf>: 回复 @鑫雨心语-- :挺好找的呀，人家演的恋爱的那点儿事的贝贝挺棒！戏份也多呐！推荐去看,<深水里搁浅的猫il>: 那以后你还开通张洋微博吗？？,<亚9086>: 挺喜欢你的,<鑫雨心语-->: 加油啊！以后多演点戏份！粉丝多了，网上关于你的信息就多了，这样找你也好找啦！找个你真心太不容易了[悲伤][悲伤][悲伤],<好运来48105>: 张洋超棒，你演的角色活灵活现，期侍你更好的表现[赞][鲜花],<只做美妆的传递者>: 为什么呀？,<sauce习>: 看到解密19集的时候发现你这个大帅哥了，果断百度加粉,<我是一颗花菠菜>: 我在悦来月子中心官博上看到你和妻子还有宝宝的合照.你妻子好像那年青春我们正好里的杜佳宁啊.[傻笑],<别泥足深陷>: 又找到你参演的电视剧去看，特别喜欢你。hhh[鲜花][鲜花][鲜花][鲜花][飞吻] @张凌烽_,<柯霖迷妹>: 张洋你好,<柯霖迷妹>: 张洋你好。 @张凌烽_,<柯霖迷妹>: 张洋你好。[紫心][黄心][绿心][蓝心],<为阅全力以赴>: 张洋，你好[笑cry][笑cry],<影帝张洋>: 回复 @爱吃肉的大白呐 :哪那,<最后一只大白>: 刚  快走那有一只杰尼龟,<闹啥子嘛闹-Yuan>: 好滴呀 张洋[音乐],<冬冬梅2L>: 没懂[害羞],<_欣小xin>: 哈哈 张洋 你好[笑cry],<闹闹吃个药>: 张洋好听,<金迷妹腿长一米八>: 回复 @浩森赵 :忍住别笑[怒]我先去厕所哭一会儿,<石映画PhotoAgency>: 回复 @金迷妹儿 :哈哈哈,<黑喵骑士Cherry>: 是要换个微博账号吗？微博里搜张洋？,<CiCiMissandlove>: 你在剧中诠释的角色我觉得演的非常深入人心，把人物角色的性格特点全面展示出来，演的活灵活现。角色一定要把它演活那才叫角色。你做到了！我好像在别的电视剧里也有看到过你，但是我有些记忆模糊想不起来了。Anyway，加油，支持你！,<金迷妹腿长一米八>: 等那么久才互粉上[泪]洋哥你居然一言不合就要换id,<mj_supreme>: 喜欢 解密中 老三这个角色   [good][good][good],<-Tautology>: 所以做你自己,<-Tautology>: 张洋更好听,<牛仔裤搭配上衣>: 为什么呢？,<马卫国0905>: 看好你哦！加油 @张凌烽_  [爱你][爱你][爱你][爱你][爱你][爱你],<张琛让人抢了>: 回复 @张凌烽_ :[强]支持你。越来越火喔,<逗宝就是我啦>: 回复 @张凌烽_ :有种在回复我一个[求关注],<影帝张洋>: 回复 @Mr_琛先生1 :[偷笑][偷笑][偷笑]回头换,<张琛让人抢了>: 换Id吗,<王PEISHAN>: 哈哈，我记得之前亮哥给你打电话喊你洋子[哈哈] 这个名字也挺好听的[喵喵],<小粉啵啵猫>: 哦哦？谐音：张扬？[阴险],<小粉啵啵猫>: 这是为什么呢[吃惊]]
hunterqiya	事实证明，我的辨识度还是挺高的，我就来打个酱油[哈哈][哈哈][哈哈][哈哈][哈哈]持续关注《解密》我在第十八集等你们，且看国民小舅子的敌特人生！@电视剧解密 #解密# 北京·梨园 ​​​	[<小豆包纸啊>: [doge]喜欢你,<奶茶巴士2014>: 好帅，跑过来关注,<TAT777777>: 回复 @张凌烽_ :存在感太强 ，这不赶紧让你来给解解[笑cry][笑cry][笑cry][笑cry],<影帝张洋>: 回复 @风情遗逝 :我也心疼我自己,<影帝张洋>: 回复 @TAT777777 :[挖鼻]寓意是啥,<影帝张洋>: 回复 @张师icon :谢谢[哈哈],<黑喵骑士Cherry>: 加油！会更好！,<张师icon>: 加油！老三演的那神色表情真的很棒！惟妙惟肖！看你剧中的角色被杀的那一刻好心疼。你自己平常好好的。可不能总是吃瓜子。对喉咙不好。记得你的台词：一不喝酒。二不抽烟。三不赌。四不嫖。五不抽大麻。（我有没有记错呀？？？呼叫张凌烽，收到请回答over）,<杰娜LOVE小奇怪>: 嘴唇都干成那样了，别在吃瓜子了[doge],<TAT777777>: 原来是你，。。我看完解密后。就梦见你一人 变成了一理发师给我剪头发 [笑cry][笑cry][笑cry][笑cry][笑cry],<徐稀饭>: 喜欢你，加油哦,<徐稀饭>: 好喜欢你在解密里扮演的老三，痞帅痞帅的[偷乐][偷乐][噢耶][噢耶][萌][萌][害羞][害羞][害羞][喵喵],<影帝张洋>: 回复 @Mx影子爱人 :哈哈哈，谢谢了,<Mx影子爱人>: 从解密到老三出场 就关注到这个角色了 扮演拽拽的痞子很合适  看着就一地痞流氓样哈哈 [眼泪]   演技好棒 嬉皮笑脸坏笑起来也好帅  不笑拽拽的，笑起来真的好帅[花痴][飞吻],<风情遗逝>: 今天看20集，心疼小舅子3秒，替翟莉和容金针背了锅[笑cry][笑cry],<云爽儿>: 看着很想笑 不知道为什么 那个眼神哈哈 太好玩了,<拓拓-N>: 我说么，总觉得在哪里见过，原来是你[笑cry][笑cry][笑cry],<浪打浪-把你拍在沙滩上>: 我说看着怎么那么眼熟呢[哈哈]果然是你,<王PEISHAN>: 烽哥又要火一把了.[哈哈][偷笑]]
hunterqiya	认真对待每一个角色，《解密》不会让你失望！！！ ​​​	[<司吱吱>: 也不见你更新微博了,<WHEAT-VISION>: 凌烽哥哥，加油~,<没有金坷垃灬不发达>: 大哥,在哪拍的呢,<Mango-pu>: 今天在哪里拍啊[泪],<司吱吱>: 一个大写的帅,<爱琳bbaby>: 给我介绍男友,<Mr_Six__>: 感觉你长相变了。,<此号无限期停用_>: 昨天刚补看完箭在弦上    加油呦]
hunterqiya	都来算算[偷笑][偷笑][偷笑]，好多人被玩坏了[哈哈][哈哈][哈哈] ​​​	[<小菜小C>: 我没看懂[泪][泪][泪],<良辰美景写意>: 30yeah,<拖鞋配袜子>: 怎么算出的30？,<拖鞋配袜子>: 难道答案不是12？,<努力一个是一个>: 2[不好意思],<刘朴实Colory>: 回复 @张凌烽_ :13..吧...,<PonnyX>: 不是12么？,<我的兔子还在月亮上>: 回复 @张凌烽_ :怎么算的 [闭眼],<wuli丶cecilia>: [doge]30,<近水楼台先得月123>: 怎么看你都是二,<丶小幸运丷>: 1+1+1+1+11+1+1+1+11+1＊0+1=30,<G耿火火>: 智商着急 30,<BDW-->: 回复 @一一澄几许 :算出来了，有两个十一[哼],<用户5710639078>: 回复 @张凌烽_ :为什么,<BDW-->: 回复 @张凌烽_ :怎么算出来的可以说下嘛！大神[晕],<小花生哈吧>: 为什么是30？,<撑不死的人>: 第一排，第二排和第三排之间根本就没有用数学符号连接起来，所以我觉得可以忽略第一排和第二排，直接看第三排，按照算式里面的先乘除，后加减，我觉得答案应该是2,<李栗栗Li>: 怎么觉得应该是2呢 大哥哥😹😹,<8512一叶清舟>: 回复 @一一澄几许 :你好好看看题，就会算出来了~~,<影帝张洋>: 回复 @用户5710639078 :统一回复，是三十,<用户5710639078>: 当然等于1啦,<BDW-->: 回复 @8512一叶清舟 :怎么算30的？,<8512一叶清舟>: 答案是30]
hunterqiya	#那年青春我们正好# @电视剧那年青春我们正好 就是这么高颜值的团队！华丽的杀青了！这次真的杀青了！不舍，感恩！迈开腿，继续向前走，在前方终归会有相遇的地方！谢谢小猎豹@郑恺 谢谢神仙姐姐 @刘诗诗  谢谢导演及全组人员，爱你们[心][心][心] ​​​	[<元气公子-言西早>: 原来还是个阳光少年,<维纳斯618>: 你演的刘刚很好啊，非常到位，我炒鸡喜欢，加油,<很难过吗>: cool,<刘英俊的男装>: 回复 @就是小甜心 :因为这条微博是关于诗诗的，粉丝当然支持自家偶像，天仙粉这都能找到，你是没见到天线粉的可怕。,<刘英俊的男装>: 回复 @拥抱包子的橙子 :谁叫你们自愿来找骂呢，好好找找评论的天线宝宝吧,<刘英俊的男装>: 支持我诗诗！,<喵呀-喵了个咪>: 诗爷美美哒[爱你][爱你],<小幸运AFAF>: 看了都是刘诗诗粉在骂我茜茜，素质的人会是这样？神仙姐姐并不是茜茜的专属，个别粉丝错误就应该上升到刘亦菲身上？,<我要我的TTQ>: 我诗就是神仙姐姐[爱你][爱你][爱你],<HathawaySs_>: 没感觉刘亦菲有多仙[笑cry]就算是[挖鼻]神仙姐姐这个词也不是刘亦菲的专属吧[笑cry][挖鼻],<腐酸霉>: 真的，这种专有名词确实不适合她，明明是条汉子,<拖鞋配袜子>: 好心疼博主，话说下面喷人的某粉是怎么寻到这条微博的[挖鼻],<我与青春不离>: 回复 @zoeZoe思 :呵呵，你笑点低我能怎么办[眼泪]难道不是么,<typical_me>: 博主好可怜，以后不敢乱用神仙姐姐了，[鼻涕] 某家仙粉得罪不起的.,<哆啦啦口袋>: 那年青春赞赞[强][强],<哆啦啦口袋>: [兔子][兔子],<哆啦啦口袋>: [心][心],<哆啦啦口袋>: [兔子][兔子],<哆啦啦口袋>: [心][心],<哆啦啦口袋>: [爱你][爱你],<哆啦啦口袋>: 博主好心发博，找事的不理[爱你][爱你],<大大大帅比就是我>: 我心中的神仙姐姐只有诗诗和丽颖,<大大大帅比就是我>: 诗诗梳中分好嫩，好美[爱你],<思丨仙>: 回复 @鹿哥家的诗颖喵 :[笑cry]这是我听过最大的笑话～,<我与青春不离>: 还是想说一遍，很多人都叫刘亦菲神仙姐姐，但是一千人心中都有一个神仙姐姐，你们能有意见地透么，一口一个丧粉，这就是你说的素质么！,<我与青春不离>: 回复 @zoeZoe思 :狮子起码不会自己挑事好么[微笑],<天空甚蓝甚蓝>: 刚才打错字了，重发：你家粉先来刘合作伙伴下面骂刘，要不是你家粉先跑来踩她，我家粉会说你家那位？你家有的人先找茬的可以不？那被称作神仙姐姐的人多了去了。你们踩的过来吗？前几天一个自称神仙姐姐的人，被你家吐嘈了180多条。自己家先跑来这边踩，还有道理了？还没离开呢？这么喜欢惦记我家呢？,<程楹楹阿>: 这就是撕逼的源泉咩，精神上支持刘亦菲[微笑],<思丨仙>: [笑cry]丧粉真是刷新三观～神仙姐姐最初是媒体封的～群众叫的～神仙姐姐是占了时代性的一个称呼～先入为主的不是天仙粉好吗[笑cry]我可没说神仙姐姐是且丧粉给封的，我是说这条微博下面的评论拼命踩我天仙泼脏水给天仙粉，说什么先撩贱，没人提天仙，天仙粉就来撕[笑cry]我截图就是为了费你们这群狗嘴,<仲夏夜之星晨>: 呦，神仙姐姐这个词难道不是你家演了神雕之后，才一堆人称神仙姐姐的吗？你家自家一堆粉叫的，现在不认了？就造谣？你家自己认的称呼，怎么就变成别人灌入了？笑死了。别人怎么说都是夫妻。2家个别粉有闹的。不是很正常？别人明星夫妻粉有些闹的，不是都有。网络毕竟管不住。还是先管好你自家吧,<思丨仙>: [拜拜]挖槽～神仙姐姐他妈谁要谁拿去，神仙姐姐这个名称底下最开始可是丧粉自己灌入刘亦菲的[拜拜]狗改不了吃屎，你自家都认为的凭什么天仙粉认为就是错，要觉得错麻烦打你丧粉俩一巴掌让他们吃屎去好吗[蜡烛]还有关于且丧和吴粉之间你是知道太少还是孤陋寡闻看个热评就算和谐了[微笑],<天空甚蓝甚蓝>: 结婚后我姑娘和男方微薄评论不都满和谐的？就算有个别吵的，那也只是极少数 。哪像你家微薄基本9成以上全是在骂男方的。满屏都是。也不要那么大脸，把你们几个代表其他所有吧。你家每次女星粉都是各种艳压艳压的言论。男星合作的更是各种嫌弃。怎么这么喜欢惦记我家？可不可以离我姑娘合作伙伴微薄远点,<天空甚蓝甚蓝>: 有些人说没空搜我家，还特地找来这边因为一个神仙姐姐开骂？你家先跑来这边开骂的。那人后来 估计自己删除了评论。以为删除了就当没发生过了？你家先来找茬的，可以不？跑来别人合作伙伴这边乱砰，还有道理了？我只知道 我家每次中国的各个节日，来诗吧送祝福的其他明星吧那可多了去了。 数都数不完,<天空甚蓝甚蓝>: 回复 @大气土豆土气大- :就这微薄下面，好几个我家黑子跑出来。怎么你家跑来和我家一吵，我家黑子都跑出来了。还真是巧啊。可见你家粉平时真没少黑我家姑娘啊,<天空甚蓝甚蓝>: 回复 @大气土豆土气大- :你家跑来我家合作伙伴这边吵，还有道理了。骂了就删除。就可以当没事了，是不？拿ym家来说？你家之前背地里和ym家撕的那么欢，现在来拿其他家来扯，也真好意思。13亿，你是说你家13亿吗？你家先找事的，还有道理？,<岁月他是朵双生花>: 楼下的狗也太贱了吧[微笑][微笑][微笑][微笑],<思丨仙>: [微笑]真是艹爹虱子狗～不全名天仙真是不爽～没空搜你家[拜拜]真是狗改不了吃屎  http://t.cn/Ry03556,<思丨仙>: 回复 @钓鱼岛是China领土 :丧粉真是刷新我三观，你家撕b还少吗[笑cry]真是好了伤疤忘了疼,丧粉因为撕b上了新闻报道，和吴一结婚从此你俩家撕b的撕b，搜个脱粉满屏骂吴直接人身什么月表什么的一堆，你家是唯一一个被各吧禁言的[微笑]请问你们哪家没有撕b过？以前的好闺蜜，现在的好撕b[拜拜]下一站是我看过最扑街的一部,<狗蛋儿呢>: 挺博主  我们英俊的神仙姐姐   爱喊啥喊啥,<Love黄景瑜>: 回复 @张凌烽_ :说的好，神仙哥哥！,<天空甚蓝甚蓝>: 回复 @大气土豆土气大- :你家粉不一直说自己家那位是神仙姐姐吗？别人都没那个资格称吗。我就想知道你们家粉怎么找到这边来骂的。刘ss本人，我家部分人喜欢称她刘直男、刘英俊。反正也不会稀罕神仙姐姐这个词。跑来刘的合作伙伴这边骂，还有理了。,<天空甚蓝甚蓝>: 回复 @大气土豆土气大- :你自己不会翻吗。不是你家因为神仙姐姐这个词。乱骂刘ss。我们会提你家？一共才12页吗？你有眼睛吗？到底怎么样，这个博主心理清楚的很。不要以为是转发或者删除了，他就不知道了。你们跑到刘的合作伙伴这里乱骂人，就因为别人提了一句神仙姐姐这个词，也真好意思,<天空甚蓝甚蓝>: 你去查查郑s。和其他一些小花旦收视。不都那样？那我还说绣春刀还9000多万。不知道海外放了有没有破亿。不二还好几亿呢。大不了我说我家这位是几线小明星。你家那位既然那么牛，怎么这几年越来越flop了？以前资源爆膨。和大花们比。现在怎么沦落到和小花比了？跑别人合作伙伴这里乱砰人。真好意思,<天空甚蓝甚蓝>: 《聊斋奇女子》《辛十四娘》该剧在四川卫视播出时打破了2007年的收视纪录.，《步步惊心》播出期间，卫视的收视达到1.72%，一直稳居同时间段卫视频道电视剧的收视冠军.，《轩辕剑》收视始终位居同时段全国首位。步步2收视差了？别人红的小花旦有些剧平均收视也都是1点几。有几部0点几收视都是很正常的,<心视冬眠>: 刘诗诗粉丝最可怕,<天空甚蓝甚蓝>: 回复 @大气土豆土气大- :谁踩谁啊？lyf家先找事的，可以不？你自己翻翻评论。还专门跑别人的合作伙伴这里来骂,<天空甚蓝甚蓝>: 这么喜欢踩别人。难怪把宋cx踩成那样。别人谈个恋爱被黑成渣。三生嫌弃这个男的、嫌弃那个男的。把一堆男明星嫌弃、嘲个遍。王祖贤、李若桐演的那么好还得被嘲比不上你家............这些年为你们家偶像骂了那么多明星。这么喜欢踩别人也不怕孽力回馈 哦,<天空甚蓝甚蓝>: lyf粉丝，你自己家的绝命逃亡和露水包括最近新上映的三爱。哪个不是千万呢？你家电影当初还有干爹包场刷票房刷了那么多。好意思说别人？三爱，阿里那位高层替你家包场刷了几千万票房。可惜还是那样。别人lss可没像你家那样刷票房。刷出来的成绩是个人都高。有气怎么不去朝tr发呢？关lss半毛线事？,<扉页书签>: 回复 @张凌烽_ :你为神马这么可爱。我也和我的神仙姐姐表姐通话去,<Sunny愿做一只小太阳>: 回复 @张凌烽_ :哈哈哈哈[太阳]就冲这句话 我就     。。。。。 觉得你很逗比[哈哈][哈哈]你的神仙姐姐 我们的 刘英俊[噢耶]其实你的神仙姐姐是蓝孩纸[偷乐] #刘诗诗2016巴黎时装周#,<詹姆斯迪恩永远年轻>: 且丧算什么神仙姐姐？当我们眼瞎吗[笑cry]都flop到回去演垃圾电视剧了,<一直在joy>: 赞[微笑],<-羊羊爱咩咩->: 看评论太解气，很多微博下都是刘亦菲艳压艳压啥的，也不知道得罪了多少女星哦，长点心吧天线粉,<張國榮撩我又不娶我>: 回复 @张凌烽_ :博主真对不起，我们个别粉丝比较不理性给您添麻烦了，望您见谅~~~表示一直都对这部电视剧有所关注，也很是期待，希望早点播出~~~博主很帅，诗诗也很美[爱你][爱你]希望博主别计较~~~[熊猫][兔子],<wendy198896>: 郑恺好帅,<八卦在哪里>: 回复 @小枝79014 :[拜拜]我们也不稀罕～～快去刷话题 #刘诗诗2016巴黎时装周# #刘诗诗Carven时装周# 美诗出来了  http://t.cn/RypXNhn]
hunterqiya	由@刘诗诗 、@郑恺 主演的都市青春爱情励志剧《#那年青春我们正好#》最新剧照曝光！[话筒]“狮豹组合”@刘诗诗 和@郑恺 之外，四位年轻演员@种丹妮 @李浩轩01 @刘冬沁ZayinEric @张凌烽_ 组成高颜值军团给《那年青春》注入新的活力！[赞]那年青春情书版预告 刘诗诗郑恺制服诱惑 ​​​	[<BDW-->: 看完箭在弦上，觉得你很好！[好爱哦],<我和李的cqrs>: 其实我觉得你还挺帅的[爱你][爱你][爱你],<reallllllllllllllllllllll>: 且行且珍惜里你塑造的角色很喜欢！支持！,<Ta說D>: 这发型……[闭眼][闭眼][闭眼],<刘冬沁粉丝后援会>: [哈哈]  http://t.cn/Ry4OMql,<刘冬沁粉丝后援会>: 合作愉快，加油[哈哈],<阿花妹妹ss>: 放荡不羁]
hunterqiya	最爱的人物，没有之一[心][心][心][心][心] ​​​	[<-99祭>: 看头像来得,<非也非也善哉善哉>: 奇犽也是我的最love[爱心][爱心][爱心][爱心],<hhhhh1995>: 也很喜欢不过最喜欢还是悟空,<沫_mom>: [偷笑],<你这样对>: [好喜欢][好喜欢][好喜欢],<有青出没>: Killua同本命[喵喵],<月啊19365>: 你头像，我男神[爱你],<杨杨洒洒_>: 爱的不能再爱,<柯木子Laurie>: 奇犽，看你头像点进来的←_←,<xuanxian>: [偷笑]和小杰一对好基友~,<废话假装是首诗>: 奇犽宝贝,<地狱边缘者>: 我喜欢帕里斯通，他才是把猎人意志贯彻到底的人！,<李泓霏>: 奇犽！！！可惜富奸休刊了。。。。说好的黑暗大陆呢[泪],<影帝张洋>: 回复 @里四象 :[挖鼻]是的,<影帝张洋>: 回复 @他姓揍敌客 :[赞][赞][赞][嘻嘻][嘻嘻][嘻嘻],<里四象>: 伊尔迷更有爱，好像是演婆媳三国时代里的三儿子[疑问],<啦啦啦噜啦德玛西亚>: 妈妈哒！还有明星爱奇犽啊！关注了！,<空空空乃祖>: (⊙o⊙)奇牙～～[心][心][心],<巫巫巫巫巫一>: 我超喜欢奇犽,<魏梦Dreamer>: 回复 @张凌烽_ :我要再看看 奇牙小杰人气很高但是我莫名最爱酷拉皮卡初中当男神迷了好一阵呢,<影帝张洋>: 回复 @魏梦Dreamer :那你落下不少了，这个我从小学四年级开始看的，反复在看，现在动画都更新到找到他爸了,<魏梦Dreamer>: 回复 @张凌烽_ :初中时候的最爱 很久没看了 你一放图直接被震到 我的童年啊,<影帝张洋>: 回复 @魏梦Dreamer :哈哈，你也看？,<影帝张洋>: 回复 @张倩如luai :全职猎人,<项晴Mine>: 出来撕逼我老公为什么关注你[doge]]
hunterqiya	我大艾特今年的“逢考必过四神兽”[强][强][强][强]文化课也要加油哦(ᵒ̤̑₀̑ᵒ̤̑)哦！！！！ ​​​	[<企鹅w小呆>: 帅哥，关注你了,<影帝张洋>: 回复 @罗秋韵Wendy :这个封号赐予你了[酷]不用谢，我是做好事不留名的张凌烽老师,<罗秋韵-Wendy>: 回复 @张凌烽_ :算了吧,<影帝张洋>: 回复 @罗秋韵Wendy :你现在是神兽头头[偷笑][偷笑][偷笑],<莹莹莹_Oscar>: 棒棒哒。。。,<我是淼淼媽啊a>: [闭嘴][挤眼],<罗秋韵-Wendy>: 回复 @张凌烽_ :[鄙视],<July金>: 又有个范冰冰,<影帝张洋>: 回复 @罗秋韵Wendy :大了？？？喝了多少？,<July金>: [good]]
hunterqiya	开工留念。。。这个力度磨下去，我还能装鲜肉[酷][酷][酷][酷][酷] ​​​	[<Yulisasa>: 男人还是穿军装帅~,<Monkey兔小姐>: 太讨厌你演的陈北了[怒骂][怒骂][怒骂],<村花少女李九妹>: 老公帅死了,<企鹅w小呆>: 帅哥，关注你了,<歌王子的妈>: 本来就是小鲜肉,<湜森>: 老公关注你了[doge],<森林迷鹿ll>: 最近才看箭在弦上，剧里那么多人，独独期待你的镜头… [害羞][害羞][偷笑][偷笑],<粒粒戈立>: 啥电视剧？期待,<瑶饱饱>: 观光团[害羞],<_馬里千>: 啥片儿呀这是,<影帝张洋>: 回复 @也许不在艺 :朋友,<也许不在艺>: 你和王思聪什么关系[疑问],<重口味小清新77>: 美了颜的小鲜肉[思考],<牛头梗222>: 张洋是谁 @张凌烽_,<焚城盗帅来了>: 老公看上你了，准备好菊花吧[拜拜][拜拜],<魏星人的循规蹈矩>: 想鲜多久鲜多久  [开心]   看戏服  差不多也猜到什么类型的剧了  加油吧[鼓掌][好][胜利],<莹莹莹_Oscar>: 可以可以。。。必须可以！你说四不四叭,<倩倩BOSCO>: 你本来就不是什么鲜肉 @张凌烽_]
hunterqiya	健身一周，效果展示[酷][酷][酷]，我就是我，不做大白的我！[偷笑][偷笑][偷笑]（也不做米其林。。。） ​​​	[<影帝张洋>: 回复 @我是人像攝影師 :首先你身边要有哥们比你身材好[笑cry][笑cry][笑cry]其次你是个要面子的的人，有了以上两条，你就知道怎么练了[偷笑][偷笑][偷笑],<影帝张洋>: 回复 @利利戈立 :首先你身边要有哥们比你身材好[笑cry][笑cry][笑cry],<粒粒戈立>: 回复 @张凌烽_ :求指导，太厉害了！[赞][赞],<影帝张洋>: 回复 @利利戈立 :[偷笑][偷笑][偷笑]真的是一周哦[偷笑][偷笑][偷笑]以前没健过,<粒粒戈立>: 一周效果那么好？这应该是健身几年了,<我是老周阿>: 需要车联系，详细可看微博。,<那家卖烧饼的女孩>: 手机比脸大，让我这大脸妹子情以何堪[doge][doge],<莹莹莹_Oscar>: 明显明显。。。[狗][狗][狗],<ONLYCC诚>: 健身效果显著有范[爱你]]
hunterqiya	刚学会的新技能，酷酷的[赞][赞][赞] ​​​	[<莹莹莹_Oscar>: 来。。。再表演一个[大笑][大笑][大笑],<客居无痕>: 擦，我竟然错过你发的新微薄。。。帅出新高度了,<婉婉_Phps>: 哈哈哈哈 so  cooooool,<轩轩轩楠>: 咱能缩短出现的时间嘛,<July金>: [good][赞啊],<酥了一口椰蓉>: 用魔光手影吗？,<魏星人的循规蹈矩>: [鼓掌],<微整形减肥瘦身达人白雪>: 报上软件名字[doge]]
hunterqiya	这才叫赤裸裸的炫富[愉快][愉快][愉快]有你们在我就是世界上最幸福的人。爱你们，我的家人！愿你们幸福永远，健康永远！快乐永远！[爱心][爱心][爱心][爱心][爱心][爱心] ​​​	[<L木沐stronger>: 你可终于更博啦！！男神好幸福啊，怎么照都那么帅~萌萌哒！加油！[可爱] @张凌烽_,<魏星人的循规蹈矩>: 终于更博了。和家人在一起 很幸福 很快乐。确实是最大的财富。[呵呵],<韩Boss家的蓝小澈>: 家庭和睦才是最幸福哒。看了你演的陈北，我和爸妈都很喜欢，支持你，加油、,<我那么漂亮我不能死阿>: 哎 那是小女友么,<Mr_Six__>: 你瘦了啊。,<好尴尬啊哈哈哈>: 看看姥爷那身高,<穿越虚渺>: [爱你][爱你][爱你],<女汉子吕小妞>: 只要幸福就好。其他都是次要的，加油,<怪咖曾美丽>: 老大好久不见[笑cry],<aven蚊>: 好有爱[飞吻]]
hunterqiya	[嘻嘻][嘻嘻][嘻嘻][嘻嘻][嘻嘻][嘻嘻]弟弟来剧组串戏@王燕阳_  ​​​	[<杰西懵卡>: 你最近没睡好吧，看你眼睛～,<莹莹莹_Oscar>: 两个帅哥欧吧，感觉你们两眼睛好像,<想像者劉玉竹>: 帅比哥哥[傻笑][傻笑],<想像者劉玉竹>: 长得好像,<杨强199014>: 两个帅哥,<LOVE霖lin>: 弟弟比你帅[偷笑][偷笑],<耿雯雯家chocolate>: 弟弟帅[花心],<小莹莹笨笨哒>: 不比不知道,一比吓一跳,很久没看到又变帅了,你妈妈知道自己儿子帅到不可以和别人照相么![偷笑]]
hunterqiya	最近。。。真的是胖的不露声色的。。。[委屈][委屈][委屈][委屈] ​​​	[<Miss橙08>: 也很白好吗[思考],<落落菇凉ling>: 依然很帅[花心][花心][花心],<_欣小xin>: 胖点才好～我最近也胖了呢～你什么时候回济啊？,<水晶小鹿>: 这看上去正好啊,<头发身子小狮子>: 胖的最高境界是不显山不露水,<短发的女孩也很cute>: 烽哥你确实有点胖了，不过还是很帅哦,<轩轩轩楠>: 没有啊，依旧是那么帅气[爱你],<莹莹莹_Oscar>: 还是帅啊,<媛媛觉主o_0>: 胖了也帅！,<想像者劉玉竹>: 啊啊啊。大帅比怎么可以在我上课的时候发微博,<舒莎莎童鞋>: 没看出来胖了啊！,<一个小美女Super聪>: [兔子][兔子][亲亲][亲亲]哥哥你又帅啦,<IAM-GONE>: 胖哪了？,<黑色羽绒服上面的毛毛>: 还是瓜子脸型儿~[爱你],<小跃841>: 又帅了！！！[爱你][爱你][爱你] @张凌烽_,<杰西懵卡>: 最近～真是帅的显山露水。[嘘][嘘][嘘],<陈钗Smile>: 没胖啊[泪],<SummerXuM7>: 白 胖 猪[花痴]]
hunterqiya	天气不错。。。。别浪费了这么好的空气[偷笑][偷笑][偷笑] ​​​	[<lxm小蔓>: 你是剧中的男二么？？,<好听的就好>: 回复 @张凌烽_ :黑眼圈好重哦，好好休息哦。。。。。。我也想你回复我，哈哈,<白大仙就是个仙>: 恋爱那些事真的感动我了,<头发身子小狮子>: 回复 @张凌烽_ :开森开森，，哦来哦来哦来,<小婉公主520>: 回复 @张凌烽_ :我没看错吧，没想到小烽你会回复我，我现在又开心又感动。[泪][抱抱],<汤美琳琳儿>: 好帅啊，好喜欢你演的恋爱那些事，希望你以后多拍些偶像剧,<想像者劉玉竹>: 回复 @张凌烽_ :贝哥又回复我了。[爱你][爱你][爱你],<吃桃酥的女子html>: 回复 @张凌烽_ :哎呀  妈呀  竟然回复我啦   激动啊[鼓掌][鼓掌][鼓掌],<Zhou_Ning_>: 回复 @张凌烽_ :日光浴啦[哈哈][哈哈],<杨强199014>: 回复 @张凌烽_ :天天想着让你回复我，愿望成真了，老喜欢看你演的电视剧,<杰西懵卡>: 回复 @张凌烽_ :这个恐怕难度不小[吃惊]晚安[月亮]好梦,<笑喘少女>: 回复 @张凌烽_ :感动坏我收到回复[淚流滿面]这么晚啦还不睡！难道你和我一样有考前焦虑症[害羞][奥特曼][奥特曼][抓狂][淚][奥特曼][奥特曼][奥特曼][奥特曼][奥特曼]晚安[月亮],<影帝张洋>: 回复 @Lovelife-阿薇薇薇薇 :[右哼哼][嘘][嘘][嘘],<影帝张洋>: 回复 @吃桃酥的女子html :[偷笑][偷笑][偷笑][嘘][嘘][嘘],<影帝张洋>: 回复 @梦逸520 :[嘻嘻][嘻嘻][嘻嘻],<影帝张洋>: 回复 @杨强199014 :[呵呵][呵呵][呵呵],<AAAAAAAAAAAAAAAAAAAAAAAAA1>: 回复 @张凌烽_ :看着有点像，,<影帝张洋>: 回复 @我们-狠执著 :[做鬼脸][做鬼脸][做鬼脸],<影帝张洋>: 回复 @木有安全感的酸奶控Nn :猜[呵呵][呵呵][呵呵],<影帝张洋>: 回复 @55别丢下我 :[嘻嘻][嘻嘻][嘻嘻],<影帝张洋>: 回复 @轩轩轩楠 :[呵呵],<影帝张洋>: 回复 @姜小莹yy :应该知道[呵呵][呵呵][呵呵],<影帝张洋>: 回复 @负能量宁宁周 :[汗][汗][汗]不想的,<影帝张洋>: 回复 @羊一princess :[嘻嘻][嘻嘻][嘻嘻],<影帝张洋>: 回复 @神經病劉玉竹 :[哈哈][哈哈][哈哈]快乐,<影帝张洋>: 回复 @捷燃不同的-翔念式 :[害羞][害羞][害羞],<影帝张洋>: 回复 @一点点-丛丛 :[嘘][嘘][嘘],<影帝张洋>: 回复 @AAAAAAAAAAAAAAAAAAAAAAAAA1 :擦擦,<影帝张洋>: 回复 @徵恃筱钕啙 :[嘻嘻][嘻嘻][嘻嘻],<影帝张洋>: 回复 @徵恃筱钕啙 :[偷笑],<影帝张洋>: 回复 @cash元芳 :不是佛牌[汗][汗][汗],<短发的女孩也很cute>: 烽哥帅到爆哦,<AAAAAAAAAAAAAAAAAAAAAAAAA1>: 带的佛牌？,<头发身子小狮子>: 所以就出来帅一下？！,<捷燃不同的-翔念式>: [愛你],<想像者劉玉竹>: 5.4青年节快乐,<LOVE霖lin>: 这给你帅的！,<想像者劉玉竹>: 越来越帅。[爱你][爱你][爱你],<想像者劉玉竹>: 帅比。帅比,<cash元芳>: 胸前的泰国佛牌真闪[酷],<Zhou_Ning_>: 你要不要这么白[泪],<小莹莹笨笨哒>: 带点回家,你这么帅,你妈妈知道不?,<轩轩轩楠>: 出去透透气[嘻嘻],<y严s妞m>: 还是挺帅的[爱你][爱你],<舒莎莎童鞋>: 大批壁纸正在靠近,<杰西懵卡>: 这是在哪里？,<黑色羽绒服上面的毛毛>: 发型不错，就是有点儿毛躁[哈哈],<我们-狠执著>: 终于更博了！,<怪咖曾美丽>: [花心]男神]
hunterqiya	天气不错，出来放放风[偷笑][偷笑][偷笑][偷笑][偷笑] ​​​	[<影帝张洋>: 回复 @张劲辰 :欧了，没问题啊,<张劲辰>: 回复 @张凌烽_ :回北京吃饭哦,<影帝张洋>: 回复 @张劲辰 :杭州啊,<aven蚊>: 剧情需要么？一头卷毛[思考],<王诗淇_>: [怒][怒][怒][怒][怒][怒],<贰年级小盆友->: 回复 @张凌烽_ :[嘻嘻][嘻嘻][嘻嘻]我一同事跟你是高中同学，才知道你是济南人。  看过你不少电视剧了，挺好的。  越来越好～[good],<想像者劉玉竹>: 好长时间没回复我了。还记得我么[泪],<想像者劉玉竹>: 回复 @张凌烽_ :这么晚回复了。,<小跃841>: 回复 @张凌烽_ :也要注意休息哦 @张凌烽_  劳逸结合,<我是你杜娘>: 回复 @张凌烽_ :感谢峰哥的回复！支持你呦！祝在今后演绎更加辉煌！[赞][赞],<张趁意Cary>: 烽哥，好久没看你发微博了啊。,<影帝张洋>: 回复 @-沫小娇落单的夏天 :[酷][酷][酷][酷],<Barris-Wei>: 回复 @张凌烽_ :咱们俩发型绝对够像。,<影帝张洋>: 回复 @小跃841 :[害羞][害羞][害羞]最近忙点[偷笑][偷笑][偷笑],<影帝张洋>: 回复 @_____小先森 :[偷笑][偷笑][偷笑]有眼光,<影帝张洋>: 回复 @严小雅MM :[酷][酷][酷],<影帝张洋>: 回复 @-t---- :[可爱][可爱],<影帝张洋>: 回复 @我是小倩-L :[呵呵],<杰西懵卡>: 回复 @张凌烽_ :看我回复多快多机智,<影帝张洋>: 回复 @ai霜子 :谢谢,<影帝张洋>: 回复 @Bei金牛座的羊Jing :那是我哥[偷笑][偷笑][偷笑],<影帝张洋>: 回复 @Yu___Miss喵喵 :[呵呵],<影帝张洋>: 回复 @Barris-Wei :[偷笑][偷笑][偷笑],<影帝张洋>: 回复 @木有安全感的酸奶控Nn :[呵呵][呵呵][呵呵],<影帝张洋>: 回复 @捷燃不同的-翔念式 :表哭。。。,<影帝张洋>: 回复 @魏莹_Oscar :萧敬腾去了？,<影帝张洋>: 回复 @沈佳宜同学的同学 :[害羞][害羞][害羞],<影帝张洋>: 回复 @一个小美女Super聪 :[酷][酷][酷],<影帝张洋>: 回复 @我们-狠执著 :谢谢支持[呵呵],<影帝张洋>: 回复 @---张大娇 :[呵呵],<影帝张洋>: 回复 @阿拉竹伴熹419快乐 :[呵呵][呵呵]谢谢,<-沫小娇落单的夏天>: 谁呀小伙儿长得这么亮堂？[哈哈],<小跃841>: 都想死你了、也不经常出来晒晒你的动态,<小跃841>: 哎妈呀！你咋又帅了腻！你自己知道了吗 @张凌烽_,<Mr_Six__>: 帅了啊。,<sherry-严严严严严>: 丫，又帅了哈[偷笑],<-爱與傲慢I>: 么一个~[爱你],<生活就是不断的发现L>: 有手机党,<我是你杜娘>: 你身后那个人是亮点,<贰年级小盆友->: [嘻嘻][嘻嘻],<Barris-Wei>: 风哥，发型[馋嘴],<杰西懵卡>: 不错不错,<捷燃不同的-翔念式>: 帅哭[泪],<莹莹莹_Oscar>: 我们这在下大雨呢,<多肉千岛>: 美颜相机嘛，要帅死几个？,<一个小美女Super聪>: 好帅。[兔子],<我们-狠执著>: [爱你]]
hunterqiya	新戏造型。。。真的是骚的外焦里嫩的。。。《熟男养成记》给你不一样的成长体验，优秀的团队，必出精品。。。期待中。。。[亲亲][亲亲][亲亲][亲亲][亲亲][亲亲] ​​​	[<孝贤皇后的狗奴才>: 你要是出演古装剧，那绝对的秒杀一众女星[心],<樓雨琛HAHA>: 哥哥[嘻嘻]我也是学表演的[嘻嘻],<王诗淇_>: 你家布小丁长得也越来越像你了[酷],<-沫小娇落单的夏天>: 三百六十度无死角呀。[哈哈],<简单-平淡>: 加油、微博更新真少、[给力][给力],<轩轩轩楠>: 期待ing，新造型很好看。加油[拳头][拳头][拳头][拳头][拳头],<我是你杜娘>: 又变帅了！,<我那么漂亮我不能死阿>: 哎呀妈呀，又变帅了，真是的。。情敌又多了。,<鱆鯲Jie>: 就爱 陈北那型的~你也很适合[嘻嘻][嘻嘻][偷乐][偷乐],<cash元芳>: 熟了吗？,<小跃841>: 好几天不更新了 @张凌烽_  都想你啦,<想像者劉玉竹>: [爱你][爱你][爱你],<想像者劉玉竹>: 不要让自己太累,<想像者劉玉竹>: 又帅了[爱你][爱你],<Miss橙08>: 男神，要不要这么白阿[思考][思考][思考],<aven蚊>: 期待[太开心],<等食儿的哼哼哼哼哼>: 加油[太开心][太开心][太开心]]
hunterqiya	脸长怎么了[哼][哼][哼]脸长说明今年能火好吗！！！[抓狂][抓狂][抓狂][抓狂][抓狂][抓狂]今年是马年！！！[威武][威武][威武][威武][威武][威武][威武][威武] ​​​	[<本宫名叫赵小玮>: 快火吧。。。。[嘻嘻][嘻嘻],<我只爱少年>: 帅[吃惊][害羞][花心][挖鼻屎][鼓掌][太开心],<想像者劉玉竹>: [心][心][心],<想像者劉玉竹>: [爱你][爱你][爱你],<想像者劉玉竹>: 不得不说你是大帅比,<Jenny7026>: 必须火[马到成功][马到成功][马到成功],<莹莹莹_Oscar>: 很帅的呀。。。今年会很旺很旺啦[嘻嘻][嘻嘻],<想像者劉玉竹>: 失眠了。怎么办。早上还得去上学[泪][泪][泪],<想像者劉玉竹>: 看看贝哥照片心情会好很多,<想像者劉玉竹>: 明天又要上课了。唉。还是看看大帅比的微博吧。,<蠢药16>: 赤裸裸马上火节奏[酷],<可以不可以123>: 我也是长脸[挖鼻屎][悲伤],<爱猎奇的小灰灰>: [爱你]一定会红过卷福,<微整形减肥瘦身达人白雪>: 应该要做个表情 这个图描述马脸不够生动哦[阴险][阴险][阴险],<LSSA->: 哈哈哈 马脸啊，得大火啊！！！,<穿越虚渺>: 回复 @张凌烽_ :太客气了[爱你][哈哈][嘻嘻]，真的看好你[good][good][拳头][拳头]希望你2014年一切顺利，拍更多作品，马上想什么有什么[耶][耶][鼓掌][鼓掌],<NNnn浓>: 回复 @张凌烽_ :[羞嗒嗒][羞嗒嗒],<我是欠噔啊>: [偷笑]你很喜欢发表情喵,<dashu515>: 加油，很喜欢你演的戏！,<孔小孔啊孔小孔>: 回复 @张凌烽_ :[萌][萌][兔子][兔子]〜〜〜,<Eva_女皇>: 回复 @曾翔妃 :[可爱][嘻嘻][哈哈],<曾翔妃>: 回复 @超级爱美的姑娘Vivian :[吃惊],<Eva_女皇>: 回复 @曾翔妃 :睡不着了不行 早点睡[可爱],<Eva_女皇>: 回复 @斯归若虽然矮但是胖啊 :3q[呵呵],<Eva_女皇>: 回复 @二小a :谢谢[爱你],<Eva_女皇>: 回复 @王诗淇_ :你这么说他造吗[哈哈],<Eva_女皇>: 回复 @聆听心声luo :不闹不闹哈哈 [嘻嘻],<美美哒127>: 你很会闹,<盛唐果儿>: 回复 @张凌烽_ :[嘻嘻]那好吧，被你这么一坚持，好像真有点长呢，你赢了[哈哈],<Yomico->: 回复 @张凌烽_ :我觉得不长阿[可爱],<人言可畏所以不可爱>: 帅[爱你][爱你][爱你][爱你],<陈钗Smile>: 那个说什么了啊,<英俊的大大红指甲0I>: 贝哥    我是新粉   支持你,<杰西懵卡>: 谁说你了阿，那么愤怒[抵消]，表生气，比例很完美。,<aven蚊>: 火，必须火[爱你][威武][威武][威武][威武],<寶鋇多多>: [爱你],<王诗淇_>: 你和马比不了，你要和马户比[哈哈][哈哈][哈哈][哈哈][哈哈],<田南瓜爱吃瓜>: 喜欢你演的小北,<思归若>: 回复 @张凌烽_ :哇！好开心！马年我会继续支持你哒！从箭在弦上的时候就很看好你哦！加油！[强壮][强壮][强壮],<Eva_女皇>: 回复 @张凌烽_ :[爱你][太开心],<想像者劉玉竹>: 回复 @张凌烽_ :恩恩。什么时候来天津一定去见你,<影帝张洋>: 回复 @神經病劉玉竹 :加油[嘻嘻][嘻嘻][嘻嘻],<影帝张洋>: 回复 @高爽LeLe :[呵呵],<曾翔妃>: 回复 @张凌烽_ :哇，貌似今晚我要睡不着了[太开心][太开心][太开心][太开心],<影帝张洋>: 回复 @孔小孔啊孔小孔 :[呵呵][呵呵][呵呵],<想像者劉玉竹>: 回复 @张凌烽_ :贝哥。以后还给你刷评论[爱你][爱你],<影帝张洋>: 回复 @捷燃不同的-翔念式 :[嘻嘻][嘻嘻][嘻嘻][嘻嘻]谢谢,<影帝张洋>: 回复 @时光是陪伴我最长的爱人 :[呵呵],<影帝张洋>: 回复 @曾翔妃 :[嘻嘻][嘻嘻]谢谢,<影帝张洋>: 回复 @神經病劉玉竹 :[嘻嘻][嘻嘻][嘻嘻]]
hunterqiya	晒晒幸福，晒晒我的帅爸美妈！爸！妈！我爱你们！[心][心][心][心][心][心][心][心][心][心] ​​​	[<某年某月某天某时某刻_>: 和妈妈好像[偷笑],<刘博vvv>: 你怎么看怎么像个屌丝！！哎！~~跟我一样大吧 ！但是你比我长的帅！！！支持你！！！,<想像者劉玉竹>: [酷][酷],<想像者劉玉竹>: [爱你][爱你][爱你],<想像者劉玉竹>: 贝贝是大帅哥。对不对,<想像者劉玉竹>: 哈哈[爱你][爱你],<想像者劉玉竹>: 还是比较喜欢你在恋爱那点事的时候,<想像者劉玉竹>: 贝贝哥哥。贝贝哥哥,<汪娟D>: 幸福的一家！祝福幸福永存[威武][威武],<蠢药16>: 该帅的都帅了，该美的都美了。[哈哈],<MOON__A>: 回复 @吕美丽丶 :比他man,<吕美丽丶>: 回复 @郑雨轩November :他哪有这么帅,<MOON__A>: 像陈浩吗 @吕美丽丶,<囍wa>: 像妈妈 哈哈[爱你][爱你][爱你][爱你][爱你][爱你],<生活就是不断的发现L>: 又像爸爸，又像妈妈,<媛媛觉主o_0>: 长得像你妈妈,<杰西懵卡>: 爸爸帅气妈妈温柔，祝男神全家幸福，爸妈健康，好孝顺的暖男，男神 love u[爱你][爱你][爱你][爱你][爱你][爱你],<王诗淇_>: 看来这件蓝衣服你很喜欢呀[哈哈][哈哈],<Treasure小刺猬>: 你长的很干净,<雨那不见了>: 长的真像啊,<可以不可以123>: 哈哈〜给叔叔阿姨拜年〜新年快乐!,<捷燃不同的-翔念式>: [愛你],<阿谱儿>: 好像妈妈[爱你][爱你],<-WwW-WwW-WwW->: [吃惊]越来越帅啦！！照这个速度发展下去。。[偷笑]原来帅是有原因滴[奥特曼],<姚蔷蔷>: 幸福其实很简单、就像你现在这样就好了！,<Paper_vin>: 和爸爸一模一样啊~[哈哈],<panpan潘志倩>: [泪][泪][泪][泪]哥们，你是亲生的嘛？怎么都不像呢？,<Eva_女皇>: 新年快乐[爱你],<想像者劉玉竹>: 新年快乐啊。贝哥,<陈弈潼>: 新年快乐]
hunterqiya	@王仁君国度 崇光同志。。。你这技术，真的是不做特技真的可惜了。。。[汗][汗][汗][汗][汗][汗] ​​​	[<海棠_心语>: 这射箭的姿势好差劲啊,<王仁君国度>: 服不服？,<Eva_女皇>: 我过来飘荡飘荡[爱你],<-WwW-WwW-WwW->: [偷笑],<微整形减肥瘦身达人白雪>: 他和冯绍峰太像了,<想像者劉玉竹>: 加油。挺你。贝贝哥。加油,<想像者劉玉竹>: 嘿嘿。我不喜欢这种类型的电视剧,<想像者劉玉竹>: 我喜欢你的偶像剧。,<纯净的紫蝴蝶>: 好好努力哦]
hunterqiya	就近上火上的相貌都有了些许变化。。。 ​​​	[<zZhu_Chan>: 我今天看了恋爱那点事！感觉你的贝贝棒极了啊~好喜欢你哦[太开心][太开心]~然后看了你的资料~我的籍贯也是山东哦~哈哈~希望你以后有更好的作品！加油~[威武][威武],<summerde夏>: 你额头上那是宝石吗？[偷笑][偷笑][偷笑][偷笑][嘻嘻][给力][给力],<-WwW-WwW-WwW->: 回复 @张凌烽_ :辛苦了！！带着我们的支持和爱慕早休息吧～晚安[爱你][太开心],<想像者劉玉竹>: 回复 @张凌烽_ :贝贝哥还不睡觉,<影帝张洋>: 回复 @Queen_miss_Vivian :晚安[耶],<影帝张洋>: 回复 @Queen_miss_Vivian :[嘻嘻]会的,<影帝张洋>: 回复 @二小a :[泪]肿了,<影帝张洋>: 回复 @Jessica_沐萱 :[嘻嘻],<影帝张洋>: 回复 @神經病劉玉竹 :谢谢,<影帝张洋>: 回复 @钟汉良_be_my_love :[泪][泪][泪],<影帝张洋>: 回复 @钟汉良_be_my_love :[嘻嘻][嘻嘻][嘻嘻],<影帝张洋>: 回复 @Xx白雪姑娘 :肿了[泪],<影帝张洋>: 回复 @王仁君国度 :[挖鼻屎][挖鼻屎][挖鼻屎][挖鼻屎]呃。。。回来了？,<微整形减肥瘦身达人白雪>: 眼睛一大双一小双？,<微整形减肥瘦身达人白雪>: 没看出来,<王仁君国度>: 换位少爷了…,<-WwW-WwW-WwW->: 我们也都更爱你了～[爱你][爱你],<轩轩轩楠>: 多多多多多多多多多喝水！！！！！,<-WwW-WwW-WwW->: 更成熟更man了～[爱你][爱你],<想像者劉玉竹>: 贝贝哥哥又帅了。,<想像者劉玉竹>: 好长时间你没有回复了,<杰西懵卡>: 晚安[月亮][月亮][月亮]好梦～,<杰西懵卡>: 好富贵的说～[爱你][爱你][爱你],<aven蚊>: 回复 @张凌烽_ :还是炯炯有神呢呢   犀利的眼神[阴险],<Yomico->: 回复 @张凌烽_ :[哈哈]但还是很帅阿别担心,<Eva_女皇>: 注意休息 好好照顾自己 [爱你][爱你][爱你],<影帝张洋>: 回复 @YOMICO_等一個温暖的人一起流浪 :[衰][衰][衰][衰],<Eva_女皇>: 回复 @张凌烽_ :是回复错了吗[泪][泪],<影帝张洋>: 回复 @_X-it :[汗],<影帝张洋>: 回复 @二小a :[衰]是的,<影帝张洋>: 回复 @Queen_miss_Vivian :是的。。。左眼三眼皮了。。,<Yomico->: 一个单眼皮一个双眼皮,<Eva_女皇>: 回复 @张凌烽_ :[生病][生病] 快看过来,<Eva_女皇>: 回复 @张凌烽_ :[泪]你还没看到我吗,<多肉千岛>: 面色红润有光泽[嘻嘻]上火有益于身心健康[偷笑],<Eva_女皇>: 回复 @张凌烽_ :[偷笑]  我又来了 你看到没,<默默无闻--霞霞>: [青啤鸿运当头],<影帝张洋>: 回复 @宗峰岩 :还不睡啊哥,<默默无闻--霞霞>: [求红包],<默默无闻--霞霞>: [马到成功]]
hunterqiya	我一个人晕怎么行，大家一起来[阴险][阴险][阴险] ​​​	[<蓝心儿babe>: [馋嘴][馋嘴][馋嘴],<Eva_女皇>: 叫你不要调皮的 怎么不听话[哈哈],<2911q>: [哼][哼][哼]干嘛这么狠,<祜Luissac亦台>: 贝贝调皮了,<想像者劉玉竹>: 贝贝哥。你太坏了,<太矫情会死的>: 看的眼睛痛啊！回我一个！,<缘聚堂-99>: 我去啊[暈],<沐语辰曦>: 眼睛花了，不应该啊，,<沐语辰曦>: 如果这个幻影多几次可能会晕、今天这两个幻影就晕到不行[生病],<虎二妞子>: 太坏了吧！一个人晕还不够！看了一眼！瞬间就不行了！晕的直想吐！,<无脸人无脸男无脸人>: 恍惚看还以为是范爷，然后就晕了！！！,<杰西懵卡>: 回复 @张凌烽_ :[花心][花心][花心][花心][花心][花心]你可能无法理解我这会在床上自嗨到癫狂～,<林高小旭>: 哎呀我去[晕]烦人,<别猜了你不认识我滴>: 头皮西昏的,<影帝张洋>: 回复 @Jessica_沐萱 :有的[偷笑][偷笑][偷笑],<曾翔妃>: 我拿小针扎你，哈哈  [哈哈],<天空上面是天空->: [哼]你得逞了]
hunterqiya	我这是要大闹天宫的节奏哦[偷笑][偷笑][偷笑][偷笑][偷笑]，123放大招。。。[嘻嘻][嘻嘻][嘻嘻][嘻嘻][嘻嘻] ​​​	[<卸不掉0的素装>: 哈哈  这演什么电视剧呢,<影帝张洋>: 回复 @孙达film :[哼][哼][哼]不靠谱的淫[哼][哼][哼],<孙达film>: 回复 @张凌烽_ :太忙了！,<影帝张洋>: 回复 @孙达film :不找我。。。[挖鼻屎][挖鼻屎][挖鼻屎][鄙视][鄙视][鄙视][哼][哼][哼],<孙达film>: 哈哈，我刚回北京,<哥是一个重口味文艺小清新>: 哈哈哈～满血复活[拜拜],<姚蔷蔷>: [赞][赞][赞][赞],<影帝张洋>: 回复 @刘越lisa :[哼][哼][哼][哼]你等着[哼][哼][哼][哼],<刘越湲>: 回复 @张凌烽_ :不行！按耐不住[害羞]]
hunterqiya	B转A转B转A转B。。。。这是要我修成正果的节奏啊[泪][泪][泪][泪][泪][泪] ​​​	[<Treasure小刺猬>: 最后一张亮了,<sherry-严严严严严>: 又在接剧啦,<纯净的紫蝴蝶>: 自恋者加油,<陈钗Smile>: 马上将会彻底火了,<苏贝---->: [噢耶][噢耶][噢耶]烽烽帅啊,<SOAP丫蜜>: 小新要结婚了  你没去啊,<JM郭丁丁>: [嘻嘻][嘻嘻][嘻嘻][haha][haha][haha]]
hunterqiya	[泪][泪][泪][泪]黑眼圈已然遮不住了[泪][泪][泪][泪] ​​​	[<陈钗Smile>: 累的啊，哎何必给眼袋特写嘛，嘻嘻,<张趁意Cary>: 多多休息啊！,<Mr_Six__>: 多注意休息，身体才是本钱，天气这么干燥，也多喝点白开水。缓解身体不舒服。 @张凌烽_,<杰西懵卡>: 早点睡早点睡阿,<轩轩轩楠>: 好好休息,<sherry-严严严严严>: 红人事多啊[哈哈],<姚蔷蔷>: 休息休息一下呗！嘿嘿…身体要紧哈！,<小跃841>: 注意休息,<MissKarey>: 第一张是古装吧？,<迟日睡暖>: 回复 @金若喜 :[哈哈],<纯净的紫蝴蝶>: 累了就多休息,<尧666->: 黑眼圈怎么能这么重。[哼]身体才是最重要的不要太拼命,<_一只喵_>: 休息休息，别太累了,<金若喜>: @金贵喜红  ，磊磊,<洋洋洋大胃>: 大眼睛的通病～,<大悦悦M>: 确定那是黑眼圈？不是卧蚕？![偷笑],<盛唐果儿>: 有点恐怖呢，记得保养啦,<大魔王源哥哥icon->: 好好休息,]
hunterqiya	孩子们，今天是你们上战场的日子，虽然人没能陪在你们身边，但心跟你们在一起，期待你们凯旋的消息。。。第一仗，攻下南艺[酷][酷][酷][酷][酷]@艾特家族 @洪玄1737 @彭云飞 为了梦想  冲吧[good][good][good][good][good] ​​​	[<裴啊呆>: 我南艺可不是容易攻下的[左哼哼],<许少扑-梦武联盟>: 坐等小伙伴们传回的捷报,<纯净的紫蝴蝶>: 加油[给力],<茶蛋配豆浆>: 南艺 是南京艺术学院么？去干嘛？,<_GoldenSpring>: [爱你],<曾翔妃>: 贝贝  你要干嘛去，新戏嘛[哼],<想像者劉玉竹>: 贝贝贝贝[嘻嘻][嘻嘻][嘻嘻][嘻嘻],<_小鱼儿呀>: 到南京了，略紧张。。。]
hunterqiya	今天开心毁了[偷笑][偷笑][偷笑]，因为见到恩人了[偷笑][偷笑][偷笑]久违的导演圣明[偷笑][偷笑][偷笑]@祝东宁  ​​​	[<杰西懵卡>: 希望你多遇见贵人，lucky 下去,<sherry-严严严严严>: 期待新作品啊[鼓掌],<姜小惟惟惟-->: 我在微信的朋友圈发我喜欢陈贝贝，结果我男朋友吃醋了好几天生气呢，那也不重要，还是喜欢你阿，来表白的，不要害羞哦。,<想像者劉玉竹>: 一点都不酷。哈哈[嘻嘻][嘻嘻][嘻嘻][嘻嘻]100个酷,<陈钗Smile>: 现代戏是帅一些,<陈钗Smile>: 求关注，嘻嘻,<just-love-sunny>: 开心毁了，是什么情况[疑问][疑问][疑问],<盛唐果儿>: 美男与野兽[嘻嘻][嘻嘻],<纯净的紫蝴蝶>: 关注我哦,<曾翔妃>: 回复 @卜二菟 :谢谢亲[哈哈],<榴莲家cc>: 回复 @曾翔妃 :临沂,<榴莲家cc>: 看前五个字像山东人,<Treasure小刺猬>: 看来又有作品了，期待。,<曾翔妃>: 我好奇  开心毁了，？有这样形容心情的嘛，哪里的方言嘛  [晕],<曾翔妃>: 贝贝扮演的是男扮女装嘛，好秀气昂，亲越发迷人了[飞吻],<小跃841>: 还是感觉你拍现代剧帅 @张凌烽_,<CHIUSHEUNGZS>: 长了一张漂亮的脸蛋儿啊！有种女扮男装的感觉。,<女汉子吕小妞>: 你多大呀？哪里人啊？毁了这词可是我老家的地地道道的方言,<蓝漂漂>: 古装造型不错啊]
hunterqiya	我特别感谢那些天天闲的没什么事干，来我微博私信骂我的朋友们对我的支持，以及对我高超演技的认可[嘻嘻][嘻嘻][嘻嘻]因为你们的天真，让我了解到了我真的是一名好演员，谢谢你们。祝你们一生平安。[威武][威武][威武][威武][嘻嘻][嘻嘻][嘻嘻][爱你][爱你][爱你][心][心][心] ​​​	[<歌王子的妈>: 永远支持你！,<我在茉莉墙下捡了一盆野草>: 你最帅了,<Himom小七>: 演的好所以才会被骂，大家太入戏，不要在意，你跟阎学晶演的也有看过，超赞！点99个赞！,<吃货小喵丫丫妞>: 谁骂会你呢，你这么帅气！你在《恋爱的那些事儿》里演得很棒呢，加油哇！,<叶舞金秋->: 别太在意一些不好的话语，其实你演的真心不错。我是佳凝的粉丝我喜欢你在剧中对兔妈的深爱！[爱你]期待你以后不一样的精彩！[呵呵],<FONIA-旎>: 你真是恶心死了,<美丽不打烊0920>: 赞[强]绝对的好演员!支持你,<陈美妞就是羽宝贝吖_>: 这口气跟噁心的小男人陈北真是一样一样儿的。按您的说法这是还没出戏呢吧。,<传说微胖的女孩光芒万丈>: 喜欢你！,<太阳少女农农>: 得了吧。看『恋爱』，最喜欢的就是陈北了。那一口北京腔儿，爱透了。看完全剧只为了贝贝和兔妈。加油加油加油，舆论是最好的宣传。帅帅的家伙，等着有一天看你披戴荣耀光芒万丈~火吧，这都是早晚的事儿。,<我叫李丫楠>: 我觉得你挺好的。,<hight_nighy>: [委屈][委屈],<hight_nighy>: 你要回复我！我等你  一直在。,<hight_nighy>: 健康早餐不能少,<hight_nighy>: 你要记得吃早饭  知道麻,<hight_nighy>: 和女朋友都要好好的,<hight_nighy>: 艾麻  峰哥[哈哈],<hight_nighy>: 我也喜欢你！,<hight_nighy>: 能看到麻  能回复一条麻 哪怕是看到也好 [悲伤],<hight_nighy>: 重庆妹  看好你喔[手套][手套],<hight_nighy>: 贝贝  林泽丰  超赞！,<hight_nighy>: 不要太在意  好的演员总是被无聊无趣人恶伤  最好自己的  也不需要被每个人肯定,<hight_nighy>: 早上好！,<轩轩轩楠>: 你是个好演员[good][good][good],<Mr_Six__>: 回复 @机智少女张豹豹- :嗯啊，嘿嘿,<1只小碗>: 回复 @_____琢磨先生 :看来你的同学也长的好棒[害羞],<我是你杜娘>: 回复 @张凌烽_ :希望得到你的签名ing！,<张明朗zgr>: 可喜欢你了，但是你头像真不像你。。,<夲宮卟恏惹>: 回复 @张凌烽_ :嘿嘿～～好激动～么么哒！[嘻嘻][嘻嘻],<姚蔷蔷>: 人生道路上谁对谁都有质疑、但是只要你自己坚持才算是成功！加油、加油！[太开心][太开心][太开心][太开心][太开心][太开心][太开心],<AuRevoirYi>: 是是、你也毛难过噶,<魔o呗O果子>: 你一定是个好演员的，你扮演的贝贝，能卖萌。能耍“贱”，该爷们就爷们！那些说你演的不像个爷们的更加证明了你演的好！,<小跃841>: 我就喜欢[看看]你演的电视、演的不逼真我还不爱看呢[爱你] @张凌烽_,<2911q>: 加油哦[鲜花]支持你[鲜花]，其实你真的很好，你可以理解那些为奇葩的哈[眨眼][眨眼],<纯净的紫蝴蝶>: 回复 @张凌烽_ : 你一定会是个好演员,<小啊褀>: 加油！支持！ @张凌烽_,<-姜昕昕->: 爱你，支持你,<sofi-姜>: 哈哈牛比[哈哈],<又不是第一天认识我>: 喜欢你演的每部影视，每个角色，很轻松自然，年轻人就该这个样子[haha] @张凌烽_,<短腿怪阿姨->: 其实每个人都是这样的，世界上这么多人必然就有讨厌你的和喜欢你的。我们应该做的就是不管别人怎么想我们都要做最真实的自己。加油！,<LuTonGGGG>: 其实你很棒，我就特喜欢你[嘻嘻][嘻嘻],<袁宝的微博->: 你这么棒竟然有人会骂你？？真是不长眼，支持你！！,<想像者劉玉竹>: 哥哥。加油哟。我们支持你。,<sylvia-only>: 呀 我怎么就喜欢你在里面贱贱的样呢 哈哈 支持你[哈哈][哈哈][哈哈][哈哈],<盛唐果儿>: 何必跟那些神经病计较，做好自己最重要，加油,<木木-小盆友>: 人生路上总有不同的声音。。。。。。,<NNnn浓>: 支持你支持你～[鲜花][鲜花],<qazwsxedcrfvtgbyhnI123>: 这说明你演的棒，加油师哥,<四月新娘造型工作室>: 太搞笑了迩演的贝贝！哈哈哈哈。 巧了.我是他二叔～哈哈哈,<Jeannie丶>: 继续加油 不用在乎别人的眼光,<杰西懵卡>: 我也想要回复，可以不？ @张凌烽_,<小帽子姑娘>: 嘿嘿，演的很好啊，很到位！[鼓掌]【虽然角色本身有些贱贱的…[挖鼻屎]】,<杰西懵卡>: 太搞笑了好吗？Q神？可爱,<涵丁丁-1994>: 我绝得你演的超级好～管他没怎么说呢～对吧对吧～来来～赞一个～,<Eva_女皇>: 回复 @张凌烽_ :谢谢 就在等你回复。嘿嘿 我要睡个好觉了 你也早点睡。安安[爱你][爱你],<影帝张洋>: 回复 @小吖么小艾玲AYUKI :晚安,<舒莎莎童鞋>: 回复 @张凌烽_ :[握手]其实说好听点是感谢这些人的存在让我们更加明确我们自己的优点，难听点就是我听不下去她们肮脏的话了！,<XJUN子>: 给你赞一个[嘻嘻][嘻嘻][嘻嘻]]
hunterqiya	越被人嘲笑的梦想，就越有实现的价值。如果你不相信你自己的能力，那你还指望谁相信你[嘻嘻][嘻嘻][嘻嘻]为自己加油[威武][威武][威武] ​​​	[<姚蔷蔷>: 加油，加油,<深-碍>: 为自己加油,<梁家大包子>: 我爱你 贝贝,<我们-狠执著>: 一起加油！,<努努小旁友>: 最近才看恋爱的那点儿事，贝贝很帅[可怜][鼓掌],<_y萱>: 加油！加油！加油,<KY_葉子>: 有我们呢，贝贝,<好尴尬啊哈哈哈>: 加油，一步步实习自己的梦想！今天不努力，明天后悔也回不来。,<陈晰晨DJ_Ceala>: 没有谁会替你的未来买单 靠自己一向是靠谱和明智的选择[爱你],<简单-平淡>: [馋嘴]yes!,<想像者劉玉竹>: 为自己代言。没有你照片。为什么不回复了呢[泪][泪]。放寒假了。,<大悦悦M>: 加油加油[爱你][爱你],<短腿怪阿姨->: 加油，其实生活就是累的，不努力怎么会知道我们到底有没有能力呢。我相信你，。。,<化妆师李爱>: [给力][给力][good][good]为自己加油！,<尧666->: [威武][浮云]加油]
hunterqiya	每次来横店，都感觉球技突飞猛进的[偷笑][偷笑][偷笑][偷笑] ​​​	[<用户3866567561>: 贝贝好可爱,<微整形减肥瘦身达人白雪>: 前段时间才从横店回来呢～加油,<简单-平淡>: 哈哈   肯定没我的好,<黑色羽绒服上面的毛毛>: 是又再拍新戏吗？[爱你],<竹露荷风_幸福花开>: 能拍得清晰点吗？夸张而不失真诚的贝贝！,<世间始终侬好>: [哈哈],<想像者劉玉竹>: 帅啊[爱你][爱你]。为什么电视只演了23集,<Yomico->: 感觉你突然红了[偷笑]]
hunterqiya	【《恋爱》张凌烽薛佳凝闹分手坎坷多】新浪http://t.cn/8kd4zps 搜狐http://t.cn/8krnHrr PS:这是2013年12月31日白天的新闻,故意在2014年1月1日用微薄转出,我们一起看着@张凌烽_ 演绎陈北,我们一起见证他和兔妈的爱情,不要随风飘过,让贝贝留在你心里,新的一年,加油!工作生活都要漂亮!2014前冲! ​​​	[<美丽不打烊0920>: 看你演陈北这个角色真是厌恶死你了，可想骂你！这只能说明你的演技不错喽！,<薇薇_Sunnylover>: 从来不会因为电视剧里的角色而来给演员评论，这是第一次，剧中的陈北这个角色，嘴太贱，人太窝囊，太爱装B，游手好闲，还对女友大喊大叫，您真可谓把角色演活了，希望你以后多挑战一些正面的角色，期待你更多的作品！,<WANGXI嘻>: [嘻嘻],<WANGXI嘻>: [威武],<哒哒妈4668>: 不得不说你的演技真不错，够招人烦，自不量力，演的不错,<summerde夏>: 帅呆了，酷毙了！加油加油，贝贝！[给力][给力][给力][给力],<小跃841>: 咸鱼翻身也是咸鱼哈哈哈、不得不说 @薛佳凝  有才,<天空上面是天空->: 大爱陈北的演绎了，男人就得使劲宠自己女人   大爱大爱[心][心],<KY_葉子>: 我看了贼感动,<1只小碗>: 可爱的小贝贝[亲一口],<鰞鰦鰦>: 贝贝能不那么窝囊么[抓狂],<吴所谓_->: 为什么总觉得陈北除了对兔妈，其他方面都很窝囊呢，希望后面能逆袭,<想像者劉玉竹>: 一共就23集是么？,<小鬼彤彤姐>: 新年快乐[心][心][礼物][礼物],<刘崇潇>: 回复 @王嫦 :帮一个朋友找了好久都没有找到 谢了[good],<王嫦>: 回复 @刘崇潇 : @张璋思麟  [偷笑],<刘崇潇>: 霍磊的扮演者叫什么？,<朱月315>: 山东老乡[偷笑]你好类,<吳鈴燕LyWooooo>: 觉得你以后会当上男一。所以在你没什么名气的时候留个言。  顺便说下你长相很有特色 。。会让人留印象的那种 ,<大爱风范>: 新年快乐！事业更上一层楼！,<sherry-严严严严严>: [嘻嘻],<我们-狠执著>: 我会让你每条微博都看到我的评论？,<陈钗Smile>: 新年快乐，,<想像者劉玉竹>: 新年快乐,<胡静怡Katherine>: 新年回我一个，赐我个开门红吧[嘻嘻],<胡静怡Katherine>: 回我一个呗[爱你],<kaqiky>: 新年快乐～～2014演艺事业更顺利～～加油[爱你][嘻嘻][嘻嘻],<_GoldenSpring>: 兔妈兔妈，你要和贝贝好好的(⊙o⊙)哦[害羞],<Cassietinger>: 加油！能不能回我一下啊 嘿嘿]
hunterqiya	我立志要做一名，有一点坏，但这点坏还不耽误正事的，有责任的，能成大事的男人。[阴险][阴险][阴险][阴险][阴险][阴险][阴险][阴险][阴险] ​​​	[<KKKelHhhhR>: 讨厌陈北 厌恶至极,<ZHANGPEILU->: 兔妈教导你,<Cinderella正希>: 喜欢，贝贝这角色！~,<简单-平淡>: 必须的  咱俩目标一样,<o0Zing0o>: 你说你咋恁帅那。。。[嘻嘻][嘻嘻][嘻嘻][嘻嘻],<blueVITTN1>: 帅帅好男人[围观][围观],<Cassietinger>: 帅贝贝！坏贝贝！,<熙仔_妈咪>: 能不能演个好人的角色，,<LIU沉沉>: 猜猜我是谁,<姑娘的心不可直视>: 转发微博,<迷天娱_木子李raner>: 哈哈，扮演的角色中都是不怎么干正事的小青年呢。。你得在生活中树立好男人形象！[偷笑],<囍wa>: [爱你][爱你][爱你][爱你],<纯净的紫蝴蝶>: 支持你   谢谢你  你是第一个让我感觉到  很激动的名人,<影帝张洋>: 回复 @王嫦 :[偷笑][偷笑][偷笑]力求不给你丢人[偷笑][偷笑][偷笑],<王嫦>: 哎呦，帅的嘞[鼓掌],<刘崇潇>: 霍磊的扮演者叫什么？,<草原天路第一农庄>: 加油。[可爱]期待新作品,<小啊褀>: 新的一年加油哦！,<邹婷Lucky>: 剧里的这个角色实在是太现实了,<bbface_>: 加油啦   好好努力拍你的戏,<NNnn浓>: 支持你～加油[赞][赞],<fairytanya>: 一定能！happy new year[爱心传递],<咿了个呀咿呀>: 新年快乐，新的一年里愿望马上实现，贝贝好男人,<生活就是不断的发现L>: 偶像新年快乐,<黑色羽绒服上面的毛毛>: 新年快乐，新的一年愿烽身体健健康康，心情快快乐乐，拍出更好的戏，实现自己的梦想和愿望。加油，一直会支持你！新年快乐！[爱你][爱你][爱你][haha][haha][haha] @张凌烽_,<吸血鬼meme>: 何时遇到这样的男人啊？拜托上天赐给我一个吧,<吸血鬼meme>: HAPPY NEW YEAR,<哥是一个重口味文艺小清新>: 新年快樂～[偷乐],<哲睿同学>: 新年快乐,<陈弈潼>: 新年快乐,<Jeannie丶>: 回复 @张凌烽_ :元旦快乐。好喜欢你的说～,<粲若北>: 新年快乐[玫瑰],<无脸人无脸男无脸人>: 相信你，想看你穿婚纱，哈哈哈！！！[哈哈][哈哈][哈哈],<梦想家Memo>: 梦想成真！！,<尧666->: 回复 @张凌烽_ :[威武]哈哈。每次都说谢谢就不能说点别的[哼],<明滨路>: 最喜欢你在箭在弦上里面演的角色，很精彩,<轩轩轩楠>: 回复 @张凌烽_ :新年快乐，新的一年愿你心想事成，美梦成真。会一直支持你[haha][haha][haha][haha],<sherry-严严严严严>: 赞赞赞赞赞赞！！！,<黑色羽绒服上面的毛毛>: 回复 @张凌烽_ :看到你求婚的这一幕了，[泪][泪][泪]好羡慕蜜蜜~贝贝加油，凌烽加油~,<轩轩轩楠>: 回复 @张凌烽_ :求婚成功，恭喜[喜][喜][喜],<Zhou_Ning_>: 贝贝你不要太坏啊！不然有太多人爱[爱你],<小吉住在乌拉特酋长国>: [呵呵][呵呵][呵呵]加油～,<小跃841>: 回复 @张凌烽_ :新的一年加油 @张凌烽_,<summerde夏>: 回复 @张凌烽_ :你知道你很帅   很 帅    很帅吗？[哈哈]反正我是知道啦[偷笑][偷笑],<曾翔妃>: 爷们儿山东小伙倍儿棒，14年飞黄腾达梦想成真贝贝[可爱],<黑桃莱特>: 很喜欢你塑造的每一个角色！希望你新年快乐！事业红红火火！我是你的小粉丝[爱你],<_GoldenSpring>: 回复 @张凌烽_ :男神啊！我大爱你的屌丝男•﹏•好稀饭啊啊啊啊啊。你能在百忙中回复我虽然只有俩字但也好激动啊！[爱你][爱你][爱你],<短腿怪阿姨->: 回复 @张凌烽_ :我没有做梦吧？你竟然回复我？哈哈，心情美爆了。。。。[爱你][许愿]新年快乐。事业有成哦，男神。,<糯米没有糍>: 回复 @张凌烽_ :谢谢哥回复我！新年快乐啊,<影帝张洋>: 回复 @Candy-小苏 :谢谢[嘻嘻][嘻嘻][嘻嘻],<影帝张洋>: 回复 @我们-狠执著 :新年快乐[嘻嘻][嘻嘻][嘻嘻],<影帝张洋>: 回复 @---张大娇 :嗯那[嘻嘻],<影帝张洋>: 回复 @咕噜先森gyt :[偷笑][偷笑][偷笑]我爸妈估计这么想的[偷笑][偷笑][偷笑],<_GoldenSpring>: 回复 @张凌烽_ :男神我好激动啊啊啊啊啊[泪]竟然回复我微博啊啊啊啊啊,<影帝张洋>: 回复 @小跃841 :谢谢[嘻嘻]你也快乐[嘻嘻]]
hunterqiya	#浙江卫视新年倒计时# #恋爱的那点事儿#是哦，不生气的！[偷笑]@张凌烽_  @浙江卫视中国蓝 @爱在LOVEy @小P馒头 @天使姐姐亦心 详情:浙江卫视新年倒计时 ​​​	[<summerde夏>: [话筒]期待2014的你   更精彩   新年快乐[给力][给力][给力][给力][给力],<姚蔷蔷>: 其实还挺好的！,<还在反抗的18岁少女>: 讨厌这个角色，这种男人最没用，自己没本事只会瞎吹牛，又看不上有本事的人,<女汉子吕小妞>: 妯娌的三国时代认识你的，演的很好，这次又见到你，总之加油吧，相信总有一天会大火的，有空来鲅鱼圈，请你吃海鲜,<MISSFLOWERUP>: 我可不可以知道一下结局到底陈北会不会爆发一次阿，该爆发一次阿，其实是纯爷们儿啊，就该去炒股之类的脑袋，结尾要还这么躲着，那一辈子完了,<sherry-严严严严严>: [偷笑][偷笑][偷笑][偷笑][偷笑][偷笑]卡哇伊,<吴凯南--kk>: 最好是没生气！[偷笑][偷笑],<fairytanya>: 情商高，必火[干杯],<曾翔妃>: 刺裸裸啊贝贝，真可爱[嘻嘻],<黑色羽绒服上面的毛毛>: 萌帅萌帅的，可爱中又带点小坏，该爷们儿的时候又很爷们儿，对女朋友细心~现实中的你和贝贝靠得近吗？[哈哈][哈哈][哈哈][给力][给力][给力]]
hunterqiya	【张凌烽《恋爱》为屌丝男拟婚恋指南】攻略一：可以没车没房没存款 绝不可没上进心奋斗目标. 攻略二：顶得住吐槽放得下尊严 以有一颗玻璃心为耻. 攻略三：卖萌耍贫无下限 但亮“贱”必出示真心. 新浪 http://t.cn/8kBQuyp 搜狐 http://t.cn/8kBfsO6 [威武][威武][威武] @张凌烽_ 贝贝加油[心] ​​​	[<影帝张洋>: 回复 @世间始终侬好 :[嘻嘻][嘻嘻][嘻嘻]这样的人物有层次,<影帝张洋>: 回复 @世间始终侬好 :[泪],<影帝张洋>: 回复 @1126_G :[嘻嘻][嘻嘻][爱你][爱你],<影帝张洋>: 回复 @啾啾啾啾bibibibibi :[爱你][爱你][爱你],<影帝张洋>: 回复 @女汉子吕小妞 :谢谢[嘻嘻],<小薛朝阳>: [怒骂],<小智Jevon>: 我说实话啊，你的嘴唇好厚啊，我只能说你在恋爱那些事儿演的好逼真啊。呵呵，感觉这个角色很适合你演。竟然在那里对我家杜淳指手画脚，杜淳一直那么优秀，一直得奖，你呢？真是搞笑,<女汉子吕小妞>: 加油，看好你,<小可鲁贝洛斯>: 好好加油哟,<楊嘉一Lukas>: 就喜欢这样的贱男！,<Dingshoushou>: 喜欢陈北那贱样[哈哈],<世间始终侬好>: 被虐型[哈哈][哈哈][哈哈],<Hahahahaha789>: [赞][赞][赞][赞][赞][赞][赞][赞][赞][赞][赞][赞][赞][赞][鲜花][鲜花][鲜花][鲜花][鲜花][鲜花][鲜花][鲜花][鲜花][鲜花][鲜花][鲜花][鲜花],<c宝萌又美>: 哎，被骂了又,<世间始终侬好>: 有时候帅有时侯欠,<支持心之所爱>: 你今晚喝酒了，你真要对兔妈好点，乖,<Cj_Dagny->: 贝贝加油！]
hunterqiya	这个点还在还拍戏的伤不起啊。。。[泪][泪][泪]谁能告诉我恋爱今天发生了什么[泪][泪][泪][泪] ​​​	[<影帝张洋>: 回复 @WAI家族微博组阿竹 :[嘻嘻][嘻嘻][嘻嘻]谢谢，太会聊天了,<影帝张洋>: 回复 @勤奋臭菜菜2610317111 :[泪][泪][泪][泪]死定了,<影帝张洋>: 回复 @没没没事了都会好的 :[生病][生病][生病]呃。。。,<影帝张洋>: 回复 @shine-艾 :[泪][泪][泪][泪],<影帝张洋>: 回复 @fairytanya :[泪],<影帝张洋>: 回复 @Krsjung :[生病][生病][生病],<影帝张洋>: 回复 @珊babyone :[哈哈][哈哈][哈哈],<影帝张洋>: 回复 @小蕾与河树 :[生病][生病][生病],<影帝张洋>: 回复 @新年愿望是亮哥赞我一下 :[嘻嘻][嘻嘻][嘻嘻]谢谢[嘻嘻][嘻嘻][嘻嘻],<影帝张洋>: 回复 @沁宝-你就是我前进的动力-轩轩 :呃。。。,<影帝张洋>: 回复 @小羊不好惹呼 :戏里戏外的[挖鼻屎][挖鼻屎]都被骂[挖鼻屎][挖鼻屎][挖鼻屎],<影帝张洋>: 回复 @最爱峰叔的蜜蜜 :[泪][泪][泪]谢谢,<影帝张洋>: 回复 @轩轩轩楠 :呃。。。,<影帝张洋>: 回复 @小啊褀 :[泪][泪][泪],<影帝张洋>: 回复 @Yao_尧尧的你 :好的[可爱][可爱][可爱],<影帝张洋>: 回复 @1126_G :东成西就吗[晕][晕][晕],<影帝张洋>: 回复 @Yao_尧尧的你 :[嘻嘻][嘻嘻][嘻嘻]谢谢，甭理他[嘻嘻][嘻嘻][嘻嘻],<黑色羽绒服上面的毛毛>: 回复 @Gao丶YuanYuan :可能每个人看待事物和人的角度不一样，如果你不喜欢你可以不看。但作为一个观众的最基本素养还是要有，不论是什么职业都有辛苦，都是一步步成长，你不知道别人怎么付出努力就轻易评价，还口不择言，想必你还没怎么培养好自己的行为规范。,<黑色羽绒服上面的毛毛>: 萌帅萌帅~加油，支持你！不要太累~[爱你],<等会约吗>: 你耍酒疯，太TMD贱了，还有借钱知道了，支持你！加油！,<楊嘉一Lukas>: 觉得你的嘴唇似曾相识哇，哈哈,<糖糖静静_sugar>: 陈北这角色真的够讨厌,<小啊褀>: 哎、又被兔妈给教育了！,<轩轩轩楠>: 你发疯了,<朴羡>: 超级讨厌你,<n1ni_>: 你这角色太让人看不下去了。[偷笑],<LOVE霖lin>: 你又被骂了[挖鼻屎][挖鼻屎],<嘻嘻小雯雯>: 妯娌的三国时代和恋爱这回事 你都本色出演！[good],<嘻嘻小雯雯>: 不喜欢你,<尧666->: 看到第九集。。。打算攒着坐火车回家的时候打发时间[嘻嘻] 今天又帅了[威武],<谜多朵>: 给人家赔礼道歉了吧！,<杜珊珊destiny>: 爷们了一次，，，,<kry222222>: 贝贝今儿犯贱了！！,<fairytanya>: 刚看到你把你老丈人打了，你惨了[哈哈],<好尴尬啊哈哈哈>: 被关小黑屋了呀？这天气夜戏冷啊。。电视老爸看着呢，只能在网络上看了,<YOYO婷酱>: 讨厌你，你无缘无故针对我大男神林泽丰，真想灭了你！！！！,<呦嘿是超人啊>: 今天你喝醉酒了 冲兔妈好来着的]
hunterqiya	一个好对手等于一个好老师[嘻嘻][嘻嘻][嘻嘻][嘻嘻]谢谢薛校长@薛佳凝 戏里戏外的细心教导[嘻嘻][嘻嘻][嘻嘻][嘻嘻]这部戏演过瘾了[威武][威武][威武][威武][威武] ​​​	[<影帝张洋>: 回复 @纯净的紫蝴蝶 :是的[嘻嘻],<影帝张洋>: 回复 @邓丽娟Wanna_F_uck :[嘻嘻][嘻嘻][嘻嘻][嘻嘻]谢谢支持,<影帝张洋>: 回复 @私语柠檬 :[嘻嘻][嘻嘻][嘻嘻][嘻嘻]谢谢,<影帝张洋>: 回复 @木子彗心Zhen :谢谢[嘻嘻][嘻嘻][嘻嘻],<影帝张洋>: 回复 @吴某某是小小花花花花花 :[可爱][可爱][可爱][嘻嘻][嘻嘻][嘻嘻],<影帝张洋>: 回复 @挚爱的嘉er :剧情[挖鼻屎][挖鼻屎][挖鼻屎],<wuli戴宝宝>: 为什么陈北那样对丰哥[哼][哼],<孙小月S>: 怎么老演你啊 真恶心,<ai霜子>: 冰雪聪明咳,<MISSFLOWERUP>: 太棒了，真的有感觉和痞子一样诶。,<木子彗心Zhen>: 回复 @私语柠檬 :呵呵…我是奔着佳凝看这剧的，发现小贝这演员演得不错…,<私语柠檬>: 回复 @木子彗心Zhen :同感,<无脸人无脸男无脸人>: 要有自己的努力才能成功。哈哈哈哈，看好你哟。慢慢看这部戏，最后最喜欢的就是贝贝和兔妈。[good][good],<赵思雨>: 这么晚还不睡,<笑喘少女>: 晚安[爱你],<纯净的紫蝴蝶>: 薛姐她很棒，  也后多和她合作吧  她很厉害吧,<张凌烽星闻>: 太有爱了[偷笑][偷笑][偷笑] // @张凌烽_ :回复 @薛佳凝 :真的是你教的好，再加上我的冰雪聪明，才这么完美的[嘻嘻][嘻嘻][嘻嘻][嘻嘻][嘻嘻] // @薛佳凝 :是你自己演的好...天天都有人和我说 #小贝# 可爱[做鬼脸]...,<好尴尬啊哈哈哈>: 这徒弟可是不谦虚哦[偷笑][偷笑][偷笑],<木子彗心Zhen>: 其实这剧里我最喜欢的就是兔妈和小贝啦]
hunterqiya	一个好对手等于一个好老师[嘻嘻][嘻嘻][嘻嘻][嘻嘻]谢谢薛校长@薛佳凝 戏里戏外的细心教导[嘻嘻][嘻嘻][嘻嘻][嘻嘻]这部戏演过瘾了[威武][威武][威武][威武][威武] ​​​	[<陈钗Smile>: 回复 @张凌烽_ :哇，幸福来的突然了，回复我，有点意外,<kry222222>: 回复 @张凌烽_ :反正就还挺稀饭[害羞],<NNnn浓>: 回复 @张凌烽_ :[害羞][害羞],<summerde夏>: 回复 @张凌烽_ :[话筒]期待2014的你更精彩！新年快乐[给力][给力][给力][给力][给力],<蔚蔚迷诚丫>: 回复 @张凌烽_ :给我张你的签名呗嘻嘻很不要脸吧问你要签名[呵呵][抓狂],<影帝张洋>: 回复 @姚蔷蔷 :会的[嘻嘻][嘻嘻][嘻嘻],<影帝张洋>: 回复 @Krsjung :[嘻嘻][嘻嘻][嘻嘻],<影帝张洋>: 回复 @凝望佳人--薛佳凝影迷会 :谢谢了[嘻嘻],<影帝张洋>: 回复 @轩轩轩楠 :[嘻嘻][嘻嘻][嘻嘻],<影帝张洋>: 回复 @温婉心境 :[嘻嘻],<影帝张洋>: 回复 @咕噜先森gyt :谢谢,<影帝张洋>: 回复 @盛唐果儿 :[嘻嘻][嘻嘻][嘻嘻],<影帝张洋>: 回复 @潘家小吃货 :谢谢,<影帝张洋>: 回复 @陈钗Smile :[嘻嘻],<影帝张洋>: 回复 @哼着跑调的小情歌 :会的[呵呵],<影帝张洋>: 回复 @五拉五 :[嘻嘻],<影帝张洋>: 回复 @蔚蔚迷橙丫 :[嘻嘻][嘻嘻][嘻嘻],<影帝张洋>: 回复 @阿姜儿要崛起 :[嘻嘻],<影帝张洋>: 回复 @我们-狠执著 :午安,<影帝张洋>: 回复 @私语柠檬 :谢谢[哈哈][哈哈][哈哈],<影帝张洋>: 回复 @私语柠檬 :[偷笑][偷笑][偷笑],<影帝张洋>: 回复 @哥是一个重口味文艺小清新 :[偷笑][偷笑][偷笑]是吧,<影帝张洋>: 回复 @Darling王凌 :[偷笑][偷笑][偷笑],<ttggdd>: 青年演员有前途啊，相当有戏啊，陈北演的都NMSB死了，演的真心不错啊，CNGMD,<Darling王凌>: OMG!最后一张剧照实在是太咆哮了！一个幸福的咆哮！[爱你],<哥是一个重口味文艺小清新>: 回复 @薛佳凝 :哈哈哈 你们俩真的都好可爱[爱你],<愿生活都如意>: 回复 @独孤靖歌 :薛佳凝和胡歌一起？,<愿生活都如意>: 大爱薛佳凝,<私语柠檬>: 表情丰富，像是薛教出来的,<私语柠檬>: 演的真心不错,<阿姜儿_>: 演的不错[给力],<依依_我是一片云>: 抱得那么紧，她家胡歌会吃醋的[偷笑],<fairytanya>: 回复 @化妆师李爱Elena :[害羞],<姚蔷蔷>: 加油啊！贝贝,<化妆师李爱>: 回复 @fairytanya :我说的是哈尔滨老乡薛佳凝[汗][汗][汗],<fairytanya>: 回复 @化妆师李爱Elena :他是山东哪个城市的呀？,<fairytanya>: 痞帅痞帅的[偷笑],<kry222222>: 贝贝完全太可爱了。。,<凝望佳人--薛佳凝影迷会>: 小贝、演的不错！[爱你][爱你],<轩轩轩楠>: 点32赞[good],<王宝玺>: 回复 @薛佳凝 :[爱你] 女神。 @我吧 [心],<summerde夏>: 呼叫陈北   陈北，陈北加油！加油！[兔子][萌][给力],<想像者劉玉竹>: 看完恋爱的那点事就谈恋爱去[嘻嘻],<化妆师李爱>: 呵呵，不错嘛……为我老乡加油！[给力][给力][给力],<盛唐果儿>: 我们山东的帅哥啊，加油，[左上](^ω^)[右上],<NNnn浓>: 喜欢你喜欢你～[爱你],<影帝张洋>: 回复 @薛佳凝 :真的是你教的好，再加上我的冰雪聪明，才这么完美的[嘻嘻][嘻嘻][嘻嘻][嘻嘻][嘻嘻],<sherry-严严严严严>: 加油加油加油加油加油加油加油加油加油加油加油加油加油加油加油加油加油加油加油加油加油加油加油加油加油加油加油加油加油加油加油加油加油加油加油加油[鼓掌]]
hunterqiya	#恋爱的那点事儿#恋爱是什么？恋爱是一个眼神，一个动作，一句话，一个吻[爱你]~主页菌po出温暖视频，小伙伴们热热身，今晚19:30让“恋爱”继续温暖你的[心]@杜淳 @佟丽娅 @薛佳凝 @张璇0616 @马秋子球球 @徐飒716 @张凌烽_ @邵颜渊 《恋爱的那点事儿》---恋爱是什么 ​​​	[<李亭哲>: 烽哥…演的太棒了…给张签名照呗！,<想像者劉玉竹>: 看完了谈恋爱去。哈哈啊[嘻嘻],<梦想家Memo>: [good],<sherry-严严严严严>: 今天睡床上一下子连看了10集..结果脖子给扭了！！！[汗],<曾翔妃>: 回复 @张凌烽_ :你跟粉丝互动的很频繁吗，真好[哈哈],<影帝张洋>: 回复 @曾翔妃 :有的[可爱],<summerde夏>: 回复 @张凌烽_ :好吧[泪][泪],<曾翔妃>: 贝贝，要是现实生活中有你这么执着的男生该多好[纠结],<影帝张洋>: 回复 @咕噜先森gyt :不好说，看吧[偷笑][偷笑][偷笑],<summerde夏>: 回复 @张凌烽_ :结局你跟兔妈在一起了吗！透露下呗[给力]]
hunterqiya	今天这个造型[汗][汗][汗]赢了。。。老感觉在哪部戏里见过那[汗][汗][汗]。。。 ​​​	[<哥是一个重口味文艺小清新>: [爱你],<高晓文bunny>: 很喜欢你,<赵思雨>: 百度百科，籍贯长春[哈哈][爱你],<疯琦琦_叮叮叮咚>: 这次是拍什么？,<娜娜娜一个人>: 卖萌可耻[阴险],<梦想家Memo>: 哈哈哈，我知道了，是燕小六[哈哈],<Yomico->: 第一张第一眼看成黄晓明[汗],<轩轩轩楠>: 店小二麽[哈哈],<微整形减肥瘦身达人白雪>: 大哥～你这玩的啥啊?在横店？,<舒莎莎童鞋>: 遍地狼烟呀！,<疯狂小女人1982>: 好像唐伯虎……[挖鼻屎],<沈楷茗>: 哈哈哈 帅的,<吴凯南--kk>: 标准店小二造型！[偷笑][偷笑],<化妆师李爱>: 哈哈，我能说武大郎吗？[哈哈][哈哈][哈哈][哈哈],<我那么漂亮我不能死阿>: 卖萌艾，可爱 ！,<想像者劉玉竹>: 回复 @张凌烽_ :一看微博就是你发的。哈哈。没发现我总是评论你的微博么,<影帝张洋>: 回复 @WAI家族微博组阿竹 :不太是[嘻嘻][嘻嘻],<影帝张洋>: 回复 @像梦一样的freedom :[嘻嘻]合理利用时间嘛[嘻嘻],<嘉嘉奶糖5>: 笑着好看[赞]]
hunterqiya	恋爱就是这个样子，能在你喜欢的人的身边肆无忌惮的笑，或是看着你喜欢的她／他嘴角的一抹弧度[嘻嘻][嘻嘻][嘻嘻][呵呵][呵呵][呵呵][偷笑][偷笑][偷笑] ​​​	[<娜娜小姐是个好姑娘>: 咳咳，通知个事啊，最近我喜欢他……[思考]特别喜欢这个没心没肺的笑,<生活就是不断的发现L>: 好看好看好看[得意地笑],<Catherine美学馆>: 小编灰常灰常同意！小伙伴们觉得呢？[得意地笑][笑哈哈][得意地笑],<大悦悦M>: 贝贝~最喜欢你的笑啦！[害羞][爱你][哈哈],<舒莎莎童鞋>: 回复 @张凌烽_ :演抗战片的时候都没看出你的忧郁啊亲,<巴黎有我们的摩天轮>: 陈贝贝好萌，赞一个。[鼓掌],<蚱蜢酸酸>: 那一道为爱扬起的弧线~,<化妆师李爱>: 回复 @张凌烽_ :[ok][ok][ok]相信你[太开心][太开心],<影帝张洋>: 回复 @化妆师李爱Elena :[嘻嘻][嘻嘻]不会的,<化妆师李爱>: 回复 @张凌烽_ :到时候可别忘了我[委屈][委屈][委屈],<影帝张洋>: 回复 @化妆师李爱Elena :[嘻嘻][嘻嘻][嘻嘻]一定[嘻嘻][嘻嘻],<化妆师李爱>: 回复 @张凌烽_ :好弟弟，加油哦…看好你！[威武][威武][威武],<我们-狠执著>: 回复 @张凌烽_ :你能回复，太开心了！,<影帝张洋>: 回复 @我们-狠执著 :[嘻嘻][嘻嘻]谢谢呐,<影帝张洋>: 回复 @化妆师李爱Elena :[嘻嘻][嘻嘻][嘻嘻][威武][威武][威武],<影帝张洋>: 回复 @毛晨cchheenn :[鄙视][鄙视][鄙视]不傻[挖鼻屎][挖鼻屎][挖鼻屎],<影帝张洋>: 回复 @吸血鬼meme :嘿嘿,<影帝张洋>: 回复 @穿越虚渺 :[呵呵],<影帝张洋>: 回复 @舒莎莎童鞋 :[懒得理你][懒得理你]其实也可以忧郁的[懒得理你][懒得理你],<影帝张洋>: 回复 @我说若你碰到他_ :生日快乐[嘻嘻]]
hunterqiya	[嘻嘻][嘻嘻][嘻嘻]开局不错，小伙伴们加油拉[嘻嘻][嘻嘻][嘻嘻]顶起来[嘻嘻][嘻嘻][嘻嘻][威武][威武][威武][威武] ​​​	[<我们-狠执著>: 以后会更不错，力争第一！,<AuRevoirYi>: 最赞的就是这电视拍的真实，不是那种华丽外表下极其虚假的场景,<Minerw->: [爱你][爱你]峰哥！太酷,<Hannie林林林>: 明天起来的第一件事情就是看有没有更新,<影帝张洋>: 回复 @轩轩轩楠 :[嘻嘻][嘻嘻][嘻嘻],<影帝张洋>: 回复 @Xx白雪姑娘 :[嘻嘻]辛苦了[嘻嘻],<微整形减肥瘦身达人白雪>: 爱奇艺凌晨才更新，天天看到夜里两点多[打哈气][困][悲伤],<轩轩轩楠>: 必须不错，我可是天天早早回家守在电视跟前呢,<支持心之所爱>: 你好适合演坏人耶]
hunterqiya	每次出场都怪怪的[懒得理你][懒得理你][懒得理你] ​​​	[<_GoldenSpring>: 贝贝是我的，放着我来[爱你],<心随颖动丶执念>: 还别说，真是[哈哈]。。。难怪总觉得在哪看过你，好熟悉的脸孔，原来你拍过＜妯娌的三国时代＞呀，总算想起来了。其实你演的真挺好的，角色深入人心，让我一眼就记住了你，但就是想说一句 : ‘‘【何弃疗】、、’’[偷笑],<吃提子的阿凡提>: 回复 @张凌烽_ :这么民主的明星啊，还会回复粉丝真实的提问，哈哈，贝贝超级赞！我已经看到那集了,<影帝张洋>: 回复 @taenggu画伯 :第三吧[做鬼脸],<无脸人无脸男无脸人>: 太可爱了，斜斜的坏笑，如此可爱。[爱你][爱你][爱你][爱你]继续加油！！！,<吃提子的阿凡提>: 穿豹纹那几集啊,<铁锤公举>: 特别可爱！！！！！！,<雪静霜霏>: 亲爱的贝贝！加油！永远支持你！,<黑色羽绒服上面的毛毛>: 第一次看见你就是在＜妯娌的三国时代＞,那时候觉得那个角色有点坏，不是太喜欢。现在的你看起来好阳光，在＜恋爱的那点儿事＞里最喜欢的就是你和兔妈这对~不仅越来越帅，演技也越来越好，希望你会出更好的作品，一直支持你，加油吧，小贝贝！[哈哈][哈哈][哈哈][haha][haha][haha],<小阿丸->: 哈哈有点意思[哈哈][哈哈],<梦想家Memo>: 原来你也知道啊，[嘻嘻]尤其看电视时看到穿着豹纹的那个礼物出现时，大家惊呼娘炮啊[汗] 你的出现带给我们快乐的感觉，加油！！,<哥是一个重口味文艺小清新>: 哈哈哈。真的好可爱～～[哈哈],<i谢菲菲>: 第二张娘炮演的真像啊[哈哈],<影帝张洋>: 回复 @胜男-Julie :[可爱],<影帝张洋>: 回复 @姐们儿爱吃五花肉 :[爱你],<影帝张洋>: 回复 @CircleCarol-won :[嘻嘻][嘻嘻]会的[嘻嘻][嘻嘻]谢谢,<影帝张洋>: 回复 @shine-艾 :谢谢，会努力的,<影帝张洋>: 回复 @Only_瑶瑶 :[嘻嘻][嘻嘻][嘻嘻],<i_easy吗_i>: 回复 @张凌烽_ :我觉得你很棒阿亲[害羞],<好尴尬啊哈哈哈>: 陈北这个角色很出彩[赞]看好你哦大帅哥[good],<PeasYuen>: 你很帅气[good]加油[拳头],<娜娜娜一个人>: 回复 @张凌烽_ :嘻嘻，收视第一的话是不是就无所谓了？PS这部剧里你帅的嘞[太开心][太开心][太开心],<大排骨的小五花>: 忒可爱了[兔子][兔子],<用户86tyetznlh>: 我劝你不要演哭戏了，因为太丑了，太假了,<Cj_Dagny->: 回复 @张凌烽_ :哈哈  每次都可以收到你的回复[嘻嘻][嘻嘻][嘻嘻][嘻嘻],<影帝张洋>: 回复 @hey王尧 :[嘻嘻][嘻嘻][嘻嘻]谢谢,<影帝张洋>: 回复 @保持微笑8426 :会的[嘻嘻],<尧666->: 回复 @张凌烽_ :加油加油每次出场都是笑点。很帅哒。[哈哈][威武],<保持微笑8426>: 回复 @张凌烽_ :[泪][泪][泪][泪][泪][泪]不管了不管了总之你要继续加油哦,<小鬼彤彤姐>: 回复 @张凌烽_ :谢谢贝贝的回复！支持你加油[good][good][爱你][爱你],<影帝张洋>: 回复 @保持微笑8426 :中戏也是北京的啊[嘻嘻],<吴凯南--kk>: 回复 @张凌烽_ :[偷笑][偷笑][偷笑],<保持微笑8426>: 回复 @张凌烽_ :哦激动的打错了本身想说电影学院呢，说成戏剧学院了，呵呵，电影学院是北京的呵呵，戏剧学院是上海的哈。哈哈，加油吧看好你,<影帝张洋>: 回复 @保持微笑8426 :[嘻嘻][嘻嘻]谢谢[嘻嘻][嘻嘻],<影帝张洋>: 回复 @保持微笑8426 :[汗][汗][汗]电影学院[汗][汗][汗],<保持微笑8426>: 回复 @张凌烽_ :哈哈我说呢，嘻嘻你回复我了哈哈，我激动哦，不愧为戏剧学院的本科生哦，继续加油哦# #浙江卫视中国蓝#   #浙江卫视新年倒计时#  # #恋爱的那点事儿#   @电视剧恋爱的那点事儿   @浙江卫视中国蓝,<保持微笑8426>: 回复 @张凌烽_ :哈哈我还以为你演的是两个人呢，哈哈，你的表演不错哦，哈哈你在妯娌的三国时代里演的 也不赖，潜力股哦我看好你哦,<影帝张洋>: 回复 @保持微笑8426 :自杀的时候他跟兔妈已经认识了啊[嘻嘻],<影帝张洋>: 回复 @保持微笑8426 :是一个人[嘻嘻][嘻嘻][嘻嘻],<影帝张洋>: 回复 @吹神说他最爱宝蛋啦 :[嘻嘻][嘻嘻][嘻嘻],<影帝张洋>: 回复 @进児-SHANGJIN :[可爱][可爱][可爱][呵呵][呵呵][呵呵],<影帝张洋>: 回复 @我们-狠执著 :[嘻嘻][嘻嘻][嘻嘻],<影帝张洋>: 回复 @小鬼彤彤姐 :[嘻嘻][嘻嘻][嘻嘻]谢谢[偷笑][偷笑][偷笑],<影帝张洋>: 回复 @穿越虚渺 :[偷笑][偷笑][偷笑][偷笑],<影帝张洋>: 回复 @轩轩轩楠 :[嘻嘻]谢谢,<影帝张洋>: 回复 @ai霜子 :[黑线][黑线][黑线][黑线]呃。。。,<影帝张洋>: 回复 @胜男-Julie :[嘻嘻][嘻嘻][嘻嘻]谢谢,<影帝张洋>: 回复 @Only_瑶瑶 :[汗][汗]这句话说的我都没自信,<影帝张洋>: 回复 @我是小倩-L :[哈哈][哈哈][哈哈]那说明我成功了[哈哈][哈哈][哈哈],<影帝张洋>: 回复 @吴凯南--kk :[汗][汗][汗]都怪]
hunterqiya	怎么感觉象流氓呐[泪][泪][泪] ​​​	[<SOAP丫蜜>: 帅   今打的那拳更帅,<洋洋洋大胃>: 回复 @张凌烽_ :谦虚了不是，圣诞节快乐,<影帝张洋>: 回复 @张凌烽星闻 :[汗][汗][汗]我知道兔妈会拦着我的[汗][汗][汗],<影帝张洋>: 回复 @洋洋洋大胃 :[挖鼻屎]早着那[偷笑],<洋洋洋大胃>: 挺好的，算无死角了吧,<张凌烽星闻>: 很帅，得到吻后[花心]居然想回警局再揍人一顿，受的了么!佩服了![哈哈][哈哈][哈哈] #恋爱的那点事儿# #张凌烽#,<哆啦Q酱酱酱酱>: 不像不像，可帅啦[嘻嘻],<舒莎莎童鞋>: 回复 @张凌烽_ :[太开心][太开心][太开心][太开心][太开心][太开心],<Cj_Dagny->: 回复 @张凌烽_ :不谢 不谢[嘻嘻],<影帝张洋>: 回复 @胜男-Julie :[嘻嘻][嘻嘻][嘻嘻]谢谢[嘻嘻][嘻嘻][嘻嘻],<Cj_Dagny->: 今看 恋爱的那点事儿   ，觉得你好棒。,<影帝张洋>: 回复 @我们-狠执著 :[嘻嘻][嘻嘻]谢谢,<影帝张洋>: 回复 @我是小倩-L :还好啦[嘻嘻],<影帝张洋>: 回复 @舒莎莎童鞋 :[嘻嘻][嘻嘻][嘻嘻],<影帝张洋>: 回复 @blueVITTN1 :谢谢,<影帝张洋>: 回复 @舒莎莎童鞋 :[嘻嘻],<舒莎莎童鞋>: 流的很帅气好吗？,<blueVITTN1>: 大帅哥一枚啊，[围观][围观][围观][围观][围观][围观][围观][围观][爱你][爱你][爱你],<生活就是不断的发现L>: 在天桥自杀那段看着好危险啊，]
hunterqiya	终于出场了[嘻嘻]急死我了[嘻嘻][嘻嘻][嘻嘻][嘻嘻] ​​​	[<Yomico->: 回复 @张凌烽_ :[兔子]竟然还没睡,<影帝张洋>: 回复 @穿越虚渺 :[嘻嘻][嘻嘻][嘻嘻]支持哦[嘻嘻][嘻嘻][嘻嘻],<影帝张洋>: 回复 @阿明啊阿明 :尽量吧[嘻嘻],<影帝张洋>: 回复 @郭晨-酷酷 :[嘻嘻][嘻嘻][嘻嘻]谢谢,<影帝张洋>: 回复 @我是小倩-L :真的吗？,<影帝张洋>: 回复 @YOMICO_等一個温暖的人一起流浪 :[嘻嘻][嘻嘻]谢谢[嘻嘻][嘻嘻],<影帝张洋>: 回复 @小芋头-洋洋 :[嘻嘻][嘻嘻][嘻嘻]谢谢姐[嘻嘻][嘻嘻][嘻嘻],<穿越虚渺>: 呵呵，终于看到了,<阿明牙刷>: 要火的节奏啊,<小芋头-洋洋>: 皮肤真好[哈哈]]
hunterqiya	新戏新造型[嘻嘻]我喜欢我的马尾辫[偷笑][偷笑][偷笑][偷笑][偷笑][偷笑][偷笑][偷笑][偷笑][偷笑] ​​​	[<黄小池同学>: 好久没来看你。都瘦成瓜子脸了。[哈哈],<汇贤文化小院>: 小生冒昧打扰，为君推荐七天传统文化体验，希望喜欢传统文化的朋友瞅瞅。详情： http://weibo.com/2429708054/AdcshqKTh,<布丁娃娃DD>: 少侠好俊,<陈弈潼>: 回复 @张凌烽_ :是啊超赞[嘻嘻][嘻嘻][嘻嘻],<影帝张洋>: 回复 @守得云开见月明念念不忘必有回响 :上官婉儿,<影帝张洋>: 回复 @任治普 :[嘻嘻][嘻嘻][嘻嘻],<影帝张洋>: 回复 @陈弈潼 :是不是a[嘻嘻],<影帝张洋>: 回复 @Zheng先生_不偷腥 :[嘻嘻][嘻嘻][嘻嘻][嘻嘻],<影帝张洋>: 回复 @小嘉雯_ :那你得来看我,<陈弈潼>: 这个造型洋气哈哈,<babyshoneyboy970829>: 什么戏？哪位大神导的？,<大准的小精灵>: 哇，小伙不错哦[给力][威武]，古装戏最重要的是安全第一啊[熊猫][兔子],<Minerw->: 少侠穿这样给我们合照可好,<Zheng先生_不偷腥>: 哎呦，不错哦,<岳辰Steven>: 回复 @张凌烽_ :什么戏呀！无条件支持！,<蜜兒MinMin>: 认不出来啦[嘻嘻][嘻嘻][嘻嘻][给力],<影帝张洋>: 回复 @王小新-1 :真没瘦,<影帝张洋>: 回复 @Ymusicman :[偷笑]]
hunterqiya	喜欢这种带点小坏的。。。。。感谢摄影老师@制片人冯莉文 女士及全能经纪人 @love阳龙 先生。。。及美丽动人的@张倩如luai ​​​	[<娜娜娜一个人>: 挺有外国明星范儿的[爱你],<ExtremeGirl_>: 有一种欧美风,<蔡蝶Vanessa>: 非常好！！！赞,<程程程咬金的後代lucky>: 不像你呀[话筒][话筒],<一顧惜朝誤终生不顧惜朝终生誤>: 是本来就坏吧[爱你][爱你][爱你][爱你][爱你][爱你][爱你]  @张凌烽,<Ta說D>: 回复 @张凌烽_ :[思考][思考][思考]请我吃果冻我就相信你那是黑眼圈。。。。,<吴昊泽福建后援会会长>: 回复 @张凌烽_ :哈哈 戳中笑点 早点休息,<影帝张洋>: 回复 @制片人冯莉文 :[衰][衰][衰][衰][衰]值。。。。。。,<制片人冯莉文>: 回复 @张凌烽_ :片酬准备好随时[哈哈],<影帝张洋>: 回复 @小邓子0527 :[挖鼻屎][挖鼻屎][挖鼻屎]没化妆。。。那是黑眼圈。。。[挖鼻屎][挖鼻屎][挖鼻屎]]
hunterqiya	今天我的拍摄对象@张倩如luai @张凌烽_ 电视剧《妯娌的三国时代》两个小冤家[阴险]@love阳龙 ​​​	[<影帝张洋>: 回复 @演员李昊冉 :谢谢,<影帝张洋>: 回复 @美容达人官网 :[嘻嘻][嘻嘻][嘻嘻],<影帝张洋>: 回复 @程程程咬金的后代 :[嘻嘻][嘻嘻][嘻嘻][嘻嘻],<影帝张洋>: 回复 @制片人冯莉文 :冯主编。。。,<影帝张洋>: 回复 @紫-小小 :[嘻嘻][嘻嘻][嘻嘻]谢谢那。。。,<影帝张洋>: 回复 @我想我有点儿贪心 :[嘻嘻][嘻嘻][嘻嘻]我也期待那。。。[嘻嘻][嘻嘻][嘻嘻],<一顧惜朝誤终生不顧惜朝终生誤>: [抱抱],<一顧惜朝誤终生不顧惜朝终生誤>: I have a dream ,too这个梦想里还有很多很多梦想 呵呵,<如初__执念>: 看你那熊样,<娜娜娜一个人>: 期待《恋爱的那点儿事》中你和薛佳凝的对手戏，加油哦。。。PS如果有一天，你成为一个很红很红的明星，你还会给很多粉丝都回评论吗？？]
hunterqiya	要想做个好演员，你就必须看剧本， 演员不知亡国恨，一天到晚看剧本。 举头望明月，低头看剧本。 亲戚朋友如相问，就说我在看剧本。 少壮得努力，老大看剧本。 垂死病中惊坐起，今天还没看剧本。 生当作人杰，死亦看剧本。 人生自古谁无死，来生继续看剧本。 众里寻他千百度，蓦然回首，那人正在看剧本 ​​​	[<Yummy900806>: 看不到赵政文了,<喵灬晓希>: 哥最近幾天又變天了，多註意添減衣服吶，晚安啦~~(( _ _ ))..zzzZZ,<喵灬晓希>: 回复 @Shiroyama_Emi :是吶，沒什麽事就過來看看，既然都過來了就留個言[哈哈]晚安北鼻~~,<喵灬晓希>: 哥你要開開心心的喔，開工也要多加註意安全，開車也是…不管發生什麼心情很重要，就算發生很不好很不好的事也要樂觀去面對，不然事情沒有打垮我們，而自己已經把自己打垮了…頑張ってね！[太阳],<喵灬晓希>: 吼吼，最近幾天比較忙，一上微博負能量爆炸了…都有種遠離微博就能有好心情的感覺了…(T ^ T),<喵灬晓希>: 剛剛吃飽喝足，準備聽歌碎覺覺啦~~每天帶耳機聽歌碎覺的好處就是，就算是世界末日也什麽都不知道…噗噗…不知道哥喜不喜歡搖滾樂呢？(*≧U≦),<Yummy900806>: 赵政文同学没死[嘻嘻]加油！,<紫圥>: 回复 @张凌烽_ :真的没有啊[泪],<紫圥>: 回复 @张凌烽_ :最后两集应该有吧，没有再看一遍嘛[阴险],<影帝张洋>: 回复 @紫-小小 :木有我吧[委屈][委屈][委屈],<紫圥>: 回复 @张凌烽_ :今晚要看大结局了。[鼓掌]等着看你，呵呵,<紫圥>: 回复 @张凌烽_ :那好哦。没想到现实中的你也挺好哦,<影帝张洋>: 回复 @紫-小小 :我的是自个的[嘻嘻],<紫圥>: 回复 @张凌烽_ :好多公众人物的微博不都是经纪人或公司的吗,<影帝张洋>: 回复 @紫-小小 :为啥不是[挖鼻屎][挖鼻屎][挖鼻屎],<紫圥>: 回复 @张凌烽_ :真的是你本人吗？,<影帝张洋>: 回复 @紫-小小 :谢谢呐[偷笑],<紫圥>: 很喜欢赵政文，加油啊！[爱你],<喵灬晓希>: 回复 @Shiroyama_Emi :看了會兒水立方，真是不容易吶…睡啦睡啦！ (:3▓▒ 妹紙安安吶，哥安安吶~~大家都好夢~~,<喵灬晓希>: 回复 @Shiroyama_Emi :(・ε・；),<喵灬晓希>: 回复 @张凌烽_ :嘻嘻，好的喲~~其實我今天剛吃完頓鴨肉...噗噗...不過突然發現，原來你喜歡潛水~~~(・∀・),<影帝张洋>: 回复 @松本真里 :谢谢[偷笑]你也注意哦。。。,<喵灬晓希>: 呼呼~~哥，在忙什麽？好幾天木有出現了~~ 流感越來越厲害了，要多多註意吶~~來說晚安，祝好夢，晚安喔~~_♪(´ε｀ ) ～～☆,<喵灬晓希>: 回复 @Shiroyama_Emi :那是必須的~(￣ˇ￣)おやすみ~♪,<喵灬晓希>: 回复 @Shiroyama_Emi :ふふふ…被你發現了，抱抱~~( ´∀`),<喵灬晓希>: 開始不喜歡呂良彪這個角色，不過越看越覺得心酸…到最後感覺最慘的應該就是他…好可憐…555555…ㅠ0ㅠ好了，我不說了…不然又要平復心情…噗噗…哥晚安吶~~(( _ _ ))..zzzZZ,<喵灬晓希>: 今天沒事把《箭在弦上》全部都看完了，整個劇感覺很多地方感情表達不細膩，最後節奏好快，有點草草了事…不過張長武的犧牲還是感覺到了，政文他們兩個的角色有著至關重要的作用，又處在那麽危險的位置…看別人說政文最後沒犧牲，那就估計是長武，結果還真猜對了ㅠ0ㅠ,<喵灬晓希>: 哥我來啦，今天有點忙，剛剛才忙完，估計你更忙吧？時間不早了，要早點休息喔！(*^∀^)安安，祝好夢~~,<Yummy900806>: 赵政文很棒[good][good][good],<喵灬晓希>: 回复 @Shiroyama_Emi :(*¯︶¯*)乖，睡啦睡啦~,<喵灬晓希>: 回复 @张凌烽_ :哈，沒想到你在吶，不早了，早點休息喲~~(:3[__],<喵灬晓希>: 回复 @Shiroyama_Emi :(﹁"﹁)…說了晚安還玩爪機…,<影帝张洋>: 回复 @Shiroyama_Emi :[嘻嘻][嘻嘻][嘻嘻]是的。。。,<影帝张洋>: 回复 @松本真里 :[嘻嘻][嘻嘻][嘻嘻]晚安[嘻嘻][嘻嘻][嘻嘻],<喵灬晓希>: 哥，來說晚安了~~(( _ _ ))..zzzZZ箭在弦上每天兩集，時間太短，而且剪了很多，電腦上看更全，可是為了支持收視率還是堅持電視上看完電腦再看，哈~~好夢喔！安安~~,<喵灬晓希>: 回复 @Shiroyama_Emi :木錯！"(>_<),<TT_文字太轻_>: #箭在弦上# 赵政文，你刚一露面我就知道，你不是个普通的‘汉奸’,<歌王子的妈>: 我也想看剧本[偷笑][偷笑][酷]，没得看,<喵灬晓希>: 回复 @张凌烽_ :嘻嘻~~(●´ϖ`●),<影帝张洋>: 回复 @松本真里 :[太开心][太开心][太开心]]
hunterqiya	【贵视内心戏】谁说男儿有泪不轻弹，只因未到伤心处啊！政文声泪俱下述说，触动了小编的心，你们呢？今晚19:30分 @贵州卫视 @电视剧箭在弦上  ​​​	[<影帝张洋>: 回复 @松本真里 :[偷笑][偷笑][偷笑][偷笑]好的，谢谢呐。。。[嘻嘻][嘻嘻][嘻嘻],<喵灬晓希>: 回复 @张凌烽_ :好的呦~~謝謝哥，我先去翻看前一部"o((>ω< ))o"拍戲辛苦啦~~最近禽流感嚴重，在外拍戲一定要多加註意喔！( ´∀`),<影帝张洋>: 回复 @松本真里 :之前在播的叫妯娌的三国时代，之后的叫恋爱的那点事。。。[嘻嘻][嘻嘻][嘻嘻][嘻嘻],<喵灬晓希>: 回复 @张凌烽_ :哈，別客氣吶~~( ´∀`)哥，我們是雙胞胎，她是我妹妹~~對了，哥能不能告訴我最近要上映的作品叫什麽名字呢？(●´ϖ`●),<影帝张洋>: 回复 @Shiroyama_Emi :最近会有别的作品那。。。,<影帝张洋>: 回复 @Shiroyama_Emi :[偷笑][偷笑][偷笑][偷笑]喜欢你说话[嘻嘻][嘻嘻][嘻嘻][嘻嘻][威武][威武][威武],<影帝张洋>: 回复 @松本真里 :谢谢那。。。。[嘻嘻][嘻嘻][嘻嘻],<喵灬晓希>: 回复 @张凌烽_ :哥，晚安喔！[亲亲]祝好夢~~,<喵灬晓希>: 回复 @Shiroyama_Emi :ㅠ0ㅠ好滴，關電腦了，我來了~~碎覺覺啦！[太开心],<喵灬晓希>: 回复 @Shiroyama_Emi :我也需要o(TωT )木事木事，我把你拉回現實…姐姐抱抱…,<喵灬晓希>: 回复 @Shiroyama_Emi :恩恩，木錯~~~每一個都很優秀，把人物演活了[太开心],<喵灬晓希>: 回复 @Shiroyama_Emi :榮樹不該犧牲的說...哭屎了...[泪][泪][泪]榮易好堅強...,<吳昊澤陝西後援會會長>: 你消失了啊。,<喵灬晓希>: 回复 @Shiroyama_Emi :哈，妹紙[太开心],<喵灬晓希>: 回复 @张凌烽_ :我會關注的，很期待~!![太开心]加油吶!!]
hunterqiya	我家布丁，拿出来跟大家炫耀一下[嘻嘻][嘻嘻][嘻嘻][嘻嘻][嘻嘻] ​​​	[<王诗淇_>: 回复 @张凌烽_ :[偷笑][偷笑][偷笑][偷笑][偷笑]是哦是哦,<影帝张洋>: 回复 @王诗淇_ :[哼][哼][哼][哼][哼]那不成童养媳了。。。。[泪][泪][泪][泪][泪],<王诗淇_>: 小祖宗…[太开心],<王诗淇_>: 回复 @张凌烽_ :嫂子家的[偷笑],<影帝张洋>: 回复 @王诗淇_ :谁啊。。。。。,<grace11088>: 好可爱啊！！！~~~~~,<王诗淇_>: 娃娃亲定出去了[哈馋嘴],<我只喜欢纯牛奶>: 真的很Q耶。。。最喜欢小狗狗啦。。。,<可以是雪人>: 很想看布丁爸爸的自拍啊！满足一下拉！]
hunterqiya	夏天是个露肉的好时节。。。。。。老天。。。我不吃夜宵，不哈啤酒了。。。别再让我胖下去了[抓狂][抓狂][抓狂][抓狂][抓狂][抓狂][抓狂][抓狂] ​​​	[<王月娇JOJO>: 看完妯娌了。最后看到你磕头我可真爽啊。回到现实看到你好像又不想抽你了[偷笑][偷笑][偷笑],<影帝张洋>: 回复 @清水白玉 :有空就做哈。。。,<Kat_turbo>: 个人觉得你的五官和脸型很适合演古装片，但不是成熟的角色，还得是老三那样的。,<十三月csh深呼吸>: 小孩脸[偷笑],<Andrea-myf>: 你演的人物真够讨厌的,<可以是雪人>: 粉你就是因为你那肉肉的脸，看何老三笑的时候母爱泛滥啊！很想揪一下的感觉。胖的刚刚好,<大准的小精灵>: 回复 @张凌烽_ :去哪煅炼[转发][奥特曼]没人理我的时候我从泉城酒店下面沿着护城河一直走到了老东门市场,是叫那个名字吧,然后怕找不到路就又从河对面沿着河走了回来,可以减肥,要不你也去试试[威武][偷笑][偷笑][偷笑][偷笑],<尹君->: 你得卖个萌么~,<Yomico->: 回复 @张凌烽_ :[哈哈],<Mia薇安>: 别啊╭(╯ε╰)╮这样多不痛快呀！该吃吃该喝喝～人生才有意义嘛！不过偶尔还是要适度运动一下！哈哈，才不会变成^(oo)^  是吧是吧？！~\(≧▽≦)/~,<岳-公子>: 看来我也要励志减肥了[强壮],<影帝张洋>: 回复 @大准的小精灵 :[嘻嘻][嘻嘻][嘻嘻][嘻嘻]多锻炼一下是真的[嘻嘻][嘻嘻][嘻嘻],<歌王子的妈>: 粉了，粉了，开心ing[嘻嘻]......来深圳小姨接待你啊,<璐哥sweet>: 哇哈 好看,<大准的小精灵>: 弟弟呀，夏天是我们女人晒肉的季节，你打算晒哪里的肉啊，胳膊，脖子，脑袋那不算[哈哈][围观]，演员也要好好管理健康的，不要总减肥了[酷][奥特曼][奥特曼]，一切以健康为前题哈[耶][飞机][西瓜][咖啡],<云端的畅想>: 回复 @张凌烽_ :不是粉我啊，是粉我姨[汗] @高福萍    这个……  你懂的,<岳辰Steven>: 回复 @张凌烽_ :我们大家看完三国时代之后，统一的感觉是结局太仓促了！你觉得呢？尤其是最后一集太快了！感觉像是成本不够了一样！哈哈！这是我自己的观点！想听听你的意见！！！[威武][威武][威武][馋嘴][馋嘴][馋嘴] @张凌烽_,<影帝张洋>: 回复 @Ymusicman :[偷笑][偷笑][偷笑]还没定型那,<岳辰Steven>: 回复 @张凌烽_ :＂何其＂是不是要转型啦？？？[哈哈][嘻嘻][嘻嘻] @张凌烽_]
hunterqiya	祝贺公司家庭大戏《妯娌的三国时代》在上海东方卫视又一次创下了高收视率。恭喜@张凌烽_ @张倩如luai 在全国观众面前“露脸了”“现眼了”“被骂了”[哈哈]说明你们演得不错。继续努力[给力][给力]@东方在扬 @妯娌的三国时代 @天天向上经纪公司 @love阳龙 @韩阵阵 @罗华丽 @谢晓虎tiger ​​​	[<影帝张洋>: 回复 @-瑤滾- :谢谢那[嘻嘻][嘻嘻][嘻嘻],<Ofhorse>: 加油。支持箭在弦上,<Mia薇安>:  说真心话，在看妯娌时确实是蛮讨厌你的～气的我呀，恨不得……嘻嘻，后来觉得挺幼稚的，演员塑造一个角色很不容易，要演得深入人心更不容易！其实我们应该去感谢你们，是因为有你们的辛苦，我们  才能够看到那么好的剧。继续努力！下次争取演个好人呗(^.^),<Mia薇安>: 说真心话，在看妯娌时确实是蛮讨厌你的～气的我呀，恨不得……嘻嘻，后来觉得挺幼稚的，演员塑造一个角色很不容易，要演得深入人心更不容易！其实我们应该去感谢你们，是因为有你们的辛苦，我们才能够看到那么好的剧。继续努力！下次争取演个好人呗(^.^)哈哈,<人鱼的长袍披风>: 为什么 有时候看着何其讨厌 但是看着你这背影 还是有想要扑上午抱住的冲动。。哈哈哈 有时候也特可爱,<张小张的家>: 说实话，在看＜妯娌的三国时代＞的时候真的好想给你几个大嘴巴呀[偷笑],<黄小池同学>: 本人照片比电视上看起来帅[哈哈][哈哈],<万万XA>: 我觉得何其这个角色演的不错、看的挺入戏特别真实、希望你以后能够上演更精彩的电视剧、加油！,<elvissssL>: 够贱看着就做作讨厌 成功！,<影帝张洋>: 回复 @somebody-someone :感谢你的支持，一定努力，不会让大家失望的[嘻嘻][嘻嘻][嘻嘻],<蒙蒙的奥利奥>: 第一次看到你的作品是是我们这的地方卫视播出的《箭在弦上》，你所扮演的赵政文虽然只是配角，但我认为你塑造角色很成功。当看到你的新作品《妯娌的三国时代》，发现你的演的真的很棒。有些给你的评论只是对戏中你角色的评论，不必在乎，这些评论正是说明你塑造角色的成功！加油，希望看到你更多佳品!,<璐哥sweet>: 回复 @张凌烽_ :[偷笑][酷]哈哈实话实话,<影帝张洋>: 回复 @Angela_姜晓璐 :[偷笑][偷笑][偷笑][偷笑]开心,<影帝张洋>: 回复 @杨子涵Isabella :你，边去[偷笑],<影帝张洋>: 回复 @高福萍 :是的[可爱],<许少扑-梦武联盟>: 回复 @张凌烽_ :哈哈，谦虚了不是,<AJ_DUAN>: 哇你真心一个境界演的，角色塑造的太恶心了太成功！全国的人都想抽你，抽你老婆和你妈！,<花浓香满衣>: 看你在里面真想揍你。老三太特么恶心了,<影帝张洋>: 回复 @许少扑-梦武联盟 :[嘻嘻][嘻嘻][嘻嘻]别介，互相学习[嘻嘻][嘻嘻][嘻嘻],<歌王子的妈>: 你和窦骁是同学吗？我也是他粉丝[害羞],<歌王子的妈>: 加油加油！越来越红！[good][good][good],<许少扑-梦武联盟>: 前两天看这戏了，演得是真好，哈哈，继续向你学习啊,<那ZUO山>: 你演的很可爱啊[馋嘴] 很招人喜欢呢[偷笑],<蜜兔兔兔兔兔>: 那是必须的夸啊。哎呀老三那个表情真是太欠抽了[偷笑][挖鼻屎],<璐哥sweet>: 演的就是好哈哈[偷笑][偷笑],<张倩如luai>: 顶楼上！[给力] // @张凌烽_ :下回争取被夸[偷笑][偷笑][偷笑][偷笑] // @love阳龙 :[鼓掌][鼓掌][鼓掌],<影帝张洋>: 回复 @制片人冯莉文 :保证完成任务[偷笑][偷笑][偷笑],<鹿畔阳光Cupid>: 太好了！太好了！！]
hunterqiya	亲爱的朋友们，我真心希望大家能辩证的去看演员和角色的关系，塑造角色是演员天职，从接触这个行业的第一天起，我听到的第一句话就是：要学演戏先学做人-所以出于对这个行业的尊重，我问心无愧的说一句，我是好人！对于角色的探讨和意见我一定虚心接受，但对于那些没素质攻击我家人朋友的2，请自重！！ ​​​	[<影帝张洋>: 回复 @Mia薇安 :[嘻嘻][嘻嘻][嘻嘻][嘻嘻]谢谢[可爱][可爱][可爱],<影帝张洋>: 回复 @Gho_stGh_ost :谢谢呐。真会聊天呐[可爱][可爱][可爱],<影帝张洋>: 回复 @可以是雪人 :[耶][耶][耶][做鬼脸][做鬼脸][做鬼脸],<可以是雪人>: 为什么要骂你呢？只是这个角色不讨巧，但是很锻炼演技啊。何老三本性其实不坏，对老婆好，对父亲很孝顺。有一场一边给父亲盖被子，一边无聊自拍的戏看的我笑死，其实这个人还是很善良的。演技很到位。最后说下，预感这个人会火，外形气质真的很不错，也很有辨识度。不要理会别人怎么说，加油！,<Gho_stGh_ost>: 为什么大家都看到老三败家啃老看不到他那么爱他媳妇儿呢。我就喜欢老三对杨琳的死心塌地捏。因为你演的老三才爱看这剧的。专业第一的演技果然不是盖的。支持你的。超级无敌帅。,<Mia薇安>:  说真心话，在看妯娌时确实是蛮讨厌你的～气的我呀，恨不得……嘻嘻，后来觉得挺幼稚的，演员塑造一个角色很不容易，要演得深入人心更不容易！其实我们应  该去感谢你们，是因为有你们的辛苦，我们才能够看到那么好的剧。继续努力！下次争取演个好人呗(^.^)      也希望网友能理智点！尊重别人也是尊重,<影帝张洋>: 回复 @十三月csh深呼吸 :谢谢[嘻嘻][嘻嘻][嘻嘻],<十三月csh深呼吸>: 我是最近才关注的你，现在看到这条微博我也很难受，不过正如那些支持你的人所说的，这说明你的演技好，你是一个好演员，对于那些刻意抨击你的人不要理会，那些支持你的人不会因此放弃你，加油，演好每个角色，自己问心无愧就行，我们会永远支持你[呵呵],<香蕉_疤瘌>: 回复 @张凌烽_ :刚看完最后一集，被何其和杨琳的眼泪打动了。相信留下的是责任的眼泪，男人不都是一步步成长的么？,<影帝张洋>: 回复 @香蕉_疤瘌 :谢谢，一定努力[嘻嘻][嘻嘻][嘻嘻],<香蕉_疤瘌>: 什么叫演员？当然“演”字最重要。支持你演的何老三，希望你能把那些不好的声音变成前进的动力。期待你接下来的作品。,<大鲁能0810>: 你个吊丝,<小山的雪纳瑞叫芭比and肉满>: 说说你是怎么把这个败类何其角色折磨的这么深刻的？让我们都学习学习,<万万XA>: 一直支持着你加油！,<生活就是不断的发现L>: 回复 @张凌烽_ :[得意地笑]以后我就是你的粉丝啦,<影帝张洋>: 回复 @乖乖兔Amy :[嘻嘻]谢谢，会努力的[偷笑][偷笑][偷笑],<生活就是不断的发现L>: [哈哈]你一定会大红大紫的，骂人的人是智商250，之前演乱世佳人的那个张文锦的也被骂很惨。甭在乎。你很成功祝贺你,<顾小璇_>: 真别演这种角色得亏你是个男的，你看那章姗姗被骂的多惨,<yjjjjjm>: 你演的老三和我堂哥太像了！长的像性格也像[哈哈]。。。不过你是假的奇葩，我哥是真奇葩。。。,<钟情张国荣啦啦啦>: 其实我觉得最贱还是章珊珊[泪],<靳小黑曹贝贝>: 你演的老三也太混蛋了,<陳心晓晓晓>: 老三贱死了 演技真好,<缨子甜甜的MUA>: 三无耻起来的样子真让人牙痒痒！这说明你塑造的恨成功！就像扮演容嬷嬷的李老师，大家都骂容嬷嬷，但是知道李老师真的是德艺双馨！相信你也会努力成为这样的人！加油吧！（期待下次演个好人哈哈[哈哈]）,<DreamCzz>: 下次慎重选角色。都不想说老三了。,<抵制033_>: 你演的老三好让人气不打一处来，真想骂死你。不过说明你演技真不错,<UIEIii>: 但是演技真心好,<UIEIii>: 不得不说你演的太贱了。,<叽努chuchuchu>: 加油加油！期待下次作品！跟老三相反的角色[嘻嘻]哈哈,<叽努chuchuchu>: 看你骂章姗姗的时候特解气！！跟朱晓顶嘴的时候词儿一套一套的！哈哈哈，除了没工作，啃老，但是在对老婆这面，老三比他俩都好！！！跟自己媳妇真一气儿！,<影帝张洋>: 回复 @不是将军也要抬石头 :[嘻嘻][嘻嘻][嘻嘻]谢谢[嘻嘻][嘻嘻][嘻嘻],<歌王子的妈>: 回复 @鱼宝儿的kay :一个非常好的帅小伙儿,<歌王子的妈>: 回复 @RR苗 :他这人生活中特有礼貌，非常谦虚和低调，别那样说人家，真的。,<Feel-your-mind>: 你演得老三很好！看电视剧里老三那样我真想抽他，当我看完最后一集时，我原谅你了。继续加油，再接新戏！,<AstroElaine>: 哈哈 老三两口子确实挺不要脸的~不过呢 都这时代了 还有人分不清戏里戏外？,<香蕉_疤瘌>: 支持你和十七。,<芊芊芊芊1111>: 你演得太好了。,<影帝张洋>: 回复 @离骚嘛意思你懂么 :[嘻嘻][嘻嘻][嘻嘻][嘻嘻],<像是虚构的电影>: 演技超强啊！角色诠释的很到位！支持你~也希望看到您下一部作品[笑哈哈],<影帝张洋>: 回复 @梁希是只笑点低 :[嘻嘻][嘻嘻][嘻嘻],<鹿畔阳光Cupid>: 《箭在弦上》貌似要在河南四川卫视播出了！赵政文同志，又能看到你啦！特喜欢这部戏！,<胖习>: 幸福就好,<那ZUO山>: 回复 @张凌烽_ :哈哈。真高兴你能回复我[爱你][哈哈][可爱]激动 ing,<影帝张洋>: 回复 @那ZUO山 :[偷笑]懒。。。。不知道说啥[偷笑][偷笑][偷笑],<那ZUO山>: 亲，该刷新微博了[馋嘴][可爱],<Mr_Shin24>: 回复 @张凌烽_ :明星都是从演员开始的 加油！,<浪漫飘渺>: 别在意 现在很多人都这样 一个戏里的角色延伸到戏外现实中来批判 不要和他们一般见识,<啊禛禛是个小护士>: 帅哥帅哥,<张玮谁是>: 哈哈我觉得你挺帅的！哈哈哈 帅哥,<影帝张洋>: 回复 @_欣小xin :你，一边去，别凑热闹[偷笑][偷笑][偷笑],<影帝张洋>: 回复 @我是瘦的胖胖 :谢谢，一定努力[嘻嘻][嘻嘻][嘻嘻],<影帝张洋>: 回复 @大准的小精灵 :[嘻嘻][嘻嘻][嘻嘻]恋爱的那点事[嘻嘻][嘻嘻][嘻嘻],<大准的小精灵>: 回复 @张凌烽_ :我到济南啦，刚才九点半到的，白天把妯娌的三国时代看全部结束了才出发的，跟朋友们推荐来着，结果她们有好多人都在看[鼓掌][太开心][耶]，什么时候接新戏，期待[帅][西瓜][咖啡]，下次要接帅气的角色，闪瞎anti fan的钛合金不锈钢眼,<辣椒面同学>: 我觉得大家对角色的负面评价只能说明你把角色诠释得好。很欣赏你的演技 看到你的微博后也很欣赏你的态度。希望你不要太往心里去 好好工作啊[good]支持,<_欣小xin>: 哥，我觉得你长大了，看到你回复别人的，好想哭，好感动。哥你永远是我们家的骄傲~~[good],<鱼宝儿的kay>: 回复 @张凌烽_ :是吧，那就好了，演得真好。,<_liNnnn>: 回复 @张凌烽_ : 下次选个超级大孝子之类的来演吧~,<快跳青蛙>: 你的角色看得让人去血！！！]
hunterqiya	2013，我为梦想而活[心][心][心][心][心] ​​​	[<影帝张洋>: 回复 @张振杰Jeremy :[嘻嘻][嘻嘻][嘻嘻][嘻嘻]没准占亲戚那[嘻嘻][嘻嘻][嘻嘻][嘻嘻],<影帝张洋>: 回复 @昕美诺 :[嘻嘻][嘻嘻][嘻嘻]那是戏。。。。,<人鱼的长袍披风>: 像前男友！[爱你],<昕美诺>: 戏里的你真让人喷火。,<张振杰Jeremy>: 回覆 @张凌烽_ :[暈] 我妈还说我和你有点像.. 我一看还真是...,<影帝张洋>: 回复 @张振杰Jeremy :我妈也喜欢[偷笑][偷笑][偷笑][偷笑],<张振杰Jeremy>: [挖鼻屎] 我妈很喜欢看这部剧,<_ilaria_>: 快给我们演个青春偶像剧，让我们养养眼，平复一下心中的气愤，你的演技真的很不错，别人还演不出你这么好呢,<马糊悠悠>: 演得不错喔，加油！,<影帝张洋>: 回复 @石五个AD快到碗里来 :[鼓掌][鼓掌][鼓掌]支持收视率哦[太开心][太开心][太开心],<撒石米>: 回复 @张凌烽_ :客气了~今晚看结局,<影帝张洋>: 回复 @石五个AD快到碗里来 :[嘻嘻][嘻嘻][嘻嘻]谢谢呐[嘻嘻][嘻嘻][嘻嘻],<撒石米>: 这两天和我妈看妯娌 小伙演的挺好 08表本毕业什么的其实也就比我大一两岁的样子？[吃惊] 像不像苏醒 @林吞吞,<Lucky-18->: 不要脸，丑人多作怪,<哈哈小灰灰>: 回复 @张凌烽_ :我知道你心里不是这么想的[嘻嘻][嘻嘻],<影帝张洋>: 回复 @哈哈小灰灰 :我可不帅[偷笑],<Yomico->: 回复 @张凌烽_ :[酷],<哈哈小灰灰>: 回复 @张凌烽_ :没你帅。你眼睛好大。哈哈,<影帝张洋>: 回复 @陈阿信__快到碗里来 :[酷][酷][酷]谢谢,<影帝张洋>: 回复 @elin92 :[偷笑],<影帝张洋>: 回复 @哈哈小灰灰 :一样帅吗[偷笑][偷笑][偷笑],<哈哈小灰灰>: 回复 @张凌烽_ :嗯。说明你演的好。加油啊。另外我妈说你的神态和我有点像[偷笑][偷笑],<elin92>: 你演得不错啊'老三和那彪媳妇真恨人,<鹿畔阳光Cupid>: 向梦想出发，加油！,<影帝张洋>: 回复 @姗姗想吃一乐拉面 :必然不是[嘻嘻],<姗姗想吃一乐拉面>: 只要不是本色出演就好～说明你演技好,<影帝张洋>: 回复 @我爱非鱼 :一定会的[偷笑][偷笑][偷笑],<我爱非鱼>: 蛮少看电视剧 不过这部电视剧拍的很不错 每位演员都演的好。 希望你继续塑造好角色。[鼓掌],<影帝张洋>: 回复 @王紫潼 :等你老头回来聚[偷笑][偷笑][偷笑],<影帝张洋>: 回复 @明哥说你没有好结果 :[嘻嘻],<AAAAAAAAAAAAAAAAAAAAAAAAA1>: 回复 @张凌烽_ :好吧，理解。,<Lurcye>: 贱货，看到你就忍不住来骂你！垃圾,<影帝张洋>: 回复 @鲲鹏啸天0320 :谢谢,<影帝张洋>: 回复 @明哥说你没有好结果 :楚楚姐平时也是个特好的人，有的时候是角色需要，没办法啊[泪][泪][泪],<AAAAAAAAAAAAAAAAAAAAAAAAA1>: 回复 @张凌烽_ :我是可以把你和现实分开但目前不能把章姗姗分开，她经常大叫，导致我现在看这个连续剧她一大叫我就心慌。,<影帝张洋>: 回复 @哈哈小灰灰 :哎，懒得解释了，时间会证明一切[嘻嘻][嘻嘻][嘻嘻],<影帝张洋>: 回复 @我爱非鱼 :[偷笑][偷笑][偷笑][偷笑]谢谢呐,<影帝张洋>: 回复 @豆芽嫩 :谢谢，会继续努力的,<影帝张洋>: 回复 @明哥说你没有好结果 :希望朋友们把现实跟戏分开看[可爱][可爱][可爱],<影帝张洋>: 回复 @此生不弃Fiona :此人比较懒[偷笑],<喵小妖_有吃的就高兴>: 最近围脖怎么都不更新啦[疑问],<AAAAAAAAAAAAAAAAAAAAAAAAA1>: 骂张凌烽的人也算是奇怪吧，，其实那都是需要他演成那个样子的，，最后不也是变了嘛，电视里就是一不懂的孩子。有时候特让人生气，，但是我最恶心的就是那个章珊珊！！！！！！！！！！！！！！！恶心的要死了，,<C曉兎>: 干嘛删我留言啊，看见过丑的没见过嘴巴大成这样恶心成这样的丑男,<红糖蜜柚>: 发现你照片比电视剧好看，，，，电视剧给你的角度那个嘴巴超级大 哎 这个样子和何其这个垃圾相对，演的真不错 哎就是越看越生气,<我爱非鱼>: 大家骂你 说明你演的好。支持你！,<Lurcye>: 回复 @_廖廖廖力彦_ :对，真是太不要脸了，什么不要脸的话都说的出口，真的不想再看到这两人演电视,<哈哈小灰灰>: 为什么下面那么多人骂你[衰][衰][衰],<我爱非鱼>: 这个角色不是很喜欢。。。 但你演的真不错，[赞][赞],<岫飍之偑>: 丑星，看着恶心,<-_-Cc冰>: 你长的可真不耐看'不过演技不错'这角色真适合你。,<DearZzzYD>: 你就是傻B一枚，欠煽[吐]恶心,<Leo_智朵儿>: 何其真把我气着了，真想抽他。那德行！！！[怒],<大鱼余东杰>: 虽说演的好 但你那角色也太不讨人喜欢了,<廖不拖延_>: 回复 @骆小样 :何其和杨林，太恶心了！！！,<廖不拖延_>: 真的不是骂你，真心是你演的何其！！！太恶心了，太极品了，这种人就应该早点死去！！！[弱][弱],<Lurcye>: 看了这么多年没见过这么恶心的人！你要是现实中这样不知道有多少人想抽你,<Lurcye>: 没见过你这么无耻的人，跟那个杨琳真是绝配，宇宙无敌贱,<浮生若梦Co0>: 你演的那老三真是挺厚脸无耻的哈哈。啃老一族。]
hunterqiya	【狗子侃剧】今晚《妯娌的三国时代》将为您播出第5~7集。何家人来到车行买车，最后买了一辆黑色的凯美瑞，冯雪@曾黎 向何平@李崇霄 建议不要把车给老三，到家后何平让何其@张凌烽_  交出车钥匙，何其因为需要钱就只好拿出钥匙……一场“买车风暴”会就此平息吗？请锁定东方卫视梦想剧场，不见不散！ ​​​	[<JC-Pan>: 混蛋老三，妈的，不要脸的混!,<aynur777>: 不要脸 我们80后哪有这样的?怎么能这么演呢? 你好不好意思 啃老.真是丢人.,<KiokoYe>: 哥们儿，看你你演的何其就是一个混蛋真想抽死你！ 哎你真人也这样吗？,<Portishead_Lu>: 老三就是啃老没出息，不然也不会跟他那傻逼媳妇过在一起！一心就想着占别人便宜！唉~现实中要是有这种人才闹心呢！,<影帝张洋>: 回复 @miumiu屈 :[嘻嘻][嘻嘻][嘻嘻],<播音的费费>: 看你的角色真想抽你和你那脑残媳妇！生活中怎么能有这样的窝囊儿子！,<miumiu屈>: 何其那个窝囊样被你演的挺招人恨的，您是练混的！[吃惊]不过看了你的微博觉得你是个非常开心没什么心眼的人。希望你越来越好！,<小女砸>: 好想给你一个耳光，还有你媳妇。、,<Lucky-18->: 天呐，以前也没看过你的戏，但看了「妯娌」就再也不想看你演的戏了！,<智多猫>: 真想一个大嘴巴子扇过去拍死你[哈哈][哈哈][哈哈] 别怪观众情绪激动哈 只怪小伙儿演技太好[偷笑] 加油[做鬼脸],<花夭月半>: 估计你现实生活中也这样吧，要不然演不出来。,<微风吹过的瞬间2>: 何其要是我弟弟，我一巴掌扇死他，演的不错,<影帝张洋>: 回复 @Miss_张张 :谢谢,<Miss_张张>: 气的我牙痒痒，只能说一句，演技不错，实力派！,<影帝张洋>: 回复 @不被生活招安的小公主 :[嘻嘻][嘻嘻][嘻嘻]谢谢呐[嘻嘻][嘻嘻][嘻嘻]一定继续努力[嘻嘻][嘻嘻][嘻嘻],<小公举也是小公主哦>: 哈哈，我觉得你肯定是个孝顺的好孩子，因为感觉剧中，老三和妈妈撒娇的情景真的好可爱阿，逼真又不失自然。看到那么多人对剧中老三的＂埋怨＂，也只能说明你这个角色演绎的太到位了。我觉得你的演技真的很棒，对演技不对角色，我真的蛮喜欢老三的[哈哈],<鹿畔阳光Cupid>: 回复 @张凌烽_ :那么晚还没睡啊？,<璐哥sweet>: 回覆 @张凌烽_ :[撒花][偷笑],<影帝张洋>: 回复 @Angela_姜晓璐 :[偷笑]安安[偷笑][偷笑],<璐哥sweet>: 回覆 @张凌烽_ :哈哈 还没睡啊 早点休息晚安[mk拜年],<影帝张洋>: 回复 @甜妞颖儿 :[偷笑][偷笑][偷笑]谢谢了，一定继续努力[偷笑][偷笑][偷笑],<影帝张洋>: 回复 @Angela_姜晓璐 :[偷笑][偷笑][偷笑]谢谢[偷笑][偷笑][偷笑]会努力的[偷笑][偷笑][偷笑],<璐哥sweet>: 这两天一直在看电视剧 开始觉得何其挺不懂事的 后来越看越喜欢 也喜欢你本人啊哈哈加油加油 就是开始微薄没找到你 后来才看到叫这个名嘻嘻[愛你][愛你],<甜妞颖儿>: 找张洋的微博怎么也找不到，总算找到了，没发现你这么帅呀！演的不错，气的我，一天看完36集！,<给给007>: 不行我还是快气死了，还有你那媳妇儿！',<咱拼不了爹_咱拼命>: 本色演出,<山竹小魔女>: 看见就想抽你！！剧里你嘴怎么长那样啊！！！丑,<WAN9J1E_>: 这个角色看的我跟我妈牙痒痒~都想砸电视机了！！！,<影帝张洋>: 回复 @夏威夷的夏寂 :真爱的角色跟这个不一样吧[酷],<影帝张洋>: 回复 @夏威夷的夏寂 :[偷笑],<影帝张洋>: 回复 @Katharine婷要瘦瘦瘦 :谢谢了，会继续努力的[偷笑][偷笑][偷笑],<影帝张洋>: 回复 @薇子二 :[偷笑][偷笑][偷笑]谢谢,<Leo_智朵儿>: 回复 @张三7942 :看了确实生气！这俩人！,<V_婶儿>: 演的挺好，[鼓掌][奥特曼],<天使般的女人FF>: 看见你我怎么那么想抽你阿？没出息[鄙视]。怂样。[鄙视][鄙视][抓狂][抓狂][抓狂][抓狂],<Katharine婷luckystar>: 今天看到17集，发现老三成熟了！看着舒畅多了，哈哈哈，继续支持！[抱抱],<花夭月半>: 哎呀，你和你那贱货媳妇怎么不去屎啊，这电视看的，想气死一堆观众吧。,<Kaia____>: 回复 @夏威夷的夏寂 :我只是对剧中角色 不对演员。。。。。。,<夏威夷的夏寂>: 你演电影《真爱至上》就这样,<夏威夷的夏寂>: 回复 @张三7942 :我也想放弃呢,<夏威夷的夏寂>: 回复 @kiko-3- :[good],<Kaia____>: 你怎么那么混蛋阿,<张三7942>: 因为老三和小三我放弃看这部剧,<柒暖微笑orvR>: 演的真像现实生活里的有些人，加油！[笑哈哈],<V__Hedgehog>: 回复 @张凌烽_ :哈哈。下次想尝试什么角色呢,<开路虎的傻人>: 你演的好欠抽阿 演技不错 ,<素颜喵_sunny>: 真心说你演的真不错 真的气的我直发抖 现实中真要有这种人 无非骂死他不可 [抓狂][抓狂],<稳稳地幸福-二宝>: 看箭在弦上的时候看到过你，何其，演得真不错，何其一出来，我看到就想抽死他，你演得不错，希望以后你有更优秀的作品,<影帝张洋>: 回复 @没有蜂蜜的维尼Tang :[挖鼻屎][挖鼻屎][挖鼻屎]不好形容[偷笑][偷笑][偷笑],<我只喜欢纯牛奶>: o∩_∩o演的很好…加油喔,<V__Hedgehog>: 不知道你演时是怎样的一种心情,<拿手机的小龙>: 哎，，看的都牙痒痒的。。[泪],<影帝张洋>: 回复 @我是一颗好丸子 :[偷笑][偷笑][偷笑][偷笑],<神笔家的丸子>: 洋哥！一晚上看了七集'演得很到位！不孬,<张奕晨叫asion>: 回复 @张凌烽_ :演得不错，挺让人讨厌的，加油[偷笑],<Ceci悦>: 你演的真是让人讨厌要四,<叶子YeZ_>: 你演的真是太好了！我一瞅见你，就想抽死你！而且你演的真像，像的呀...我想再抽你死一回！,<影帝张洋>: 回复 @假面的金小亨 :嗯，改天去买份保险去[偷笑][偷笑][偷笑]]
hunterqiya	【狗子侃剧】今晚《妯娌的三国时代》将为您播出第5~7集。何家人来到车行买车，最后买了一辆黑色的凯美瑞，冯雪@曾黎 向何平@李崇霄 建议不要把车给老三，到家后何平让何其@张凌烽_  交出车钥匙，何其因为需要钱就只好拿出钥匙……一场“买车风暴”会就此平息吗？请锁定东方卫视梦想剧场，不见不散！ ​​​	[<Daiwei老陈>: 回复 @张凌烽_ : 我知道不是你想的词，但东方卫视在这里应该看到我的意见。对不起了！,<黄瓜在狂奔>: 回复 @张凌烽_ :好吧，确实是在夸你[嘻嘻],<影帝张洋>: 回复 @魂淡疯青 :[偷笑]当你夸我了[偷笑][偷笑][偷笑],<影帝张洋>: 回复 @Daiweis651 :[偷笑][偷笑][偷笑]这词不是我想的啊[偷笑][偷笑][偷笑],<Daiwei老陈>: 你原来就是演那个混小子老三的，演的不错。相信你生活中不是这样的。不过我对宣传该剧的一句“家庭版的甄嬛传”的广告词很不满，反而在降低该剧的身份。,<YYYuu__>: 为什么看到剧中的你，向两个嫂子眼睛都要蹬出来了！特讨厌啊！犯混！虽然那是系，看得我牙痒痒,<黄瓜在狂奔>: 演的真恨人,<影帝张洋>: 回复 @高福萍 :[偷笑][偷笑][偷笑]谢谢了，一定努力[偷笑][偷笑][偷笑],<歌王子的妈>: 回复 @张凌烽_ :不客气， @llz-l   @Julia徐丽燕   @晶晶from七一酱园   @blue小小蓝   @倩无名  你们也要支持张洋啊，演的特好[good]漂亮妈~[偷笑][偷笑][偷笑],<歌王子的妈>: 回复 @张凌烽_ :我婆婆也是你粉丝呢，每晚都要看，东方卫视—妯娌的三国时代灰常灰常好看，强力推荐！你们也要支持何老三啊！[good] @倩无名   @blue小小蓝   @梓岚   @cherrywu7   @帆黎翻番   @焕然个小杂碎   @Jenny-仔妈咪   @晶晶from七一酱园   @Julia徐丽燕   @llz-l,<影帝张洋>: 回复 @kimoon- :[挖鼻屎][挖鼻屎][挖鼻屎][挖鼻屎],<金哥Kimoon>: 我也看了啦。太棒了太棒了！[馋嘴]正在看,<影帝张洋>: 回复 @高福萍 :[偷笑][偷笑][偷笑]谢谢小姨[偷笑][偷笑][偷笑],<歌王子的妈>: 演的老好了呢！有的人还演不出这个样子呢！小姨永远支持你[good][good][good],<影帝张洋>: 回复 @Nichkhun_Olivia :[偷笑][偷笑][偷笑]谢谢呐[偷笑][偷笑][偷笑],<Nichkhun_Olivia>: 演的真让人抓狂！发毛！有水平！！,<影帝张洋>: 回复 @周小猴子 :[偷笑][偷笑][偷笑]我就当是夸我吧[偷笑][偷笑][偷笑],<周小猴几>: 你演的真好，看的我我想揍老三，牙痒痒哈哈哈,<给给007>: 回复 @张凌烽_ :[ok][ok],<影帝张洋>: 回复 @你的发型略显犀利中分还带着波浪 :[偷笑][偷笑][偷笑]谢谢那，请多多支持，我会努力的[嘻嘻][嘻嘻][嘻嘻]]
hunterqiya	该工作了。。。 我在这里:济南·经四路万达广场 ​​​	[<安之郭>: 大半夜的在看你们的宅男星球。。。不光帅演技真心不错[给力],<赛赛hsndnd>: 恶心的彪男人,<丁不二的小西瓜->: 好可爱，加油,<影帝张洋>: 回复 @蝶DIER :是的,<影帝张洋>: 回复 @经纪人赵镇超 :[嘻嘻],<经纪人赵镇超>: 又一个山东演员！加油啊！期待有机会合作啊！！,<疯了段七>: 加你关注了，三儿~ 我发现你细节处理的挺好，特别是眼神和表情的，中间瑕疵比较少，聪明的演员 哈哈,<影帝张洋>: 回复 @疯了段七 :[嘻嘻][嘻嘻][嘻嘻],<疯了段七>: 回复 @张凌烽_ :别介，我正在看呢，哈哈。,<影帝张洋>: 回复 @疯了段七 :[偷笑][偷笑][偷笑]谢谢呐[嘻嘻][嘻嘻][嘻嘻],<疯了段七>: 回复 @张凌烽_ :是因为我也喜欢你的表演[酷][酷],<影帝张洋>: 回复 @疯了段七 :[偷笑]太喜欢你说话的风格了[偷笑][偷笑][偷笑],<疯了段七>: 回复 @张凌烽_ :被骂的是角色但称赞的是演员，能让坏角真令人怀恨的演员都是好演员[good],<影帝张洋>: 回复 @蝶DIER :[嘻嘻][嘻嘻][嘻嘻],<影帝张洋>: 回复 @疯了段七 :谢谢[嘻嘻][嘻嘻]以为角色比较坏，容易被骂[嘻嘻],<疯了段七>: 你一说话就觉得你和有一个我特别喜欢的男演员很像 ,<疯了段七>: 台词很不错  出境这两集少了点但是表情很到位  继续关注[haha],<dddie_>: 回复 @张凌烽_ :怎么 名字有两个 [思考][思考],<影帝张洋>: 回复 @经超经超 :好眼力[偷笑][偷笑][偷笑],<影帝张洋>: 回复 @蝶DIER :是的[偷笑]]
hunterqiya	是太久没出工了吗[晕][晕][晕]好累[衰][衰][衰] ​​​	[<阿lui求逆袭>: 今天看了妯娌的大结局，最后你哭着求大嫂的那一段，看着各种泪奔啊！！！,<吳昊澤陝西後援會會長>: 回复 @张凌烽_ :你和吴帅合作肯定有意外惊喜。期待期待～^O^一剧让你俩红到全世界的每个角落！[威武][威武][奥特曼][奥特曼],<尹君->: 略带那么点点的小疲惫~,<葡萄努力变学霸>: [哈哈]这一张好,<LQ刘伊俊>: 看着精神的,<llllzzzzxxxxd>: 回复 @张凌烽_ :有有有[嘻嘻][哈哈],<影帝张洋>: 回复 @天使也会哭MUMU :有吗？？？[嘻嘻][嘻嘻][嘻嘻],<影帝张洋>: 回复 @吳昊澤陝西後援會 :[嘻嘻][嘻嘻][嘻嘻]谢谢[嘻嘻][嘻嘻][嘻嘻],<影帝张洋>: 回复 @三木三木三三木 :木有，收了[嘻嘻][嘻嘻][嘻嘻],<影帝张洋>: 回复 @胡蓉姐姐- :[泪][泪][泪],<吳昊澤陝西後援會會長>: 回复 @张凌烽_ :期待新作品，以后就看你们演的戏！[威武],<llllzzzzxxxxd>: 又帅了呀[嘻嘻],<芝士别三日>: 是出工太久了吗？,<三木三木三三木>: 回复 @张凌烽_ :难道大夜~,<影帝张洋>: 回复 @吳昊澤陝西後援會 :所以不想闲着啊[嘻嘻],<影帝张洋>: 回复 @三木三木三三木 :[泪][泪][泪]歇不了啊[泪][泪][泪],<影帝张洋>: 回复 @奔涌的西瓜 :谢谢[嘻嘻],<三木三木三三木>: 快休息会,<哎前面那个胖子>: 今晚妯娌大结局。演技受到我老妈表演！good!]
hunterqiya	终于开饭啦[酷][酷][酷]@制片人冯莉文 @张凌烽_ @phoenix-涅槃 ​​​	[<影帝张洋>: 回复 @鱼和飞鸟echoli :呃。。。你这么说，我都不知道该不该高兴啦[挖鼻屎][挖鼻屎][挖鼻屎][挖鼻屎][泪][泪][泪][泪][泪],<影帝张洋>: 回复 @鱼和飞鸟echoli :[偷笑][偷笑][偷笑]这句我爱听[偷笑][偷笑][偷笑],<今天壹心狗带了吗-没有>: 回复 @张凌烽_ :太客气了[偷笑],<影帝张洋>: 回复 @吴昊泽黑龙江后援会 :[嘻嘻]谢谢,<今天壹心狗带了吗-没有>: 回复 @张凌烽_ :嗯  等着[奥特曼],<影帝张洋>: 回复 @吴昊泽黑龙江后援会 :没定那，暂时保密[嘻嘻][嘻嘻][嘻嘻],<Aries筱逗比>: [右哼哼],<今天壹心狗带了吗-没有>: 回复 @张凌烽_ :你们要拍什么戏啊，透露下呵[嘻嘻]]
hunterqiya	[泪][泪][泪][泪][泪]你妹的，这是要背到什么地步，夜考。如此大的几率都能被抽中，拿个驾照这么难吗[衰][衰][衰][衰][衰] ​​​	[<影帝张洋>: 回复 @帆小米Yang :[嘻嘻][嘻嘻][嘻嘻]谢谢你,<帆小米yang>: 在看你演的老三，台词真溜，山东人顶[嘻嘻],<_欣小xin>: 啊啊啊啊啊~咋不关注我啦~！~~~~！！！~,<改了名字你们就认不识我>: 实在觉得你象南京的小杆子[偷笑],<影帝张洋>: 回复 @熊猫小姐45 :[悲伤][悲伤][悲伤]出门会不会被打啊[委屈][委屈][委屈][委屈],<影帝张洋>: 回复 @许少扑-梦武联盟 :东方时尚[嘻嘻],<_panda熊小熊>: 你演的那个老三，太到位了，看了都想抽他。,<许少扑-梦武联盟>: 回复 @张凌烽_ :远航，你呢？,<孟醒bear>: 回复 @张凌烽_ :[嘻嘻][嘻嘻][嘻嘻]]
hunterqiya	抱歉，此微博已被作者删除。查看帮助：http://t.cn/Rfd3rQV	[<James_Miranda>: 回复 @张凌烽_ :哈哈哈'快点关注我大明星！[哈哈],<影帝张洋>: 回复 @James_Miranda :发的照片都是合照我都不知道哪个是哪个…………,<影帝张洋>: 回复 @James_Miranda :………………[汗][汗][汗][汗]你们两口子故意的吧…………[汗][汗][汗][汗],<James_Miranda>: 你怎么关注我老婆不关注我[怒],<OOoMiranda_James>: 回复 @张凌烽_ :好的[ok],<影帝张洋>: 回复 @Miranda_James :好的啊，提前来信哈[嘻嘻],<OOoMiranda_James>: 回复 @张凌烽_ :那我们去北京的时候找你耍啊,<影帝张洋>: 回复 @Miranda_James :是的…………回了,<影帝张洋>: 回复 @gogoawoking :谢谢…………会努力的[嘻嘻],<OOoMiranda_James>: 回复 @张凌烽_ :[哈哈][哈哈][哈哈][哈哈]哈哈回北京了？]
hunterqiya	杀青后的第一天……有点想念干活的时候…………[挖鼻屎][挖鼻屎][挖鼻屎]求继续开工被虐…………[抓狂][抓狂][抓狂] ​​​	[<罗漩>: 回复 @张凌烽_ :真心滴...想大家,<影帝张洋>: 回复 @尹君- :那个片子就是演着玩的,<尹君->: 回复 @张凌烽_ :这个我听说过呀。你那个男左女右，上次好像没演的完吧，我这有大半年没看了。,<LQ刘伊俊>: 回复 @张凌烽_ :哇哈哈重口味,<影帝张洋>: 回复 @尹君- :得明年了吧，今年十一月我另外一部戏上，叫妯娌的三国时代,<尹君->: 回复 @张凌烽_ :么时候可以看？,<影帝张洋>: 回复 @罗漩 :漩大腕太会聊天了[嘻嘻][嘻嘻][嘻嘻],<影帝张洋>: 回复 @尹君- :恋爱的那点事,<影帝张洋>: 回复 @BeTsyyyyyy_王楚婷 :欧了[ok][嘻嘻],<影帝张洋>: 回复 @夏天的夏天 :谢谢[嘻嘻][嘻嘻]会的]
hunterqiya	那个谁，别老说自己老，在我心目中呐，有三个女人永远不会老，一个是我妈，一个是赵雅芝，还有一个，就是姐姐你[嘻嘻][嘻嘻][嘻嘻]@薛佳凝 ​​​	[<王诗淇_>: 回复 @制片人冯莉文 :姐，他这是拍马屁没拍到正地方，跑偏啦！[偷笑][偷笑][偷笑][偷笑],<制片人冯莉文>: 回复 @张凌烽_ :你得叫我阿姨，别叫我姐,<李佳璇微博>: You屎定了！,<影帝张洋>: 回复 @制片人冯莉文 :………………[汗]姐……啊………………,<影帝张洋>: 回复 @李佳璇微博 :………………[汗][汗][汗][汗],<制片人冯莉文>: 丫马屁拍得有点水平不？？？,<李佳璇微博>: 你丫得罪了一群人！小心点！ @制片人冯莉文,<私语柠檬>: [给力],<穿越虚渺>: [哈哈]不老[亲一口]// @薛佳凝 : 哈哈…这比喻用的…[酷]我说的老仅限于和你比…,<路人甲路人乙LS>: 你是哈妹，还是哈妹姐姐哟,<哈喽_牛牛___>: 这么打比方，确实不合适，把薛佳凝和他妈妈、赵雅芝并列来说，好像说佳凝是和她二位同一个年龄段的。,<薛佳凝>: 哈哈…这比喻用的…[酷]我说的老仅限于和你比…,<菲小蝶儿>: 应该是老婆。。。。不然老婆都排第四了。。。。,<何雨檬kiko>: 我呢 你干妈呢,<薛佳凝北方后援会>: 谢谢对凝姐的赞赏！在柠檬眼里凝姐永远是最年轻的！[爱你] @薛佳凝,<Super柠檬橙>: [嘻嘻]表白？,<侯水水水>:   @薛佳凝   快来！,<空姐空少们>: 回复 @潇洒生活zk :他表白了，王诗琪怎么办[偷笑],<渣康1953>: 这是表白吗[酷]]
hunterqiya	…………我是新郎…………[泪]怎么穿上这衣服感觉像个服务生…………[泪][泪][泪][泪][泪] ​​​	[<王嫦>: 哎呦，小伙儿不赖啊[哈哈],<尹君->: 服务生，来给我开瓶酒。[偷笑],<影帝张洋>: 回复 @杨子涵Isabella :帮我谢谢妈，今天丫丫姐过生日，等方便了给你要吧,<影帝张洋>: 回复 @郭振迦 :又一个说风凉话的…………,<郭振迦>: 服务员给我拿杯冰水,<IAM-GONE>: 咱妈说很好看[偷笑],<抠脚之后塞嘴的猥琐大叔>: 回复 @刘婧 :0点～～～,<抠脚之后塞嘴的猥琐大叔>: 问问有没有可乐？没有的话冰锐也可以～,<抠脚之后塞嘴的猥琐大叔>: 回复 @张凌烽_ :互粉互粉～[互粉][互粉][互粉][互粉][互粉]么西么西～,<抠脚之后塞嘴的猥琐大叔>: 回复 @张凌烽_ :[可怜][可怜][可怜]我要当新娘～不过～不是你的新娘嘞。。。[嘘][挖鼻屎][偷笑][挖鼻屎][挖鼻屎][挖鼻屎]]
hunterqiya	同志们我正式宣布改名了，以后叫我张凌烽[嘻嘻][嘻嘻][嘻嘻][嘻嘻][嘻嘻] ​​​	[<包小兔子吧>: 哇 小白脸要重新做银 改名换姓拉[亲亲],<经超经超>: 给烽哥请安[偷笑],<圆滚滚的小梅子特能睡觉>: 回复 @张凌烽_ :[害羞],<燕妮Nina>: 回复 @张凌烽_ :嗯，说不上来！你是不是瘦了很多！,<伍麟凱Jonathan>: 回复 @张凌烽_ :靠。。。。。。,<影帝张洋>: 回复 @伍冠峯 :[汗]就像你林凯的名头是任何照片盖不过的…………,<影帝张洋>: 回复 @燕妮Nina :………………怎么变样了啊？,<影帝张洋>: 回复 @后知后觉梅梅子 :谢谢[嘻嘻],<LQ刘伊俊>: 名字在户口本上可以经常改吗,<燕妮Nina>: 这是要火吗？？[偷笑][偷笑]话说，你怎么变样了！,<圆滚滚的小梅子特能睡觉>: 这名字必火~,<影帝张洋>: 回复 @王璐diana :………………,<伍麟凱Jonathan>: 回复 @张凌烽_ :照片把风头都盖了！,<影帝张洋>: 回复 @伍冠峯 :重点是名字……,<曾一萱>: 好难适应阿！现在都流行改名！,<王璐Diana>: 让我先适应会•••,<龙女XX下凡>: 霸气了昂[小嘴],<影帝张洋>: 回复 @于新博 :滚蛋吧,<影帝张洋>: 回复 @王萌黎 :欧了，回来聚吧]
hunterqiya	噩梦…吓醒了，很多年没有过这样的经历了……“如果你受到伤害，我愿意做图中挺身而出的小熊，但小熊还不够强，如果战胜不了恶魔，那你依然会受伤害。我突然深刻的意识到，是我该变强，只有强到足以战胜一切，那我才能真正的保护你。怕你受伤，该改变的是我，不是你。给我点时间变强，强到足以保护你” ​​​	[<熟识的快乐>: 帅哥，和丫丫一起拍戏吧~嘿嘿,<薛佳凝北方后援会>: 祝福你和凝姐合作愉快！[哈哈][心],<凝望佳人--薛佳凝影迷会>: 回复 @张洋hunter :[心]柠檬们，佳凝下部戏出炉喽~~！人物介绍请戳薛佳凝吧！,<凝望佳人--薛佳凝影迷会>: 回复 @张洋hunter :嘿嘿...那你们什么时候进组啊？佳凝上部戏刚昨天杀青。能透露吗？,<影帝张洋>: 回复 @凝望佳人--薛佳凝影迷会 :恩，那必须的，我有的学呐……[嘻嘻],<凝望佳人--薛佳凝影迷会>: 回复 @张洋hunter :太感谢你啦...关注关注你哦，你们要合作愉快哦。凝妞绝对是很好的大姐姐哦[心],<影帝张洋>: 回复 @凝望佳人--薛佳凝影迷会 :[可爱][可爱][可爱]恩呐…………,<凝望佳人--薛佳凝影迷会>: 帅哥，我跑来就是问你，你参演《恋爱的那点事儿》吗？跟咱凝搭档？[cai开心],<左海容HR>: 最近一段时间注意些！嗡嘛咪吧咪哞]
hunterqiya	突然发现我的生活状态需要改变了，为什么最近我这么靠谱一人，老是做一些不靠谱的事呐……机会是留给有准备，肯努力的人的张洋，只想不做那只是想…………自己反省去吧，你自己作的，你个2货…………[泪][泪][泪][泪][泪][泪][泪][泪][泪] ​​​	[<影帝张洋>: 回复 @王璐diana :没怎么，反省错误，面壁思过呐………………[泪][泪][泪],<王璐Diana>: 哥哥怎么啦？,<左海容HR>: 回复 @张洋hunter :跟你媳妇工作,<影帝张洋>: 回复 @MR左海容 :你看我现在干嘛呐…………[汗][汗][汗],<左海容HR>: 回复 @张洋hunter :呵呵，我的戏往后推了一个月，哎，洋爷给找个活啊？,<影帝张洋>: 回复 @MR左海容 :没啥事，最近有点散漫，该收心了，各种的事，因为自己的原因没处理好。,<王诗淇_>: 善良的人一定會有好運的！算啦算啦，開開心心的迎接下一個機會，有失必有得嘛，會好的！[爱你][爱你],<影帝张洋>: 回复 @張恆羽 :………………[汗][汗][汗][汗]你确定？…………[汗][汗][汗][汗],<影帝张洋>: 回复 @张乃鸥 :………………好吧，你真是开玩笑不怕事大的货…………[汗][汗][汗],<左海容HR>: 二货，你又办啥扯淡事儿了？]
hunterqiya	“杀青”两个字对于演员来说意味着什么？不知道，说不清…………因为它带来带有的都太多，现在的我终要回到那个承载了我梦想与奋斗的城市，迎接下一个挑战——北京，等我……@制片人冯莉文 @王子睿blog @何明翰 @经超经超 @潘之琳 @张娜622 @王帥王帅  箭在弦上的中的姐妹们，等你们凯旋[嘻嘻][酷] ​​​	[<影帝张洋>: 回复 @王雅静宝贝 :谢谢[嘻嘻],<影帝张洋>: 回复 @经超经超 :等你，组织委员,<影帝张洋>: 回复 @王子睿blog :你慢慢玩吧[哈哈][哈哈][哈哈],<影帝张洋>: 回复 @王帥王帅 :欧了,<周帅的部落>: 给力！加油！,<许少扑-梦武联盟>: 北京欢迎你,<小倩--美人鱼>: 这就要杀青了~~~终于可以休息休息了~~~,<潘之琳>: 必须滴 很快就再见[鼓掌],<王雅静宝贝>: 加油喔~[爱你],<经超经超>: 北京！马上！]
hunterqiya	元宵节快乐……[泪]开工的人伤不起……[泪] ​​​	[<影帝张洋>: 回复 @肖光奕 :开心哈哥，元宵节快乐,<影帝张洋>: 回复 @新月如J :谢谢[嘻嘻],<张恒羽>: 回复 @张洋hunter :好啊，好啊[鼓掌],<影帝张洋>: 回复 @fox不是Fox張恆羽 :[嘻嘻][嘻嘻][嘻嘻]你也是，小妮子[嘻嘻][嘻嘻]回北京聚哈[嘻嘻][嘻嘻],<影帝张洋>: 回复 @牙殇__孟庆超 :可别超哥…………,<影帝张洋>: 回复 @刘婧 :[泪][泪][泪]哎[泪][泪][泪],<刘婧>: 同开工。。。 而且从早到晚。。 14场。。,<孟岛煮>: 洋子 帅 [哈哈],<肖光奕>: [吃汤圆]加油弟弟,<新月如J>: 元宵节快乐！]
hunterqiya	新年第二天……雪景工作种[泪][泪][泪] ​​​	[<无敌蔡先森>: 同命相连……[泪][泪]我这是河堤，全是土吃一嘴沙子,<王诗淇_>: 回复 @张洋hunter :你说呢？,<影帝张洋>: 回复 @王诗淇_丫头 :我还是你啊[太开心],<王诗淇_>: 回复 @张洋hunter :[猪头],<影帝张洋>: 回复 @罗漩 :必须必啊…………加油……雄起[嘻嘻],<影帝张洋>: 回复 @王诗淇_丫头 :…………我听话删掉了…………[泪],<王诗淇_>: [哼][哼][哼][哼][哼],<丁圣YURI>: 回复 @张洋hunter :我们这附近水果摊都是美女[挖鼻屎],<罗漩>: 新年一起进步噢！！洋洋,<丁圣YURI>: 回复 @张洋hunter :我们这起码没雪。。天气可好呢 吃得又好，住的又好，舒坦]
hunterqiya	传说中的德艺堡…………[酷][酷][酷] ​​​	[<IAM-GONE>: 回复 @张洋hunter : 就這個這個[哈哈],<影帝张洋>: 回复 @杨子涵Isabella :………………[汗]哪个啊……,<IAM-GONE>: 回复 @张洋hunter : 我說錯了[偷笑]沒換沒換 一直就是這個[偷笑],<影帝张洋>: 回复 @杨子涵Isabella :………………[汗]死去……,<潘之琳>: 回复 @张洋hunter :哪回不是你吃的 也不见好~快洗洗睡吧,<IAM-GONE>: 你又換了？[吃惊][吃惊][吃惊][吃惊][吃惊],<影帝张洋>: 回复 @潘之琳 :…………[挖鼻屎][挖鼻屎]好的，头儿。你那份我帮你一起吃了吧……,<影帝张洋>: 回复 @王蕴凡Ares :你来横店就晓得了[嘻嘻][嘻嘻][嘻嘻],<王蕴凡_Ivan>: 是山寨么？[挖鼻屎][挖鼻屎],<潘之琳>: 回复 @张洋hunter :你还得继续吃药 别停了[失望]]
hunterqiya	剪了个头……年轻了[哈哈][哈哈][哈哈] ​​​	[<影帝张洋>: 回复  @王萌黎 :便宜你了……[嘻嘻][嘻嘻][嘻嘻]要否,<种丹妮>: 回复  @张洋hunter :这还用问吗[胜利],<影帝张洋>: 回复  @种丹妮 :一如既往的怎么了？[汗],<影帝张洋>: 回复  @伍冠峯 :必须神经百倍……[嘻嘻][嘻嘻],<影帝张洋>: 回复  @小晓Leah :是啊……呵呵，是你菜不？？,<影帝张洋>: 回复  @在儿的斗侍从_ :………………[嘻嘻][嘻嘻],<种丹妮>: 一如既往的。。。。。。,<伍麟凱Jonathan>: 瞬间精神百倍！,<小小Lee_>: 幼齿[右哼哼]]
hunterqiya	爱睡觉的人，真的该好好看看！！ ​​​	[<李信睿>: 回复 @张洋hunter :少来人家可是正经人呢,<影帝张洋>: 回复  @演员李小龙 :………………[汗][汗][汗]我又不是你…………,<李信睿>: 回复 @张洋hunter :哈哈这么晚你还睡觉！~~~你是不是又聊小姑娘呢,<影帝张洋>: 回复  @演员李小龙 :………………[挖鼻屎][挖鼻屎][挖鼻屎]你这话说的……我很纠结啊…………,<李信睿>: 回复 @张洋hunter :咱俩是不是没缘分]
hunterqiya	突然间总结出一条规律来……之所以电影里的坏人都赢不了，是因为他们的话太多…………[汗][汗][汗] ​​​	[<影帝张洋>: 回复  @MR左海容 :我演的是好人…………[汗][汗][汗],<左海容HR>: 你又受刺激了吧？？？,<影帝张洋>: 回复  @肖光奕 :是吧…………[哈哈][哈哈]下回演坏蛋，不说话了直接干,<影帝张洋>: 回复  @朱志涛_易铭 :………………[汗][汗][汗]呃,<朱志涛_易铭>: 本来就得被打死 再不让说话 那不成了群众了么！]
hunterqiya	想不到巨蟹座在2012挺好的！嗯，巨蟹们开心一下吧！ ​​​	[<影帝张洋>: 回复  @恶魔樱桃summer :[泪][泪][泪][泪][泪][泪][泪][泪][泪][泪][泪],<恶魔樱桃summer>: 回复 @张洋hunter :所以 大概也只能是戏拍完 自己一个人的时候偶尔想想家吧,<影帝张洋>: 回复  @恶魔樱桃summer :有事干是幸福的[嘻嘻],<恶魔樱桃summer>: 回复 @张洋hunter :我准备明天蒸个螃蟹吃 你就是想宅想恋家都很困难吧  拍戏那么辛苦 总是在外面,<影帝张洋>: 回复  @恶魔樱桃summer :我是不太宅，不怎么恋家的螃蟹…………]
hunterqiya	@王子睿blog 第一次跟你搭戏就把我弄破相了，你丫下手够狠的呀………… ​​​	[<影帝张洋>: 回复  @李正朵朵 :帅的 是他，我可不是…………[汗],<闫贱贱想家了_>: 回复 @张洋hunter :[好得意][好得意][坏笑],<影帝张洋>: 回复  @朱志涛_易铭 :我猜也是,<影帝张洋>: 回复  @在儿的斗侍从_ :………………[汗],<影帝张洋>: 回复  @刘小龙i加菲 :没啥大事，放心,<朱志涛_易铭>: 他嫉妒你，明显故意的！！！,<仲舒062608>: 这么惨？严重吗？,<闫贱贱想家了_>: 你也给他整破相~ 你俩好凑一对儿~ 哈哈~,<伍麟凱Jonathan>: 哈哈哈哈！！！哈哈哈哈！,<王子睿blog>: 转发此微博:没办法，谁要你长那么帅啊！]
hunterqiya	呃……我脖子上的是腰带[汗] ​​​	[<影帝张洋>: 回复  @伍冠峯 :难得有句好话那[哈哈],<伍麟凱Jonathan>: 哈哈！瘦了！,<潘之琳>: 回复  @张洋hunter :[晕][汗][偷笑],<仲舒062608>: 回复  @张洋hunter :演坏人才练演技。尤其是双面人。。,<影帝张洋>: 回复  @李佳璇tt :…………呵呵，人家哪有那么老啊…………,<影帝张洋>: 回复  @刘小龙i加菲 :…………是啊…………大汉奸。。。,<影帝张洋>: 回复  @潘之琳 :………………那我真的是嘞死都值了[哈哈],<潘之琳>: 貌似是我的那条...,<仲舒062608>: 这又是演的奸细吗？,<陳惠Icy>: 真的假的]
hunterqiya	大家猜……我这是肿么了…………[衰] ​​​	[<Lolita杜喵喵>: 回复 @张洋hunter :看把你吓的,<影帝张洋>: 回复  @LolitaDou杜喵喵 :…………[衰]好啊…………,<影帝张洋>: 回复  @许少扑-酷武演出团 :被日本人…………,<影帝张洋>: 回复  @潘之琳 :[挖鼻屎]………………你收了。？,<许少扑-梦武联盟>: 影帝，你这是被谁揍啦？,<Lolita杜喵喵>: 我来给你包扎,<潘之琳>: 回复  @张洋hunter :..就这样惨办了[衰],<闫贱贱想家了_>: 被共产党抓了...小命不保啊~,<新月如J>: 回复 @张洋hunter :[偷笑]那……叛变了没？,<影帝张洋>: 回复  @愿随美华妃_新月不相离 :差不多……[哈哈]]
hunterqiya	虽然卖萌很可耻，可我就是卖了，怎么地吧…………[哈哈][哈哈][哈哈] ​​​	[<lulitown>: 萌死人不偿命啊,<李信睿>: 回复  @张洋hunter :你这照片多给力啊,<恶魔樱桃summer>: 回复  @张洋hunter :哈哈，小编那么善良，放过你啦！私信给你么？,<影帝张洋>: 回复  @姚小夏 :[挖鼻屎][挖鼻屎][挖鼻屎]哎，师妹得教育啊…………,<影帝张洋>: 回复  @恶魔樱桃summer :好吧…………[馋嘴]回来请，有空记得给我发哈…………[哈哈],<姚小夏>: 回复  @张洋hunter :[坏笑][坏笑][坏笑]看我邪恶得表情！你应该果断学一个这个表情！,<恶魔樱桃summer>: 回复  @张洋hunter :哼哼，小奥奥，不乖了是吧？嗯？[挖鼻屎],<影帝张洋>: 回复  @恶魔樱桃summer :………………[泪][泪][泪][泪][泪]最贵的方便面好吧…………[嘻嘻][嘻嘻][嘻嘻][嘻嘻],<恶魔樱桃summer>: 回复  @张洋hunter :老娘看上去有那么老么！呃，嗯，咳咳，[害羞]行吧，我要吃最贵的！,<影帝张洋>: 回复  @恶魔樱桃summer :………………[泪]别啊…………[泪][泪][泪][泪][泪][泪][泪][泪][泪][泪][泪][泪][泪][泪][泪][泪][泪],<影帝张洋>: 回复  @恶魔樱桃summer :…………[可爱]小编姐姐…………剧照有空给我一份呗…………[委屈]回去请你吃好吃的……[可怜],<恶魔樱桃summer>: 回复  @张洋hunter :萌，你最萌。明天去官网发两张你萌的剧照给大家，满意不？,<影帝张洋>: 回复  @曲虎Yahoo :………………[汗][汗][汗],<影帝张洋>: 回复  @演员李小龙 :…………[怒]死去吧…………,<影帝张洋>: 回复  @張-浵浵wooyoung :是吧…………呵呵,<影帝张洋>: 回复  @姚小夏 :………………没大没小是吧…………,<影帝张洋>: 回复  @恶魔樱桃summer :[委屈][委屈][委屈]人家本来就萌啊…………[委屈],<影帝张洋>: 回复  @肖光奕 :哥啊，来不来看我们啊…………[泪],<影帝张洋>: 回复  @聂歆颜 :咋了…………[嘻嘻][嘻嘻],<影帝张洋>: 回复  @彭云飞1988 :是啊…………呵呵,<Leo飛兒>: 回复  @张洋hunter :哈哈！到横店啦？,<聂歆颜-Sixx>: [闭嘴][吃惊][吃惊][吃惊][吐] 哈哈、这个萌卖的.....[疑问],<影帝张洋>: 回复  @彭云飞1988 :………………[怒]怎么说话那,<曲虎Yahoo>: 使劲卖，不怎么萌还[挖鼻屎][挖鼻屎][挖鼻屎][挖鼻屎][挖鼻屎],<Leo飛兒>: 我去！你这什么玩意啊？？？,<张恒羽>: [吃惊][衰],<肖光奕>: [哈哈],<李信睿>: 装鬼是不,<TONGTONGR_>: 挺萌的…]
hunterqiya	呃……为啥…………这衣服怎么看怎么不像自己的…………[挖鼻屎][挖鼻屎][挖鼻屎] ​​​	[<二八码>: 蛮像的呀！！！哈哈哈哈,<影帝张洋>: 回复  @张乃鸥 :假汉奸，卧底,<张乃鸥>: 回复 @张洋hunter : 特务！,<影帝张洋>: 回复  @刘小龙i加菲 :刘老板什么时候回来啊？？,<影帝张洋>: 回复  @张乃鸥 :这是伪军的衣服……要男的正干嘛啊……没文化真可怕……,<仲舒062608>: 张团长。。,<张乃鸥>: 因为你没长那么正[偷笑],<影帝张洋>: 回复  @李正朵朵 :说了，还没改那……,<小兄弟你喜欢梅西吗>: 那是谁的。,<李正彦琦-朵朵>: 回复 @张洋hunter :让他们改改，要不拍出来不好看]
hunterqiya	好吧，我承认，我又2了………………哈哈哈[嘻嘻]不过，我二的开心…… ​​​	[<制片人冯莉文>: 回复 @张洋hunter :丢你的脸无所谓，但丢我的脸就不太好了,<影帝张洋>: 回复  @制片人冯莉文 :哈哈哈，无所谓啦，十一了，大家开心一下嘛…………,<制片人冯莉文>: 嗨，这是丢你的脸呢，还是丢我的脸？？？？,<伍麟凱Jonathan>: 回复  @张洋hunter :哈哈哈！,<影帝张洋>: 回复  @阿傑-Kevin :超人…………哈哈哈,<Kevin-景然>: 黑色底裤…  难道晚上去扮蝙蝠侠？[哈哈],<影帝张洋>: 回复  @Rose___妖精 :呵呵，谢谢,<影帝张洋>: 回复  @曲虎Yahoo :我穿秋裤了啊孩子…………,<影帝张洋>: 回复  @制片人冯莉文 :解放天性那…………哈哈哈,<影帝张洋>: 回复  @伍冠峯 :报复心里好强啊，老子穿秋裤了…………[哈哈],<闫贱贱想家了_>: 回复 @张洋hunter :[哈哈]不过这个也挺帅的了~顺毛~可爱~,<制片人冯莉文>: 回复  @张洋hunter :心理素质很好啊,<影帝张洋>: 回复  @在儿的斗侍从_ :哈哈哈，天天抓太麻烦了,<影帝张洋>: 回复  @制片人冯莉文 :城管放假……哈哈哈,<影帝张洋>: 回复  @林园 :管不了你……你等我摇上号哈……哈哈哈,<Amy___夕颜>: 这样蛮好看的哈。,<制片人冯莉文>: 转发此微博:城管在哪里？？？ // @我 :谁来管管？？？ //  @伍冠峯  :土娃洋！以后出去别说我认识你！真是拖我们三人组的整体水平！   @王子睿blog     你来好好教育下！认识的转起来！洋仔你能像你的名字一样洋气起来吗？哈哈哈哈！,<闫贱贱想家了_>: 换发型了?!恩...男左女右里的发型比较适合你[呵呵],<制片人冯莉文>: 转发此微博:谁来管管？？？ // @伍冠峯 :土娃洋！以后出去别说我认识你！真是拖我们三人组的整体水平！  @王子睿blog    你来好好教育下！认识的转起来！洋仔你能像你的名字一样洋气起来吗？哈哈哈哈！,<演员林源>: 回复  @张洋hunter :姐我不愿意＇咋地,<曲虎Yahoo>: 裤子很透明，底裤看得到,<伍麟凱Jonathan>: 穿个内裤还要穿个深色的！若隐若现的！你也开始玩儿诱惑拉？,<许少扑-梦武联盟>: 影帝，你这是玩行为艺术吧,<林半仙儿-Belinda>: 我去 我以为你在杂志封面上呢！太诡异了！,<伍麟凱Jonathan>: 转发此微博:土娃洋！以后出去别说我认识你！真是拖我们三人组的整体水平！ @王子睿blog   你来好好教育下！认识的转起来！洋仔你能像你的名字一样洋气起来吗？哈哈哈哈！,<影帝张洋>: 回复  @林园 :你比我好不了多少，换头，快点…………,<小兄弟你喜欢梅西吗>: 哈哈哈哈哈哈,<演员林源>: 你可以的,<影帝张洋>: 回复  @朱志涛_易铭 :必须的……哈哈哈,<影帝张洋>: 回复  @James凌俊 :…………[哈哈]]
hunterqiya	老公起名「我们的爱」 @王燕阳_边慧        #Gif快手#分享图片 ​​​	[<穆宝宝_NiKita>: 回复 @张洋hunter :[哈哈]哥是肯定帅啦。,<影帝张洋>: 回复  @穆宝宝_NiKita :说我帅那句别当真是吧…………好吧…………[泪],<王燕阳_>: 回复  @张洋hunter :回去请你吃饭,<穆宝宝_NiKita>: 回复 @张洋hunter :[偷笑]我就这么一说，别当真。,<影帝张洋>: 回复 @穆宝宝_NiKita :别············我可不是·······,<穆宝宝_NiKita>: 回复 @张洋hunter :NO NO NO！我说的是。我喜欢帅哥，例如，哥这样的。哈哈哈[哈哈][哈哈],<影帝张洋>: 回复 @穆宝宝_NiKita :呵呵~~~~我们10的第一，眼观不错，不过············有主了·········,<穆宝宝_NiKita>: 回复 @张洋hunter :[衰]我喜欢帅哥。哥,<影帝张洋>: 回复 @穆宝宝_NiKita :我师弟·····怎么你要去破坏一下啊？？？？呵呵,<影帝张洋>: 回复 @王燕阳_边慧 :羡慕嫉妒恨啊····················[泪]]
hunterqiya	事实证明，做大巴回家是很危险的，这是我现在做的车…………[泪][泪][泪]窗户全碎了……还有四个小时才到家…………这回倒是真凉快了，幸亏人都没事…………祈祷…………平安………… ​​​	[<影帝张洋>: 回复  @拉斐尔与小鸣 :嗯嗯，谢谢……,<影帝张洋>: 回复  @Amy杨了 :还活着……[呵呵],<影帝张洋>: 回复  @小怪物FOX :冷…………[泪][泪],<影帝张洋>: 回复  @淇love :………………你的理论好特别那…………呵呵,<Amy杨了>: 我去没事吧！,<我要做个达芬骑>: 多注意安全啊~,<影帝张洋>: 回复  @夏子涵Cecilia :嗯嗯，呵呵,<影帝张洋>: 回复  @michelle鄭太太 :出了点小意外而已…………,<影帝张洋>: 回复  @絟尐其实叫小全 :都没事，谢谢关心，呵呵]
hunterqiya	从现在开始戒酒…………亲爱的们，别让我再喝了…………丢人…………[泪][泪][泪][泪][泪] ​​​	[<演员黄蓉>: 回复 @张洋hunter :哈哈 ...没事没事吐完挺帅的[嘻嘻] 过程嘛...忽略了昂[飞机],<影帝张洋>: 回复  @黄蓉小迷糊 :……………………[泪][泪][泪][泪][泪]弄死我吧………………,<演员黄蓉>: 回复 @张洋hunter :哈哈特别巧的,我同学说你看那人喝多了,回头一看...是你!怕你好面 没打招呼哈哈,<影帝张洋>: 回复  @林园 :你在家干嘛那？,<影帝张洋>: 回复  @黄蓉小迷糊 :………………所以…………得戒了[泪][泪][泪][泪]呃………………[泪][泪][泪],<演员林源>: 回复  @张洋hunter :哈哈＇靠谱哈哈,<演员黄蓉>: 不幸得,我昨天看见你吐的那个场面了...,<胡家华Jack>: 回复 @张洋hunter : 对啊，他戒酒前必须和我们喝一次,<影帝张洋>: 回复  @林园 :呵呵，好吧，我一会也想想你们…………[嘻嘻],<演员林源>: 回复  @张洋hunter :切＇想你们才看的,<影帝张洋>: 回复  @林园 :你真有瘾……呵呵，我已经没再看的勇气了……呵呵呵,<演员林源>: 回复  @张洋hunter :哈哈＇我又看男左女右呢＇从第一集开始哈,<影帝张洋>: 回复  @胡家华Jack :是[爱你],<胡家华Jack>: 就没见过你喝啊，是不是？,<影帝张洋>: 回复  @小怪物FOX :也不看是谁教出来的，呵呵呵……,<张恒羽>: 回复 @张洋hunter :你太坏了！！！！！哈哈哈,<影帝张洋>: 回复  @林园 :…………也行，那就来给我煮方便面吧，一年哈…………哈哈哈,<影帝张洋>: 回复  @小怪物FOX :行，你赢了…………我先戒个一个月，我看他俩还能活着不…………,<张恒羽>: 回复 @张洋hunter :哈哈 反正不是我戒饭呗！～,<影帝张洋>: 回复  @小怪物FOX :…………你真豁的出去…………[汗][汗][汗][挖鼻屎][挖鼻屎][挖鼻屎],<演员林源>: 回复  @张洋hunter :你这个巨蟹这么居家＇房间就不用我打扫了吧＇我会煮方便面 [偷笑][偷笑],<影帝张洋>: 回复  @林园 :呃…………你过来给我收拾屋是吧，行吧，没问题，呵呵呵,<演员林源>: 回复  @张洋hunter :卫绵棉打扫房间一年,<小兄弟你喜欢梅西吗>: 别戒，到时候出门，两杯就倒……,<张恒羽>: 回复 @张洋hunter :对！ 你戒酒 大饼 欧阳就戒饭！[乐乐],<影帝张洋>: 回复  @林园 :赌什么啊？,<影帝张洋>: 回复  @欧阳旺佳 :调整调整状态…………呵呵,<演员林源>: 回复  @张洋hunter :你领悟了哈哈~[偷笑]但是你肯定改不了打赌的,<影帝张洋>: 回复  @小怪物FOX :………………[挖鼻屎]找事是吧小丫头…………,<影帝张洋>: 回复  @李柄辉 :戒了……[泪][泪][泪]]
hunterqiya	《男左女右》对我来说他不单单是一部作品，而是对你们的回忆与牵绊，他或许还不成熟，但是我们相识与相知见证，衷心祝福《男左女右》的朋友们，一生幸福，路还很长，但有你们陪我一起走过@洪连城@林园@张乃鸥@刘婧@郭振迦@剧豆@一直在路上的高阳@男左女右粉丝团 十集 请继续批评 http://t.cn/a8ijDB ​​​	[<张乃鸥>: 拍摄过程有你们很开心！看我们的作品很开心！回忆我们的工作生活很开心！我们什么时候再聚起来更开心！,<张乃鸥>: 拍摄过程有你们很开心！看我们的作品很开心！回忆我们的工作生活很开心！我们什么时候再聚起来更开心！,<张乃鸥>: 拍摄过程有你们很开心！看我们的作品很开心！回忆我们的工作生活很开心！我们什么时候再聚起来更开心！！,<影帝张洋>: 回复  @曲虎Yahoo :别恶心我了…………呃…………,<曲虎Yahoo>: 帅，超级塞亚人[疑问][疑问][疑问]我看了，很好看,<影帝张洋>: 回复 @杜玛府 :暂时不会，呵呵呵，谢谢支持,<影帝张洋>: 回复 @梓芯Icy :谢谢，呵呵,<陳惠Icy>: 已经看完了，很好，跟俄们90后很像,<方海翔_杜玛>: 明天会出第二季吗？,<影帝张洋>: 回复 @微笑jinging :会拍的，谢谢你的支持了~~~~呵呵呵]
hunterqiya	#男左女右#【你写过情书吗？】青春萌动的季节，花样年华，你是否曾经为心仪的那个她/他留下永恒的心动的证据？见证你们内心动荡的那页纸还在吗？也许你回忆不起情书的内容，但那种美好的感觉应该记忆犹新吧？金子抱着一堆价值连城的情书痛哭流涕，答案见第九集……http://t.cn/arUEtd ​​​	[<力元姐姐>: 回复 @张洋hunter : 哈哈，你真逗。哪有那么夸张嘛,<影帝张洋>: 回复 @Maybe乐乐 :有助于减肥~~~~看完的回馈意见都是以后都不想吃饭了·······要不吃完了再吐太难受了··············[泪],<力元姐姐>: 回复 @张洋hunter : 哈哈好吧关注一下,<影帝张洋>: 回复 @Maybe乐乐 :没什么关系·······呵呵，独立自主性比较强·············[哈哈],<力元姐姐>: 倒着看？哈哈没有故事情节？,<影帝张洋>: 回复 @Maybe乐乐 :···············网剧~~~在网上能搜的到啊·············建议别看前几集·············团队不太成熟············可以倒着看~~~~~~~~~哈哈哈,<力元姐姐>: 你的电视在哪看,<影帝张洋>: 回复 @我要一直善良 :恩恩，谢谢~~~我会努力地·······,<我要一直善良>: 回复 @张洋hunter :支持，努力吧！,<影帝张洋>: 回复 @我要一直善良 :············~~~谢谢~~~不过他是偶像派，偶要走实力派············哈哈哈~~~~[哈哈]]
hunterqiya	#男左女右#【你会被这样的骗子骗吗？】如果有人对你说：为了你，我可以放弃我的亿万资产；为了你，我可以放弃我全球500强CEO的待遇；为了你，我可以放弃下届诺贝尔文学奖提名的机会……你会放弃一切，跟他私奔吗？ http://t.cn/aBEg4b ​​​	[<影帝张洋>: 回复 @姬努里维喆 :你丫的性病了吧···············,<影帝张洋>: 回复 @Rose___妖精 :········谢谢····呵呵呵，第一季一共十级,<影帝张洋>: 回复 @D晓晨123 :呵呵·····抬举了~~~~我还年轻·····呵呵呵,<Amy___夕颜>: [鼓掌] 好看好看丫。你演的最棒拉。我想知道一共多少集哦。,<鸡皮疙瘩紧急集合>: 转发此微博:转啦，转啦,<陈小小小小小丹>: 回复 @张洋hunter :嗯嗯、感谢你回复我！我也会是你的粉丝之一哦！呵呵！以后什么见面会之类的活动可不要忘记我啊！,<小喆在路上>: 看得我蛋疼……[挖鼻屎],<影帝张洋>: 回复 @D晓晨123 :呵呵，谢谢呐~~~会努力的~~~~~呵呵,<陈小小小小小丹>: 加油加油、你以后会有自己的粉丝的。,<影帝张洋>: 回复 @LolitaDou杜喵喵 :风格不同啦·····呵呵呵，不用顾及我的感受~~~~~~呵呵呵傻姑娘]
hunterqiya	宽屏摄影作品 ​​​	[<魏健隆>: 回复 @张洋hunter : 是啊，好不？,<影帝张洋>: 回复 @魏健隆 :这个不能见组，但他那有见组的，怎么，你想拍？？？,<魏健隆>: 哥哥你这个是见组照么,<叶子---leaf>: 回复 @张洋hunter :ok~大帅锅,<影帝张洋>: 回复 @叶子---leaf :哦了，电话联系吧~~~~~呵呵,<叶子---leaf>: 回复 @张洋hunter :回来了，最近拍个杂志呢~不忙,<影帝张洋>: 回复 @叶子---leaf :恩恩，回北京了吗？？有空出来坐坐呗,<叶子---leaf>: 回复 @张洋hunter :好啊~有时间联系吧~~~,<影帝张洋>: 回复 @叶子---leaf :朋友的工作室，呵呵，拍的还不错，只对圈内人排见组写真之类的，你要拍的的话我介绍你跟他联系呗~~,<叶子---leaf>: 回复 @张洋hunter :特别特别帅~特别特别有型~]
hunterqiya	半夜睡不着是件痛苦的事············早上八点去青岛··········大家说我是睡还是不睡啊················不睡干嘛啊····················[泪] ​​​	[<影帝张洋>: 回复 @張浵浵CN :没发休息了~~~~一会去青岛了,<影帝张洋>: 回复 @余玥 :好的~~呵呵，用餐愉快吧~~~呵呵呵,<TONGTONGR_>: 回复  @张洋hunter :啊哈，挺好，加油吧，作为一个每天玩电脑到天亮的人劝你一句，不要玩啦，还是稍微休息一下吧^_^,<谁的米蘭呢>: 睡。。 ,<余玥Yilia>: 回复  @张洋hunter :早饭,<余玥Yilia>: 回复  @张洋hunter :不睡了 一点睡意也木有 我起来弄早了,<影帝张洋>: 回复 @九零后作家楊七詩 :同意[泪],<影帝张洋>: 回复 @張浵浵CN :作为一个专业的懒人，场上时必须有桌子的··········,<影帝张洋>: 回复 @余玥 :你是打算等困了再睡吗？？？,<影帝张洋>: 回复 @九零后作家楊七詩 :同意··········,<太子的幼稚园>: 不睡了吧 睡一小会更困。。,<余玥Yilia>: 回复  @张洋hunter :哈哈,<余玥Yilia>: 回复  @张洋hunter :真没活动[泪],<TONGTONGR_>: 回复  @张洋hunter :哈哈，好吧,<影帝张洋>: 回复 @張浵浵CN :我在床上躺着那················~~~,<TONGTONGR_>: 你还是去床上躺会儿吧,<影帝张洋>: 回复 @余玥 :~~~~~~~~~~~~~~~我跟你差不多·····················晚上真不能活动········以活动就精神~~~~~~~~~~~[泪],<余玥Yilia>: 回复  @张洋hunter :我11：30躺到现在,<影帝张洋>: [泪] 回复 @余玥 :················妈的，蚊子也饿了~~~~~~~~~~~~,<影帝张洋>: 回复 @余玥 :你时候醒的啊？？？]
hunterqiya	好片子~~~~80后的有时间跟着这部片子回忆下吧~~不会后悔 ​​​	[<Emrys-Lin>: 好片子的名字叫“～～～～”吗?,<影帝张洋>: 回复 @于新博 :婆媳拼图~~我十七号左右回去吧·········,<于新博>: 回复 @张洋hunter :哦 哦 什么时候回北京？？她在青岛 什么戏啊？,<影帝张洋>: 回复 @于新博 :家~~~~~~~~~~  明天青岛看丹妮去·····,<于新博>: 回复 @张洋hunter :你哪呆着呢？？,<TONGTONGR_>: 回复 @张洋hunter :哦哦，好,<影帝张洋>: 回复  @張浵浵CN :试试呗，叫玩大的,<国旺_Samuel>: 玩大的这片子 前阵子在微博挺火的,<TONGTONGR_>: 什么片子[嘻嘻]90后的能回忆么？,<影帝张洋>: 叫玩大的······地址贴错了·····自己找吧]
hunterqiya	如果你不是高官或者富豪，那么请不要随便让你的女儿去从艺。从艺只有一个结果，那就是让她沦为高官或者富豪的二奶或者小三。艺人，自古以来就是戏子、就是歌妓，虽然可能光鲜，虽然可能有钱，但是依然没有任何政治地位，她们依然只是达官显贵的高级玩物而已。 ​​​	[<小兄弟你喜欢梅西吗>: 回复  @张洋hunter :以偏概全，我估摸这她这是想出名呢，害着我们一群艺术生跟着被骂。,<影帝张洋>: 回复  @阿夢_Dimens :估计她喜欢的那个男的喜欢的是艺术生吧,<徐靓斓>: 回复  @张洋hunter :[右哼哼][左哼哼]要不要把师字那一横去了，就更爱听吧师弟？~[偷笑],<影帝张洋>: 回复  @孙健淇Vampire :呵呵，真聪明,<影帝张洋>: 回复  @李雅琦Cherry :本来就是啊,<小兄弟你喜欢梅西吗>: 看完了她所有的微博，有点感觉条条针对从艺者和艺术生，我想不通了，十六岁带大孩子，就算是讨厌男人讨厌社会干嘛带着“艺”一起骂？你别气了吧，这种人，无视！,<影帝张洋>: 回复  @徐靓斓 :那必然的啊，师哥不是盖的啊……叫师哥…………哈哈哈[嘻嘻][嘻嘻][嘻嘻],<徐靓斓>: 说得好…这个女人嘴真贱！..,<影帝张洋>: 回复  @李雅琦Cherry :本来就是啊……,<樱桃子cherry1211>: 僵尸粉~~这个名词好形象！！]
hunterqiya	这身中山装不错，收了………………哈哈哈 ​​​	[<影帝张洋>: 回复  @張浵潼 :学什么的？,<TONGTONGR_>: 回复 @张洋hunter :哈哈，但愿吧，你也是呢[赞],<影帝张洋>: 回复  @張浵潼 :呵呵呵，还年轻，有前途,<TONGTONGR_>: 回复 @张洋hunter :其實還好了，不小了[嘻嘻],<影帝张洋>: 回复  @張浵潼 :十七…………呵呵，好小那……,<TONGTONGR_>: 回复 @张洋hunter :哈哈，是嘛，那挺好,<影帝张洋>: 回复  @張浵潼 :我有个妹妹是徐州的，去过几回，呵呵,<TONGTONGR_>: 回复 @张洋hunter :17呀，怎麼你也知道徐州？,<影帝张洋>: 回复  @張浵潼 :多大啊？,<TONGTONGR_>: 回复 @张洋hunter :嗯嗯媞的,<影帝张洋>: 回复  @張浵潼 :你是徐州的？,<TONGTONGR_>: 回复 @张洋hunter :呵呵，是嘛，挺好滴,<影帝张洋>: 回复  @張浵潼 :拍着玩的，呵呵……,<TONGTONGR_>: 回复 @张洋hunter :哈哈，还好了，很ok，表情到位，蛮帅滴,<影帝张洋>: 回复  @張浵潼 :呵呵，感觉很坏吧……,<TONGTONGR_>: 不错哟哈哈[呵呵],<影帝张洋>: 回复 @LolitaDou杜喵喵 :安安,<Lolita杜喵喵>: 回覆 @张洋hunter :哈哈哈 邪恶的樱木！我睡觉咯 晚安,<影帝张洋>: 回复 @LolitaDou杜喵喵 :不邪恶咋保护你啊~~~呵呵呵,<Lolita杜喵喵>: 回覆 @张洋hunter :是的！]
hunterqiya	这身中山装不错，收了………………哈哈哈 ​​​	[<影帝张洋>: 回复  @阿夢Sunshine- :是啊，咋了,<影帝张洋>: 回复  @_欣小xin_ :一直的啊，呵呵呵,<_欣小xin>: 哥越来越帅气了，也越来越瘦了。。。。叫我这女生情何以堪,<小兄弟你喜欢梅西吗>: 回复  @张洋hunter :中山装？？确定是中山装？？,<影帝张洋>: 回复  @阿夢Sunshine- :咋了,<影帝张洋>: 回复  @LolitaDou杜喵喵 :遵命,<Lolita杜喵喵>: 回覆 @张洋hunter :哎哟 你回去听听,<影帝张洋>: 回复  @LolitaDou杜喵喵 :没听过那。。。。[泪][泪][泪][泪],<姚小夏>: 这么野性得中山装。,<Lolita杜喵喵>: 回覆 @张洋hunter :哈哈哈哈 over the rainbow,<纪剑桥也叫木川君>: 回复 @张洋hunter :凶什么么~ 把伦家都吓怕怕了~,<影帝张洋>: 回复  @LolitaDou杜喵喵 :[泪][泪][泪]你觉得我们现在的心情，配什么乐比较合适啊？？,<影帝张洋>: 回复  @纪骆驼仙僧 :边呆着去…………,<Lolita杜喵喵>: 回覆 @张洋hunter :[委屈],<纪剑桥也叫木川君>: 长脸大仙~,<影帝张洋>: 回复  @LolitaDou杜喵喵 :[可怜]那你不要我[委屈][委屈][委屈][委屈],<Lolita杜喵喵>: 回覆 @张洋hunter :喜欢唉 我喜欢这个范[愛你],<影帝张洋>: 回复  @LolitaDou杜喵喵 :为什么适合啊…………我是好爷们……你不喜欢我就换呗…………[泪][泪][泪]]
hunterqiya	衣服很给力，可以不是我的造型……强烈要求给我们加一集古装戏……我要演皇上……[泪][泪][泪]@剧豆 @林园 @张乃鸥 @郭振迦 @一直在路上的高阳 @洪连城 @刘婧 ​​​	[<伍麟凱Jonathan>: 回复 @张洋hunter :哈哈！,<影帝张洋>: 回复  @伍冠峯 :叛臣贼子啊---,<伍麟凱Jonathan>: 回复 @张洋hunter :范你妹！老子一枪逼了你！,<Lolita杜喵喵>: 回覆 @张洋hunter :哈哈哈哈,<影帝张洋>: 回复  @伍冠峯 :你范欺君之罪了,<影帝张洋>: 回复  @许少扑-酷武演出团 :别开朕的玩笑，哈哈哈,<影帝张洋>: 回复  @姚小夏 :呵呵呵，是吧,<影帝张洋>: 回复  @LolitaDou杜喵喵 :恩，用不了多久就继位了,<影帝张洋>: 回复  @林琳Belinda :滚边边,<伍麟凱Jonathan>: 洋仔！药不能停！]
hunterqiya	新戏造型……我的刘海……[委屈][委屈][委屈] ​​​	[<_刘熙阳_>: 回复 @张洋hunter :哈哈哈哈哈哈哈哈哈哈哈哈哈哈啊哈哈,<影帝张洋>: 回复  @_刘熙阳_ :用头发想都知道是他…………,<_刘熙阳_>: 回复 @张洋hunter :嗯！就是他太自恋哈哈！,<影帝张洋>: 回复  @_刘熙阳_ :这个好像是隆隆发的吧………………[挖鼻屎][挖鼻屎][挖鼻屎],<_刘熙阳_>: 回复 @张洋hunter :必须的！师哥最帅了！不过隆隆比你帅一点哈哈哈,<影帝张洋>: 回复  @_刘熙阳_ :放心吧，不会给北电丢人的……[哈哈][哈哈][哈哈],<影帝张洋>: 回复  @康家铭 :更像牛逼了是吗…………,<_刘熙阳_>: 回复 @张洋hunter :哦！哈哈！加油啊师哥！,<康家铭sir>: 比有留海牛逼多了,<影帝张洋>: 回复  @_刘熙阳_ :在拍戏啊…………,<_刘熙阳_>: 回复 @张洋hunter :我在家啊，他也在家！你呢？,<影帝张洋>: 回复  @_刘熙阳_ :最近干啥那？？你对象那？？,<_刘熙阳_>: 回复 @张洋hunter :o 哎呀师哥很帅啊!,<影帝张洋>: 回复  @杨子涵Isabella :你还想我怎么瘦……,<影帝张洋>: 回复  @MINI-RAN :[可爱][可爱][可爱]别这么说……[害羞][害羞][害羞],<影帝张洋>: 回复  @徐靓斓 :演员嘛……[嘻嘻]这叫可塑性强……,<IAM-GONE>: 回复 @张洋hunter :仙道比你瘦,<MINIBABY-RAN>: 回复  @张洋hunter :这样帅湿啦…,<影帝张洋>: 回复  @杨子涵Isabella :…………仙到好吧……,<徐靓斓>: 回复  @张洋hunter :没什么啦和昨天看到的...~,<影帝张洋>: 回复  @王玉_____ :谢谢……[嘻嘻][嘻嘻][嘻嘻],<影帝张洋>: 回复  @MINI-RAN :[泪][泪][泪]我的刘海………………,<影帝张洋>: 回复  @徐靓斓 :怎么个反差发？？,<影帝张洋>: 回复  @_刘熙阳_ :叫师哥…………,<影帝张洋>: 回复  @_王藝蓉 :必须的啊……呵呵呵,<影帝张洋>: 回复  @华谊微助Angel-S :…………[汗]阿凡达…………,<影帝张洋>: 回复  @八爪弟 :等你……呵呵呵,<MINIBABY-RAN>: 这样帅…！]
hunterqiya	困了，睡觉……明天进组，变身申奥……[哈哈][哈哈][哈哈]有活干是件快乐的事…… ​​​	[<伍麟凱Jonathan>: 回复  @张洋hunter :你早上起来没吃药吧？,<影帝张洋>: 回复  @伍冠峯 :哈哈哈，看吧大牌又拜谱了，是大牌就可以随便骂人妹呐[鄙视][鄙视][鄙视],<伍麟凱Jonathan>: 距你妹！,<影帝张洋>: 回复  @王萌黎lillian :才怪,<影帝张洋>: 回复  @啜妮 :玩嘛，呵呵,<影帝张洋>: 回复  @王璐diana :嗯嗯，呵呵呵,<影帝张洋>: 回复  @伍冠峯 :跟峯少比还是有一定差距的……哈哈哈,<啜妮>: 回复  @张洋hunter :[坏笑]真不是 那角色我接受不了 你加油吧[强壮],<王璐Diana>: 哥加油！,<伍麟凱Jonathan>: 加油洋仔你是最棒的！,<王萌黎>: 回复 @张洋hunter :靠谱的。,<影帝张洋>: 回复 @王萌黎lillian :不靠谱······,<王萌黎>: 回复 @张洋hunter :已然已经在在厦门了。。。,<影帝张洋>: 回复  @啜妮 :呵呵呵，是啊，你腕大请不动，要不这回没准咱俩演一对了……[哈哈][哈哈],<啜妮>: 里面女生角色是叫卫绵绵和金子么？,<林半仙儿-Belinda>: 回复 @张洋hunter :你说的是《东城西就》里梁朝伟那种特型吗？,<影帝张洋>: 回复  @林琳Belinda :我走的是特型演员，跟帅不沾边，哈哈哈,<林半仙儿-Belinda>: 回复 @张洋hunter :我演得这么好你都不信 看来你成熟了！哈哈哈 不过 心里话 很帅嘛现在,<影帝张洋>: 回复  @林琳Belinda :[鄙视][鄙视][鄙视]少装可怜……没意义……,<影帝张洋>: 回复  @李正朵朵 :嗯嗯，安安…,<林半仙儿-Belinda>: 回复 @张洋hunter :那还用问吗？？？我这夸得多明显呀！你还骂我~~~我找谁惹谁了我！！！[泪],<影帝张洋>: 回复  @王萌黎lillian :哼，回来了都不知道打个电话，以然伤心了……[委屈],<李正彦琦-朵朵>: 加油！晚安！~,<影帝张洋>: 回复  @林琳Belinda :…………[挖鼻屎]你确定是夸我……,<影帝张洋>: 回复  @国旺_Samuel :恩，好的,<影帝张洋>: 回复  @Amy杨了 :呵呵,<王萌黎>: 一切顺利~,<林半仙儿-Belinda>: 回复 @张洋hunter :你现在怎么变成这样了 人家夸你长的好看也错了 你太让我伤心了 我不活了我！！！,<国旺_Samuel>: 回复  @张洋hunter :哦  可以啊  我过阵子可能去北京有个戏  如果过去的话联系你哈,<快乐雁雁>: 回复 @张洋hunter :还有一年要毕业了吧[疑问]]
hunterqiya	如果有一天我演僵尸……我的造型应该是这样的…… ​​​	[<影帝张洋>: 回复  @Ares王蕴凡 :你也学会上微博了啊……呵呵,<影帝张洋>: 回复  @杨子涵Isabella :事实啊……,<IAM-GONE>: 回复 @张洋hunter :我怎会认识如此大言不惭的人,<影帝张洋>: 回复  @杨子涵Isabella :……[挖鼻屎]没有啊，变完还是很帅气……[嘻嘻],<IAM-GONE>: 你糟蹋了一张好照片[汗],<影帝张洋>: 回复  @薪的米蘭 :呃…………,<影帝张洋>: 回复  @張旭Terry :还是旭哥会聊天……哈哈哈,<谁的米蘭呢>: 植物大战张杨？,<張旭Terry>: 很帅气的僵尸,<王蕴凡_Ivan>: [生病] [生病]]
hunterqiya	我的心情表示很纠结……昨天给的稿子今天就要演出…………还好几段[泪][泪][泪]还背下来[泪][泪][泪]挑战人体极限有没有，早上随便自拍了张照片就发现了一张苦b脸，这表情绝对无意间产生的，苍天在上，我本来想笑的……再加上昨天剪呲了的发型……绝了……[泪][泪][泪][泪][泪] ​​​	[<影帝张洋>: 回复  @伍冠峯 :谁让你你找挨骂那，哈哈哈,<伍麟凱Jonathan>: 回复 @张洋hunter :切！你大爷的,<影帝张洋>: 回复  @杨子涵Isabella :光的问题吧…………,<影帝张洋>: 回复  @朵小肥IRIS :你还好意思笑……[汗],<影帝张洋>: 回复  @伍冠峯 :我演你…………[哈哈][哈哈][哈哈],<李正彦琦-朵朵>: 哈哈哈...,<IAM-GONE>: 又瘦了？,<伍麟凱Jonathan>: 回复 @张洋hunter :你演个大2B！,<影帝张洋>: 回复  @奚子安 :没有啊，估计是黄的问题吧,<奚子安>: 怎么感觉瘦了呢？,<影帝张洋>: 回复  @伍冠峯 :我演神,<影帝张洋>: 回复  @伍冠峯 :朗诵诗歌…………[泪][泪],<靳穎Pure>: 不要[泪]，要[嘻嘻],<伍麟凱Jonathan>: 演啥呢？,<快乐雁雁>: 回复 @张洋hunter :[偷笑],<影帝张洋>: 回复  @快乐雁雁 :读没问题啊…………难背啊，词比较饶嘴,<快乐雁雁>: 回复 @张洋hunter :散文，对你又不难[呵呵],<影帝张洋>: 回复  @快乐雁雁 :不是，是朗诵…………散文……[泪][泪],<快乐雁雁>: 话剧[疑问],<陈琪琪lovely>: 这.....是不是瘦了啊？？？]
hunterqiya	丁总，我一个人在这呆的好无聊，麻烦快点…………[挖鼻屎][挖鼻屎][挖鼻屎] ​​​	[<影帝张洋>: 回复  @陈琪琪lovely :还好吧,<陈琪琪lovely>: [哈哈] 头发长啦？,<李亭哲>: 这个造型。。 不错。。。我喜欢。,<靳穎Pure>: 回复 @张洋hunter :也不是很短，我很保守[偷笑],<影帝张洋>: 回复  @靳穎Pure :多短[花心][花心][花心]哈哈哈,<靳穎Pure>: 回复 @张洋hunter :嗯，我们都穿短的,<影帝张洋>: 回复  @制片人冯莉文 :呃…………，[哈哈][哈哈][哈哈]我面子好大那…………[哈哈][哈哈][哈哈],<制片人冯莉文>: 丁总没来，冯总来了,<影帝张洋>: 回复  @靳穎Pure :今天挺凉快的，呵呵，看来四川不凉爽啊……]
hunterqiya	今天的任务是来姥姥家做饭…………问题是我敢做…………你们敢吃吗…………亲爱的外公外婆，为了你们的身体健康……还是让我吃吧…………[委屈][委屈][委屈] ​​​	[<影帝张洋>: 回复  @靳穎Pure :[酷]哥口味独特……[哈哈],<靳穎Pure>: 回复  @张洋hunter :[思考]重口味[哈哈],<影帝张洋>: 回复  @靳穎Pure :…………[挖鼻屎][挖鼻屎][挖鼻屎]我爱吃肥的……[可怜],<靳穎Pure>: 回复  @张洋hunter :我做成菜可能油腻了点[哈哈][哈哈][哈哈],<IAM-GONE>: 哎  咱姥姥 姥爷也太给力了 都这么一把年纪了 还爱玩儿刺激[偷笑],<影帝张洋>: 回复  @靳穎Pure :你是想我把你做成菜吗…………[挖鼻屎]况且…………我要找个会做菜的太太…………[酷][酷],<靳穎Pure>: 回复  @张洋hunter :我想说你是[嘻嘻],<影帝张洋>: 回复  @靳穎Pure :你发头猪过来干嘛…………[汗],<靳穎Pure>: [猪头],<影帝张洋>: 回复  @周墨豪 :…………能吃都是好孩纸…………[泪]]
hunterqiya	我错了，我真的不该看新版的倩女幽魂············对艺术的亵渎啊········国荣大哥，祖贤姐姐······偶想你们了···········今天注定要把经典再看一遍了·····要不睡不着···········长针眼啊···长针眼 ​​​	[<影帝张洋>: 回复 @SONG杨_火星ELEVEN :还不一定那，到时候电话呗，呵呵,<影帝张洋>: 回复 @伍冠峯 :··················是女人吗？？？？[委屈],<伍麟凱Jonathan>: 回复  @张洋hunter :[害羞][害羞][害羞][害羞][害羞][害羞]对啊！其实我是来见某人的爸妈的。你羡慕嫉妒恨吧！,<脚踏实地_宋杨>: 回复 @张洋hunter :什么时候能彻底完事，然后回来。,<影帝张洋>: 回复 @SONG杨_火星ELEVEN :挺好的，在家休息一下，等下面的戏那·,<脚踏实地_宋杨>: 回复 @张洋hunter :你现在咋样啊？,<影帝张洋>: 回复 @SONG杨_火星ELEVEN :哎·········,<脚踏实地_宋杨>: 回复 @张洋hunter :哎~！苦啊~！！！,<影帝张洋>: 回复 @SONG杨_火星ELEVEN :不会啊~~~~很好的~~~状态问题吧，调整一下就好了~~~~[呵呵],<脚踏实地_宋杨>: 回复 @张洋hunter :你可别了，我的戏烂到一定境界了。现在都已经不敢说自己是演员了。,<影帝张洋>: 回复 @SONG杨_火星ELEVEN :别介哥~~~~~我等着学你戏那~~~呵呵~,<影帝张洋>: 回复 @伍冠峯 :？？？？又有活了？？？,<脚踏实地_宋杨>: 回复 @张洋hunter :嗯，我等待你的经典呈现。到时候我给你做助理，帮你拦粉丝。,<伍麟凱Jonathan>: 回复  @张洋hunter :在上海呢！,<影帝张洋>: 回复 @SONG杨_火星ELEVEN :还是亲手铸造经典吧~~~哈哈哈,<脚踏实地_宋杨>: 回复 @张洋hunter :咱们还是去寻找新的经典吧。,<影帝张洋>: 回复 @伍冠峯 :你又在外面神游那？？？,<伍麟凱Jonathan>: 回复  @张洋hunter :对！我恨他！哈哈！,<影帝张洋>: 回复 @SONG杨_火星ELEVEN :经典无法复制啊··········[泪],<脚踏实地_宋杨>: 我光看宣传片就已经眼睛疼了。]
hunterqiya	失眠…………中…………可怜的孩子啊…………[泪][泪][泪] ​​​	[<吴承轩轩>: 回复  @张洋hunter :带个好！,<IAM-GONE>: 回复  @张洋hunter :你能上的時候發給我 等下短訊你 我的郵箱...整理照片發現 就缺你的,<影帝张洋>: 回复  @杨子涵Isabella :上不了网…,<IAM-GONE>: 回复  @张洋hunter :Mail給我哈,<影帝张洋>: 回复  @演员吴承轩 :牛逼，有饭吃了，哈哈哈,<影帝张洋>: 回复  @演员吴承轩 :我哥，高超，呵呵呵，我们这赌饭那,<吴承轩轩>: 回复  @张洋hunter :谁啊？,<影帝张洋>: 回复  @伍冠峯 :赶紧睡吧不贫了，呵呵呵,<影帝张洋>: 回复  @伍冠峯 :没办法啊，情势所迫啊[泪],<伍麟凱Jonathan>: 回复  @张洋hunter :我家只有最美的没有最丑的！你家人才辈出！佩服佩服！我碎觉了！,<伍麟凱Jonathan>: 回复  @张洋hunter :是谁不重要！重要的是这么丑的居然是你妹！你家出人才。,<影帝张洋>: 回复  @演员吴承轩 :我们这有跟你有共识的……哈哈哈,<影帝张洋>: 回复  @伍冠峯 :………我说是谁了吗？我又没说姓徐……,<伍麟凱Jonathan>: 回复  @张洋hunter :靠！她居然是你妹！你家真出人才！,<影帝张洋>: 回复  @伍冠峯 :好吧，那你看倩倩去吧,<吴承轩轩>: 回复  @张洋hunter :必须巴萨,<伍麟凱Jonathan>: 回复  @张洋hunter :看最丑的那个！,<影帝张洋>: 回复  @伍冠峯 :我妹多了，你看哪个？,<影帝张洋>: 回复  @演员吴承轩 :看着那，激动啊，你堵谁？,<伍麟凱Jonathan>: 回复  @张洋hunter :看你妹！,<影帝张洋>: 回复  @杨子涵Isabella :好像只有莲花的,<吴承轩轩>: 看球！！！！！！！！！,<影帝张洋>: 回复  @伍冠峯 :恭喜你，睡不着跟我一起看球吧……哈哈哈,<IAM-GONE>: 回复  @张洋hunter :好了啦！知道了 哥 你那有你們匯報照片嚒,<伍麟凱Jonathan>: 回复  @张洋hunter :睡不着啊！！！！！！,<影帝张洋>: 回复  @伍冠峯 :尽力吧，爽着那，哈哈哈，你咋还不睡？？,<伍麟凱Jonathan>: 回复  @张洋hunter :小心心肌梗塞！,<朵妹Dorothy>: 回复  @张洋hunter :没事儿，平哥给你讲故事。老逗了,<刘孟-巫毒小怪>: 一白快！,<影帝张洋>: 回复  @杨子涵Isabella :………………[泪][泪][泪]真忙着那姑娘……[泪][泪],<IAM-GONE>: 回复 @张洋hunter :哼...忙到不要妹妹了...要不是我如此善解人意美丽可爱 你就遭殃了...,<影帝张洋>: 回复  @伍冠峯 :心跳着那…………[泪][泪][泪],<影帝张洋>: 回复  @杨子涵Isabella :………………快睡，你哥忙着那[酷][酷],<影帝张洋>: 回复  @杨恭如Kristy :漂亮姐姐晚安，[嘻嘻][嘻嘻][嘻嘻][嘻嘻]好梦,<伍麟凱Jonathan>: 回复  @张洋hunter :擦！你们都是战士！,<影帝张洋>: 回复  @伍冠峯 :是啊……赌着那…………,<影帝张洋>: 回复  @杨恭如Kristy :[泪][泪][泪]姐，您快休息吧，你一跟我说话我也差不多兴奋的不用睡了…………,<IAM-GONE>: 回复 @张洋hunter :你不爱我了[泪] [泪] [泪] [泪],<伍麟凱Jonathan>: 回复  @张洋hunter :你再干嘛呢？看球儿那？,<IAM-GONE>: 回复 @张洋hunter :你不是我哥了...,<影帝张洋>: 回复  @伍冠峯 :晚睡的人伤不起啊……伤不起…………,<杨恭如Kristy>: 回复  @张洋hunter :晚安啦[月亮],<影帝张洋>: 回复  @董晴儿 :你还记日记啊…………,<影帝张洋>: 回复  @杨子涵Isabella :………………[挖鼻屎]我还是睡吧…………,<影帝张洋>: 回复  @杨恭如Kristy :谢谢姐[泪][泪][泪]，咋这么晚还不休息啊？？？[嘻嘻],<IAM-GONE>: 太想我了...哈哈,<杨恭如Kristy>: 大嘴：这张照片终于有点偶像派的感觉了！[偷笑],<董晴>: 回复 @张洋hunter :我写点东西就睡了,<伍麟凱Jonathan>: 回复  @张洋hunter :可怜的海儿兄弟！,<影帝张洋>: 回复  @伍冠峯 :你也好不了哪去啊……呵呵呵]
hunterqiya	老子杀青了！哈哈哈哈哈哈哈哈[哈哈][哈哈][哈哈][哈哈][哈哈][哈哈][哈哈][哈哈][哈哈][哈哈][哈哈][哈哈][哈哈][哈哈][哈哈][哈哈][哈哈][哈哈][哈哈][哈哈][哈哈][哈哈][哈哈][哈哈][哈哈][哈哈][哈哈][哈哈][哈哈][哈哈][哈哈] ​​​	[<影帝张洋>: 回复  @杨子涵Isabella :肯定要回去把……呵呵呵,<影帝张洋>: 回复  @八爪弟 :谢谢林哥，回来电话哈……嘿嘿嘿,<影帝张洋>: 回复  @快乐雁雁 :[嘻嘻][哈哈][嘻嘻][哈哈][嘻嘻][哈哈][嘻嘻][哈哈][嘻嘻][哈哈][嘻嘻],<影帝张洋>: 回复  @潘之琳 :…………海燕那，你可得张点心啊，注意身体，别把自己累病了，等回北京聚……[嘻嘻][嘻嘻][嘻嘻]我现在最大的乐趣就是看你的大片那……[哈哈][哈哈][哈哈],<影帝张洋>: 回复  @张娜622 :是啊，11天解决战斗[哈哈][哈哈][哈哈],<影帝张洋>: 回复  @关雪盈-乖- :…………是啊，真有点累了那…………,<影帝张洋>: 回复  @朱志涛_易铭 :我去，哈哈哈，那明天一起吃饭呗…………呵呵呵[哈哈][哈哈][哈哈]想你了,<影帝张洋>: 回复  @王翼鹏wings :快了，电话联系，呵呵,<古树紫芽>: 祝贺！ 什么时候凯旋北京？,<朱志涛_易铭>: 恭喜你，老子也再回京的路上了,<李佳璇微博>: 你失业了！哈哈哈哈哈哈哈哈哈哈哈哈哈哈哈哈哈哈,<关雪盈xy>: 可以好好休息下了~,<张维娜vina>: 这么快？,<IAM-GONE>: 回复 @张洋hunter :鬼混完记得回家！,<潘之琳>: 再次封帝。静候[赞][赞],<陈琪琪lovely>: 回复 @张洋hunter :OK   去吧去吧,<快乐雁雁>: 回复 @张洋hunter :[抱抱] [抱抱] [抱抱] [抱抱] [抱抱],<影帝张洋>: 回复  @陈琪琪lovely :有空聊吧，蹭关机饭去了……哈哈哈,<陈琪琪lovely>: 回复 @张洋hunter :哈哈哈哈哈哈  窝火？？？怎么啦？？？   有啥不开心的事儿说出来呀 还是太热了啊[哈哈]    洋哥 别火啊,<影帝张洋>: 回复  @快乐雁雁 :[委屈][委屈][委屈][委屈][委屈]]
hunterqiya	今天偶的搭档，芝麻……呃……你确定你是芝麻吗…………[嘻嘻][嘻嘻][嘻嘻]好乖，好想领回家…………[可怜][可怜][可怜] ​​​	[<影帝张洋>: 回复  @vivi子依 :那明天染个黄毛吧……呵呵呵,<影帝张洋>: 回复  @杨子涵Isabella :…………[汗][汗][汗],<IAM-GONE>: 回复 @张洋hunter :真好真好...飞飞哥养狗狗了...下次得让他带北京来...,<影帝张洋>: 回复  @杨子涵Isabella :老乖了……[泪],<影帝张洋>: 回复  @余玥 :………………你改哪玩哪玩去……你是猫的菜……,<余玥Yilia>: 哇！！好可爱！它！,<IAM-GONE>: 回复 @张洋hunter :逗你呢...小气样儿...它乖不乖 公的母的？,<影帝张洋>: 回复  @杨子涵Isabella :………………,<影帝张洋>: 回复  @_欣小xin_ :[挖鼻屎][挖鼻屎][挖鼻屎]算了吧……,<_欣小xin>: 回复 @张洋hunter :哈哈哈。。。现在脾气好多了。。。哈哈哈,<影帝张洋>: 回复  @_欣小xin_ :你家的两位我可扛不住……[挖鼻屎][挖鼻屎][挖鼻屎],<_欣小xin>: 回复 @张洋hunter :那想玩狗了先疼疼我们家那两位吧,<IAM-GONE>: 回复 @张洋hunter :那必须得啊 ... 你妹我怎么可能贬你呢？你俩是不是合作得多了？感觉都连相呢 ...想起左哥哥得sky了..。哈哈,<影帝张洋>: 回复  @杨子涵Isabella :你这话是夸我吗…………,<IAM-GONE>: 和你一样漂亮！,<靳穎Pure>: 回复 @张洋hunter :[ok],<影帝张洋>: 回复  @靳穎Pure :好吧，那下回得注意了[嘻嘻],<影帝张洋>: 回复  @_欣小xin_ :…………小的也不让啊……你以为那……,<靳穎Pure>: 回复 @张洋hunter :我意思是劝你不要回我，不然我会开始十万个为什么[哈哈],<_欣小xin>: 回复 @张洋hunter :你妈不让你养大狗、]
hunterqiya	有时候浪漫只是简简单单的几盒粉笔就能解决的问题，@费伟妮 是吧，小语同志？[嘻嘻][嘻嘻][哈哈] ​​​	[<影帝张洋>: 回复  @MINI-RAN :what?在哪？,<MINIBABY-RAN>: 今天貌似看见你了……,<影帝张洋>: 回复  @演员李小龙 :…………日,<李信睿>: 回复  @张洋hunter :哈哈。我早那啊,<影帝张洋>: 回复  @李亭哲 :火毛啊，哲哥还没火那我哪敢啊……呵呵呵,<李亭哲>: 回复 @张洋hunter :哈哈。不错不错。。你要火啊。,<影帝张洋>: 回复  @宋杨ING :快了，回去出来聚聚哈，呵呵,<影帝张洋>: 回复  @李亭哲 :哲娃，干嘛那？想你了,<李亭哲>: 男才女貌。。。可以。。。,<脚踏实地_宋杨>: 回复 @张洋hunter :哈哈，开玩笑呢。我兄弟人能不好嘛！说真的，你什么时候回来啊？,<影帝张洋>: 回复  @宋杨ING :死去吧………………[怒][怒][怒],<脚踏实地_宋杨>: 回复 @张洋hunter :哦，没事，我没说你。[哈哈],<影帝张洋>: 回复  @宋杨ING :哥，我是海洋的洋,<脚踏实地_宋杨>: 回复 @张洋hunter :真没有。真的，你人可好了。我在这发誓，张扬是个好人，对兄弟绝对仗义。,<影帝张洋>: 回复  @宋杨ING :别在这儿破坏我单纯的形象……,<脚踏实地_宋杨>: 回复 @张洋hunter :哦，我以为你整天恋爱玩呢？误会误会。不过符合你性格！[嘻嘻],<影帝张洋>: 回复  @演员李小龙 :什么时候回来,<影帝张洋>: 回复  @嗯德哈 :哈哈哈，是吧,<影帝张洋>: 回复  @伍冠峯 :会的，呵呵,<影帝张洋>: 回复  @宋杨ING :剧照…………哥哥……,<影帝张洋>: 回复  @李佳璇微博 :没有[泪][泪][泪]我在专心搞艺术…………[泪][泪][泪],<脚踏实地_宋杨>: 你又恋爱了啊？,<李佳璇微博>: 敢早恋替姐劈了你！封存你3年！,<伍麟凱Jonathan>: 回复  @张洋hunter :好好保护！,<二八码>: 好浪漫啊！[呵呵],<李信睿>: 回复 @张洋hunter :我在无锡呢啊~~,<IAM-GONE>: 这张好看啦,<影帝张洋>: 回复  @演员李小龙 :你就嚣张吧，呵呵呵，你在哪那？,<李信睿>: 回复 @张洋hunter :哈哈~~是啊是啊~~,<影帝张洋>: 回复  @演员李小龙 :合着是能管你的不看你微博是吧……]
hunterqiya	事实证明夏天浑身湿透了也会冷的…… ​​​	[<影帝张洋>: 回复  @制片人冯莉文 :………………[泪][泪][泪]怎么一谈我镜头你就不搭理我了啊……有那么差吗……,<制片人冯莉文>: 回复 @张洋hunter :鬼都不相信你不睡,<李佳璇微博>: 回复 @张洋hunter :[嘻嘻],<影帝张洋>: 回复  @李佳璇微博 :好吧……[泪][泪],<李佳璇微博>: 再贪睡就把你片成生鱼片卖料[哈哈]  // @制片人冯莉文 :你还是继续睡吧,<我是容尔甲>: 下雨天也会冷的// @制片人冯莉文 ：你还是继续睡吧,<张宾宾峰峰峰>: 你干嘛了？横店回去了？,<影帝张洋>: 回复  @制片人冯莉文 :啊……有我镜头…………哈哈哈，演得过吗[可怜][可怜][可怜],<影帝张洋>: 回复  @制片人冯莉文 :姐，我反省了，给次机会呗，我都不睡了…………,<制片人冯莉文>: 那天在剧组看《遍地狼烟》的片花， 你的镜头太搞笑了哈哈,<影帝张洋>: 回复  @李佳璇微博 :姐忙啥那？,<李佳璇微博>: 回复 @张洋hunter :[嘻嘻],<影帝张洋>: 回复  @李佳璇微博 :别啊……疼…………,<李佳璇微博>: 回复 @张洋hunter :抽你！[挖鼻屎],<影帝张洋>: 回复  @李佳璇微博 :必然信啊，开玩笑的啦……呵呵呵,<李佳璇微博>: 回复 @张洋hunter :哈哈哈。你也太不信任你老姐了,<影帝张洋>: 回复  @王璐diana :好的,<王璐Diana>: 回复 @张洋hunter :哎！！！！回来打给我,<影帝张洋>: 回复  @王璐diana :这是前天拍的，已经挺过来了,<王璐Diana>: 回复 @张洋hunter :好个p 用热水冲身体 板蓝根先喝上!看你瘦的！！回来吃火锅去！,<影帝张洋>: 回复  @王璐diana :没事，这不挺好的吗,<王璐Diana>: 回复 @张洋hunter :[伤心],<影帝张洋>: 回复  @王璐diana :干嘛？,<影帝张洋>: 回复  @王璐diana :……是吧，呵呵呵，山寨的不错吧,<影帝张洋>: 回复  @俊LoVe明 :我可不帅，我是按丑星招的我,<王璐Diana>: 哥啊！！,<影帝张洋>: 回复  @李佳璇微博 :这个得拿小本本记下来，呵呵呵，姐给买好吃的……哈哈哈,<影帝张洋>: 回复  @杨子涵Isabella :不显…………,<影帝张洋>: 回复  @李佳璇微博 :我也想啊……[泪][泪][泪],<IAM-GONE>: 回复 @张洋hunter :是不显还是么有了？？？,<李佳璇微博>: 下部戏和我一起拍就不瘦料！,<李佳璇微博>: 回复 @张洋hunter : 没问题哈,<伍麟凱Jonathan>: 回复  @张洋hunter :你赢了！,<影帝张洋>: 回复  @不爱说话的灼灼其华 :我可不算……呵呵,<影帝张洋>: 回复  @伍冠峯 :真不容易,<影帝张洋>: 回复  @李佳璇微博 :姐买好吃的给我补吗？？[哈哈][哈哈][哈哈],<靳穎Pure>: 回复 @张洋hunter :确实没看到,<影帝张洋>: 回复  @靳穎Pure :你没看见我穿皮衣那场吧…………呵呵呵,<LQ刘伊俊>: 回复 @张洋hunter :太帅了呀！,<李佳璇微博>: 回复 @张洋hunter : 拍完料再补,<伍麟凱Jonathan>: 回复  @张洋hunter :这！！！！被你打败了！,<影帝张洋>: 回复  @李佳璇微博 :………………吃不好啊……55555嘿嘿,<靳穎Pure>: 回复 @张洋hunter :就是你后面那个男的  穿了双毛拖鞋,<影帝张洋>: 回复  @俊LoVe明 :谢谢……呵呵呵[嘻嘻],<影帝张洋>: 回复  @杨子涵Isabella :这张不显好吧…………,<影帝张洋>: 回复  @Amy杨了 :吃不好睡不香…………,<影帝张洋>: 回复  @靳穎Pure :什么毛的啊…………,<影帝张洋>: 回复  @LolitaDou :但愿吧…………呵呵,<影帝张洋>: 回复  @伍冠峯 :又不是第一次了，习惯就好…………哈哈哈,<影帝张洋>: 回复  @嗯德哈 :是啊，觉不够那…………]
hunterqiya	夏天穿皮草是件很爽的事……[挖鼻屎][挖鼻屎][挖鼻屎] ​​​	[<IAM-GONE>: 回复  @张洋hunter :下場穿什麼...獸皮嚒？,<Lolita杜喵喵>: 回覆 @张洋hunter :注意休息,<影帝张洋>: 回复  @杨子涵Isabella :这场戏拍完了…………[嘻嘻],<影帝张洋>: 回复  @LolitaDou :呃……没事了吧？[可怜][可怜][可怜]我这两天快累死了，天天满的戏……呵呵呵,<IAM-GONE>: 回复  @张洋hunter :組裡趁一下你就熱昏了,<Lolita杜喵喵>: 回覆 @张洋hunter :我这2天身体不适 你也不关心我 我昨儿疼了一天 还赖我不搭理你,<景怡呀景怡>: 回复 @张洋hunter :呵呵，有特点！,<影帝张洋>: 回复  @LolitaDou :那你这两天不搭理我[泪][泪][泪],<影帝张洋>: 回复  @杨子涵Isabella :因为组里不趁……,<王萌黎>: 什么世道！！！！为什么现在男的脸都这么小！好讨厌！！生气！！]
hunterqiya	今天戏里的造型……是不是很犀利啊……哈哈哈[嘻嘻][嘻嘻][哈哈] ​​​	[<李正彦琦-朵朵>: 回复 @张洋hunter :戏霸嘛。。。。哈哈哈,<曾一萱>: 回复 @张洋hunter :[哼],<影帝张洋>: 回复  @曾一萱 :真会聊天……,<影帝张洋>: 回复  @朵小肥IRIS :我直接被拉到组里了………………你当我想啊[泪],<陈琪琪lovely>: 回复 @张洋hunter :怎么了嘛  ？？？,<曾一萱>: 回复 @张洋hunter :第一个，把怪兽头扣上的那个很可爱啊！炫酷！,<李正彦琦-朵朵>: 回复 @张洋hunter :你也不能来看我演出,<影帝张洋>: 回复  @陈琪琪-卡哇伊 :………………[晕]下丫头片子……,<影帝张洋>: 回复  @朵小肥IRIS :你就没句好话…………[泪][泪],<影帝张洋>: 回复  @曾一萱 :服务员吗…………,<曾一萱>: 够帅，太适合你了！,<李正彦琦-朵朵>: 回复 @张洋hunter :哈哈哈 热死你,<影帝张洋>: 回复  @王萌黎lillian :那娶了我吧[泪][泪][泪],<陈琪琪lovely>: 回复 @张洋hunter :可怜的孩子啊  你也要挺住啊 （这句话终于可以换做我说了）藕叶,<影帝张洋>: 回复  @我叫姜小呗 :热………………[泪][泪][泪],<影帝张洋>: 回复  @朵小肥IRIS :你穿上看看好玩不？？,<影帝张洋>: 回复  @王翼鹏wings :[泪][泪][泪]睡得不好……,<影帝张洋>: 回复  @陈琪琪-卡哇伊 :有点热……还在拍那……[泪],<古树紫芽>: 小伙，瘦了… 是不是剧组吃不好啊？,<李正彦琦-朵朵>: 好玩 哈哈哈]
hunterqiya	新戏里的造型，发出来晒晒，呵呵呵[嘻嘻][嘻嘻][嘻嘻] ​​​	[<影帝张洋>: 回复  @王璐diana :那也是必须的啊……哈哈哈[哈哈][哈哈][哈哈],<王璐Diana>: 回复 @张洋hunter :我哥就是我哥，不断努力积累能量且有天赋的的男人一定会成角！[呵呵][呵呵][呵呵],<神笔家的丸子>: 回复 @张洋hunter :洋哥适合演个阳光宅男,<莫桂芹>: 回复  @张洋hunter :听着名字,和你的造型你在里面差不多应该演的是个公子哥吧,<IAM-GONE>: 沒有黑眼圈就真的完美了...哥 北京哪拍戲呢 我探班去,<燕妮Nina>: 回复  @张洋hunter :回复 @张洋hunter :哈哈，等我去北京找你哈，大明星！,<Jocelynhuangg>: 回复  @张洋hunter :[嘻嘻],<余玥Yilia>: 回复  @张洋hunter :那不行~~,<影帝张洋>: 回复  @余玥 :别看了，丢人…………,<伍麟凱Jonathan>: 回复  @张洋hunter :说的什么话这是！,<余玥Yilia>: 回复  @张洋hunter :哈哈哈[吐舌头]我好期待,<影帝张洋>: 回复  @伍冠峯 :你越来越会聊天了…………[泪][泪],<影帝张洋>: 回复  @余玥 :傻子和楞子加点2加点耸……[泪],<陈琪琪lovely>: [哈哈] [哈哈] [哈哈] 回复 @张洋hunter :嗯嗯  洋哥 必须洋！！,<余玥Yilia>: 回复  @张洋hunter :[汗]2傻子吗？？,<影帝张洋>: 回复  @余玥 :导演让我往2b了演…………,<伍麟凱Jonathan>: 回复  @张洋hunter :实话实说而已！,<影帝张洋>: 回复  @佳Mio0oo :谢谢，呵呵呵,<余玥Yilia>: 回复  @张洋hunter :为虾米,<影帝张洋>: 回复  @丸子爱吃鱼儿 :晕啥,<快乐雁雁>: 回复 @张洋hunter :[抱抱],<影帝张洋>: 回复  @余玥 :看完你就不这么想了…………[泪],<Jocelynhuangg>: 回复  @张洋hunter :哦、很帅,<影帝张洋>: 回复  @快乐雁雁 :…………5555555谢谢姐[嘻嘻][嘻嘻][嘻嘻],<影帝张洋>: 回复  @种丹妮 :你终于说人话了啊……哈哈哈,<影帝张洋>: 回复  @伍冠峯 :第一回这么夸我[泪][泪][泪][泪]以后继续哈，嘿嘿,<影帝张洋>: 回复  @陈琪琪-卡哇伊 :都好[哈哈][哈哈][哈哈]看谁演…………哈哈哈,<影帝张洋>: 回复  @种丹妮 :你想怎么死，自己说吧……[挖鼻屎],<影帝张洋>: 回复  @佳Mio0oo :真爱至上,<影帝张洋>: 回复  @莫桂芹 :真爱至上,<影帝张洋>: 回复  @王璐diana :那必须的啊……哈哈哈，也不看是谁哥……哈哈哈[哈哈][哈哈][哈哈],<影帝张洋>: 回复  @Aagle韩思羽 :真爱至上[嘻嘻],<影帝张洋>: 回复  @常乐chelle :服务员范吗,<影帝张洋>: 回复  @Amy杨了 :谢谢了姐……呵呵,<影帝张洋>: 回复  @燕妮Nina :必须的啊…………呵呵呵,<燕妮Nina>: 哈哈，不错，蛮帅的,<Amy杨了>: 赞嘞……,<常乐0628>: [good]这是你的范儿、帅哈,<王璐Diana>: 不是我说 哥哥你状态越来越好了 帅！！,<莫桂芹>: 这眼神、这是那部新剧啊？,<Jocelynhuangg>: 拍什么戏呢,<_欣小xin>: 哎哟。。。,<种丹妮>: 回复  @张洋hunter :那好吧，你就是！,<陈琪琪lovely>: 比柱子好多了,<影帝张洋>: 回复  @种丹妮 :还真不是，我在演一个耸b,<种丹妮>: 终于帅气洋气潇洒一回！,<快乐雁雁>: 好帅啊，加油[爱你],<余玥Yilia>: 比上个洋气多了]
hunterqiya	狼哥哥们，我先回北京稳固阵地了，[酷][嘻嘻][哈哈] @李桓@王子睿blog  @演员李竹 @夏铭浩 @于金圣 @杨烁@重_阳 @朱志涛_易铭 @八爪弟  @陈颢文 @肖光奕 @曹_奇 还有@阿永-周墨豪 狼弟 @周扬 @Julie朱琳 狼姐@Amy杨了 狼妹……祝亲爱的兄弟姐妹们心想事成……大家注意身体，记得想我哦[泪][泪][泪] ​​​	[<_欣小xin>: 张洋童鞋，我发现你妹妹忒多啦，我都连老莫都算不上了啊~,<王璐Diana>: 欢迎哥哥回京，拍戏辛苦啦！,<朱琳Heather>: 我们会一直想着你的 回见。。[飞机],<陈琪琪lovely>: 回复 @张洋hunter :嗯嗯 你也是哈[泪],<于洪亮Collin>: 洋哥，好好工作，保重身体，给力啊！,<快乐雁雁>: 回复 @张洋hunter :这倒也是，年轻演员太不易了[委屈],<IAM-GONE>: 什麼時候到京？,<鱼宝宝0503>: 杀青了？,<制片人冯莉文>: 我明天去了哈哈]
hunterqiya	“小语”@种丹妮 出席搜狐春季电视剧互联网颁奖盛典，凭借《养父》入围最佳女新人，又一个“潜力股”诞生了！ ​​​	[<种丹妮>: 哎呦影帝可别这么说！,<奚子安>: 这么热闹啊。[可爱] 小帅哥好！,<快乐雁雁>: 回复 @张洋hunter :[抱抱],<影帝张洋>: 回复  @快乐雁雁 :[嘻嘻][赞][赞][赞],<快乐雁雁>: 回复 @张洋hunter :嗯[握手],<影帝张洋>: 回复  @快乐雁雁 :嗯嗯，巨蟹座的都善良那……,<快乐雁雁>: 回复 @张洋hunter :刚发现，你跟姐一个星座滴[耶],<影帝张洋>: 回复  @_欣小xin_ :谢谢妹妹，呵呵呵,<影帝张洋>: 回复  @快乐雁雁 :谢谢姐了,<_欣小xin>: 哥我相信你，一直相信，我现在祈祷的时候都会加上你了~~~]
hunterqiya	现场拍摄工作中………… ​​​	[<啜妮>: 回复 @张洋hunter :没忙啥~呵呵~影帝最近拍的顺利否？,<影帝张洋>: 回复  @啜妮 :最近忙啥那？,<影帝张洋>: 回复  @李彤花和尚 :嗯嗯，哦了[嘻嘻],<啜妮>: 回复 @张洋hunter :[害羞],<李彤花和尚>: 回复 @张洋hunter :哈哈，到北京给个信,<影帝张洋>: 回复  @啜妮 :[嘻嘻]谢谢妮，你最漂漂鸟…[哈哈],<影帝张洋>: 回复  @李彤花和尚 :看你通告了……哈哈哈,<影帝张洋>: 回复  @王诗淇_ice :……跟你开玩笑的，放心吧，没人舍得欺负你那，丫头，[嘻嘻]学习学的如何啊？,<啜妮>: 回复 @张洋hunter :夸你呐！,<王诗淇_>: 回复 @张洋hunter :别别，这个我知道的！我最懂礼貌啦！,<李彤花和尚>: 回复 @张洋hunter :有时间吃饭啊,<影帝张洋>: 回复  @李彤花和尚 :我可能12号回趟北京,<影帝张洋>: 回复  @啜妮 :干啥？[挖鼻屎],<李彤花和尚>: 回复 @张洋hunter :哈哈，拍到啥时候,<影帝张洋>: 回复  @李彤花和尚 :那必须的特殊任务啊……[泪],<影帝张洋>: 回复  @王诗淇_ice :呀哈，臭丫头，不教育教育你你是真不知道尊重师兄是中国的传统美德了是吧[挖鼻屎],<啜妮>: cool~洋仔,<李彤花和尚>: 一看就是特务,<王诗淇_>: 回复 @张洋hunter :[害羞]湿地...你在装啥子哦[问号][问号][问号],<影帝张洋>: 回复  @王诗淇_ice :呀，小美妞，留个电话给哥哥呗[酷]]
hunterqiya	现场拍摄任务中………………[思考] ​​​	[<影帝张洋>: 回复  @制片人冯莉文 :呃……那等我做大了在给你吧……呵呵呵[可怜],<制片人冯莉文>: 回复 @张洋hunter :你的公司又不值钱，我不要,<制片人冯莉文>: 回复 @张洋hunter :[馋嘴],<影帝张洋>: 回复  @制片人冯莉文 :呃……你看着要吧……只要您来贵公司，公司都是你的[可怜],<制片人冯莉文>: 回复 @张洋hunter :年薪？,<影帝张洋>: 回复  @制片人冯莉文 :嘴可以不大，但腕一定要大，你已经具备基本条件了……哈哈哈,<制片人冯莉文>: 回复 @张洋hunter :我的嘴又不大，怎么签？？,<影帝张洋>: 回复  @李佳璇微博 :姐教育的好…………哈哈哈,<李佳璇微博>: 小盆友越来越帅了哈,<影帝张洋>: 回复  @王璐diana :那必须的啊，呵呵呵……]
hunterqiya	灌篮高手的感觉…热血高校的感觉……有木有………有木有………！！！ ​​​	[<影帝张洋>: 回复  @高英俊 :必须的，俊哥一席话胜读十年书………哈哈哈,<高英俊Omar>: 必须我醒哥最帅，戏霸。你也不错，伺候好我们电影学院的哥。,<IAM-GONE>: 回复  @张洋hunter :還不讓人家說實話了？[右哼哼][左哼哼],<影帝张洋>: 回复  @杨子涵Isabella :嘘………低调…………,<影帝张洋>: 回复  @杨子涵Isabella :嘘………低调…………,<IAM-GONE>: 你和孟醒？哥 還是你比較帥,<影帝张洋>: 回复  @陈琪琪lovely :因为现在我头发是个盖子………,<陈琪琪lovely>: 回复 @张洋hunter :噢?老头发???看头发吧????,<影帝张洋>: 回复  @张倩如luai :…………别折我寿姐姐………您老人家再这么说………我容易挺过去………,<大象小姐__>: 樱木军团~~[嘻嘻]]
hunterqiya	为了艺术，我又剪了一回头………这个形象好像在超级玛丽里见过那………… ​​​	[<影帝张洋>: 回复  @林灿歌 :你那？？？,<影帝张洋>: 回复  @余玥 :你要朗诵一下吗…………,<李信睿>: 回复 @张洋hunter :离你不太远 有空去看你吧,<灿烂先生0909>: 回复  @张洋hunter :张娜明天晚上到。哈,<余玥Yilia>: 回复 @张洋hunter :[挖鼻屎] 好吧，”诗歌“,<影帝张洋>: 回复  @演员李小龙 :干嘛，你要过来啊？？？,<李信睿>: 回复 @张洋hunter :  哈哈还好其实帅呆  你是在横店是不,<影帝张洋>: 回复  @演员李小龙 :是不是像超级玛丽里的蘑菇………555555,<影帝张洋>: 回复  @林灿歌 :哈哈哈，等你那，灿娃………来了请你吃好的………,<李信睿>: 哈哈~~还敢在帅点不啊 ~~~]
hunterqiya	………开始怀念我以前的头发了…………[泪][泪][泪] ​​​	[<小成_ccc>: 又不是古装戏 为艺术献身嘛！,<影帝张洋>: 回复  @演员李小龙 :好啊，好久没聚了那………呵呵,<林半仙儿-Belinda>: 现在挺好，精神！,<李信睿>: 回复 @张洋hunter :  哈哈行啊 等杀了北京见吧~~~估计到时候也放假了~~~,<影帝张洋>: 回复  @莫桂芹 :！………呃………呵呵，好吧,<影帝张洋>: 回复  @小娇丸子 :谢谢………5555,<影帝张洋>: 回复  @演员李小龙 :在横店那…………呵呵,<莫桂芹>: 回复  @张洋hunter :好吧！我们记得你以前的样子,头发慢慢长出来的，但是如果你的一个角色演的出色,那不是很好吗？有失必有得,<方方方-QR>: 回复 @张洋hunter :没错啊。。。你不是嫌弃吗。。。,<李信睿>: 回复 @张洋hunter : 你在那拍呢啊？？]
hunterqiya	人在极度无聊的时候总会利用身边的一切高科技来愉悦自己……比方说……侯场的时候，用手机加自己“潮爆”的年代感发行组合出来的产品…………………… ​​​	[<一个神出鬼没的人>: 回覆 @张洋hunter :我疼你 我会疼你的,<影帝张洋>: 回复  @張洋_Young :你是？？哪个张洋？？呵呵,<影帝张洋>: 回复  @張洋_Young :你又不疼我，哈哈哈,<影帝张洋>: 回复  @马晓倩Go :你又不疼我……,<影帝张洋>: 回复  @关雪盈-乖- :是吧？？我也觉得………,<马小茜Go>: 回复  @张洋hunter :辛苦啦！,<影帝张洋>: 回复  @張洋_Young :啊？,<影帝张洋>: 回复  @马晓倩Go :打水哥………,<影帝张洋>: 回复  @夣妮_Niki :………是吧………我也觉得………,<关雪盈xy>: 哈哈 你真是潮爆了！]
hunterqiya	补一张昨晚开机饭的片片……浩哥，睿睿领照片了………哈哈哈 ​​​	[<影帝张洋>: 回复  @龙套李岩 :我就一龙套角色，呵呵，没什么东西。,<爱吃肉的李小白>: 回复  @张洋hunter :不用谢，就说句实话啊，看到你们的造型，真的好羡慕，好羡慕啊，呵呵。,<影帝张洋>: 回复  @龙套李岩 :谢谢………呵呵,<MINIBABY-RAN>: 回复 @张洋hunter :那我们 同家 同家。。。  给我来跟。。。,<影帝张洋>: 回复  @MINI-RAN :是啊，从家里带来的,<影帝张洋>: 回复  @潘之琳 :…………呃……女神同志……你是想让我挂彩吗…………呵呵呵,<MINIBABY-RAN>: 回复 @张洋hunter :你从山东带过去的啊。。。。,<潘之琳>: 回复  @张洋hunter :可惜 还缺了点红色的洞洞,<影帝张洋>: 回复  @MINI-RAN :类似就是白将……我带了4条过来……]
hunterqiya	突然发现剧组给我弄了个很潮的发行……… ​​​	[<伍麟凱Jonathan>: 回复  @张洋hunter :ok！,<影帝张洋>: 回复  @伍冠峯 :尽力吧，呵呵……你也加油，都看好你！！！,<伍麟凱Jonathan>: 回复  @张洋hunter :像人物就行，加油！,<影帝张洋>: 回复  @伍冠峯 :说真的，你看戏里，能死,<姜润楠>: 真不错！真不错[花心][花心][鼓掌],<爱吃肉的李小白>: 很很很很帅气啊,<伍麟凱Jonathan>: 还挺好看的,<周阳Drama>: 果然给力啊,<_欣小xin>: 哥接戏啦？,<李正彦琦-朵朵>: 回复  @张洋hunter :毒死你！]
hunterqiya	年后第一次大家庭小聚餐。冯姐，佳璇姐，邵桐哥，昊泽，张娜，魏大勋，还有林胖子我。对了，到不了场的@王子睿blog @演员崔林 @纳伊莎 @陈昌旷 你们嘴馋吧。 ​​​	[<影帝张洋>: 回复  @姚菲菲-Fiona :[猪头]呃……………這樣啊…………[泪]………妳贏了………我無話可說…………不過人傢真的一晚上沒睡嘛………[害羞],<菲来菲去的Fiona>: 回复 @张洋hunter :你怎么可能嫁狗嘛...坏人[偷笑],<影帝张洋>: 回复  @姚菲菲-Fiona :……………我又騙妳什麽了……………剛睡起來………有點暈………,<菲来菲去的Fiona>: 回复 @张洋hunter :[哈哈] 果然是骗我滴,<影帝张洋>: 回复  @姚菲菲-Fiona :………真的…………，我這會在幫學校招生，早上7點半之前必須到學校………昨天回學校的時候是早上5點半……騙妳我嫁狗…………呵呵呵[嘻嘻],<菲来菲去的Fiona>: 回复 @张洋hunter :不信,<影帝张洋>: 回复  @姚菲菲-Fiona :恭喜我吧………昨晚上沒睡…………,<菲来菲去的Fiona>: 回复 @张洋hunter :那你昨晚几点睡的？,<影帝张洋>: 回复  @姚菲菲-Fiona :哈哈哈，這錶情………我一晚上得興奮的睡不著………,<菲来菲去的Fiona>: 回复 @张洋hunter :[爱你]]
hunterqiya	好吧…………留下招生吧………爸媽………情人節快樂……… ​​​	[<影帝张洋>: 回复  @李纯_licy :工作？？？呃………什麽工作啊？？,<李纯Frida>: 回复  @张洋hunter :明天工作呀。。。,<LQ刘伊俊>: 哪里招生啊？,<影帝张洋>: 回复  @朵小肥IRIS :[泪]555555感動啊，妳叫我師哥了………哈哈哈，地位瞬間提昇了[泪],<李正彦琦-朵朵>: 回复  @张洋hunter :辛苦啦......师哥,<影帝张洋>: 回复  @朵小肥IRIS :不一定，反正不站門口了………今天站得腰疼………！[泪],<李正彦琦-朵朵>: 回复  @张洋hunter :哼...明天你在哪,<影帝张洋>: 回复  @李纯_licy :妳是不想迴來吧，明天打算去哪甜蜜啊？？？呵呵呵,<伍麟凱Jonathan>: 回复  @张洋hunter :哦。好,<影帝张洋>: 回复  @伍冠峯 :不是………是本來想迴去的………算了，有空電話說吧]
hunterqiya	叫上小鸡出去嗨会………哈哈哈 ​​​	[<种丹妮>: 回复 @姬努里维喆 :这家伙，面子太大了，仅代表北京人民欢迎你和坛子肉馆哈！,<小喆在路上>: 回复 @种丹妮 :我为了你在北京开一个！,<种丹妮>: 回复 @姬努里维喆 :等你来了，也吃不成啊，那馆子在济南啊,<小喆在路上>: 回复 @种丹妮 :坛子肉馆 O(∩_∩)O哈哈~,<种丹妮>: 回复 @姬努里维喆 :开个啥？,<小喆在路上>: 回复 @种丹妮 :那就等我去北京开个吧,<种丹妮>: 回复 @姬努里维喆 :太后悔了,<小喆在路上>: 回复 @张洋hunter :大嘴,<小喆在路上>: 回复 @种丹妮 :你已经后悔了吗？！,<影帝张洋>: 回复 @种丹妮 :电话联系吧~~~等你信,<种丹妮>: 回复 @张洋hunter :倍感鸭梨,<影帝张洋>: 回复 @种丹妮 :呵呵呵，我们俩随时准备着~~~等你驾到那~~~呵呵呵,<种丹妮>: 回复 @张洋hunter :不吃后悔一辈子的那顿必须吃，转告小鸡哥,<影帝张洋>: 回复 @LolitaDou喵喵 :·················你不诚实！！！！[泪],<影帝张洋>: 回复 @种丹妮 :抽一天过来吧~~~~得请你和姐姐吃个饭啊,<种丹妮>: 回复 @张洋hunter :28一天，29或30一天就杀青了,<Lolita杜喵喵>: 回覆 @张洋hunter :没说你老实 说你旁边的那位,<影帝张洋>: 回复 @LolitaDou喵喵 :好吧···········我承认····~~···我是老实人········,<影帝张洋>: 回复 @种丹妮 :呵呵呵，还拍几天？？？,<种丹妮>: 回复 @张洋hunter :可是明天就又有戏了！折腾死]
hunterqiya	突然好心疼……… ​​​	[<制片人冯莉文>: 回复 @_张洋_ :烦人哈,<影帝张洋>: 回复  @林灿歌 :缩写…………呵呵呵，还是说的隐秘点好………,<影帝张洋>: 回复  @制片人冯莉文 :没啦，挺好的，就是耗的挺难受的…………呵呵呵………,<制片人冯莉文>: 回复 @_张洋_ :我晕,<影帝张洋>: 回复  @制片人冯莉文 :等啥啊？？？,<影帝张洋>: 回复  @制片人冯莉文 :呵呵呵，刚才在跟我妹聊天，没看见啊……,<制片人冯莉文>: 回复 @_张洋_ :等得有点心烦了是吧,<影帝张洋>: 回复  @制片人冯莉文 :呵呵呵，刚回来………,<制片人冯莉文>: 回复 @_张洋_ :你反应好慢啊,<影帝张洋>: 回复  @制片人冯莉文 :呃………吃腻了………,<制片人冯莉文>: 回复 @_张洋_ :吃香肠,<影帝张洋>: 回复  @制片人冯莉文 :知道了………我多吃,<莫桂芹>: 回复 @_张洋_ :梦都是反的,醒来之后会发现一切都是美好的,努力的微笑每一天!加油,<制片人冯莉文>: 回复 @_张洋_ :多吃点就不心疼了哈哈,<影帝张洋>: 回复  @制片人冯莉文 :在外面和我妹妹吃饭那,<制片人冯莉文>: 回复 @_张洋_ :在学校呢,<影帝张洋>: 回复  @制片人冯莉文 :呵呵呵，想你了，呵呵,<制片人冯莉文>: 回复 @_张洋_ :看剧本，怎么了？,<影帝张洋>: 回复  @制片人冯莉文 :姐，忙啥那？？？,<影帝张洋>: 回复  @陈平子2008 :在干嘛那？？？,<陈平子_新闻发布站>: 回复 @_张洋_ :哈哈~[酷] 兄弟多虑了！[嘻嘻],<制片人冯莉文>: 回复 @_张洋_ :呵呵,<影帝张洋>: 回复  @林灿歌 :拼音缩写………,<影帝张洋>: 回复  @陈平子2008 :开玩笑那……生气了啊，老哥哥,<灿烂先生0909>: 回复  @_张洋_ :Xm是啥？,<陈平子_新闻发布站>: 回复 @_张洋_ :对不住，是我话多了。下回你就是~死干净了。我都装作没看见。,<影帝张洋>: 回复  @陈平子2008 :哈哈哈，怎么会，你都活着那，我有啥想不开的啊………哈哈哈,<王璐Diana>: 回复 @_张洋_ :没事么？,<影帝张洋>: 回复  @王璐diana :做梦了………,<伍麟凱Jonathan>: 回复  @_张洋_ :哈哈哈哈,<影帝张洋>: 回复  @李佳璇微博 :没………呵呵，就是做了个奇怪的梦………,<影帝张洋>: 回复  @王子睿blog :是真的到了感慨的时候了…………,<影帝张洋>: 回复  @伍冠峯 :……………是做了个梦…………,<影帝张洋>: 回复  @莫桂芹 :做了个让我心疼的梦………哈哈哈,<影帝张洋>: 回复  @种丹妮 :起得够早的啊，呵呵，主要是想你想的………,<影帝张洋>: 回复  @林灿歌 :梦见被你XM扎了！！！！,<影帝张洋>: 回复  @制片人冯莉文 :姐，真聪明………哈哈哈,<影帝张洋>: 回复  @郝晓萌Yolanda :挺好的，你那？？？,<影帝张洋>: 回复  @周月月yue :做梦了………呵呵,<陈平子_新闻发布站>: 咋又活不起了~]
hunterqiya	我靠，子弹真的飞起来了！！！好电影，姜文，偶像！！！ ​​​	[<刘孟-巫毒小怪>: 回覆 @_张洋_ :估计这也只能是个愿望永远不会实现了...,<影帝张洋>: 回复  @莫桂芹 :中国电影的希望啊……哈哈,<影帝张洋>: 回复  @王璐diana :改天再看一场，看一遍不够,<影帝张洋>: 回复  @勤沁Uni :那必须不是啊………哈哈哈,<影帝张洋>: 回复  @刘孟-巫毒小怪 :S让子弹追你！！！哈哈哈,<本兮微白城市>: CET必过秘笈.三长两短选最短.三短两长选最长.不长不短选ac.,<莫桂芹>: haha、凌晨的首映，最爱开场的时候，真美。剧终有一半观众起立鼓掌，另外一半估计是因为电影院里太热，着急出去=v=回来的路上几乎没有车，好像很久都没看过一部脉络这么清晰的电影，有点缓不过来神儿，姜文我的偶像。帅气、,<许博达Buddha>: 那去看看,<王璐Diana>: 太欠揍了你！说好一起看的！,<钟勤沁>: 谁都是你偶像，我是不？]
