jaselee	时髦的花花 in @Lost_General 17AW #华晨宇明日之子##华晨宇# ​​​	[<-花院->: 爱。 #华晨宇东方卫视旅途的花样#   #华晨宇雅诗兰黛品牌大使#  ,<PUZZLE-MONSTER>: 太帅了 #华晨宇东方卫视旅途的花样#   #华晨宇雅诗兰黛品牌大使#  ,<MarsLeafyu>: [赞] #华晨宇雅诗兰黛品牌大使#   #华晨宇#  ,<阿一古瑶VIP>: 里面穿的是什么T？,<和华先森好好学习>: 好看好看[好喜欢][好喜欢] #华晨宇雅诗兰黛品牌大使#  ,<袖意>: #华晨宇#  [喵喵],<我数学不好你好你教我>: 帅！ #华晨宇#,<Puzzle糖糖yu>: #华晨宇雅诗兰黛品牌大使#   #盛世魔音华晨宇#  帅呀[太开心],<_GWings_>: #盛世魔音华晨宇#   #华晨宇雅诗兰黛品牌大使#  华晨宇穿起来真的很有范了感谢分享,<守护来自火星的你>: 感谢分享[羞嗒嗒][心],<傻花我们都一样wnf>: #华晨宇雅诗兰黛品牌大使#   帅的[羞嗒嗒],<大魔王味祖宗yu>: 我们的魔王[并不简单][并不简单][并不简单],<krisbella花>: 今天这一身超级霸气哦[憧憬][憧憬],<好汉一棵草>: [心]// @哎呀妈呀花爷 : 今天是大魔王// @华晨宇范儿 : #华晨宇范儿#  是我们的魔王啊。,<用户H19900207>: #盛世魔音华晨宇#   #华晨宇雅诗兰黛品牌大使#  [噢耶],<华晨宇范儿>: #华晨宇范儿#  是我们的魔王啊。,<迷之揪揪yu>: 花花穿着比模特好看多了 [色] #盛世魔音华晨宇#   #华晨宇雅诗兰黛品牌大使#,<灰灰灰灰灰yu>: #华晨宇#  好看(○｀ε´○)衣服项链好看，壳哥也好看(｡･ω･｡)ﾉ♡,<静思0594>: 帅爆了，太酷了，今天的服装也特别好看 #华晨宇#  ,<悠闲自得97>: #华晨宇雅诗兰黛品牌大使#  ,<花一直开放>: 华晨宇穿好好看啊 #华晨宇#   #盛世魔音华晨宇#   #华晨宇东方卫视旅途的花样#  ,<ps4王大大大大文yu>: 哥哥最近喜欢女装啊 #华晨宇雅诗兰黛品牌大使#  ,<没事儿瘫个饼>: @华晨宇范儿  帅炸！ #华晨宇雅诗兰黛品牌大使#  ,<Puzzle喵喵_yuki>: #华晨宇雅诗兰黛品牌大使#  [鲜花] #华晨宇#  ,<Judy娘亲不丧不丧>: 好好看[太开心],<就一骨朵儿>: 超酷[小黄人高兴],<喵喵咪个喵喵>: #华晨宇明日之子#]
jaselee	发现僵尸粉儿有点多[衰] ​​​	[<MUYANHABA>: 我是默默的关注 不敢打扰粉[哆啦A梦汗],<李享>: 回复 @7planet :比心[心],<xxskkdgn>: 回复 @xxskkdgn :是的[噢耶],<李享>: 回复 @xxskkdgn :真爱粉吗[摊手]  http://t.cn/R6bGMd9,<7planet>: 多年老粉[二哈],<xxskkdgn>: 我可不是僵尸粉[挖鼻]  http://t.cn/R6bGZBO,<C244244>: 回复 @李享 :[doge]那你能不能告诉我 M说的男朋友说你吗,<征妮儿>: 回复 @李享 :[月亮][月亮][月亮],<李享>: 回复 @C244244 :哈哈 感动,<李享>: 回复 @征妮儿 :[干杯][干杯][干杯],<李享>: 回复 @小小陈-HR :两行老泪一言难尽,<征妮儿>: 看样得冒泡出来夸夸你[二哈][二哈],<小小陈-HR>: 是啊，那么多粉丝，这么点儿留言，有的心酸,<LavinXiao>: 回复 @李享 :必须的 向享哥学的[酷],<李享>: 回复 @性感无敌可爱小遥遥 :[羞嗒嗒],<李享>: 回复 @AKIKIYU :我去补美容觉了[亲亲][亲亲][亲亲],<邓西學妹>: 回复 @李享 :那你要记住我的名字哦[挤眼],<李享>: 回复 @LavinXiao :不对，你算鲜肉粉,<李享>: 回复 @李娘娘娘 :就知道你会问🙃,<李享>: 回复 @邓西學妹 :刚知道[亲亲],<LavinXiao>: 行尸走肉粉[笑cry],<邓西學妹>: 回复 @李享 :所以 你知道我是你的真粉吗🙃,<MINI江江>: 回复 @李享 :好像被你监视了怎么办[哈哈][哈哈][哈哈],<AKIKIYU>: 回复 @李享 :不不不 我们都是跟随你,<李享>: 回复 @邓西學妹 :好像不是所有人都能看见，是平台🚫流量,<李享>: 回复 @带烧饼的馅儿 :[污][二哈],<李享>: 回复 @MINI江江 :是你吗？  http://t.cn/R6bL5H4,<李享>: 回复 @AKIKIYU :我要跟随aki大神的步伐,<李享>: 回复 @Dereckill :男神经偶尔,<Spenserw>: 那我诈下尸咯[doge],<AKIKIYU>: 今天很嫩！！！很好看,<Gigi__________>: 回复 @李享 :在校大学生啦 关注各种时尚方面的东西 当然关注你 就是现在经济实力有限 买不起啦 会努力的[拳头][加油],<是小5啊>: 回复 @李享 :别嘚瑟 你已经被僵尸粉监视[微笑],<李享>: 回复 @YOUZH93 :[羞嗒嗒],<李享>: 回复 @Papawu :[奥特曼],<李享>: 回复 @Gigi__________ :[二哈]这话说的[污],<是小5啊>: 谁说我是僵尸粉  http://t.cn/R6bAqdM,<Gigi__________>: 默默看你发 各种好看的东西 都买不起,<朱朱不是猪猪呀>: 哦哟  可能是我,<李享>: 回复 @-xh薛卉 :[害羞],<李享>: 回复 @神气飞天猪 : @Lost_General  5月左右限量发售[酷],<神气飞天猪>: 枪炮与玫瑰上衣好看哪里买的？]
jaselee	周末和我大喵总玩撞衫[喵喵] 我妹素颜真是太美腻了[花痴][花痴][花痴]@倪妮V ​​​	[<_kittykittykitty>: 喵总美[污][羞嗒嗒],<ybzcsu>: [好喜欢][好喜欢],<童爱妮vv>: 每次想到形容我妮，就词穷,<七时九分>: 我老婆太好看啦[羞嗒嗒],<喵越>: 哥哥你好 你妹夫在此[笑cry],<核橘少女>: 我喵总好美哟 脚脖凉吗,<倪妮de日常>: #倪妮凰权#   #倪妮代言薇婷#  我妮萌萌哒[擠眼]我要给 @倪妮V  买双 @优衣库_UNIQLO  的袜子🙈,<嘻嘻嘻7654321>: [花痴][花痴],<段梓童SupeRwoMan>: 美美哒喵 俩人颜值都不是一般的高呀[泪],<黄小鸭学生>: 喵总帅帅哒。[心],<-NininiNini->: 哈哈！我妮皮肤超好对不对[太开心]有没有很羡慕[害羞][害羞],<白依喵>: 你可以有原图[喵喵],<lll柳柳柳_>: 我喵总脚不冷吗[偷笑] @倪妮V,<李享>: 回复 @方圆-DAISYCHEN :是L的。我穿XL[污],<方圆-DAISYCHEN>: 想问下喵总穿的是L号到嘛[爱你][爱你][爱你]]
jaselee	“伦”见“伦”爱的太子化身花见花开的小王子[皇冠] 意大利·米兰 ​​​	[<Plum-sweet>: 不要低头！！伦伦会笑[doge][doge][doge],<御树临风>: 亲亲小王子～[爱你]他就是太子啊！[哈哈][二哈],<盛家军三三号>: #盛一伦米兰时装周#  帅的不要不要的 @盛一伦,<盛一伦白胖鱼>: 谢谢博主分享，我家的小王子啊 @盛一伦,<爱喵喵的八帝>: 又帅又萌的小国王[舔屏][舔屏],<西门吹雪1108674470>: #盛一伦#   #盛一伦米兰时装周#  分享一个令人眼前一亮神清气爽的[皇冠]小王子 @盛一伦  [爱你][鲜花],<心辰煜苏>: #盛一伦#   #盛一伦米兰时装周#  太赞了，衣服超好看，人更好看,<盛一伦喜欢荡秋千>: 我的小王子[心] @盛一伦  ,<levin35>: Backstage[皇冠],<盛一伦全国后援会>: #盛一伦米兰时装周# #盛一伦米兰走秀#  BACKSTAGE  @盛一伦  ,<素色心情0923>: #盛一伦#   #盛一伦白胖鱼#   #盛一伦米兰时装周# 帅！表白盛一伦！给我来一打盛一伦！我要抱回家过年见爸妈！ @盛一伦,<初夏琉璃绛紫perfetto>: #盛一伦米兰时装周#   #盛一伦#  表白盛一伦，我的帅气逼人高贵大气小王子！！！ @盛一伦,<纪念-2013>: #盛一伦米兰时装周# 花见花开的小王子[笑cry]嗯，很有道理,<巴巴豆儿>: 伦伦真的很有范儿！继续发光！,<冯一伦是我脑公>: 表白盛一伦[爱心][爱心][爱心] #盛一伦米兰时装周#   #盛一伦#,<拔丝v555555>: 帅爆！！！[色][色] @盛一伦,<盛一伦的天鹅宝宝在此>: [色]这套衣服也很符合他的气质，青春洋溢，很符合他的年龄，头上的皇冠点睛之笔，不得不说， @盛一伦  五官长得太好看了，立体棱角分明。而且带有一种少有的气质，可能是轮廓立体的原因，但不是异域风，是贵族气。站欧美人当中看起来很秀气，在东方人当中非常立体，很出挑。 #盛一伦#   #盛一伦米兰时装周#,<盛世伦舞曲>: 谢谢分享，今晚小王子太帅了[羞嗒嗒] #盛一伦#   #盛一伦米兰时装周#  ,<洛神拓兰_猫二爷>: #盛一伦# #盛一伦米兰时装周# 我boy[爱你][爱你][爱你] @盛一伦  ,<小钻钻要巡山>: #盛一伦米兰时装周# #盛一伦# 帅气[爱你],<小葫芦弟弟babyboy>: 表白盛一伦[爱心]️[爱心]️我们的帅气绅士小王子加油 #盛一伦# [爱你][爱你][爱你] @盛一伦,<钟旭923>: @盛一伦   #盛一伦米兰时装周# #盛一伦# 我的王子,<vivian小龙婆婆>: 真的很适合他家衣服[good] #盛一伦米兰时装周#    #盛一伦#,<-盛一伦>: 帅哭我 @盛一伦  [心][心][心][心][心],<盛世一伦jl>: 谢谢分享，盛一伦米兰首次走秀，表现力很强，台风棒棒哒[太开心][太开心][太开心] @盛一伦   #盛一伦米兰时装周#,<盛世一伦jl>: 回复 @魔术师的小象15 :台风很稳,<盛世一伦jl>: 回复 @魔术师的小象15 :盛一伦小王子[鲜花][鲜花][鲜花],<Littlebreak>: #盛一伦米兰时装周#   #盛一伦米兰走秀#  伦见伦爱花见花开[好爱哦][好爱哦]小王子太棒啦[鲜花][鲜花] @盛一伦  ,<好吃不过大盘鸡>: #盛一伦#   #盛一伦米兰时装周#  我的小王子[亲亲],<C家小小小0>: 超自信的小王子！[酷]  @盛一伦,<oO多喜爱>: #盛一伦#   #盛一伦米兰时装周#   #漂亮的李慧珍#  不得不说， @盛一伦  五官长得太好看了，立体棱角分明。这套衣服也很符合他的气质，青春洋溢，很符合他的年龄，头上的皇冠点睛之笔，小王子[鲜花],<Angel姿姿>: 我伦太帅了[愛你] #盛一伦#   #盛一伦米兰时装周#,<随心特伦苏syl>: #盛一伦米兰时装周#  帅帅的小王子[羞嗒嗒][羞嗒嗒][羞嗒嗒] @盛一伦  ,<林轻影0823>: #盛一伦米兰时装周#    #盛一伦米兰走秀#   小王子伦！ @盛一伦  [哆啦A梦花心],<Summer偏心盛一伦>: 回复 @TS-小考拉 :[鼓掌][鼓掌][鼓掌][鼓掌],<高山流水的天空>: #盛一伦米兰时装周#   #盛一伦#  表白盛一伦，我的小王子！！！ @盛一伦,<cleo超级变变变>: 好看！ #盛一伦#    #盛一伦米兰时装周#  我的小王子饿！[亲亲],<咖啡加盐what>: 谢谢博主[爱你] #盛一伦米兰时装周#,<盛加伦>: #盛一伦米兰时装周# #盛一伦# 王子伦,<足栖>: 感谢博主分享[亲亲][心][心],<绝伦公子>: #盛一伦米兰时装周# 谢谢分享，超级喜欢小王子伦 @盛一伦  [鲜花][鲜花][鲜花] #盛一伦米兰走秀#,<足栖>: 有点懵懵的可爱，可爱又帅气  #盛一伦米兰走秀#   #盛一伦米兰时装周#   #盛一伦漂亮的李慧珍#   #盛一伦# @盛一伦,<盛家军小雨>: 回复 @菇菇是盛家军777号 :棒,<盛一伦和99>: 王子伦[爱你][爱你][爱你] #盛一伦米兰时装周#,<菇菇是盛家军777号>: 回复 @盛家军白胖雨 :[舔屏][舔屏],<唯爱trentsue>: #盛一伦米兰时装周#  小王子[爱你] @盛一伦  ,<你de小胡茬呀>: [爱你][爱你][爱你]笔芯 @盛一伦  ,<盛爷的女人>: @盛一伦   #盛一伦#   #盛一伦米兰时装周#  [爱你],<寻找盛一伦>: #盛一伦#   #盛一伦米兰时装周#  我的王子弟弟，萌帅[好喜欢] @盛一伦,<Jeferai>: 哈哈哈谢谢博主的图！ #盛一伦米兰时装周#  完美[爱你][爱你] @盛一伦   #盛一伦#  ,<秦问天是抖抖的>: #盛一伦米兰时装周#  好帅，不愧是盛一伦我的男神啊啊啊啊 @盛一伦,<盛一伦的点赞越多越好>: #盛一伦#   #盛一伦米兰时装周#   #盛一伦米兰走秀# 哇偶！小王子盛一伦好帅啊[鼓掌][鼓掌][鼓掌][心][心][心] @盛一伦,<呆萌钟灵>: #盛一伦米兰时装周#     #盛一伦米兰走秀#    盛一伦米兰时装周杜嘉班纳走秀，五官深邃立体，服装上华丽的刺绣配头上的王冠，气场全开，简直就是王子驾临！ @盛一伦,<伦伦雨风>: #盛一伦米兰时装周#   #盛一伦#  小王子好帅哦[色][色][鼓掌][鼓掌],<翡翠和恶魔>: 哦~我的小王子 @盛一伦   #盛一伦米兰时装周#]
jaselee	三个字夸我 __ __ __ [鲜花][鲜花][鲜花] 韩国·清潭洞 ​​​	[<歐爺guimei>: 说在一起没用[嘻嘻][嘻嘻][嘻嘻],<shinoyao>: [色][爱你][色],<俊俏果>: 你最帅 你真好 你真酷 就你帅 旁边的 没你酷 只有你 超级酷  这样子 够了吗 我说的 真心的,<爱满入心>: M只有夏天？[哈哈][哈哈][哈哈],<爱满入心>: 一对儿[强][鼓掌],<白又白的白小白啊>: 喜欢你俩在一起[心],<李享>: 回复 @ujin :[阴险]]
jaselee	这位弟弟也是时髦的不要不要的 #love# 美国·洛杉矶 ​​​	[<三色年糕妖怪>: 谢谢你们夸哥哥[心],<沈芒果呀>: [偷笑]喜欢第二张 #井柏然#,<JY豆芽儿>: 内地最时尚男星[赞][色],<fanfan---->: 第二张图也可爱[太开心]]
jaselee	#我要我们在一起-范晓萱[音乐]# ​​​	[<_eoeo>: @kwonGD-  [doge],<Belllllllll>: 观光团打卡 [doge],<张zhangsmile>: Dior Homme2016夏季系列夹克,<ramagn>: 超喜欢巴黎世家的这双鞋[泪][泪]]
jaselee	主要看......来着？ 法国·巴黎 ​​​	[<包砸cc>: 气质 天仙攻[哆啦A梦花心],<ignore_茗>: #刘亦菲巴黎时装周#  气质！[酷],<娟子今天学习了没有>: 这是一道送分题啊，同志们,<镜天菲雪687>: 这才是气质美人[抓狂]现在的她气质越来越多变，可霸气可温婉，可亲切可疏离。隔着屏幕都能感觉到 #刘亦菲# 的气场,<山中何事-_>: 气质气质气质！！！重要的话说三遍！！！我岂不是满分[偷笑],<浅浅而来Crystal>: 气质[爱你] #刘亦菲Dior迪奥形象大使# #刘亦菲巴黎时装周#,<骄阳似我曙光似你>: 看气质，看气场，看天仙[爱你],<梅思菲>: 主要看气质，还有美貌加成呐 #刘亦菲#   #刘亦菲巴黎时装周#,<野原美伢29岁A罩肚子三层肉>: 这是一道送分题啊朋友们,<亦我亦非卿>: 哈哈大家都懂[喵喵],<秋水伊人lyf>: 气质[哈哈] #刘亦菲巴黎时装周#,<刘浅浅快过来>: 气质，从她出道起就是气质美女了，难得现在修炼得这么攻气十足，而且还是个与众不同的天仙攻,<Daria_生如夏花>: 这张很有超模范儿[色],<秀嫣龙浅>: 主要看气质[喵喵],<亚力朵>: 这个填空题我能拿满分，主要看气质,<小兔子爱丽丝>: 气质，太耐看了[哈哈],<dadadada是4pm>: 气质[瞧瞧][瞧瞧],<刘浅浅VS刘素素VS刘司音>: 气质！！！[爱你][爱你][爱你][爱你],<亦倾颜>: #刘亦菲巴黎时装周#  气质气质气质！脸脸脸！腰腰腰！腿腿腿！她都有！！,<橙菲箬星樱倪>: #刘亦菲巴黎时装周# #刘亦菲# #刘亦菲天仙攻# 气质气质气质！[嘻嘻][嘻嘻][嘻嘻][嘻嘻],<小蓝本1994>: 气质，[哈哈][哈哈][哈哈][哈哈],<makesuccess>: 气质[doge],<拜占庭的加菲猫>: 脸[喵喵][喵喵][喵喵]气质是用来感受的 天仙攻 #刘亦菲巴黎时装周#,<斯坦丁马卡里奇曾>: 气质！！！[哆啦A梦花心],<小妹佩奇>: 主要看气质博主！[哈哈]  #刘亦菲天仙攻# #刘亦菲巴黎时装周# #刘亦菲三生三世十里桃花# #刘亦菲天仙攻#,<且看伊人舞>: #刘亦菲巴黎时装周#   #刘亦菲#  主要看刘亦菲[哈哈],<天仙怀里的困茜茜>: 气质[不好意思],<韓小靜4pm>: 天仙攻的 气质[害羞],<济爱联合创始人丹丹-女性私护>: bobo爱她是一款针对女性私处的保养品 ！可以排毒、缩阴、治疗妇科疾病！例如：宫颈糜烂、盆腔炎、霉菌性阴道炎 宫寒等,<嘉小野>: 气质[害羞]天仙攻帅哭了,<菲浅LOVECC>: 哈哈   主要看美女～ ,<咸香芝士味汽水>: 气质哦 博主太可爱了 玩填词呢[眼泪] 不过我们这边是凌晨哎 都睡了[月亮],<来还是不来呢呢>: 气质气质气质[太开心][太开心]。刘亦菲可甜美可御姐可萌可攻可妩媚可帅气的气质太迷人了，天仙攻一脸~[太开心][太开心]]
jaselee	小江江、骆驼和新疆小舅舅[阴险]@霍思燕 @杜江侦察记 ​​​	[<QI_LIU->: 新疆的长得都帅，我为新疆代言[嘻嘻],<顿顿常常懵懵地>: 回复 @山高人为峰2000 :长得跟外公一模一样,<仰头的向日葵>: 他眼里只有棒棒糖！,<PockeyF>: 新疆叔叔的手还没好[抓狂],<山高人为峰2000>: 冒昧的问下：这孩子是亲生的吗？因为我很相信基因学……,<谢Queena猪咩咩>: 感觉嗯哼和骆驼长得好像[傻眼],<大美妞生如夏花_2014>: 萌萌达[鲜花][鲜花],<一只小味精>: 吓死宝宝了 还以为是你 @橘子你个喔润吉i,<赵双莹欸>: 没有和我嗯哼大王合照  差评[拜拜],<明珠小井>: 嗯哼 大王更蒙啦 @杜淳  快点带大王来我们身边,<吃可爱长大的荞麦君>: 骆驼又胖了[笑cry][笑cry],<鹿人艺>: 我也是新疆的。[doge],<yico灰机>: 帅帅帅！！！！[心],<仝Zzz>: 你也是新疆的？？,<景一小哥长发飘>: 能在乌鲁木齐遇见你吗[馋嘴],<忙day滴晓姑娘>: 回复 @超级M小姐_ :是啊,<麦塞牙>: @Warm-sunshine轩,<超级M小姐_>: @忙day滴晓姑娘  这么看跟我嘟嘟长很像,<Shirley-San>: 真的是新疆人？？？,<银魂北极熊>: 期待下一期的爸爸回来了,<朱艺环_>: 新疆儿娃子[haha],<朱艺环_>: 壮我大新疆[haha],<QILEII>: 有种嗯哼手上的糖是那个男的做的的感觉[挖鼻],<只做你的女神经>: 嗯哼帅帅哒 [花痴]萌萌哒 [花痴]爱嗯哼的赞我 [飞吻] [飞吻],<姜茶晨曦>: 果然帅是基因问题,<-老爷爷的小酒馆>: 好棒。我为新疆代言,<TYUZ_>: 都帅果然基因问题阿,<何何Aquarius>: 我也是新疆的[可爱][可爱][可爱],<dawen52>: 求送台iPhone,<仙女姐姐KIKI>: 我大新疆的帅哥[脸红],<萌萌Teresa>: 我大新疆菇凉美小伙子帅！棒棒哒，儿子娃娃！,<李玉婕LYJ>: [惊恐][惊恐][惊恐]呢天在铁路局看到就是骆驼嘛~,<欣范>: 嗯哼太可爱了，以后我也要生一个这么可爱的孩子,<CAOYU0329>: 帅萌 替我摸摸骆驼 好喜欢它 [甜馨得瑟],<Tony-大黄狗>: 新疆小哥手指头咋了呀,<桔子味的井>: 亲亲嗯哼[挤眼],<王可艾_>: 我也是新疆的[偷笑]]
jaselee	大侄子过生日 @嗯哼大王_小江江 [萌][萌][萌] ​​​	[<元气少女姜美美>: 嘿嘿骆驼🐪可爱喔！,<患得患失everlast>: 霍思燕你能拍照的时候不要这么做作吗,<木偶和蚂蚁>: 果然得有骆驼，感觉霍思燕一家好有爱啊，那么多狗狗,<李夫人_喵喵>: 生日快乐，可爱的小短腿。,<Grvi123>: 生日快乐，天天快乐,<贾红玉_>: 我这有怀姜糖膏 纯手工熬制无添加 养生的一种 可以治疗宫寒月经不调手脚冰冷 帮忙推广 现在的女的十个就有九个都有月经的问题 如果有朋友被月经不调宫寒手脚冰凉折磨的可以点进来戳我 ！,<dewloungee>: [真心英雄朱亚文],<青听兮宇>: 嗯哼大王生日快乐[蛋糕][蛋糕],<大大大大大-圆脸>: http://t.cn/RyM8NX4  注册送20啦,<国民老公翰哥>: 嗯哼生日快乐快乐,<普隆德拉之约善>: 回复 @kelly_z蓓 :,<周雯雯_>: 密集恐惧症[怒][怒],<还有谁记得那时的菜吖>: 生日快乐[太阳],<GAHUI_hilary>: 回复 @-xiANGLi- :早就爱上了[微笑][微笑],<飞泰国的baby>: @王可佳佳 ：➕微信h513866036支付宝就打2块钱，不打是狗,<阿呦李哈哈>: 生日嗨皮！嗯哼宝贝！ [星光][星光][星光],<疯狂小肉粽>: 关注我送红包30[doge]私信戳我,<广州艺高艺术-李享>: 回复 @吴嘉慧hilary :我很出名的 有没有爱上我[喵喵],<-MiLiiii>: 诚招鞋子代理，不用给钱，鞋子均为正品尾单，全部包邮，不定时活动，阿迪，万斯，亚瑟士，新百伦，耐克，杜兰特，科比，乔丹，气垫鞋，童鞋。各种各样的都有，你想要的这里都有，价格不贵，质量是和专柜同步的。诚信经营童叟无欺欢迎咨询。欢迎来我微博看看哦[爱你][爱你],<GAHUI_hilary>: @-xiANGLi-,<IN17>: 原来这是嗯哼的微博[江南style],<Megan--Shiyou锦>: 这是杜江和骆驼吧,<水果儿味的贺潇>: @奶瓶我要炸了  看绿色的部分 仔细看 [喵喵],<夏天水煮鱼>: 嗯哼和骆驼都健康快乐,<麻团呢>: 为什么评论这么少,<WHY月光如水>: 大王上热搜了[崩溃][好喜欢][求关注],<榴莲很抹茶>: 好可爱，嗯哼跟骆驼君[鼓掌],<李享李享很理想>: 回复 @不爱我你瞎啊 :[害羞],<不爱我你瞎啊>: @李享李享很理想,<萌羊志宝>: 嗯哼大王生日快乐,<普隆德拉之约善>: 回复 @夏天肉肉 :美[去旅行]白针，丝[去旅行]丽xxl，“君到姑苏见，人家尽枕河；古宫闲地少，水巷小桥多。”纽拉[心]美丝，唐代诗人杜荀鹤给我们描绘了一个令人迷醉的瑞[去旅行]蓝阳光；人家临水而居，水上有着千姿百态的小石桥。 +w：gzxuemou,<吴小苗的鞋子铺>: 点我头像看豆豆鞋，包子鞋，皮毛一体雪地靴，还有童鞋哦  http://t.cn/Ryx5HvO,<大爱Seven琪>: 嗯哼生日快乐[蛋糕][蛋糕][蛋糕]祝福永远幸福、快乐[爱你][爱你][爱你]嗯哼超级爱你哟[爱你][爱你][爱你],<田田澜>: 爱你[蜡烛][月亮][月亮][月亮],<用户5263604082>: 生日快乐，开开心心成长,<吃货瘦不了丶mm>: [甜馨得瑟][甜馨得瑟]刚起来刷微博看到咱们同名同字缘分啊,<每天12点前都睡了吗>: 赞赞赞，赞我的发三十元红包，不发是小狗[爱你][爱你],<A伽X>: 没有骆驼高好不啦,<芭比裤鲁希腊哦买噶o>: [小公主珊珊][小公主珊珊][小公主珊珊],<久醉绕心弦mmmmmm>: 最喜欢嗯哼了[飞吻],<-FXCKING->: [嘻嘻][嘻嘻]]
jaselee	她的时代已经到来！@angelababy [good] ​​​	[<puxiudeN次方>: #angelababy戛纳电影节#   #angelababy丁思甜#   #鬼吹灯之寻龙诀#  大baby甜美的一身装扮简洁精致，大赞！[心],<小闪最可爱>: Baby很仙很美[鲜花][鲜花][鲜花][鲜花][鲜花][鲜花][鲜花],<虚空与捕风__>: 她26岁，作为演员还有学习和进步的空间。baby加油[心][心][心],<Hey_哟哟baby>: 太美了[悲伤][悲伤]美哭了[泪][泪][泪]]
jaselee	宝弟也是随随便便就能上头条！因为他姓# ​​​	[<淘桃SC>: 是哈 #井柏然郑爽#,<想找一个井叔叔>: #井柏然# [鼓掌][鼓掌][鼓掌],<傻白甜的小怪兽>: 好有道理我竟无法反驳 #井柏然# #井柏然花儿与少年# #2015井喷年#,<Daisy庄儿>: 好吧，这都可以[鼓掌][喵喵]今晚10点约约约,<小肥杨bbf>: 这都被发现了[偷乐] #井柏然# #花儿与少年#   @井柏然,<最灿烂的不是阳光>: 那我们下次不如刷 #井#,<土豆炒马铃薯my>: 2222222222222,<猴小暖暖>: [哈哈][哈哈][哈哈] @井柏然,<伍玖伍玖la>: 不！宝弟是靠作品不是靠姓！,<babyface苇子>: 哈哈哈hahaha #井柏然#,<仔仔_krismile>: #井柏然#   #井柏然花儿与少年#   #2015井喷年#  原来如此[偷笑][偷笑][偷笑]井井井～]
jaselee	下班赶着去看宝弟的大戏 @井柏然 ​​​	[<Jessie-不仅仅like薄荷绿>: 绝对是ins用惯了吧，电影失孤的话题应该前后都有 #电影失孤# ，哈哈[嘻嘻],<0209那天>: 看过后，应是极感动的。感谢你为电影《失孤》做的宣传。 @李享,<lvygood>: [吐舌头]我也看了,<陳妸愛耶->: [爱你][爱你][爱你],<冉ran一定要到7>: [爱你][爱你]]
jaselee	下班赶着去看宝弟的大戏 @井柏然 ​​​	[<L00小锥>: 真棒！谢谢支持哈,<Ailin琪>: 小爽去吗？ @井柏然,<赵先生得李小姐>: 别激动的爆东北话好不[偷笑],<JING_倩>: 我也是下班跑去看电影的[悲伤][悲伤]铁锁桥，竹林，妈妈的长辫子,<徐诗元>: 刚从电影院到宿舍、拐卖儿童题材、被赵薇抢了一步、这点有些吃亏、不过没关系、有刘在 不管啥剧都会看 都是好评、你也很不错、修摩托车的样子帅的嗨 [鼓掌][鼓掌][鼓掌],<zz_xching>: 这是个很明智的决定,<呦luo某某>: 毛雪松，。你差我 个恋爱没谈。   求赞求赞拜托了,<呦luo某某>: 曾帅。你终于可以谈恋爱了,<呦luo某某>: 铁索桥。竹林， 长辫子,<呦luo某某>: [悲伤][悲伤][悲伤][悲伤]我也是一下班就去看了,<李享>: 看完了！小男神和老男神飙戏简直太[赞]，大享哥必须给你打个💯分 #电影失孤 绝对是有诚意的作品，两代男神卸下偶像包袱用真情打动你我。,<XTfoina>: [good][good],<唯美_浪漫>: 你俩真是娱乐圈的一段佳话！井的情书比较浪漫诗意，亦幻亦真，而爽的绝对直白动人，带入感的强， 是15年最甜的荧屏情侣。真情的流露……这样一个年代如此手写情书，百年难遇啊！太感人了 太暖心了[赞],<倾慕暖男>: 回复 @js的甜蜜 :你想多了，我不是谁的粉，,<噗通噗通噗通>: 回复 @用户ilov6y6c94 :天，有你这种粉真是吓人，不黑怎么红都说出了,<倾慕暖男>: 回复 @js的甜蜜 :关你鸟事，我喜欢，不黑怎么红,<噗通噗通噗通>: 回复 @用户ilov6y6c94 :你丫脑子有病吧，不分场合叫郑爽，这么给她招黑，这微博干人郑爽一毛钱屁屁啊，郑爽的路人缘迟早被你们给败光,<小格小小格>: [拜拜] 最近已经跌入他的坑 求快搞定人生大事 粉很着急。,<倾慕暖男>: 公明大人的电影一定会大卖，小爽喊你回家吃饭！,<进击的黄卷卷>: [doge]告诉井柏然我好喜欢他,<陶瓷大姐姐>: 我要上班啊，要不然我也想去,<然并璇>: 老够意思// @井柏然 : 谢谢我大享哥.你老够意思了[亲亲] @李享,<RRob1ee>: 那我呢我呢[懒得理你][懒得理你][懒得理你] #电影失孤#   #320井柏然寻亲#   #井柏然#  // @井柏然 : 谢谢我大享哥.你老够意思了[亲亲] @李享,<无所谓我所谓>: [心]《失孤》是很值得看的一部电影还没看的大家快买票吧，华哥和井宝的演绎,看的是我见犹怜,从中的嬉笑耍闹,曾帅回家的背影,还有躺在雷泽宽的腿上。还有雷泽宽被打...跟着故事情节怜伤,感知。我还得吐槽下我看的最烂的一部电影就是《奔跑！吧兄弟》。[哼]看跑男电影看的我差点对电影绝望了[打哈气],<Rrrrrrrrrrrrrrrrrrrri>: #井柏然#   #电影失孤# [心],<试着与生活讲和可好>: #和老爸的那些事儿#   #井柏然#  同谢。电影失孤// @井柏然 : 谢谢我大享哥.你老够意思了[亲亲] @李享,<Kiimberley>: 好像好好看，谢谢支持 #井柏然# 的电影,<你是我的井色>: 谢谢// @井柏然 : 谢谢我大享哥.你老够意思了[亲亲] @李享,<不如剪个齐头帘>: 怎么不多买几张[挖鼻屎][挖鼻屎][挖鼻屎],<高小西SS>: 本來今天要去看的，被別的事情耽誤了，明天一定去，[可愛]票房大賣[羊年大吉][羊年大吉],<是静猪啊>: 谢谢支持[笑cry],<倾恋5557356779>: 我们也会去看，怎么不说我们够意思[笑cry],<我在你眼里是最丑>: 撮合爽妹纸和井宝[心],<圆滚滚的小君子>: 我也想去看井宝！！！！可是马上要考试了！！！！！,<无所谓我所谓>: 正经夫妇[心]迩们敢不敢再合作一部[泪][悲伤],<kkkyml>: [爱你][爱你][爱你][爱你][爱你],<0209那天>: 谢谢，只是想说，谢谢你。,<袁家妮子>: 好看不 井宝演绎的咋样,<梦想一定要有--万一实现了呢>: [心][心][心][心][心][心][心]想开一个属于你自己的掏宝网店吗[飞个吻][飞个吻][飞个吻]不需要自己进发货[最右][最右][最右]每天抽出几十分钟时间处理下订单打理下店铺就可以了[挤眼][挤眼][挤眼]有意向看我签名或看我置顶微博[啦啦啦啦][啦啦啦啦][啦啦啦啦][啦啦啦啦][啦啦啦啦][啦啦啦啦],<Sophia大濑>: 世界很圆，终会遇见。 3月20日 电影《失孤》温暖献映 刘德华 井柏然 主演。这是一部满怀诚意的影片。因为亲情，永远触动人心。此片不仅以打拐为题材，还关于父子，关于信念，关于人性。世界的底色是悲观的，所以乐观才弥足珍贵。希望大家都能去看看这部电影，找寻回家的路。 #电影失孤# [心] #井柏然#,<刘诗涵Ayh>: 爱宝，爱爽妹子。[花心][花心],<minibaby12138>: 上学的妹子伤不起,<-东吴_>: 周日集体失恋[心碎],<shijiale__>: [害羞]井宝宝加油,<sly丹>: 平时不怎么追剧，很喜欢你和小爽的电视剧，加油！,<Krystian王南钧的花儿>: 帅帅帅！支持票房！[鲜花][鲜花],<-Fashion-boy>: 响哥，小井有喜欢的女的或男的吗[笑cry],<斬KJ>: 表示看了的赞我[哈哈][哈哈][哈哈][哈哈],<邻家妹妹M>: @井柏然  [太阳],<森林木妹纸>: 看你骑着摩托到了福建看到华叔在沙滩上 @井柏然   #失孤[电影]#,<不许抢小刘同学的马卡龙>: 希望票房大卖 @井柏然  [飞吻],<不许抢小刘同学的马卡龙>: 井宝，演技超级赞 @井柏然,<关于木木夕的一切>: 我也要去看的喏！！！[太开心]]
jaselee	时间真特么是把杀猪刀啊... ​​​	[<南宫轩洛Eric>: .........这十几啊？十五吧？,<尼克德雷>: 那时候还是个小P嗨纸呢,<游园几梦>: 青葱岁月啊。那时候好年轻啊……怎一个帅字了得,<甩饼甩甩>: 那时候比现在貌似会穿,<孤独的局外人啊>: 哈哈哈哈，当年多么的青春逼人，现在青春没了，还剩下。。。[哈哈],<Tiffanylyue>: 你当年这么萌呢！哈哈,<石门库>: -=-岁月如梭只有在照片上才能明确显现。,<李享>: 回复  @Tammy_Dong :[亲亲][嘻嘻] 不行咯！6-7年了,<Tammy_Dong>: 天啊！好萌！！[抱抱],<yami老爷>: 脸上就写着嫩啊。。,<俞果果Hugo>: 回复  @李享 :呃，我全猜错！[落叶] 当年很嫩哦！[酷],<RoarCHRSITIAN>: 好年轻的享哥很像klaus... // @小安-TAO :[鼓掌]// @郭伟宸 : 哈哈！回忆过去，痛苦得想死忘不了！,<李享>: 回复  @叶毓聪 :澳、美,<俞果果Hugo>: 享哥，当年留英，还是留法？[围观],<李享>: 回复  @路遥Yoyo :[亲亲][亲亲],<李享>: 回复  @郭伟宸 :想死[泪],<星期二小姐路遥Yoyo>: 回复 @李享 : 没有没有，如今帅气迷死银！[爱你],<李享>: 回复  @Si淼滨 :[兔子][兔子][兔子]现在可不行咯,<李享>: 回复  @路遥Yoyo :[挖鼻屎]现在一脸褶,<李享>: 回复  @迷死任 :[害羞]有6-7年了,<迷死任>: 好嫩的小伙子呀！,<星期二小姐路遥Yoyo>: 享哥，你把我萌坏了！[花心],<Miss_Looo>: 帅的咧～[花心],<Dolphin_卿梓汐>: 您年轻时真是正太一名啊,<郭伟宸>: 哈哈！回忆过去，痛苦得想死忘不了！,<Diiiiiiiiiiiiiiiiiiiii>: 发际线。。。。。,<西大西>: 哈哈哈哈哈哈哈哈,<打油诗界的王二妮>: 哎呦喂好可爱！！！,<我的姑娘miss>: 这照片也太……    时间啊时间！！！,<神经病潘超>: 有点像国外的小帅哥、,<金牌大凡>: 彼时清秀美少年，此时欢寻俊青年]
jaselee	东航太给力了[赞]  首航直飞夏威夷往返含税RMB1197 [太开心] ​​​	[<料理盒子>: 乘上个5以内 都是好～～～价钱呀！你抢到了么？对了，上次去ITALY，也没见你发个游记啥的，给来个踩点儿报告呀[鼓掌],<李享>: 回复 @料理盒子 :木有了 555555555,<料理盒子>: OMG! N久没去过好阿姨了！整两张，整两张！！！[太开心],<KatherineZhow>: [围观] // @Lovelabel ：// @felicia戆戆 ：！！！// @涵_HHh :无,<爱吃樱桃的袋鼠>: 美国签证没那么好办？是不是限时限量滴呀！好象去玩哦,<LucianoPavarotti>: 2011结婚就行？,<我是加菲_Sara>: 真的假的？没有＂起＂吗？,<foxsonn>: 好像是我名字的英文缩写啊！,<盘点快乐>: 转发此微博:哈哈，要么我们一起？ // @阿汪娘 :哈，终于有直航了。。。  @盘点快乐   你的签证还可以用。。。,<柳雪冷>: 要去夏威夷 @灵鱼紫雁  // @墨嘉熙 ：瓦晒。不是吧，这么给力。会不会抢不到啊// @李享 ： http://t.cn/aR6LUI  抢吧！DFS同样欢迎您[耶],<MacHoliday>: @jackalhale,<beer519>: @MacHoliday,<大昕昕昕昕>: 真的假的！！这么便宜、、、要死了！,<感叹号冈冈的>: 这么便宜？ @料理盒子,<Scorpio_DZ>: 转发此微博:侬准备动作起来了？// @Piratewings :还有4个月//  @殇卜杞  :[泪] //   @vivienne1218   :册那，难不成还得找个人登记[鄙視] //    @Davis成东亮    ：规定是2011年登记结婚或者50岁以上的人才可以定，[晕],<GoatFriend>: 回复 @misterKK :你要自己搵嚇啦,我都唔知首航日期系幾時嘎,<MisterKK>: 回复 @Deadline羊羔羔 :几时的？,<阿蒙SAMA>: [嘻嘻] 然后发现整个飞机上全都是咱自己人，包航了哈哈哈哈,<猫_酱>: 给个传送门！！// @哆啦z萌 ：真的假的？求入口！ // @吴尊家的宝 :国际航班还可以吧~关键我没找到这个便宜机票销售入口//  @大笑嫣  ：东航的飞机谁敢坐？ //  @远方的蜗牛  :  @大笑嫣,<制片氏芝麻糊>: 求 联络电话！！,<建造是为了毁灭>: 这么便宜？？？要死了！,<flying吉吉>: 转发此微博:靠！大家等着满客 // @vanillasky5891 :叫我这种20101228开证的人情何以堪   @刘筱阳   //  @arumarum  ：  @nnamuhcs   //本次特卖仅限以下人群预订：a）年龄在50周岁以上的长者；b）2011年内领取结婚证的新人，报名时需提供结婚证复印件，仅限25对，数量有限，先到先得！,<陆沭森>: 好像没那么便宜吧~,<李享>: 回复 @小鱼儿林林 :yes,<小鱼儿林林>: 这是夏威夷的免税店吗?,<神彩益益>: 不可能的吧，哪会那么便宜，谎言,<vanillasky5891>: 叫我这种20101228开证的人情何以堪  @刘筱阳  // @arumarum ： @nnamuhcs  //本次特卖仅限以下人群预订：a）年龄在50周岁以上的长者；b）2011年内领取结婚证的新人，报名时需提供结婚证复印件，仅限25对，数量有限，先到先得！,<米晓琪>: 转发此微博:[good] Hurry up~Gogogo[太阳]// @李享 :  http://t.cn/aR6LUI     抢吧！DFS同样欢迎您[耶],<mYnameIs張大力>: 转发此微博:dfs[泪] // @yuki菲小姐 :真的假的阿//  @罗富贵  ：哇靠，老舅的消息就是灵光~//  @李享  ：  http://t.cn/aR6LUI     抢吧！DFS同样欢迎您[耶],<wzlucy>: 签证费估计都要1000左右。// @贱人未满 ：擦！1197 all in？// @阿Sam的午夜场 ： @MISS藤子  // @罗富贵 ：哇靠，老舅的消息就是灵光~// @李享 ： http://t.cn/aR6LUI  抢吧！DFS同样欢迎您[耶],<田佳>: 你难道抢到这个票了？,<脸臭的小美妞>: 转发此微博:真的？,<央央央皮>: 介个，介个?！哪里有？,<艾瑞艾瑞__>: 那么便宜？！我广州飞个郑州单程含税都600多啊，坑爹啊！！,<找不到小安>: 本次特卖仅限以下人群预订：a）年龄在50周岁以上的长者；b）2011年内领取结婚证的新人，报名时需提供结婚证复印件，仅限25对，数量有限，先到先得！,<梦想顽主>: 转一圈就回来 呵呵,<cheney06>: ctrip的周三特卖，永远抢不到！,<GoatFriend>: @misterKK   你有無興趣?,<凝的围脖>: 转发此微博：...以后要多少钱？！,<Little13D>: 回复 @李享 :[哼] 怨恨...,<cosica星星王>: Fuck.转个V博就没了,<李享>: 回复 @Little13D :呵呵 有的有的,<Little13D>: 回复 @李享 :你抢到没?,<李享>: 回复 @Little13D :热门～ 没辙 抢地太快,<willstar>:  // @罗富贵 : 哇靠，老舅的消息就是灵光~// @李享 ： http://t.cn/aR6LUI   抢吧！DFS同样欢迎您[耶],<Little13D>: 都没了那~~~!口亨~,<wxyzasdf>: 從哪裡到夏威夷這個價？北京嗎？但不管從哪裡都太便宜了,<汪小小霞>: 哈哈 这么给力！！！,<moomooshop>: 难以置信！怎么订,<李享>: http://t.cn/aR6LUI   抢吧！DFS同样欢迎您[耶],<高辉JET>: 我靠，便宜到家了,<melody726>: 啊啊啊还订得到嘛]
jaselee	老年斑[汗] ​​​	[<RoarCHRSITIAN>: [花心] 好洋气的帽子！！！！好洋气的痘痘,<Lubecklrs>: 哈哈，哪说明什么呀？？？？ ,<张雅偌>: 其实帽子是亮点。。。,<Sarah夏拉>: 哈哈哈，为神马不说是美人迟暮。。。]
jaselee	午餐点了个脆皮乳猪，上菜后发现还是个枣泥儿馅儿的[怒] ​​​	[<公子公子公子公子芳芳菲菲>: 可定好吃// @ELLE中文网主编Helen ：大王，饶它一命！,<FionLady>: 回复  @李享 :The ribbon!!!!,<丁菲菲>: 你这都是在哪发掘的~~,<李享>: 回复 @FionLady :你要哪个部位？ 呵呵呵,<FionLady>: 哈哈哈，好可爱[爱你],<小小小表妹-馨儿>: [哈哈] 太可爱了！,<吃胡萝卜的猫猫>: 转发此微博:可爱 // @ELLE中文网主编Helen :大王，饶它一命！,<quincy1995>: 转发此微博:好可爱,<欢喜坨不喜欢蛇>: [可爱] 亲亲脆皮乳猪嘴~,<赵小说儿>: 哈哈哈哈。。 我好想要~[花心],<愛上勃拉姆斯>: [可爱] [馋嘴] // @ELLE中文网主编Helen ：大王，饶它一命！,<打油诗界的王二妮>: 回复 @李享 :五行缺萌？！,<李享>: 回复 @ELLE中文网主编Helen :[偷笑],<李享>: 回复 @打油诗界的王二妮 :这叫却啥补啥,<原来是海伦呀>: 大王，饶它一命！,<打油诗界的王二妮>: 肿么每天都吃萌物！,<白玉糖兔子>: 有馅儿就不错啦[哈哈]~~要求不要太高嘛~~~,<Susie_Ru>: [馋嘴] [馋嘴],<李享>: 回复 @zhai小安 :真的啊～ 罪过罪过,<BAZAAR翟小安>: 今天十五，吃素吧[偷笑],<小穎豬吖>: 哈哈，好可爱的猪猪！]
jaselee	吃介个应该不违法吧？[挖鼻屎] ​​​	[<marat大叔>: 这个怎么舍得下筷子啊？？,<懦弱战胜坚强丶>: 好可爱呀~~[兔子],<石佳卓Elva>: 啊~~~好好可爱,<Ed蔚>: 你忍心吃啊[吃惊],<melody726>: 啊啊啊这是哪这是哪[爱你],<晴天娃娃Anita>: 好可爱！不舍得吃吧。。。呵呵！！,<打油诗界的王二妮>: 回复 @李享 :介个狠心的蓝纸[泪],<小七的瞑想盆>: 呵呵，做的真像！！！,<小喵喵-刘凌薇>: 好吃的让你舌头都打结了。。。。,<沈矍>: 光这样吃，米饭会没有味道，应该在米饭里放各种酱。。。,<木头上开出的花>: 不忍心下口^^[可怜],<Sarah夏拉>: 该不会是你亲自动手吧？！,<李享>: 回复 @打油诗界的王二妮 :饿了我可是青不愣,<hobenwoo>: 太有创意了！太有食欲了！,<打油诗界的王二妮>: 矮油矮油矮油矮油矮油矮油！！！！！忍心么忍心么忍心么？[花心]]
jaselee	病号餐，杯子里是药[生病] ​​​	[<花XX_Ginger>: 那盘水果我要了。,<ewan宋叙良>: 下午茶么！？我想吃！杯子里的估计就算了！,<chopat>: 这么好的病号餐！！,<sue__zou>: 那个派 真不健康,<控甩医生>: 荔枝是上火的东西啊~~右边那种水果可以吃的。。,<name43111>: 荔枝。。。。。。。。。,<melody726>: 你吃的没一样是对你病好的啊....,<薄荷血kindre>: 医院的伙食挺不错啊,<ROCK郭>: 这病号餐真舒服········我也病了得了,<李享>: 回复  @笑王哈哈 :那不吃了,<大奔儿头小兔>: 好可怜呀，好好养病,<骁遥网外>: 生病还吃荔枝啊！！上火的哦！！,<李享>: 回复  @围脖老妖 :肚子痛,<李享>: 回复  @米灰米灰 :要太苦[泪],<RoarCHRSITIAN>: 不过好看~那个是铜锣烧么？享哥要注意身体~,<米灰米灰>: 荔枝很上火。病号慎吃。,<是belle不是百丽>: 够ROYAL的啊！]
jaselee	给你点儿颜色[干杯] ​​​	[<啊嫌--Lorraine>: 哦，那个双扣的好看，哪买的？,<彥_聲聲慢>: 哇  漂亮~ 求购求购,<Sasha_minyi>: [赞] Nice~~,<完美CELINE>: 红绳很好看，嘿嘿,<SuperKenny>: 好富贵[鬼脸二],<巨浪JL>: 特喜欢蓝色那个！在哪里买到嗒？,<可妍姐>: 喜欢FENDI那个……回来qie了,<melody726>: 爱fendi那个,<陳來來是為世界人民稱道的主婦神>: 反而是鞋子比较闹眼吧。]
jaselee	终于似那么回事儿了[太阳] ​​​	[<李享>: 回复  @张笑猪 :[鼓掌]你来必须备拉斐啊,<茵紫周>: 回复 @李享 :当初看过没买那里，不然就是邻居啦[晕],<李享>: 回复  @茵紫周 :[偷笑]对头，莫非邻居？,<SUMMER赵凌芳>: 回复 @李享 :：）,<茵紫周>: 这屋子型怎么似乎见过。。美丽。。？,<李享>: 回复  @SUMMER赵凌芳 :必须的！聚齐儿做花盆,<李享>: 回复  @感叹号冈冈的 :[嘻嘻] 小窝儿一个！努力奔豪宅,<SUMMER赵凌芳>: 有型房 开轰趴吧,<甲司特密>: 后面村上隆    我要换夜行服  去偷回来,<李享>: 回复  @先生聂心遠 :[兔子][兔子][兔子] 我奏脚着看见挺开心的,<李享>: 回复  @刘丹526 :你们说[馋嘴] 大伙楼上楼下坐地上,<Tristan--Yang>: 一大堆村上隆可还行！非常不错,<满脸的天真>: 我能非专业得点评下么？太花了～～压不住。,<Susie_Ru>: 墙壁墙壁上的花儿~   要不要那么可爱啊 [花心],<Sasha_minyi>: [兔子] 可爱的小窝~~~,<J强尼>: 这。。。难道是真迹！！！！]
jaselee	用你出生年后两位数+你今年的实际年龄结果都是111[疑问] ​​​	[<李享>: 回复 @babyfacegirl :那得算过了生日的吧？,<开心的岚子>: 回复  @李享 :人才呀！幸会，幸会[握手],<鸢尾__X>: 废话，明年就是112了！！！,<李享>: 回复 @石卓玄SUPERSTUDIO :你不愧是清华滴[good],<babyfacegirl>: 回覆 @babyfacegirl :真的呀，我今年生日还没过所以周岁还是24，86+24=110,算虚岁86+26=112，是这样算吧，我也觉得奇怪怎么大家都是，就我不是,<李享>: 回复 @石卓玄SUPERSTUDIO :早婚[偷笑],<石佳卓Elva>: 我是88年的哈~~我的最新年龄 哈哈,<李享>: 回复 @开心的岚子 :哈哈　蒙着玩的,<李享>: 回复 @林兀戈US12 :妈呀　会数数么？,<石佳卓Elva>: 回复 @李享 :1+10 ，2+9,3+8 以此类推。比如我吧 88年的 今年23岁  8+3就是11哈哈哈,<流浪明月>: 你的怎么算出来的，让我看看？,<gotei>: 明年就是112，这已经是没有技术含量的算法了[嘻嘻],<没想到答案_>: 2000年之后出生的呢？,<开心的岚子>: 有点儿意思，你怎末发现的？,<小調筆>: 這個都是不准的．．,<李享>: 回复 @石卓玄SUPERSTUDIO :嘻嘻～ 咋么回事,<石佳卓Elva>: 是呀 ，我那天也想发这个微博，突然间算的，后来发现 1-10 怎么加都是11 哈哈。,<回到十七岁碎碎碎碎碎碎碎碎碎碎>: 明年是112啦～都是的～,<李享>: 回复 @babyfacegirl :啊？,<FanGqiAnQiaN>: 真的哎~这是为什么呢?,<babyfacegirl>: 不是.算虚岁我是110,算实岁我是112]
jaselee	涮羊肉串吃过么？ ​​​	[<滚石花开>: 火红火红的青春美丽痘啊,<猪村长Capricorn>: 没有啊，希望有一天可以去吃一下。。,<天秤座的熊猫>: [花心] [馋嘴],<陳來來是為世界人民稱道的主婦神>: 有必要这么辣么。。,<唐囍楽>: 我饿了……[可怜],<鬼有楼五>: 是有多得意！！！！！]
jaselee	真酸... ​​​	[<徐小涛i>: 是的  事实确实如此,<May越儿>: 这个叫百香果？？没有吃过,<白玉玺陶冶>: 我爱吃！！百香果！！！,<微笑的腰子>: 这种果子太酸了，之前我在朋友家吃过一次。如今在这看到这图，我立马感觉牙齿酥酥[害羞],<sunflower-wer>: 看着嘴巴都觉得酸[馋嘴],<希希屁>: Passion fruit 。确实超酸。,<猪村长Capricorn>: 这是什么~看着有点眼熟~,<人人都恨chris的>: 原来百香果是介样的,<辟末>: 这是什么？蔬果？,<littlenill>: 好恶。。。看的。。,<手机用户5201314886>: 这种东西的味道很奇怪的，感觉有点像番茄]
jaselee	谁要出来晒太阳？我请客[哈哈] ​​​	[<Alice-Hui>: 很惬意嘛...可是距离太远了，哈哈,<李享>: 回复  @孔洋军 :快来！开拉费,<李享>: 回复  @J强尼 :WC去鸟[太开心],<J强尼>: 骗人，我已经在阳光下可你人呢？！,<秋瑟lost>: [左哼哼] [懒得理你] [右哼哼],<尹二先生AIKO>: 回复 @李享 :看来我要狂健身啦！哈哈！,<李享>: 回复  @忽悠小王子 :哈哈[哈哈] 半年后靠谱,<李享>: 回复  @忽悠小王子 :我先辞了工作先[哼],<李享LEE>: 可惜我们这边 #重庆# 今天没太阳。。。,<尹二先生AIKO>: 回复 @李享 :等我先健身半年以后！[嘻嘻],<尹二先生AIKO>: 回复 @李享 :可以啊！啥时候约个时间呗！可以孟先生现在被绑手绑脚，行动不便！[嘻嘻],<钱小姐的完美主义>: 猛一眼一看，还以为是外国帅哥呢，哈哈,<李享>: 回复  @忽悠小王子 :求同游[做鬼脸],<尹二先生AIKO>: 回复 @李享 :想去马尔代夫！,<李享>: 回复  @忽悠小王子 :巴厘岛[花心],<Cecilia公主殿下>: 今天太阳真好，太阳哥哥,<MARC许>: 心情不好，不晒了,<南宫轩洛Eric>: 。。。把帽子给我戴。。呵呵,<野猪不会跑>: 是有多帅！[围观],<尹二先生AIKO>: 回复 @李享 :哈哈！我现在只想飞到春暖花开的地方去！,<李享>: 回复  @Julia爱猫咪 :那有难度,<张亿Eva>: 回复 @李享 : 想想这是DFS的活动就释然了~偶不经意间逃过了，娃哈哈哈哈哈！,<李享>: 回复  @忽悠小王子 :都开春了！挺舒服的,<强咚咚Live>: 我也想去晒太阳   我也想阳光充满每一天！,<要养只猫取名叫虎>: 享哥，你可不可以请太阳来晒晒我呀？,<J妞西卡>: 回复 @李享 :太阳！咖灰别人请过，太阳第一次有人请~[哈哈],<李享>: 回复  @围脖老妖 :[亲亲],<尹二先生AIKO>: 回复 @李享 :好吧！不过北京太冷！我是南方人，这个天气户外吃得消吗？,<李享>: 回复  @张亿Eva :便宜春游很无趣[晕],<0-00-000-0000-00000>: 呵呵  惬意的生活,<李享>: 回复  @忽悠小王子 :哈哈！外加喝风[偷笑],<张亿Eva>: 你们马拉松咋样啊？,<卜英辰>: 阴天了。。。。。你在三亚看雪景呢？,<尹二先生AIKO>: 这么大气，请晒太阳啊？,<李享>: 回复  @J妞西卡 :[哈哈] 你挑,<彭涕涕>: 帅哥哥。。。。。,<超超超超超2017>: 昏迷，你原来是模特不？似乎见过你,<elementmess>: 今天北京天气不错[嘻嘻],<左子銘Aaron>: 回复  @围脖老妖 :报名 [爱你],<像猫猫LuckyKiss>: 我也要哦哦哦哦~,<J妞西卡>: 享哥是要请晒太阳还是请喝咖灰那[嘻嘻],<一Tovi一>: 怎么会那么帅，太阳都害羞的要躲起来了吧！[哈哈],<围脖老妖>: 转发此微博:我们享哥总是那么帅[爱你],<我家有位李先生_>: 我想晒太阳，喜欢温暖的阳光,<王同学takeoff>: 我要来，说好你请客哦[哈哈]]
jaselee	这个摆在家里真是时髦又实用，我太爱了！[心]。谢谢@梁栋先生 不远万里给哥新居又添一份子！ ​​​	[<甲司特密>: 咖啡胶囊   吼吼,<王晋生-科学性磨削>: 这个咖啡机不错，哪儿淘的？,<章元一>: 最爱金黄色的 很好喝 ！,<米晓琪>: 绚烂滴胶囊咖啡内！~~[ok] [赞]]
jaselee	糖心卤蛋，补图[馋嘴] ​​​	[<岛岛洛>: 这怎么卤的 又让我晚上看到了 饿死我了！,<SUMMER赵凌芳>: 回复 @李享 :你会做吗。牛人一枚。,<陈柯宇K-KO>: 这个技术到位的！,<无烟姑娘>: 充分刺激人的味蕾啊,<唐囍楽>: 看起来好吃哦！~里面是把蛋黄挖出来放糖进去，还是糖和着蛋黄呢?,<yuyuhpy>: 看上去 很不错···[呵呵],<川濑清春>: 这么多！！！就爱吃这个,<凤眼观察濮阳>: 甜的吗？怎么做的？,<见洲_>: 这么厉害！怎么做的？？,<李享LEE>: 糖？？？  会不会太甜？,<神经西西x>: [衰] 介意问问你姐姐怎么做的吗,<黄芹琳>: 感冒才好，多吃蛋白质的东西好！,<小V爱艺术>: 我赛。。可是你一顿饭要吃这么多？？,<栗源小卷>: 还让不让人活了。。。。。。。。。。。。。。。。。。。。。。。。。。。,<李享>: 回复  @SUMMER赵凌芳 :作给你吃呗[鼓掌],<灿烂如酒>: 看了真馋。理想这么做，会影响到偶们减肥滴]
jaselee	兄弟眼中的我 @摄影师尹超 @郭伟宸 @高钧JET ​​​	[<北京贵族服饰>: 哈哈！吾识欣赏。,<南宫轩洛Eric>: 呵呵，眼神好邪恶，里面有戏。真的有！,<迷是什么>: 大哥你像外国人啊。,<若菜ruocai>: 我看見吸血鬼要掙脫而出了,<Livia艾>: 你扁桃体好些没？,<国民十七妹>: 真的很像 Jim Parsons ~~~^_^,<大鲨鱼爱盐行派>: 为什么身材那么好呢]
jaselee	湿八啦唧的上海，哥又不是来看雨的[右哼哼] ​​​	[<李享>: 回复  @若菜 :[抓狂]你给点阳光中不？,<摄影师尹超>: 干了这麽久～湿湿更健康啊,<Susie_Ru>: 上帝前两天失念了呗，帝母不要他了。 [扇子遮面],<若菜ruocai>: 對不起！！！魔都讓您失望了,<Chloe小霸王>: 前两天都是天晴的说[泪] [可爱],<gotei>: 就下雨了，你又能怎么滴了。淡定不就行了~,<SuzyYau>: 你到上海哪个区了？]
jaselee	早饭吃了一个橙，一杯柠檬水，半袋话梅！刚又偷吃了同事一盒酸奶。目前脸部肌肉如下图状 ​​​	[<李享>: 回复 @跳跃的catwalk :呵呵 直冒酸水,<pannill>: 稍一回味我也这表情鸟[吃惊],<若菜ruocai>: 回覆 @李享 :不停吞口水,<李享>: 回复 @若菜 :牙全酥了,<李享>: 回复 @陈来来不了了儿 :牙都倒了,<李享>: 回复 @制片Emma :啥秘密？,<Emma李欣盈>: 享哥我发现了国际黄牛的秘密，哈哈哈,<跳跃的catwalk>: 一大早就给胃灌酸汤，是受不了,<在蓝天下的小伙子>: 你今天怎么全是吃的酸的？突然觉得好冷！！哈哈　！,<若菜ruocai>: 我讀完你這條微博我都覺得好酸]
jaselee	@李享  厨子收图！但我觉得你穿的更像玩摇滚地！[嘻嘻] ​​​	[<李享>: 回复  @端xiao木 :恩！早上抓了件春装披身上了,<李享>: 回复  @张亿Eva :[亲亲]哥莫砸特了一下呗[害羞],<张亿Eva>: 哥，为啥您往那儿一呆，索拉那愣是变成了维也纳咧？,<我是端木寻>: 有个问题 应该冷吧？]
jaselee	某人今晚不抖段子，只能靠它让我入眠啦[抓狂] ​​​	[<打油诗界的王二妮>: 回复  @李享 :黑白相间的马是什么马？,<水月-雾花>: 乍一看，以为是牛奶呢，原来是蜡烛啊！点上再拍下来一定更温馨！,<晴天娃娃Anita>: 回复 @李享 :这。。。好吧～～可看着大伙儿都听忙得，不是么？,<Olivia_Tsai>: 回复  @李享 :[哼]很大力…我把它看成调好的酒！下次把蜡烛头拉长点嘛[害羞],<李享>: 回复  @晴天娃娃Anita :谁说你了？闲人再不YY还让人活了,<晴天娃娃Anita>: 回复 @李享 :这年头，忙得连ＹＹ的时间都没了！,<李享>: 回复  @打油诗界的王二妮 :苦情但又能逗乐我的,<李享>: 回复  @Olivia-wen :宝贝！这个是蜡烛[嘻嘻],<打油诗界的王二妮>: 想听啥段子啊 我给你抖,<李享>: 回复  @晴天娃娃Anita :知心话不用抖！八卦神马的也不用抖～ 好些愿意给你yy的呢吧？,<Olivia_Tsai>: 回复  @李享 :[泪]好喝吗？哪天我也试试…如果能入睡的话,<晴天娃娃Anita>: 回复 @李享 :那就聊聊知心话嘛,<Susie_Ru>: 祖马龙~  [痞痞兔囧],<李享>: 回复  @晴天娃娃Anita :我一向被人抖，何时有抖过？,<李享>: 回复  @Olivia-wen :因为有人招了我,<Olivia_Tsai>: 为什么要这样才能睡觉？是不是人长大了，想法多了，都会这样？！[泪],<晴天娃娃Anita>: 你也好久没抖段子给我了．．．]
jaselee	逼于下巴总长包的无奈，及过年能还我一张干净的脸，先来缅怀一下哥的小胡子吧[委屈] ​​​	[<萨叔summer>: Hermes 总是那么抢镜！[嘻嘻],<小太陽Muchogusto>: 小鬍子是萌物=v=,<水蜜桃味de小茜>: 帅，您不带老这么帅的啊！,<----染指流年---->: 哥这小胡子太帅了。,<打油诗界的王二妮>: 小胡子贼帅了！！！]
jaselee	这是酒店，请找亮点！ ​​​	[<Teako颜>: I want...,<切吉>: 转发此微博:Do u want to sleep with me~~,<Peachdlh>: 亮了亮了！Do you want to sleep with me?,<唐囍楽>: 广告标语好给力~~YES I DO~~,<李小姐阿_>: 你想和我一起睡么？ 哇靠——这酒店牛！,<李享>: 回复  @打油诗界的王二妮 :那风姐发了！老贵一晚呢,<张亿Eva>: 回复 @李享 : 还不止一次，哇哈哈哈哈哈,<李享>: 回复  @张亿Eva :不是都睡了么？ 啊哈哈,<打油诗界的王二妮>: 妈呀 凤姐开的酒店吗！,<Susie_Ru>: with me?  哈哈， 赤裸裸的诱惑~,<香香丸子-瑀桐>: Do you want to sleep with me?.......果然亮！,<小塞哥>: 哈哈，do you want to sleep with her?!,<依舊似薔薇>: do u want....是这个吧？]
jaselee	看照片上的我们 是多么的恩爱~~ 其实我们是兄妹。。。 @李享  [哈哈] ​​​	[<小伍的窝>: 呵呵，挺好，背景很漂亮的说！,<RoarCHRSITIAN>: // @李享 :黑白两兄妹么？ 大爱里昂火车站顶上的钟！,<RoarCHRSITIAN>: 无法抗拒白色西装...帅,<oxpoo8>: 太普通了[委屈]]
jaselee	再长的路，一步步也能走完，再短的路，不迈开双脚也无法到达 ​​​	[<李享>: 回复  @高杨Simon :亚跟没喝,<高杨Simon>: 哥，你有几分醉意了吧！,<susalila>: 步子太大，也要小心扯到蛋！哈哈,<付瑞刚>: 新年快乐，请关注我的微博，分享思想，共享快乐！]
jaselee	＂爱＂不是做作，我想我们应该在被爱中学会爱，学会感恩...... ​​​	[<MARC许>: 感谢身边每一个过客,<LOHAS美容生活馆TecZhou>: 转发此微博:对头!,<LOHAS美容生活馆TecZhou>: 转发此微博:懂得感恩!!!,<老金曰>: 赞同。凡不是表演艺术而表演的，都假。政治、人伦、社会生活等等，莫不如是。,<aasdasczasx>: 爱是看不见的语言，爱是摸不到的感觉]
jaselee	兄弟眼中的我 @摄影师尹超 @郭伟宸 @高钧JET ​​​	[<Cookie_古古>: 摄影师技术不错,使用了叠影,模特表现力也很棒啦~!,<李享>: 回复  @摄影师尹超 :你懂我！[爱你],<日本之春夏秋冬>: [手套]  // @摄影师尹超 :长大喽～,<左小强>: 在我家兄弟杂志已经看到了，炫酷`,<高杨Simon>: 这叫一个帅，这造型叫一个靓，这拍的叫一个绝 // @孔洋军 :所有人都会爱上你 @李享   // @Jason仙森 :炫死了！ //  @makiyo文文  :迷死人了 //   @高钧JET   :炫！,<evanhu>: 隐约感觉到JohnGalliano,<rocksooonic>: 回复 @李享 :是好看！！！,<李享>: 回复 @so-nic :有那么娘么？,<rocksooonic>: 回复 @李享 : 潇洒小姐...,<姜成皓>: 回覆 @李享 :说,<李享>: 回复 @姜成皓 :我闭嘴了～ 其实我本想说句很贱的～,<姜成皓>: 回覆 @李享 :好女也行！只要不是一身膘,<李享>: 回复 @姜成皓 :就怕到时也不是一条好汉！,<姜成皓>: 回覆 @李享 :18年后我们等你回来,<李享>: 回复 @姜成皓 :我自杀！,<姜成皓>: 可以杀死吗？// @孔洋军 :所有人都会爱上你 @李享   // @Jason仙森 :炫死了！ //  @makiyo文文  :迷死人了 //   @高钧JET   :炫！,<鱼8888868>: 像吸血鬼。。。贵族一样,<李享>: 回复 @so-nic :Elva　ｗｈｏ？,<rocksooonic>: 左上第一张 为毛有现在的Elva 的感脚,<鲁泽宇TOBY>: @摄影师尹超   大师，我们表示羡慕嫉妒恨 ，强烈要求给俺们也拍拍，俺们不要钱，自己带饭和水。。。 // @JUJU-大明明 :好棒呀！ // @高钧JET :炫！,<李享>: 回复 @AndreVsAndre :瞧您这话说的！！！！,<操子先森>: @李享  是混血么？,<Mr_Dre_>: 是要帅死谁啊？哈哈,<张仁博V>: 很时尚，挺棒的。,<bombyxmorus>: 第2、3行左边两张像 John Galliano[呵呵],<大黄BitChinese>: 真Tm帅！有型！眼神直逼妖男界。,<你不懂的小黄花>: 哈哈哈哈哈哈。不好意思，少打了一个E，应该是Feell,<小洁>: 回复 @李享 :真是德国黑背肉。。。,<Ed蔚>: [威武] [围观],<李享>: 回复 @小洁 :狗肉上不了席,<草草的我>: 我还是觉得你有肉感好看 可你好像一直都没有,<小洁>: 你咋不去做艺人呢,<MARTIN忱>: a~~~~~~~~~~~~~~~~~~~~~~~~~~~~~`,<李享>: 回复 @杰夫李 :嘻嘻 奏是她,<YuanyiJeffLee>: 回复 @李享 :hahaha 石头姐姐！,<李享>: 回复 @杰夫李 :哈哈 表情copy了LS，就是没人家那牙缝儿～,<超超超超超2017>: 帅到可以去演《暮光之城》了。确实型男,<YuanyiJeffLee>: 好喜欢最后一排左边那张 ：）,<非非Sdfifi>: 我喜欢红色那张！！,<AresDion>: 我喜欢红色衣服的那张 美史了]
