liuyifeiofficial	生日快乐 一直快乐@杨幂 棒棒滴 美美滴[蛋糕][玫瑰] ​​​	[<芝麻西瓜盍_7ff7>: 回复 @么么茜ovo :gv,<芝麻西瓜盍_7ff7>: 回复 @么么茜ovo :dd,<芝麻西瓜盍_7ff7>: 回复 @么么茜ovo :cc,<芝麻西瓜盍_7ff7>: 回复 @么么茜ovo :d c c,<傲儿6314037437>: 回复 @么么茜ovo :tgg,<傲儿6314037437>: 回复 @么么茜ovo :yhb,<傲儿6314037437>: 回复 @么么茜ovo :ikn,<傲儿6314037437>: 回复 @么么茜ovo :ffc,<傲儿6314037437>: 回复 @么么茜ovo :uhh,<傲儿6314037437>: 回复 @么么茜ovo :jnh,<傲儿6314037437>: 回复 @么么茜ovo :ggf,<傲儿6314037437>: 回复 @么么茜ovo :y,<傲儿6314037437>: 回复 @么么茜ovo :kn,<傲儿6314037437>: 回复 @么么茜ovo :hyy,<我是空气会呼吸>: 回复 @睡到人间饭熟日寸 :27,<我是空气会呼吸>: 回复 @睡到人间饭熟日寸 :14,<我是空气会呼吸>: 回复 @睡到人间饭熟日寸 :26,<傲儿6314037437>: 回复 @么么茜ovo :qqq,<我是空气会呼吸>: 回复 @睡到人间饭熟日寸 :25,<我是空气会呼吸>: 回复 @睡到人间饭熟日寸 :25,<我是空气会呼吸>: 回复 @睡到人间饭熟日寸 :24,<傲儿6314037437>: 回复 @么么茜ovo :sd,<我是空气会呼吸>: 回复 @睡到人间饭熟日寸 :23,<我是空气会呼吸>: 回复 @睡到人间饭熟日寸 :22,<我是空气会呼吸>: 回复 @睡到人间饭熟日寸 :21,<傲儿6314037437>: 回复 @么么茜ovo :ww,<我是空气会呼吸>: 回复 @睡到人间饭熟日寸 :20,<傲儿6314037437>: 回复 @么么茜ovo :gvv,<我是空气会呼吸>: 回复 @睡到人间饭熟日寸 :19,<我是空气会呼吸>: 回复 @睡到人间饭熟日寸 :22,<我是空气会呼吸>: 回复 @睡到人间饭熟日寸 :21,<傲儿6314037437>: 回复 @么么茜ovo :ww,<我是空气会呼吸>: 回复 @睡到人间饭熟日寸 :20,<傲儿6314037437>: 回复 @么么茜ovo :gvv,<我是空气会呼吸>: 回复 @睡到人间饭熟日寸 :19,<我是空气会呼吸>: 回复 @睡到人间饭熟日寸 :18,<傲儿6314037437>: 回复 @么么茜ovo :dfc,<我是空气会呼吸>: 回复 @睡到人间饭熟日寸 :17,<我是空气会呼吸>: 回复 @睡到人间饭熟日寸 :16,<傲儿6314037437>: 回复 @么么茜ovo :waa,<我是空气会呼吸>: 回复 @睡到人间饭熟日寸 :15,<傲儿6314037437>: 回复 @么么茜ovo :vvv,<傲儿6314037437>: 回复 @么么茜ovo :dd,<我是空气会呼吸>: 回复 @睡到人间饭熟日寸 :13,<我是空气会呼吸>: 回复 @睡到人间饭熟日寸 :12,<我是空气会呼吸>: 回复 @睡到人间饭熟日寸 :11,<我是空气会呼吸>: 回复 @睡到人间饭熟日寸 :10,<傲儿6314037437>: 回复 @么么茜ovo :xx,<傲儿6314037437>: 回复 @么么茜ovo :xx,<我是空气会呼吸>: 回复 @睡到人间饭熟日寸 :9,<我是空气会呼吸>: 回复 @睡到人间饭熟日寸 :8,<傲儿6314037437>: 回复 @么么茜ovo :wd,<我是空气会呼吸>: 回复 @睡到人间饭熟日寸 :7,<我是空气会呼吸>: 回复 @睡到人间饭熟日寸 :6,<我是空气会呼吸>: 回复 @睡到人间饭熟日寸 :5,<傲儿6314037437>: 回复 @么么茜ovo :d d d,<傲儿6314037437>: 回复 @么么茜ovo :bvf,<我是空气会呼吸>: 回复 @睡到人间饭熟日寸 :4]
liuyifeiofficial	@M孟佳J @洪辰 [玫瑰][爱你][坏笑] ​​​	[<YQ95->: 回复 @suzy今天出现了没 :16,<YQ95->: 回复 @suzy今天出现了没 :15,<YQ95->: 回复 @suzy今天出现了没 :14,<YQ95->: 回复 @suzy今天出现了没 :13,<YQ95->: 回复 @suzy今天出现了没 :12,<YQ95->: 回复 @suzy今天出现了没 :11,<YQ95->: 回复 @suzy今天出现了没 :10,<YQ95->: 回复 @suzy今天出现了没 :9,<YQ95->: 回复 @suzy今天出现了没 :8,<YQ95->: 回复 @suzy今天出现了没 :7,<YQ95->: 回复 @suzy今天出现了没 :6,<YQ95->: 回复 @suzy今天出现了没 :5,<YQ95->: 回复 @suzy今天出现了没 :4,<YQ95->: 回复 @suzy今天出现了没 :3,<YQ95->: 回复 @suzy今天出现了没 :2,<YQ95->: 回复 @suzy今天出现了没 :1,<薯片841>: 回复 @幸福缺席幸福缺st7 :15,<薯片841>: 回复 @幸福缺席幸福缺st7 :13,<薯片841>: 回复 @幸福缺席幸福缺st7 :12,<薯片841>: 回复 @幸福缺席幸福缺st7 :11,<薯片841>: 回复 @幸福缺席幸福缺st7 :10,<薯片841>: 回复 @幸福缺席幸福缺st7 :9,<薯片841>: 回复 @幸福缺席幸福缺st7 :8,<薯片841>: 回复 @幸福缺席幸福缺st7 :7,<薯片841>: 回复 @幸福缺席幸福缺st7 :6,<薯片841>: 回复 @幸福缺席幸福缺st7 :5,<薯片841>: 回复 @幸福缺席幸福缺st7 :4,<薯片841>: 回复 @幸福缺席幸福缺st7 :3,<薯片841>: 回复 @幸福缺席幸福缺st7 :2,<薯片841>: 回复 @幸福缺席幸福缺st7 :1,<bronzexfxf_30028>: 回复 @幸福缺席幸福缺st7 :15,<bronzexfxf_30028>: 回复 @幸福缺席幸福缺st7 :13,<bronzexfxf_30028>: 回复 @幸福缺席幸福缺st7 :12,<bronzexfxf_30028>: 回复 @幸福缺席幸福缺st7 :11,<bronzexfxf_30028>: 回复 @幸福缺席幸福缺st7 :10,<bronzexfxf_30028>: 回复 @幸福缺席幸福缺st7 :9,<bronzexfxf_30028>: 回复 @幸福缺席幸福缺st7 :8,<bronzexfxf_30028>: 回复 @幸福缺席幸福缺st7 :7,<bronzexfxf_30028>: 回复 @幸福缺席幸福缺st7 :6,<bronzexfxf_30028>: 回复 @幸福缺席幸福缺st7 :5,<bronzexfxf_30028>: 回复 @幸福缺席幸福缺st7 :4,<bronzexfxf_30028>: 回复 @幸福缺席幸福缺st7 :3,<bronzexfxf_30028>: 回复 @幸福缺席幸福缺st7 :2,<bronzexfxf_30028>: 回复 @幸福缺席幸福缺st7 :1,<黄飞鸿deflection>: 回复 @幸福缺席幸福缺st7 :13,<黄飞鸿deflection>: 回复 @幸福缺席幸福缺st7 :12,<黄飞鸿deflection>: 回复 @幸福缺席幸福缺st7 :11,<黄飞鸿deflection>: 回复 @幸福缺席幸福缺st7 :10,<黄飞鸿deflection>: 回复 @幸福缺席幸福缺st7 :9,<黄飞鸿deflection>: 回复 @幸福缺席幸福缺st7 :8]
liuyifeiofficial	祝你生日快乐 ​​​	[<新的灬去追求>: @刘亦菲  为你唱首生日歌，祝你永远漂漂亮亮的！我从你看仙侠第一部就喜欢上了你，你一直以来  http://t.cn/RI9ePHL,<几重疏影>: #刘亦菲二代妖精#   #刘亦菲烽火芳菲#  希望你天天开心，所有梦想都实现！（09月15日 17:48打卡）,<阿米尔·汗家的小迷妹>:   @刘亦菲  我永远支持你！   #刘亦菲烽火芳菲#   #烽火芳菲定档11月10日#   #刘亦菲烽火芳菲#   @刘亦菲 @刘亦菲 @刘亦菲 （09月15日 17:35打卡）,<雨Yan>: 回复 @刘亦菲的小白鲸 :谢谢咯[心][心],<刘亦菲的小白鲸>: 回复 @雨Yan :生日快乐,<雨Yan>: 今天我也25岁啦～25岁的糖糖和30岁的茜茜，第一次相遇[心],<Always_in>: 回复 @刘健安AN :谢谢,<杨田y>: 期待最好的演员刘亦菲！      #刘亦菲烽火芳菲# #烽火芳菲定档11月10日# #刘亦菲二代妖精# #刘亦菲白纤楚# #二代妖精定档1229#  [心][心][心]        @刘亦菲   @刘亦菲   @刘亦菲 （09月15日 15:20打卡）,<用户6354188547>: 回复 @盐仙丷 :刘菲菲是全世界最漂亮的,<刘浅浅的小棉袄>: #刘亦菲烽火芳菲#    #刘亦菲二代妖精# #刘亦菲是小棉袄的# @刘亦菲  你是我今生唯一的执著哦。（09月15日 11:55打卡）,<温柔的力量有吗>: #明星ALL榜#   @刘亦菲  我永远支持你！我们一起拿下  #明星势力榜#  第一名  #刘亦菲825生日快乐# 爱你[爱心]  #刘亦菲正能量#   #二代妖精定档1229#    #刘亦菲二代妖精#   #刘亦菲烽火芳菲#  （09月15日 10:37打卡）,<Dear小薰衣草>: 生日快乐，我的仙女姐姐[鲜花],<also_1>: #刘亦菲二代妖精#      #刘亦菲烽火芳菲#      @刘亦菲   我在为你加油啦，你是我今生唯一的执著哦。 #刘亦菲#  棒棒哒！9（09月15日 09:58打卡）,<琉珲>: [亲亲][亲亲] @刘亦菲    @刘亦菲    @刘亦菲,<琉珲>: [郁金香][郁金香],<琉珲>: [亲亲][亲亲] @刘亦菲    @刘亦菲    @刘亦菲,<嘞了壳去>: @刘亦菲   记得每天都开心哦,<嘞了壳去>: @刘亦菲   你最美,<嘞了壳去>: @刘亦菲   我的美菲,<Mdzz-7>: 回复 @不改掉拖延症不改名斯基 :有原图吗？,<笨笨的mk>: 生日快乐 我的女神,<耐懒婷>: @刘亦菲  永远的仙女姐姐   http://t.cn/RI9ePHL,<刘浅浅的小棉袄>: #刘亦菲烽火芳菲#    #刘亦菲二代妖精# #刘亦菲是小棉袄的# @刘亦菲  你是我今生唯一的执著哦。（09月14日 11:55打卡）,<21岁1996>: #刘亦菲烽火芳菲#   #刘亦菲二代妖精#   #刘亦菲#  蟹蟹你的出现  让我的青春岁月里  有了喜欢的人 @刘亦菲    @刘亦菲    @刘亦菲   （09月14日 10:51打卡）,<also_1>: #刘亦菲二代妖精#      #刘亦菲烽火芳菲#      @刘亦菲   我在为你加油啦，你是我今生唯一的执著哦。 #刘亦菲#  棒棒哒！9（09月14日 09:58打卡）,<用户6080794768>: 回复 @我的昵称app :[怒],<用户6080794768>: 回复 @物以茜为贵啊 :像个小美人鱼[微笑],<用户6080794768>: 生得好快[笑cry],<温柔的力量有吗>: #明星ALL榜#   @刘亦菲  我永远支持你！  #明星势力榜#  你一直是我的灵儿，龙儿，语嫣，……虞姬，韵锦，白浅，未来的一切，你只要在演戏就陪你，这是我唯一的承诺，（09月14日 07:40打卡）,<婘怠>: @刘亦菲  生日快乐  http://t.cn/RI9ePHL,<小豆米Crystal>: ##刘亦菲烽火芳菲##刘亦菲二代妖精##刘亦菲# 蟹蟹你的出现  让我的青春岁月里  有了喜欢的人 @刘亦菲    @刘亦菲    @刘亦菲   （09月13日 19:21打卡）,<阿米尔·汗家的小迷妹>:   @刘亦菲  我永远支持你！   #刘亦菲烽火芳菲#   #烽火芳菲定档11月10日#   #刘亦菲烽火芳菲#   @刘亦菲 @刘亦菲 @刘亦菲 （09月13日 17:35打卡）,<扶尾猫cc>: #刘亦菲二代妖精# 我在内地榜上为你加油啦 #刘亦菲烽火芳菲# 你是我今生唯一的执著哦 @刘亦菲  5（09月13日 17:13打卡）,<铃铛铛是我>: 回复 @盐仙丷 :从小美到大！,<杨田y>: 期待最好的演员刘亦菲！      #刘亦菲烽火芳菲# #烽火芳菲定档11月10日# #刘亦菲二代妖精# #刘亦菲白纤楚# #二代妖精定档1229#  [心][心][心]        @刘亦菲   @刘亦菲   @刘亦菲 （09月13日 15:20打卡）,<言小欢>: @刘亦菲  茜茜最美，撒浪嘿～  http://t.cn/RI9ePHL,<春归未晚>: 加油 茜茜 期待你的新电影,<春归未晚>: [可爱][可爱][可爱][可爱][可爱][可爱],<春归未晚>: [羞嗒嗒][羞嗒嗒][羞嗒嗒][羞嗒嗒][羞嗒嗒][羞嗒嗒][羞嗒嗒],<春归未晚>: 茜茜中秋快乐 国庆快乐 新年快乐 每天都快乐,<刘浅浅的小棉袄>: #刘亦菲烽火芳菲#    #刘亦菲二代妖精# #刘亦菲是小棉袄的# @刘亦菲  你是我今生唯一的执著哦。（09月13日 11:55打卡）,<also_1>: #刘亦菲二代妖精#      #刘亦菲烽火芳菲#      @刘亦菲   我在为你加油啦，你是我今生唯一的执著哦。 #刘亦菲#  棒棒哒！9（09月13日 09:58打卡）,<一直至都在>: [鲜花][鲜花][心][心],<牛腩何>: 祝愿女神能和自己喜欢的人在一起[礼物],<漫倾妩>: 愿你一世无忧，衣食无忧。愿你所想的所愿的都能实现。愿岁月对你温柔以待，愿你的善良和温柔能别世人理解，愿你幸福快乐一辈子。这是我最忠诚最真心最真心的祝福。我的女神我的唯一的女神我的白月光 @刘亦菲,<萨博兰度>: 迟了到的祝福，茜茜生日快乐,<小雅Aisha>: 回复 @盐仙丷 :18颜值巅峰,<Pirate--李>: 生日快乐[蛋糕][蛋糕],<汐间雪>: 回复 @柳岩 :[心][心][心][心],<没有终点008>: 回复 @黑纤楚 :求原图，大哥]
liuyifeiofficial	生日，是人和世界结缘的起点。与美“结缘”，便是最好的礼物。@尚美巴黎CHAUMET ​​​	[<扶尾猫cc>: #刘亦菲二代妖精# 我在内地榜上为你加油啦 #刘亦菲烽火芳菲# 你是我今生唯一的执著哦 @刘亦菲  5（09月15日 17:13打卡）,<刘浅浅的小棉袄>: #刘亦菲烽火芳菲#    #刘亦菲二代妖精# #刘亦菲是小棉袄的# @刘亦菲  你是我今生唯一的执著哦。（09月15日 14:12打卡）,<also_1>: #刘亦菲二代妖精#      #刘亦菲烽火芳菲#      @刘亦菲   我在为你加油啦，你是我今生唯一的执著哦。 #刘亦菲#  棒棒哒！3（09月15日 14:11打卡）,<收藏记忆的银币>: [爱你][爱你][爱你],<琉珲>: [亲亲][亲亲] @刘亦菲    @刘亦菲    @刘亦菲,<琉珲>: [椰树][椰树],<琉珲>: [樱花][樱花],<琉珲>: [亲亲][亲亲] @刘亦菲    @刘亦菲    @刘亦菲,<嘞了壳去>: @刘亦菲   人美心善气质佳,<嘞了壳去>: @刘亦菲   你就是公主啊,<嘞了壳去>: @刘亦菲   ，爱你茜茜公主,<Mdzz-7>: 回复 @五行缺丑的长腿昊阿 :想要原图,<L0VE神仙姐姐>: 晚安[爱你] #刘亦菲#,<几重疏影>: #刘亦菲二代妖精#   #刘亦菲烽火芳菲#  希望你天天开心，所有梦想都实现！（09月14日 19:43打卡）,<刘浅浅的小棉袄>: #刘亦菲烽火芳菲#    #刘亦菲二代妖精# #刘亦菲是小棉袄的# @刘亦菲  你是我今生唯一的执著哦。（09月14日 14:12打卡）,<also_1>: #刘亦菲二代妖精#      #刘亦菲烽火芳菲#      @刘亦菲   我在为你加油啦，你是我今生唯一的执著哦。 #刘亦菲#  棒棒哒！3（09月14日 14:11打卡）,<21岁1996>: #刘亦菲烽火芳菲#   #刘亦菲二代妖精#   #刘亦菲#  蟹蟹你的出现  让我的青春岁月里  有了喜欢的人 @刘亦菲    @刘亦菲    @刘亦菲   （09月14日 12:58打卡）,<香香香香香香菇姑娘>: 我心中最美的女明星,<国民阿璃男神大大>: 回复 @国民阿璃男神大大 :[笑而不语],<国民阿璃男神大大>: 回复 @国民阿璃男神大大 :然后一个人傻笑,<亦菲冲天yeah>: #刘亦菲烽火芳菲#         @刘亦菲       #刘亦菲二代妖精#       表白刘亦菲同学！（09月13日 19:59打卡）,<扶尾猫cc>: #刘亦菲二代妖精# 我在内地榜上为你加油啦 #刘亦菲烽火芳菲# 你是我今生唯一的执著哦 @刘亦菲  9（09月13日 19:58打卡）,<几重疏影>: #刘亦菲二代妖精#   #刘亦菲烽火芳菲#  希望你天天开心，所有梦想都实现！（09月13日 19:43打卡）,<小豆米Crystal>: ##刘亦菲烽火芳菲##刘亦菲二代妖精##刘亦菲# 蟹蟹你的出现  让我的青春岁月里  有了喜欢的人 @刘亦菲    @刘亦菲    @刘亦菲   （09月13日 19:26打卡）,<花深洞里人>: #刘亦菲二代妖精#   #刘亦菲烽火芳菲#  希望你天天开心，所有梦想都实现！（09月13日 19:08打卡）,<文放规范>: [坏笑][坏笑],<刘浅浅的小棉袄>: #刘亦菲烽火芳菲#    #刘亦菲二代妖精# #刘亦菲是小棉袄的# @刘亦菲  你是我今生唯一的执著哦。（09月13日 14:12打卡）,<also_1>: #刘亦菲二代妖精#      #刘亦菲烽火芳菲#      @刘亦菲   我在为你加油啦，你是我今生唯一的执著哦。 #刘亦菲#  棒棒哒！3（09月13日 14:11打卡）,<温柔的力量有吗>: #明星ALL榜#   @刘亦菲  我永远支持你！  #安静讲一段历史，更像是记录片，没有煽情和渲染，以小见大，铭记历史，从我做起。# 刘亦菲烽火芳菲# （09月13日 14:01打卡）,<亦菲冲天yeah>: #刘亦菲烽火芳菲#      @刘亦菲       #刘亦菲二代妖精#     爱你，永不变！（09月12日 19:20打卡）,<阿米尔·汗家的小迷妹>:   @刘亦菲  我永远支持你！   #刘亦菲烽火芳菲#   #烽火芳菲定档11月10日#   #刘亦菲烽火芳菲#   @刘亦菲 @刘亦菲 @刘亦菲 （09月12日 17:35打卡）,<浅浅的梨涡呀>: 为演员刘亦菲打call   #刘亦菲烽火芳菲# 定档1110  #刘亦菲二代妖精# 定档1229敬请期待   @刘亦菲   #刘亦菲# 3（09月12日 17:24打卡）,<耳东雨木木之陈霖>: #刘亦菲烽火芳菲#   #刘亦菲二代妖精#   @刘亦菲    @刘亦菲    @刘亦菲 （09月12日 12:53打卡）,<刘浅浅的小棉袄>: #刘亦菲烽火芳菲#    #刘亦菲二代妖精# #刘亦菲是小棉袄的# @刘亦菲  你是我今生唯一的执著哦。（09月12日 11:55打卡）,<路过借只猫>: [亲亲][亲亲],<温柔的力量有吗>: #明星ALL榜#   @刘亦菲  我永远支持你！我们一起拿下  #明星势力榜#  第一名  #刘亦菲825生日快乐# 爱你[爱心]  #刘亦菲正能量#   #二代妖精定档1229#    #刘亦菲二代妖精#   #刘亦菲烽火芳菲#  （09月12日 10:37打卡）,<菲同亦斑>: #刘亦菲二代妖精#   @刘亦菲  我永远支持你！我们一起拿下  #刘亦菲烽火芳菲#  第一名 （09月12日 10:05打卡）,<待不到你施衿结褵>:    #刘亦菲二代妖精# 我在 #明星ALL榜# 内地榜上为你加油啦 #刘亦菲烽火芳菲# 你是我今生唯一的执著哦。 #刘亦菲#  棒棒哒！ @刘亦菲4 （09月12日 09:44打卡）,<阿米尔·汗家的小迷妹>:   @刘亦菲  我永远支持你！   #刘亦菲烽火芳菲#   #烽火芳菲定档11月10日#   #刘亦菲烽火芳菲#   @刘亦菲 @刘亦菲 @刘亦菲 （09月11日 17:35打卡）,<我是范范锕>: #刘亦菲二代妖精# 我在内地榜上为你加油啦 #刘亦菲烽火芳菲# 你是我今生唯一的执著哦 @刘亦菲 （09月11日 14:40打卡）,<今天刘亦菲茜茜仙女娶我了吗>: #刘亦菲二代妖精# 我在内地榜上为你加油啦 #刘亦菲烽火芳菲# 你是我今生唯一的执著哦 @刘亦菲 （09月11日 14:24打卡）,<全世界最美好的刘亦菲>: #明星ALL榜#   @刘亦菲  我永远支持你！我们一起拿下  #明星势力榜#  第一名  @超级应援 http://t.cn/RCNOLw3 （09月11日 14:02打卡）,<WuYion>: 怎么可以这么美[泪],<丨TooBad丨>: @李__队  我女神,<菲同亦斑>: #刘亦菲二代妖精#   @刘亦菲  我永远支持你！我们一起拿下  #刘亦菲烽火芳菲#  第一名 （09月11日 10:05打卡）,<昵称什么的最没有爱了>: #刘亦菲二代妖精#  我在内地榜上为你加油啦  #刘亦菲烽火芳菲# ，你是我今生唯一的执著哦 @刘亦菲1 （09月11日 06:15打卡）,<叫我刘小弟liu>: 也是终点的开心！,<胡歌的小飞流_z>: 回复 @盐仙丷 :脖颈的那颗痣好性感[太开心],<亦菲冲天yeah>: #刘亦菲烽火芳菲#      @刘亦菲       #刘亦菲二代妖精#     爱你，永不变！（09月10日 19:20打卡）,<菲常静>: #刘亦菲烽火芳菲#   #刘亦菲二代妖精#   @刘亦菲    @刘亦菲    @刘亦菲    我永远支持你！（09月10日 18:43打卡）,<茜茜家的呆萌猴>: #刘亦菲二代妖精# 我在内地榜上为你加油啦 #刘亦菲烽火芳菲# 你是我今生唯一的执著哦 @刘亦菲 （09月10日 17:58打卡）,<喵咪王子和部长>: #刘亦菲二代妖精#   #刘亦菲烽火芳菲#    定档11月10日，由国际著名电影大师比利·奥古斯特执导，刘亦菲、埃米尔·赫斯基、严屹宽、余少群等主演。  由冯绍峰、刘亦菲主演的电影《一代妖精》正式更名《二代妖精》并定档12月29日元旦档！  @...（09月10日 17:41打卡）,<阿米尔·汗家的小迷妹>:   @刘亦菲  我永远支持你！   #刘亦菲烽火芳菲#   #烽火芳菲定档11月10日#   #刘亦菲烽火芳菲#   @刘亦菲 @刘亦菲 @刘亦菲 （09月10日 17:35打卡）]
liuyifeiofficial	#香奈儿嘉柏丽尔香水# 与你“香”约 @香奈儿CHANEL ​​​	[<杨田y>: 期待最好的演员刘亦菲！      #刘亦菲烽火芳菲# #烽火芳菲定档11月10日# #刘亦菲二代妖精# #刘亦菲白纤楚# #二代妖精定档1229#  [心][心][心]        @刘亦菲   @刘亦菲   @刘亦菲 （09月14日 18:22打卡）,<伶小苏>: 回复 @夏霞瞎 :我年纪小，很多事不懂，童言无忌，你不要介意，你一看就不是什么好人，正经人家,<丽君遇梓淇>: 这个口红的色号是多少啊？,<also_1>: #刘亦菲二代妖精#      #刘亦菲烽火芳菲#      @刘亦菲   我在为你加油啦，你是我今生唯一的执著哦。 #刘亦菲#  棒棒哒！7（09月13日 19:59打卡）,<严州人睦州人>: @刘亦菲   我在 #明星ALL榜# 上为你加油啦，你是我今生唯一的执著哦。 #刘亦菲#  棒棒哒！ @超级应援   http://t.cn/R6o35Tb  （09月13日 19:09打卡）,<杨田y>: 期待最好的演员刘亦菲！      #刘亦菲烽火芳菲# #烽火芳菲定档11月10日# #刘亦菲二代妖精# #刘亦菲白纤楚# #二代妖精定档1229#  [心][心][心]        @刘亦菲   @刘亦菲   @刘亦菲 （09月13日 18:22打卡）,<没有终点008>: 回复 @曹继兴 :说的好,<亦菲冲天yeah>: #刘亦菲烽火芳菲#         @刘亦菲       #刘亦菲二代妖精#       表白刘亦菲同学！（09月12日 19:59打卡）,<阿米尔·汗家的小迷妹>:   @刘亦菲  我永远支持你！   #刘亦菲二代妖精#   #刘亦菲白纤楚#   #电影二代妖精#  （09月12日 19:14打卡）,<浅浅的梨涡呀>: 为演员刘亦菲打call   #刘亦菲烽火芳菲# 定档1110  #刘亦菲二代妖精# 定档1229敬请期待   @刘亦菲   #刘亦菲# 4（09月12日 18:45打卡）,<今天刘亦菲茜茜仙女娶我了吗>: #刘亦菲二代妖精# 我在内地榜上为你加油啦 #刘亦菲烽火芳菲# 你是我今生唯一的执著哦 @刘亦菲 （09月12日 18:25打卡）,<刘浅浅的小棉袄>: #刘亦菲烽火芳菲#    #刘亦菲二代妖精# #刘亦菲是小棉袄的# @刘亦菲  你是我今生唯一的执著哦。（09月12日 14:12打卡）,<also_1>: #刘亦菲二代妖精#      #刘亦菲烽火芳菲#      @刘亦菲   我在为你加油啦，你是我今生唯一的执著哦。 #刘亦菲#  棒棒哒！3（09月12日 14:11打卡）,<路过借只猫>: [兔子][兔子],<阿米尔·汗家的小迷妹>:   @刘亦菲  我永远支持你！   #刘亦菲二代妖精#   #刘亦菲白纤楚#   #电影二代妖精#  （09月11日 19:14打卡）,<今天刘亦菲茜茜仙女娶我了吗>: #刘亦菲二代妖精# 我在内地榜上为你加油啦 #刘亦菲烽火芳菲# 你是我今生唯一的执著哦 @刘亦菲 （09月11日 18:25打卡）,<菲同亦斑>: #刘亦菲二代妖精#   @刘亦菲  我永远支持你！我们一起拿下  #刘亦菲烽火芳菲#  第一名 （09月11日 15:27打卡）,<用户6111621573>: 所以现在是香奈儿的代言人？,<全世界最美好的刘亦菲>: #明星ALL榜#   @刘亦菲  我永远支持你！我们一起拿下  #明星势力榜#  第一名  @超级应援 http://t.cn/RCNOLw3 （09月11日 14:14打卡）,<夏霞瞎>: 回复 @伶小苏 :嗯...看来刘亦菲跟你母亲同辈分.瞧把你这尊重的,<浅浅爱你么么哒>: [并不简单][并不简单],<极品污师>: 不是我的赵灵儿[悲伤][悲伤][悲伤][悲伤],<亦菲冲天yeah>: #刘亦菲烽火芳菲#         @刘亦菲       #刘亦菲二代妖精#       表白刘亦菲同学！（09月10日 19:59打卡）,<扶尾猫cc>: #刘亦菲二代妖精# 我在内地榜上为你加油啦 #刘亦菲烽火芳菲# 你是我今生唯一的执著哦 @刘亦菲  9（09月10日 19:58打卡）,<茜茜家的呆萌猴>: #刘亦菲二代妖精# 我在内地榜上为你加油啦 #刘亦菲烽火芳菲# 你是我今生唯一的执著哦 @刘亦菲 （09月10日 19:40打卡）,<喵咪王子和部长>: #刘亦菲二代妖精#   #刘亦菲烽火芳菲#    定档11月10日，由国际著名电影大师比利·奥古斯特执导，刘亦菲、埃米尔·赫斯基、严屹宽、余少群等主演。  由冯绍峰、刘亦菲主演的电影《一代妖精》正式更名《二代妖精》并定档12月29日元旦档！  @...（09月10日 19:24打卡）,<阿米尔·汗家的小迷妹>:   @刘亦菲  我永远支持你！   #刘亦菲二代妖精#   #刘亦菲白纤楚#   #电影二代妖精#  （09月10日 19:14打卡）,<浅浅的梨涡呀>: 为演员刘亦菲打call   #刘亦菲烽火芳菲# 定档1110  #刘亦菲二代妖精# 定档1229敬请期待   @刘亦菲   #刘亦菲# 4（09月10日 18:45打卡）,<今天刘亦菲茜茜仙女娶我了吗>: #刘亦菲二代妖精# 我在内地榜上为你加油啦 #刘亦菲烽火芳菲# 你是我今生唯一的执著哦 @刘亦菲 （09月10日 18:25打卡）,<大熊爱上小花轮>: #刘亦菲二代妖精# 我在内地榜上为你加油啦 #刘亦菲烽火芳菲# 你是我今生唯一的执著哦 @刘亦菲  7（09月10日 18:06打卡）,<菲同亦斑>: #刘亦菲二代妖精#   @刘亦菲  我永远支持你！我们一起拿下  #刘亦菲烽火芳菲#  第一名 （09月10日 15:27打卡）,<么么茜ovo>: #刘亦菲二代妖精# 我在内地榜上为你加油啦 #刘亦菲烽火芳菲# 你是我今生唯一的执著哦 @刘亦菲 （09月10日 14:19打卡）,<刘浅浅的小棉袄>: #刘亦菲烽火芳菲#    #刘亦菲二代妖精# #刘亦菲是小棉袄的# @刘亦菲  你是我今生唯一的执著哦。（09月10日 14:12打卡）,<昵称什么的最没有爱了>: #刘亦菲二代妖精#  我在内地榜上为你加油啦  #刘亦菲烽火芳菲# ，你是我今生唯一的执著哦 @刘亦菲3 （09月10日 07:40打卡）,<旭日东升榕>: 好美好美啊[憧憬][憧憬][憧憬],<hh石头017>: 够漂亮，[赞][赞][赞][赞][赞],<亦菲冲天yeah>: #刘亦菲烽火芳菲#         @刘亦菲       #刘亦菲二代妖精#       表白刘亦菲同学！（09月09日 19:59打卡）,<扶尾猫cc>: #刘亦菲二代妖精# 我在内地榜上为你加油啦 #刘亦菲烽火芳菲# 你是我今生唯一的执著哦 @刘亦菲  9（09月09日 19:58打卡）,<茜茜家的呆萌猴>: #刘亦菲二代妖精# 我在内地榜上为你加油啦 #刘亦菲烽火芳菲# 你是我今生唯一的执著哦 @刘亦菲 （09月09日 19:40打卡）,<喵咪王子和部长>: #刘亦菲二代妖精#   #刘亦菲烽火芳菲#     #烽火芳菲定档11月10日#  由国际著名电影大师比利·奥古斯特执导，刘亦菲、埃米尔·赫斯基、严屹宽、余少群等国内外群星主演。  由冯绍峰、刘亦菲主演的电影《一代妖精》正式更名《二代妖精》并定档12...（09月09日 19:24打卡）,<阿米尔·汗家的小迷妹>:   @刘亦菲  我永远支持你！   #刘亦菲二代妖精#   #刘亦菲白纤楚#   #电影二代妖精#  （09月09日 19:14打卡）,<浅浅的梨涡呀>: 为演员刘亦菲打call   #刘亦菲烽火芳菲# 定档1110  #刘亦菲二代妖精# 定档1229敬请期待   @刘亦菲   #刘亦菲# 4（09月09日 18:45打卡）,<今天刘亦菲茜茜仙女娶我了吗>: #刘亦菲二代妖精# 我在内地榜上为你加油啦 #刘亦菲烽火芳菲# 你是我今生唯一的执著哦 @刘亦菲 （09月09日 18:25打卡）,<大熊爱上小花轮>: #刘亦菲二代妖精# 我在内地榜上为你加油啦 #刘亦菲烽火芳菲# 你是我今生唯一的执著哦 @刘亦菲  7（09月09日 18:06打卡）,<菲同亦斑>: #刘亦菲二代妖精#   @刘亦菲  我永远支持你！我们一起拿下  #刘亦菲烽火芳菲#  第一名 （09月09日 15:27打卡）,<么么茜ovo>: #刘亦菲二代妖精# 我在内地榜上为你加油啦 #刘亦菲烽火芳菲# 你是我今生唯一的执著哦 @刘亦菲 （09月09日 14:19打卡）,<全世界最美好的刘亦菲>: #明星ALL榜#   @刘亦菲  我永远支持你！我们一起拿下  #明星势力榜#  第一名  @超级应援 http://t.cn/RCNOLw3 （09月09日 14:14打卡）,<刘浅浅的小棉袄>: #刘亦菲烽火芳菲#    #刘亦菲二代妖精# #刘亦菲是小棉袄的# @刘亦菲  你是我今生唯一的执著哦。（09月09日 14:12打卡）,<东京铁塔de幸福32932>: 女神[色][色],<伶小苏>: 我还以为是景甜，原来是仙姑刘大妈，对了，大妈你和老宋结婚后孩子是美国人还是韩国人[思考][思考][思考],<漂泊乐增83033>: 我女神啊[鼓掌]]
liuyifeiofficial	辣的…爽 @刘健安AN ​​​	[<露露陪你看日出>: 爱你，重庆是我的家乡，你能来重庆，我真的好开心，哪怕没能见到你，爱你十年有余,<亦i熙>: 永远爱你[爱心] [爱心],<卫栋子>: 卿萱，卫栋可以和你度过所有的问题，相爱就不要有负担，没有什么问题是两个人一起解决不了的，爱人嘛！在一起就有了天下，就有了一起对抗世界的勇气。,<卫栋子>: ，就说卿萱，卫栋可以和你度过所有的问题，相爱就不要有负担，没有什么问题是两个人一起解决不了的，爱人嘛！在一起就有了天下，就有了一起对抗世界的勇气。求求你了，亦菲姐姐！！,<卫栋子>: 亦菲姐姐，你是我女朋友的女神。这两天我们因为一系列原因分手了，我用尽了一切的办法她都不同意回到我身边来，我知道她还是爱着我的，只是因为一些原因让她感到了无力，但是我会很努力的，所有的阻碍我都想和她一起度过。我真的不知道还有谁可以帮我了，我想让您帮帮我，给他说一句话。,<请叫我大人123>: 回复 @莴苣姑娘___ :很好看,<亦萱优品>: 最近这动态频繁的可以，继续保持，对，就这样的速度[哈哈][哈哈][偷笑],<鱼则非臣>: 回复 @刘淑雅啊 :特效超有创意！服装很仙，不知道在黑什么╮（╯＿╰）╭,<西卡zang>: 姑姑与过儿[鼓掌][鼓掌],<Doughnut郭_>: 哈哈哈哈，第二张表情太可爱啦[太开心],<善念决>: 美美美美美美美美美美美美美,<脾气暴躁猫>: 为什么刘亦菲女神这么好看,<LYF天使>: 这么能吃辣，厉害了,<走太远y>: 搞不明白为什么喜欢韩国人,<用户6358309722>: 少吃点麻辣的，可以吗[挤眼],<于听雨->: 简直像18岁少女,<北城少年南方大雁>: 永远那么美[微笑],<香香姐姐么哒>: [心][心][心],<雪547852>: 邢萌大姐姐，华为平板程序好玩吧？,<念袖盈香_251>: 回复 @盐仙丷 :还是回来演电视剧吧！看了电影十里桃花 演技不差，就是剧情不好太着急，造型太差了～～～好好挑选剧本吧,<每个人都并非是一座孤岛>: 我女朋友[doge],<妍郡桓>: 回复 @CrystalLwb :就该来偶遇[泪],<小太白pom>: [羞嗒嗒][羞嗒嗒],<BARBARA0330>: 小姐姐绝对是中国第一美女 美人在骨不在皮 可小姐姐骨相也美皮相也美 鉴定完毕,<用户5288486728>: 拍戏太假了 真心的 第一次发现你拍戏这么假 我等了这么长的时间就换回来你这样的戏 让你的粉丝太失望了 导演我恨你 都怪导演 以后别让我女神演这烂电影好么 你让我看什么呢 你看看杨幂演的好么？,<黃媜>: 怎麼可以吃麻辣鍋都這麼美[哆啦A梦花心][悲伤][悲伤][悲伤],<xoxo-lindsay>: 今天看了三生三世，我只想说这是你从影以来最尴尬的一部戏！,<好不好姐>: 刘亦菲是唯一一个不会翻粉丝牌的明星[微笑],<爱紫萱201604>: 我菲人美有演技，还低调，你咋这么好呢[爱你][心],<Zoe饰品>: 小姐姐要是戴我家耳环会更美…,<浅浅爱你么么哒>: [可爱][可爱],<Zara_蕉>: 侧脸那张，好萌[笑cry][笑cry],<黑人文旭>: 亲爱的帮我转发微博,<LeslieJeong>: 自贡这边的东西辣的哭[笑而不语],<80后的小豆芽21>: 最最棒最美的女生，永远挺你,<白夜行200912>: [鼓掌][鼓掌][鼓掌],<劳拉曹尼玛>: 不知是你像我女神，还是我女神像你 @刘亦菲,<小太白pom>: #刘亦菲烽火芳菲#   #刘亦菲二代妖精#   @刘亦菲   @刘亦菲   @刘亦菲,<浅浅爱你么么哒>: #刘亦菲烽火芳菲#   #刘亦菲二代妖精#   @刘亦菲   @刘亦菲   @刘亦菲,<看你在飞>: …没你本人亿分之一美！！,<R-aurora>: 回复 @每次轮回都为你-ashin :求原图,<逍戏红尘go>: 从10岁看你拍的神雕侠侣就被你的仙女气质迷了，一晃10年过去了，已经找不到以前小仙女的影子了。物是人非,<浅浅爱你么么哒>: #刘亦菲烽火芳菲#   #刘亦菲二代妖精#   @刘亦菲   @刘亦菲   @刘亦菲  [doge][doge][doge],<臻衡666>: 茜茜呐~你怎么这么萌啊[污][污][污][污][色]不愧是我喜欢了十二年的神仙姐姐，又美又善良~[亲亲][亲亲][亲亲][亲亲][亲亲][亲亲][亲亲][亲亲][羞嗒嗒],<YHYAO>: @面相与命运  大师您看 很美啊 没鼻节,<鹏飞ID>: 你喜欢吃辣的？会张逗的,<殇痞>: 第二张一脸享受的样子,<海陆风中>: 这素颜，也是没谁了[doge][doge][doge][doge],<小太白pom>: #刘亦菲二代妖精#   #刘亦菲烽火芳菲#   @刘亦菲   @刘亦菲   @刘亦菲,<浅浅爱你么么哒>: #刘亦菲二代妖精#   #刘亦菲烽火芳菲#   @刘亦菲   @刘亦菲   @刘亦菲,<七彩夜明珠小怪兽2006>: 回复 @我是范范锕 :wcwcwcwc！心里面一万只羊驼跳过。你赢了！,<凡生花2017>: 美美哒灵儿一直都在[心],<about昌之先生>: 死瘦马 不 是肥马才对]
liuyifeiofficial	谢谢厚爱 ​​​	[<一只长角鹿>: 最好的浅浅[爱你][笑而不语][害羞],<香香姐姐么哒>: 美丽的白浅，演的很棒噢[心],<桂贝勒xixi>: 真心美！不会有人比神仙姐姐更适合这个角色了,<小太白pom>: [羞嗒嗒][羞嗒嗒],<是这样的汉子2017>: 非常失望[闭眼],<圆沐子晴>: 始于颜值 忠于演技  http://t.cn/RNk5gz7,<love小钥>: 最美的白浅[鲜花][鲜花][鲜花],<用户3580010502>: 真的特别棒！欣赏你的人品。,<小太白pom>: [羞嗒嗒][羞嗒嗒],<浅浅爱你么么哒>: [可爱][可爱],<哈哈哈A型>: 刚看完三生三世电影，以对比小说来说，刘仙子演得很到位，起码，点心碟顶在头上时我留意的是她的演技，后来回放才留意到蛋糕点心。夺棺那幕打戏很精彩，动作干净利落。加油！再拍多点好看的电影电视。,<浅浅天仙攻>: 回复 @水清浅199605 :淡定，在我们心中刘亦菲永远最棒就好来,<浅浅天仙攻>: 回复 @趁着年轻可劲燥 :黑粉拜拜,<浅浅天仙攻>: 回复 @趁着年轻可劲燥 :你是杨幂的脑残粉，不然怎么跑这来了。,<hdjjdjjj>: 回复 @Wyi_only :好美[爱你],<ONE真诚BOY>: 其实电影拍得很美，比去年捉妖记好多了，只是机不逢时，如果不遇战狼2，票房更高。为刘亦菲演技点赞！,<香熙涵0226>: 回复 @一代小熊猫的妹妹 :呵呵,<咖coco>: 先看剧版再看影版，认真的喜欢影版，是更加正统的三生三世，时间会证明一切。希望菲再出新的好作品，像三生三世一样。[爱你],<熊宝宝-的安妮>: 真的很好看，从演员到特效，很有感觉的一部好作品！！！,<灻啍啊啊啊啊啊啊啊>: [心]我心中的白浅,<洛曦poem>: 茜茜，快发布三生里的那首歌吧，等好久了 [可怜],<噗噗饼>: 回复 @爱紫萱201604 :净化起来[羞嗒嗒][羞嗒嗒][羞嗒嗒],<爱紫萱201604>: 我在看完电影以后，夸你夸的手都酸了，你是我心中最美的白浅[心],<噗噗饼>: 么么哒[爱你][爱你][爱你],<噗噗饼>: 你演的很好，4个角色都好立体，玄女的时候真希望多点，看看坏人的你,<噗噗饼>: 电影不错，有缺点有亮点，虽然知道你不在意，还是想说，你很棒,<浅浅爱你么么哒>: [可爱][可爱],<樊婊婊_c_b>: 今天看的你的电影，真的超级好看[污][污][污][污]我的女神,<李的yoyo啊>: 那些说白浅只认某幂的！！我呸！哪来的自信！见过不要脸的，没见过这么不要脸的。看刘亦菲饰演的白浅，演技自然，气质高贵，大气灵动直率，情绪有爆发力，打戏很有力量感！欣赏不来电视剧的白浅有气无力的样子，只会瞪双大眼睛，还有故作上神的模样，就像深宫里的皇太后，说本上神的语气就像说哀家一样,<仙closer>: 浅浅永远是最好的浅浅，只有你一个浅浅，不管别人怎么说。宝贝儿，我爱你。谁说粉丝只是三分钟热度，我爱你十几年了。,<半岛少女>: 回复 @来自幸运星的小西呀 :其实我也觉得剧本不行、,<景阿楠>: 值得厚爱[爱你],<白夜行200912>: [赞啊][挤眼],<用户3241925871>: 但你演技确实不怎么样 人还是很美,<小太白pom>: #刘亦菲烽火芳菲#   #刘亦菲二代妖精#   @刘亦菲   @刘亦菲   @刘亦菲,<浅浅爱你么么哒>: #刘亦菲烽火芳菲#   #刘亦菲二代妖精#   @刘亦菲   @刘亦菲   @刘亦菲,<七彩夜明珠小怪兽2006>: 回复 @用户5874998718 :她丢弃了自身所长去闯不擅长的领域。也是可惜。你看当红小花的成名作哪个没有她之前电视剧的影子？可她非说什么不走相同的路，并且一直这样做了。她不爱的路和不爱的称号都是别人前赴后继梦寐以求的。 @刘亦菲,<七彩夜明珠小怪兽2006>: 回复 @seven七辰 :其实你就是去看脸。别问我怎么知道的。,<七彩夜明珠小怪兽2006>: 回复 @最爱刘亦菲的小白鲸 :啥意思,<浅浅爱你么么哒>: #刘亦菲烽火芳菲#   #刘亦菲二代妖精#   @刘亦菲   @刘亦菲   @刘亦菲  [doge][doge][doge],<沧海一声喵Tsui>: 这部动画挺好看的[心],<大帅哥小丫头12>: 回复 @关霄这个名字被注册了 :说别人之前首先看看自己[鄙视],<大帅哥小丫头12>: 回复 @MsJenn1fer :这个电影其实我觉得挺好看的,<安安妹子kk>: 回复 @MsJenn1fer :同意！这样的话不是谁都能说出口的,<海陆风中>: [doge][doge][doge][doge][害羞][害羞][害羞][害羞],<小太白pom>: #刘亦菲二代妖精#   #刘亦菲烽火芳菲#   @刘亦菲   @刘亦菲   @刘亦菲,<浅浅爱你么么哒>: #刘亦菲二代妖精#   #刘亦菲烽火芳菲#   @刘亦菲   @刘亦菲   @刘亦菲,<小太白pom>: #刘亦菲二代妖精#   #刘亦菲烽火芳菲#   @刘亦菲    @刘亦菲    @刘亦菲,<浅浅爱你么么哒>: #刘亦菲二代妖精#   #刘亦菲烽火芳菲#   @刘亦菲    @刘亦菲    @刘亦菲,<解欲病>: 菲菲 爱你[心]昨晚跟他一起去看的,<花开花落又是雨季zjn>: 我应该说一声不客气吗？[嘻嘻][嘻嘻][嘻嘻],<seven七辰>: 我不是一个喜欢重复看一部电影的人，一般看过一次就不会再看了...但是这部剧我至少刷了3次了[笑cry][笑cry][笑cry][允悲][允悲]根本停不下来，越看越上瘾,<小妖滢子>: 回复 @欣儿888888 :你觉得烂剧你怎么不去拍，子不教父之过，你骂人我的错,<亦生嘉允>: #刘亦菲烽火芳菲#   #刘亦菲二代妖精#   #刘亦菲天梭全球代言人#   #三世天使刘亦菲#,<燕悔燕悔>: 回复 @夏圈酱 :不看白瞎了你的眼,<燕悔燕悔>: 回复 @我没有节操怎么想都是你们的错 :人家演了就不道德了杨幂呢？]
liuyifeiofficial	[喵喵] ​​​	[<静雨染夏>: 额 竟然漏了这一条微博 才看到[色],<无关的耳朵>: 懦弱到只能在你点赞的微博里打字！！,<小太白pom>: #刘亦菲二代妖精#   #刘亦菲烽火芳菲#   @刘亦菲   @刘亦菲   @刘亦菲,<一枚可爱妹纸>: [喵喵][喵喵][喵喵],<用户6348610419>: 好酷，原来的设计就是这样的吗？帮我再回忆一些。,<最爱刘亦菲的小白鲸>: 忘了妈妈长啥样了想回去看看,<思念人之屋q>: #刘亦菲二代妖精#  [心]  #刘亦菲烽火芳菲#  [心]  #刘亦菲天梭全球代言人#  [心]  #刘亦菲中国黄金代言人#  [心]  #三世天使刘亦菲#   [心]  1 @刘亦菲 @刘亦菲   @刘亦菲,<小太白pom>: #刘亦菲二代妖精#   #刘亦菲烽火芳菲#   @刘亦菲    @刘亦菲    @刘亦菲,<浅浅爱你么么哒>: #刘亦菲二代妖精#   #刘亦菲烽火芳菲#   @刘亦菲    @刘亦菲    @刘亦菲,<俞海127>: 那天状态不好，然后就发了这一条微博，很酷,<挣扎在deadline的特困生>: @Sananthachat   [哈哈][哈哈][哈哈],<亦生嘉允>: #刘亦菲二代妖精#   #刘亦菲烽火芳菲#   #刘亦菲#   #刘亦菲白纤楚#   #刘亦菲英#,<sailing5921>: 菩提本无树，明镜亦菲台，本来无亦物，何处惹尘爱。。。。。。。,<小太白pom>: #刘亦菲烽火芳菲#   #刘亦菲二代妖精#   @刘亦菲    @刘亦菲    @刘亦菲,<浅浅爱你么么哒>: #刘亦菲烽火芳菲#   #刘亦菲二代妖精#   @刘亦菲    @刘亦菲    @刘亦菲,<4pm小鹿>: #刘亦菲二代妖精#   #刘亦菲烽火芳菲#   @刘亦菲   @刘亦菲   @刘亦菲,<刘亦菲的小白鲸>: 刘亦菲[小嘴]刘亦菲[小嘴]刘亦菲[小嘴]刘亦菲[小嘴]刘亦菲[小嘴]刘亦菲[小嘴]刘亦菲[小嘴]刘亦菲[小嘴]刘亦菲[小嘴]刘亦菲[小嘴]刘亦菲[小嘴]刘亦菲[小嘴]刘亦菲[小嘴]刘亦菲[小嘴]刘亦菲[小嘴]刘亦菲[小嘴]刘亦菲[小嘴]刘亦菲[小嘴],<思念人之屋q>: #刘亦菲二代妖精#  [心]  #刘亦菲烽火芳菲#  [心]  #刘亦菲天梭全球代言人#  [心]  #刘亦菲中国黄金代言人#  [心]  #三世天使刘亦菲#   [心]  助攻 @刘亦菲 @刘亦菲   @刘亦菲,<跟月亮没关系>: 我.第一次保存一个明星的照片....,<或许你也喜欢迪丽热巴>: 老公[doge],<-菜小白>: [害羞][亲亲][亲亲][爱你][爱你][爱你],<路过借只猫>: #刘亦菲白纤楚#   #刘亦菲二代妖精#   #刘亦菲烽火芳菲#   #刘亦菲天梭全球代言人#   #刘亦菲中国黄金代言人#   #刘亦菲#   @刘亦菲    @刘亦菲,<lihhh_74272>: 老公睡我[抓狂][抓狂],<路过借只猫>: [心]  #刘亦菲#   #刘亦菲二代妖精#   #刘亦菲烽火芳菲#   #刘亦菲天梭全球代言人#   #刘亦菲中国黄金代言人#   @刘亦菲    @刘亦菲   比芯[心],<路过借只猫>: #刘亦菲#   #刘亦菲二代妖精#   #刘亦菲烽火芳菲#   #刘亦菲天梭全球代言人#   #刘亦菲中国黄金代言人#   @刘亦菲    @刘亦菲   比芯[心],<failureFailure>: 神仙姐姐，又帅了,<充满热情的ZHH>: 回复 @子文哥哥的小书迷 :[允悲][允悲][允悲],<亦生嘉允>: #刘亦菲烽火芳菲#   #刘亦菲二代妖精#,<子文哥哥的小书迷>: 回复 @充满热情的ZHH :因为我们不是会员……,<一枚可爱妹纸>:   @刘亦菲   [心] #刘亦菲825生日快乐#  [心] #刘亦菲二代妖精#  [心] #刘亦菲烽火芳菲#  [心] #刘亦菲天梭全球代言人#  [心] #刘亦菲中国黄金代言人#  [心] #刘亦菲温碧泉#  [心] #chaumet刘亦菲亦公主亦女王#  [心] #chaumet尚美巴黎刘亦菲#  [心] #刘亦菲生日礼物#  [心] #刘亦菲#  [心],<warmayan>: 回复 @瞎子摸瞎指鹿为马 :求个原图小仙女[鲜花],<充满热情的ZHH>: 回复 @子文哥哥的小书迷 :我也是想问 怎么我们发不了,<北冥有鱼1021>: 回复 @进主页领对象 :求原图[爱你],<lklklk刘坤>: 小时候我买的的贴画也有这种模样的裤子[爱你],<杨建微博贴吧>: 好像有什么寓意？菲菲姐[笑cry][允悲],<愿我是太阳能温暖你>: 太美 好爱你[爱心]️,<hfievoapfvwejxu>: 为什么，你的腿，能这么长呢,<纮糖有点甜_肥鱼>: 大长腿太帅了！[喵喵],<我叫张超美>: [心][心][心],<IT云图>: 回复 @别点进来我不帅啊 :体验也有意义奕报告会，7要68运营6雨挑剔iIEu6是6”6 #南京·玄武区[地点]#,<亦菲小筑>: 晚安 #刘亦菲825生日快乐#   #刘亦菲天梭全球代言人#   #刘亦菲#   @刘亦菲   ,<正能量啊三小只>: 大大大大大大大大大大大长腿,<VCC专属CC>: #刘亦菲0825生日快乐#  ,<VCC专属CC>: #刘亦菲0825生日快乐#  ,<亦菲的CKJ>: 菲姐，我在空间写了一条关于你的说说，梦到你了。你可以回我么？,<慧儿明哥>: 希望菲菲重新拍电视剧,<一路向茜zjqy>: #刘亦菲#   #刘亦菲0825生日快乐#  帅,<Deferto_有美人兮見之不忘>: 黑白之间  只有你,<自恋凯哦>: 看到你光鲜亮丽的外表，不知道付出了多少汗水多少努力 才有今天的成就，背后的心酸只有自己知道，就像我以前胖的时候整天羡慕别人拥有的好身材 高颜值，现在减了三十多斤以后，自己也拥有了好的身材，美美的脸蛋，继续努力做最好的自己 加油！关注我！谢谢！,<碧水靈茜>: 回复 @碧水靈茜 :提前祝茜茜公主生日快乐啊,<碧水靈茜>: 回复 @碧水靈茜 :一路风雨同行，陪你到底,<你爱喝奶茶吗>: [馋嘴][馋嘴][馋嘴]]
liuyifeiofficial	#张靓颖十里桃花##电影三生三世十里桃花# 明天起，十里不断爱随桃花飘香……十里桃花 ​​​	[<茶之叶嘉>: 回复 @千景酒酒e :但说实话好多人人都是为原著去的,<茶之叶嘉>: 回复 @千景酒酒e :这个解释我接受！,<茶之叶嘉>: 回复 @千景酒酒e :1我没说这个电影不好 2两个主演我都喜欢 3正常人的理解你这是变相的想骂人还是想吵架 4我没有说谁对谁错 5再说一遍你说的是你的理解 6看过原剧情的人都是我们的错了？ 7我求的是一个确定的答案，不是一个的感觉,<千景酒酒e>: 回复 @茶之叶嘉 :如果不是一个人，就像你说的，混乱没看懂，不知道结尾什么意思，完全不明白白浅对夜华和对墨渊的感情，很多人还觉得白浅应该和墨渊在一起。但是按是一个人来理解就完全顺了，而且电影里也没有墨渊和别人的感情线，只有两个人的三生三世我觉得这样改好多了不然真是一大混乱的多角恋,<浅念3橙>: 回复 @雅baby5776 :这是我个人意见这位小姐你也太……多管闲事了吧,<千景酒酒e>: 回复 @茶之叶嘉 :额…要是一个电影剧情都需要官方解释剧情那说明真的是一个烂片了[眼泪]，按正常人的理解就是这样啊，难道带着另一个剧情去看还没看懂的理解是对的么？我真的觉得演的挺明白了,<茶之叶嘉>: 回复 @千景酒酒e :并且你也说了这是没看过原剧情的人认为而不是官微的解释,<茶之叶嘉>: 回复 @千景酒酒e :原话是夜华我想起来了，原来我从始至终，也只有你,<千景酒酒e>: 回复 @茶之叶嘉 :看过原剧情的大部分都混乱，没看过的大部分都看出来是一个人了一点没纠结,<千景酒酒e>: 回复 @茶之叶嘉 :说这句话之前一直在师傅和夜华封印东皇钟的场景来回切换，不然这句话意义何在？是想说原来以为自己又爱师傅又爱夜华现在发现不爱师傅爱夜华？这么感动的时候白浅来这么一感想那也太雷了,<船长小青和嘟嘟小霸王>: 回复 @水月雅儿 :我昨晚也看了，我觉得很棒！,<水月雅儿>: 回复 @船长小青和嘟嘟小霸王 :我已经看完了，出乎意料的好看，真的，不要听别人说，要自己去看。,<水月雅儿>: 回复 @风起时云淡 :你这话说的十分难听，是个粉丝都知道电影版先出的消息，电视剧抢占了先机，难不成人家拍了电视剧，原本说好的电影就不拍了不成，下午看了亦菲演的电影，我觉得演的很棒，是我心中的白浅。,<水月雅儿>: 回复 @cician章楚韵 :看了三生，觉得亦菲演技越来越成熟，也渐渐的接地气了，真的替她开心，你说的也很对，她确实很需要演电视剧，而且是那种制作精良的剧，因为演技方面可以担当了，只是这样的想法我们跟她提过无数次，可还是改变不了，如果有一天她演了电视剧，那是件开心的事，但如果她不愿意，咱还是应该尊重她的选择。,<王语枫-yf>: 刚刚从影院出来，为了看你才去看的三生三世，我的神仙姐姐，真的是盛世美颜啊[鲜花],<水月雅儿>: 亲，刚看完了电影，很为你开心，演技越来越棒了，越来越接地气了，嘿嘿，整场电影就顾着看你了，加油，希望看到更好的你。,<-Mole丶>: #三生三世十里桃花[电影]#,<小小刚几>: 我觉得很好看啊！,<沫小汐1025>: 遇到战狼二了要不然票房应该还是不错的呵呵,<若灵小仙女>: 回复 @空山闻雁 :不想和你说,<君白描>: 回复 @又心1110 :最后祝你大学毕业辛辛苦苦写的论文还没发表就被人家抄袭。你那么大度的人，这样应该也没所谓了吧。,<君白描>: 回复 @又心1110 :你看清楚了，我黑她了吗？同是粉丝你祝我原地爆炸？可以的。麻烦你带上你的眼睛仔细看看，黑她的是水军吗？如果她接的不是抄袭的电影，你觉得会有这么多人说她吗？恕我直言，有你这样的粉，刘亦菲也是倒了八辈子的霉了。这部戏之前邀请过胡歌，胡歌至少有明辨是非的能力，抄袭剧人家也没接,<哈利路亚阿弥陀佛么么哒>: 到底哪首才是主题曲啊,<躲在被被的被子里>: 求你接点好片吧，趁着颜值还没完全掉下去，一直接这种片子对自己有什么帮助呢,<小林18277404455>: 今天中午看了电影，很感谢神仙姐姐给我们带来一个这么仙气的白浅上神[心]会一直爱着你，不要去管别人说什么[心],<大蓝翔挖掘机学校校花>: 回复 @和茜茜一起成长 :你女友说的明明挺对[微笑],<兔子兔子爱吃胡萝卜>: 回复 @淇是二声的Q :是的～以我看～和杨幂版的各有千秋～但是影版的真的是时间受限～剧情很一般啊～,<DR大人DR>: [心][心][心],<humor默>: 爱你，看完了！炒鸡棒吧！！,<俞你共享>: 支持电影版，期待视觉盛宴！,<兰若词CY>: 还有兰若词，超好听,<一粒星米>: 喜欢三生三世十里桃花电影,<二次元用户5840189327>: 爱你[爱心]️菲,<王美丽是个小可爱>: 回复 @张靓颖 :你们是老朋友了啊，从当年的神雕侠侣天下无双，到如今的三生三世十里桃花,<空山闻雁>: 回复 @若灵小仙女 :那你就很多戏了，那建议颖宝宝管管你么？,<栀月鸣蜩>: 讲句干脆话，这作曲不行[失望],<燕悔燕悔>: 拍摄手法也很好，杨幂拍了几十集，刘亦菲呈现了不一样的白浅。。。避免了抄袭，而且不至于如此评价恶论。,<燕悔燕悔>: 罗晋折颜也是一看点过渡。素素扮作宫女在天宫求一份安然却。。。白浅想再喝忘情水，折颜润滑剂，素锦一退为进取得天孙血，为爱丧生，夜华打败擎苍后如同墨渊一样封印东皇钟，白浅如此的演技，和剧版不一样主线还是一致。然后倒退，夜店就用过，之后墨渊醒，夜华在桃林下。。,<燕悔燕悔>: 的确是跳了两次，一是素素，二是白浅，醉生梦死。。素锦把眼睛换给了白浅，一开始白浅是不谙俗世，凡尘，说素锦漂亮眼睛，面对与夜华的纠葛也很入戏，素素灵巧温婉很会生活，司音俊朗精致。玄女是个喽啰，自己孩子被诅咒，盗墨渊仙体被饶恕擎苍是邪气狂狷,<用户5623436746>: 回复 @又心1110 :我去，本姑娘就这一个号，发表的第一篇微博也献给三生了，说我是小号，你的良心不痛吗？,<燕悔燕悔>: 过与素锦的交锋，勾勒夜华与素素的前尘说出是弥补亏欠，夜华一直是知道白浅就是素素。盗灵芝草那个片段，白浅功力不如夜华也要救师父，相必剧版穿插太多人情世故，武打场面很默契配合精彩。引述结魄灯的故事也很精彩，为什么不借给她又给了她，背后的含义，,<燕悔燕悔>: 因为团子喝醉酒，白浅与夜华产生矛盾，知道夜华先夫人和自己像，也有不一样的演绎。第五幕团子躲素锦，误见墨渊，素锦嫉妒和玄女联手盗走墨渊躯体。中间白浅喂墨渊心头血。第六幕第七幕引出素素故居和白浅的相处。孔明灯拉面虽然是创意，也是一大特点，不仅面向中国还有外国。,<燕悔燕悔>: 电影，第一幕迷谷，如此可爱聪明懂事的迷谷，霸气自然随缘的白浅，第二幕去龙宫里的大水母，遇到不实狭隘的话恶评，使招教训，第三幕白浅眼睛不适招来团子，这么聪明伶俐的小团子，救了被玄女掳走的团子，和夜华的纠纷接着是夜华的偶遇第四幕青丘的相处,<若灵小仙女>: 回复 @空山闻雁 :爱信不信，你别还不承认，我就是萤火虫,<玛丽莲梦露露1997>: 这张靓颖编的曲也太草率了吧,<菲龙崖>: // @刘亦菲 :好听极了 还是自己作曲 谢谢靓颖!,<Crystal蛋蛋>: 谢谢靓颖，非常好听,<看着看着就睡了每天十小时>: 亦菲，你是最棒的,<歆雨暮下>: 回复 @张靓颖 :好听！！！！！[鼓掌][鼓掌][鼓掌][鼓掌][鼓掌][鼓掌][鼓掌],<莪一芭兒铲死你>: 看了三生三世十里桃花，接下来，我在耐心的等二代妖精,<莪一芭兒铲死你>: 我也谢谢你，给我们带来那么多好看的剧]
liuyifeiofficial	重返校园之羽毛球篇 ​​​	[<瀚文--谢谢大家>: 哈哈家里有神仙姐姐同款羽毛球拍,<阿饭和可乐>: 在影院里看的预告 什么妖怪 叫什么来着 啥时候上映 谁晓得,<sweet万恶_>: 菲菲最美有人反对？,<一打酱油的娃>: 回复 @1997夏天呀 :你个死变态，顶的就是你哈哈哈,<一打酱油的娃>: 都是女神嫩出水啊啊啊,<望七石的花>: 青春靓丽，不管怎么穿都是仙气十足！,<悦君之木>: 回复 @小蕾同学y :还就您长得最好看了行了吧[微笑],<用户6342751722>: 回复 @浅慕靈 :刘亦菲最美，同姓刘,<悦君之木>: 回复 @blwyw5 :这是个梗啊哥…………为什么当真了…………,<悦君之木>: 回复 @小蕾同学y :这是个梗…………为什么会当真？不了解就少说话，别暴露了,<小娅mmc>: 杨幂之后再无白浅    一个人再怎么努力也比不上一个实力派的演员[哼],<追逐星羽>: 回复 @分手之后你还好么 :你长得美说什么都对[哈哈],<是没有糖的棉花糖>: 回复 @_时光的倾城_ :看了,<戒爱6339904809>: 神仙姐姐随时都美美哒,<_时光的倾城_>: 回复 @是没有糖的棉花糖 :你去看电影没有,<章-健>: 回复 @邢昭林·· :这高仿6666,<cherry七忆鱼>: @刘亦菲   青春的气息。,<不好笑吗Joanna>: 回复 @1997夏天呀 :有毒,<不好笑吗Joanna>: 回复 @水善不爭 :这截图莫名鬼畜哈哈哈,<W虾星人>: 最喜欢仙女姐姐，越来越好,<小凤凰是我呀>: 回复 @每根老二的智商都一样 :就服你[摊手],<欧美式谎言90后>: 回复 @玄天宗888 :说句实话，刘亦菲演仙剑的灵儿比较适合，至于浅浅我觉得还是杨幂演的比较出神,<欧美式谎言90后>: 回复 @戈币偶遇 :还是杨幂比较演的好，适合白浅和素素的角色,<薛之谦的一只粪叉>: 回复 @小幸运AFAF :我咋觉得那么帅....,<七月有你w>: 回复 @分手之后你还好么 :没有没有,<羽落羽落纷飞>: 永远的仙女菲[心],<芽芽芽A>: 你别是个妖精吧？居然不老,<真的身高172>: 回复 @小蚊子文仔啊 :杨洋单膝跪地的时候 就像骑士和公主,<我就是不想跟你说我很淡定>: 美国人嫁到韩国捞中国的钱,<李一Leon>: 另外两个美少女是闺密么？都好美,<谢谢妈妈把我生的这么好看>: 大家好这位是我老婆,<爷代言猖狂帆>: 中国护照不一定能带你去世界任何地方，但能把你从任何地方接回家！我希望你是中国人,<c诗小雯>: 回复 @小幸运AFAF :小龙女最好看[爱你],<爷代言猖狂帆>: 看了战狼我越来越讨厌你们这些狗汉奸,<Diamond-茜茜>: 回复 @菲菲菲的小抱枕 :[笑cry][笑cry][笑cry][笑cry],<菲菲菲的小抱枕>: 回复 @张碧晨h我女神 :吓死我了，看到张碧晨这三字，还以为是她哟，吓我一大跳，然后想想，怎么可能呢[笑cry][笑cry][笑cry],<Diamond-茜茜>: 回复 @菲菲菲的小抱枕 :哈哈哈 特别厉害,<梦阳化妆品正品美肤馆>: 来一段读英文的，让粉丝们见识一下，还有法语！[嘻嘻][嘻嘻][嘻嘻],<Lucy茜悦>: 大晚上。再来看一次。,<潘骜他基友>: 图4真是难为你们了,<我比我更像我>: 妈的隔壁，宋承宪,<n咕噜uo>: 回复 @浅慕靈 :求求求原图,<Gabriela_L>: 同款迪士尼帽[爱你],<-爱哭的喵喵o>: 回复 @分手之后你还好么 :本来就是，刘亦菲最美,<对象的小迷妹>: 啊啊啊啊为什么你可以长得这么好看[舔屏],<Godspet-woof>: 羊咩咩说：只是觉得自拍，没有展现出她百分之一的气质[哈哈][哈哈][哈哈],<用户6326455848>: 我不知道我的命运会如何，但是我知道我该做什么？,<用户6326455848>: 我无法做自己，我一直都是别人的影子，做别人没做完的事情，这事情才是我该做的，我真的他个人学，虽然已过世，我感觉我就是他？,<用户6326455848>: 重返校园，我无法回到学校，学校的人事是最痛苦的时候，现在只能做自己，我一直在学着做别人？,<木青鲤>: 爱你(*￣3￣)╭♡,<CHENG_神经>: 赖文豪说喜欢你  天天喊去上海找你。,<Reloaded张漂亮>: @假装十七  真好看,<小許主厨>: 回复 @asdrfvbgt00 :雨来欧]
liuyifeiofficial	三生宣传第一站 完成了我一直想摸白鲸的梦想 还亲到了[亲亲] ​​​	[<Lorelei这英文名字很高档吧>: @Mmmmmmmmmmike  羡慕[污],<木昜差不多>: 羡慕白鲸可以亲我女神,<用户6294188382>: 第三张胳膊好诡异,<纹身谁没有啊>: 回复 @刘刘刘-Lear- :小家伙的眼睛好像：哦～美晕了,<纹身谁没有啊>: 超可爱的大白鲸[鲸鱼][亲亲][太开心],<神lyf保养>: 这个姿势我喜欢 @刘亦菲   [摊手][允悲][允悲][噢耶][噢耶][噢耶],<每一个细胞都在撩妹>: 回复 @一秒白又白 :求原图 谢谢,<千缕wisp>: 回复 @蝎蝎今天找到打工了吗 :[坏笑]hhhh神仙姐弟,<云起-沐思>: 不老女神[哈哈][哈哈][哈哈][哈哈][太开心][太开心]好喜欢好喜欢，我心中唯一的女神[太开心][太开心][太开心][太开心],<蝎蝎今天找到打工了吗>: @千缕wisp  ！！！第二张看的有点配！！,<鹿吧88>: 回复 @一秒白又白 :哪都有你,<牙医任帅>: 公众人物是不是应该拒绝这类的活动，白鲸应该生活在海洋里,<小仙女的巫女>: 下的狠嘴[眼泪]亲的好彻底！人不如鲸[允悲],<lane不讲理>: 我也去了，8月21日去的，也去看了白鲸，很遗憾没有见到你，最爱的你,<杏花疏影浅>: 真的和那个韩国人在一起了？,<你说是谁就是谁叫什么无所谓>: 第一张好仙[好喜欢],<NIrvana182>: 多希望我是那只白鲸啊,<小傅不是小博哦>: 回复 @迷梦之音 :真的，就在珠海长隆海洋王国白鲸馆，住的是长隆横琴湾酒店,<来不及7998>: 回复 @一秒白又白 :丑死了,<甜到你心里的暖暖>: 回复 @形眧林 :十三年,<寒露清秋>: 最喜欢的一场路演，梦幻唯美，相信会成为大家心中的美好回忆~[心],<灵王太子>: 人美粉多上升期 何必拍这种争议片赢粉又招黑呢,<漫天菲羽ing>: [心][心] #刘亦菲二代妖精#,<青丘上神白浅的子民>: 刘亦菲！我希望你每天都这么开心,<用户6348610419>: 吻白鲸的味道是咸的还是腥的[亲亲],<寒江雪神探1688>: 女神，怎么穿都漂亮,<思念人之屋q>: #刘亦菲二代妖精#  [心]  #刘亦菲烽火芳菲#  [心]  #刘亦菲天梭全球代言人#  [心]  #刘亦菲中国黄金代言人#  [心]  #三世天使刘亦菲#   [心]  1 @刘亦菲 @刘亦菲   @刘亦菲,<夜枕青山_XY>: 今天我是白鲸[太开心][太开心][太开心],<qfbh47>: 唉！我连人都没亲眼见过，它就把嘴给亲了！,<种花家的少女>: 我多么希望我就是那头白鲸,<用户6354535921>: 回复 @形眧林 :从仙剑就开始喜欢[花痴],<秦桑低绿枝丷>: [羞嗒嗒][羞嗒嗒],<思念人之屋q>: #刘亦菲二代妖精#  [心]  #刘亦菲烽火芳菲#  [心]  #刘亦菲天梭全球代言人#  [心]  #刘亦菲中国黄金代言人#  [心]  #三世天使刘亦菲#   [心]  助攻 @刘亦菲 @刘亦菲   @刘亦菲,<我的前任姓木子c>: 重复一遍，超级羡慕那只白鲸。[悲伤][悲伤],<最接地气的垚垚>: 图2三角构图我喜欢,<山月了无痕>: 我也想要亲亲[害羞][害羞]   #刘亦菲#    #二代妖精定档1229#    #刘亦菲烽火芳菲#    #这一刻遇见你#    #三世天使刘亦菲#    @刘亦菲,<路过借只猫>: #刘亦菲白纤楚#   #刘亦菲二代妖精#   #刘亦菲烽火芳菲#   #刘亦菲天梭全球代言人#   #刘亦菲中国黄金代言人#   #刘亦菲#   @刘亦菲    @刘亦菲,<山楂味1>: 回复 @因为我叫张易欢 :不客气,<此去CC>: #刘亦菲烽火芳菲#   #刘亦菲二代妖精#  早[爱你],<Foligezb>: 跟洋洋拍现代装应该更配,<Mr_凡先生_公子无颜>: 你们这些粉丝天天夸天天夸有意思吗？刘亦菲到底哪里好看了？难道我眼瞎了？恕我直言  好看哪里能形容刘亦菲？？？简直就是美！仙女下凡！仙女本人好吗！,<岁月静好笑靥如花7>: 好美好可爱[可爱],<木子鑫啊>: 回复 @浅时光anyway :好看,<AMHUANGDIE>: 第二张莫名的看着好配啊,<茉_莉mm>: 太美了，神仙姐姐,<我是楚君pai>: 回复 @灬向来缘浅灬 :哈哈，体贴的女朋友,<去8NG田娃哇>: 回复 @朴觅轩 :头都歪了,<最愛yifei_39906>: 小白鯨很肥吧，我也好想抱抱喔,<因为我叫张易欢>: 回复 @山楂味1 :谢谢夸奖,<山楂味1>: 回复 @因为我叫张易欢 :辣鸡,<大海里的白鲸>: 我最爱的就是大白鲸,<sailing5921>: 找了很久抱抱那个图片，可就是没找着，那只好这样抱啦。抱+亦+抱]
liuyifeiofficial	[可爱] ​​​	[<唯倾雨落>: [舔屏][舔屏][舔屏][舔屏][舔屏],<黑白诗歌>: [偷笑]  ~ @刘亦菲 、我就喜欢你这种智慧美女嗦、选图逻辑和情感——确实可以麽。而且还逗我开心、又在於叵让大家发现嗦。// @黑白诗歌 : [电影]  ~第一张重心在黑、第二张核心在白。眼睛黑、色彩黑、眉发黑；秉信留白、智慧飞白、道法大白。// @黑白诗歌 : [熊猫]  ~这两张麽、可算刘亦菲的信息学探索。,<黑白诗歌>: [电影]  ~第一张重心在黑、第二张核心在白。眼睛黑、色彩黑、眉发黑；秉信留白、智慧飞白、道法大白。// @黑白诗歌 : [熊猫]  ~这两张麽、可算刘亦菲的信息学探索。,<黑白诗歌>: [熊猫]  ~这两张麽、可算刘亦菲的信息学探索。,<不再dan纯>: #刘亦菲三生三世十里桃花#   #刘亦菲烽火芳菲#   #刘亦菲一代妖精#  [兔子],<不再dan纯>: #刘亦菲三生三世十里桃花#   #刘亦菲烽火芳菲#   #刘亦菲一代妖精#  [爱你],<厸中漫步>: #刘亦菲白浅#    #刘亦菲三生三世十里桃花#  刘公子[鲜花][鲜花][鲜花],<不再dan纯>: #刘亦菲三生三世十里桃花#   #刘亦菲烽火芳菲#   #刘亦菲一代妖精#  [兔子],<不再dan纯>: #刘亦菲三生三世十里桃花#   #刘亦菲烽火芳菲#   #刘亦菲一代妖精#  [爱你],<红袖青罗惊疾雨>: 回复 @红袖青罗惊疾雨 : #刘亦菲今日说法#   我知你心中有花，但我更愿意你手中有剑， 我懂你慈悲心肠，更希望你有金刚手段， 能让自己最基本的权益得到保障， 最基础的名誉不受侵害。请升级专业团队  @刘亦菲   29,<红袖青罗惊疾雨>: 回复 @红袖青罗惊疾雨 : #刘亦菲今日说法#   我知你心中有花，但我更愿意你手中有剑， 我懂你慈悲心肠，更希望你有金刚手段， 能让自己最基本的权益得到保障， 最基础的名誉不受侵害。请升级专业团队  @刘亦菲   30,<红袖青罗惊疾雨>: 回复 @红袖青罗惊疾雨 : #刘亦菲今日说法#   我知你心中有花，但我更愿意你手中有剑， 我懂你慈悲心肠，更希望你有金刚手段， 能让自己最基本的权益得到保障， 最基础的名誉不受侵害。请升级专业团队  @刘亦菲   31,<红袖青罗惊疾雨>: 回复 @红袖青罗惊疾雨 : #刘亦菲今日说法#   我知你心中有花，但我更愿意你手中有剑， 我懂你慈悲心肠，更希望你有金刚手段， 能让自己最基本的权益得到保障， 最基础的名誉不受侵害。请升级专业团队  @刘亦菲   32,<红袖青罗惊疾雨>: 回复 @红袖青罗惊疾雨 : #刘亦菲今日说法#   我知你心中有花，但我更愿意你手中有剑， 我懂你慈悲心肠，更希望你有金刚手段， 能让自己最基本的权益得到保障， 最基础的名誉不受侵害。请升级专业团队  @刘亦菲   31,<红袖青罗惊疾雨>: 回复 @红袖青罗惊疾雨 : #刘亦菲今日说法#   我知你心中有花，但我更愿意你手中有剑， 我懂你慈悲心肠，更希望你有金刚手段， 能让自己最基本的权益得到保障， 最基础的名誉不受侵害。请升级专业团队  @刘亦菲   32,<红袖青罗惊疾雨>: 回复 @红袖青罗惊疾雨 : #刘亦菲今日说法#   我知你心中有花，但我更愿意你手中有剑， 我懂你慈悲心肠，更希望你有金刚手段， 能让自己最基本的权益得到保障， 最基础的名誉不受侵害。请升级专业团队  @刘亦菲   33,<红袖青罗惊疾雨>: 回复 @红袖青罗惊疾雨 : #刘亦菲今日说法#   我知你心中有花，但我更愿意你手中有剑， 我懂你慈悲心肠，更希望你有金刚手段， 能让自己最基本的权益得到保障， 最基础的名誉不受侵害。请升级专业团队  @刘亦菲   34,<红袖青罗惊疾雨>: 回复 @红袖青罗惊疾雨 : #刘亦菲今日说法#   我知你心中有花，但我更愿意你手中有剑， 我懂你慈悲心肠，更希望你有金刚手段， 能让自己最基本的权益得到保障， 最基础的名誉不受侵害。请升级专业团队  @刘亦菲   35,<红袖青罗惊疾雨>: 回复 @红袖青罗惊疾雨 : #刘亦菲今日说法#   我知你心中有花，但我更愿意你手中有剑， 我懂你慈悲心肠，更希望你有金刚手段， 能让自己最基本的权益得到保障， 最基础的名誉不受侵害。请升级专业团队  @刘亦菲   36,<红袖青罗惊疾雨>: 回复 @红袖青罗惊疾雨 : #刘亦菲今日说法#   我知你心中有花，但我更愿意你手中有剑， 我懂你慈悲心肠，更希望你有金刚手段， 能让自己最基本的权益得到保障， 最基础的名誉不受侵害。请升级专业团队  @刘亦菲   36,<红袖青罗惊疾雨>: 回复 @红袖青罗惊疾雨 : #刘亦菲今日说法#   我知你心中有花，但我更愿意你手中有剑， 我懂你慈悲心肠，更希望你有金刚手段， 能让自己最基本的权益得到保障， 最基础的名誉不受侵害。请升级专业团队  @刘亦菲   37,<红袖青罗惊疾雨>: 回复 @红袖青罗惊疾雨 : #刘亦菲今日说法#   我知你心中有花，但我更愿意你手中有剑， 我懂你慈悲心肠，更希望你有金刚手段， 能让自己最基本的权益得到保障， 最基础的名誉不受侵害。请升级专业团队  @刘亦菲   37,<红袖青罗惊疾雨>: 回复 @红袖青罗惊疾雨 : #刘亦菲今日说法#   我知你心中有花，但我更愿意你手中有剑， 我懂你慈悲心肠，更希望你有金刚手段， 能让自己最基本的权益得到保障， 最基础的名誉不受侵害。请升级专业团队  @刘亦菲   38,<红袖青罗惊疾雨>: 回复 @红袖青罗惊疾雨 : #刘亦菲今日说法#   我知你心中有花，但我更愿意你手中有剑， 我懂你慈悲心肠，更希望你有金刚手段， 能让自己最基本的权益得到保障， 最基础的名誉不受侵害。请升级专业团队  @刘亦菲   39,<红袖青罗惊疾雨>: 回复 @红袖青罗惊疾雨 : #刘亦菲今日说法#   我知你心中有花，但我更愿意你手中有剑， 我懂你慈悲心肠，更希望你有金刚手段， 能让自己最基本的权益得到保障， 最基础的名誉不受侵害。请升级专业团队  @刘亦菲   40,<陶经微博>: COSMOpolitan～8月刊。8月四日～亦看刘同学们《SSSS10里桃花》[礼物][音乐][憧憬][飞机],<九安777>: 新风格，新魅力 @刘亦菲,<会飞的维尔>: 快说啊！长这么美干啥？,<龍女菲>: #刘亦菲白浅#   #刘亦菲三生三世十里桃花#    #刘亦菲一代妖精#   #刘亦菲白纤楚#   #刘亦菲烽火芳菲#    #刘亦菲中国黄金代言人#   #刘亦菲天梭全球代言人#   #刘亦菲#   @刘亦菲  期待你的霸气白浅上神,<露颜熙儿>: 美茜[爱你][爱你],<剑仙大西瓜的老婆>: 亦非，我只希望你不受伤害,<小云云爱吃橘子和西瓜>: [爱你][爱你][爱你],<用户6249702612>: 不用管那些流言蜚语，我们在你身后。,<ms_符198502>: 过得开心就好。。,<星辰and之夜>: 从小就喜欢你拍的电影电视。[可爱][可爱][可爱][可爱],<号小人个>: 回复 @Mephostophil :亦菲妹妹,<审题畏难者>: 侧脸没谁了[馋嘴][馋嘴],<Hero飞伦>: 24周年，你24岁了吗？,<Mephostophil>: @号小人个  我姐姐,<心有所属终可归一>: 小仙女能否关注一下“6.22杭州大火”林生斌先生的事情 @老婆孩子在天堂  。我不是来道德绑架，更不是枉谈天理正义，只是觉得这件事经过和结果与我们每个人的生命财产安全息息相关，在面对高层火灾事件时该如何处置，如何维权。能敲响警钟，提高安全意识，惟愿如此。非常感谢！,<茜茜的糖糖>: [兔子][兔子]太美丽,<Coffee_Jing静>: 我的biu妹。。,<簡簡簡语>: 心疼我菲，被黑这么多年，一直爱你如初[悲伤],<浮生若梦一场的爱>: 时尚今年继续开挂,该捞一下奢侈品了吧[可怜],<今生唯爱亦菲姐>: 唯爱亦菲姐[可爱],<豪放的忆柳>: [舔屏][舔屏][舔屏],<蓶愛菲菲-Levimas>: 茜茜你听一听大家的劝告，升级团队来保护自己吧[大哭],<-LuoJingNan>: 可爱帅美[爱你],<-李建寿>: @刘亦菲  菲儿，我喜欢你[心],<苏个哩铛脆>: 回复 @苏个哩铛脆 :哇哇哇，上神终于从天而降了啊，这帅的直想拽裤腿儿[污] @刘亦菲,<我是君子啊_>: 伊人颜如玉，手中剑如虹。心上无垢，林间有风。[心][心]]
