liuzi	小羊和香料都长高了，我的盘子也要上线了。[微笑]很快微店就开了哦[心] ​​​	[<一只蠢兔兔>: 美死了。越来越有味道,<雷鸣咋杨丽菁依法治国人人有责>: 亲爱的刘孜同学我看还是算了吧，网店问题很多，微店一样问题很多，你还是拍戏比较好。认识你是花木兰电视剧，你的作品比较少。那一年我在农村开煤矿绞车用黑白电视机收看，每天晚上就是等着 @蘇慧倫   同学那首歌曲 #天下大乱# 每天还是乐滋滋的，,<Qearl_jing>: 会做成遵义虾子羊肉粉吗？,<尐-啝尙>: r退役军人的苦逼,侮辱我者不得好死。福建省人民医院骨科的庸医，陈鹏，石树培，林海仙，害的我出了医疗事故，把我搞得半死不活。在做腰椎手术之前左腿虽然很痛伸不直，右腿的大腿内侧 也痛但是能伸直。而现在是腿一边长一边短，右腰一直痛，关节和全身都痛而软，这样的庸医留着有何用,<美李小姐>: 好爱你的样子 那么美,<土命mm>: 怎么保养的，好美,<xyp427>: 出服装吧，好喜欢你的穿着，看起来特别的舒服！,<由小由You>: 恭喜恭喜呀[鼓掌][鼓掌][鼓掌]]
liuzi	体验一下减龄神器：丸子头。平时也是不敢顶着出门的，怕挨揍[挤眼] ​​​	[<微笑蓝天2011>: 有味道的女人赞一个,<Jenny926>: 太美了 分享一些保养心得吧～,<aaa安向前>: [作揖]小师妹用太极拳交交手,<TST魅影家族汤圆>: 喜欢就好[鼓掌],<香蕉你个布拉拉丷>: 女神孜[色][色],<胖羊_>: 可以说是很美了[挤眼],<洋洋洋洋岩>: 美啊[doge][doge][爱你],<焦糖玛奇朵的香>: 依然那么美[good][噢耶][赞啊],<小三黑她姐>: 很美啊[色][色][色],<慎言______>: 好美好有气质。女神,<打怪小斗士2>: 衣服好美，啥牌子噢,<艾馨0127>: 一直都好喜欢你！,<支欣>: 好美[好爱哦][鲜花],<高伟Meachle>: 明明就很美，完全可以出门不用担心啊,<怎样才能让人找不到我的安全屋>: 好美的丸子头！可以给手残党发个步骤吗？[羞嗒嗒],<安麻麻Katherine>: 我扎不好这种头发,<谢谢你回来看我>: 好像多少年过去了  你还是那样子,<河北圣邦仪表有限公司>: 好美啊[good],<石头丫丫>: 你真是越来越美，那种高级得美,<楊損損_>: 我不会扎丸子头哈哈哈哈哈哈,<牛牛3636>: 一直很喜欢你[花痴],<摩羯座MJZ>: 很美 美到爆[good],<李佳徽sarahli>: 美死啦[挤眼][哈哈][亲亲][亲亲][亲亲],<wujing575757>: 这么美，谁敢😎🤓,<vggiioo123>: 我觉得非常漂亮，,<陶蕾5366>: 美的不要不要的，怕啥啊，现在的活的每一天都是人生中最年轻的、丸子头、赞啊,<用户3636170387>: 好美，寄己怎么扎都不好看[哈哈],<omelette__>: 气质太美 孜姐姐美美美美美爆了  喜欢你那么多年[害羞][害羞][害羞][害羞],<M紫蝴蝶M>: 美哒哒[good][挤眼][good][玫瑰],<黔北山娃>: 爱你孜姐[鲜花][鲜花][鲜花],<奥瓦什威利>: 太美了，这是给哪个品牌代言了,<chamagudao>: 美，有味道[心],<农村娇宝哥>: 特别喜欢你的脚，真的好性感。 @刘孜,<liuxiangliuxiang>: 活出了精神气，[鼓掌][鼓掌][鼓掌][鼓掌],<嘉烩>: 一点也不老，还是老样子 美美哒,<绵绵不锻的包子>: 肤白貌美大长腿~,<宋晓俐的围脖>: 不会，咋都喜欢！,<Relax佳佳>: 好美[羞嗒嗒][羞嗒嗒][羞嗒嗒],<Super刘小护>: 还想怎么减龄～这么美腻,<天秤爱糊涂>: 你那么美，怕什么,<张怡yan>: 不年轻的时候好看,<有一种爱不需要语言>: 效果达到了[耶],<琪乐无穷的琪乐无穷>: 太美了 一直喜欢您 不骄不躁 气质优雅,<思-希-衡>: 好看啊，出门吧[开心]]
liuzi	我发表了头条文章:《片场花絮》 片场花絮 ​​​	[<s_mile木>: 在剧组一定很辛苦吧，起那么早,<禾禾禾禾禾suq>: 拍戏跟着剧组肯定很好玩，我也想去,<cur冰梁>: 真是厉害了我的哥，还有外国我的群演,<彻彻底底无语Z>: 好久没有读过这么朴实的文章了,<猫懒懒懒休懒懒晶>: 你们拍戏真好玩，好想去现场看看,<舍爱Ryan2007staph>: 感觉拍戏还是蛮好玩的,<落拓果oocyte>: 当演员也是很有趣的啊,<林小Lfess>: 文笔真是太棒了，很喜欢这一篇文章,<为你我默_哀>: 拍戏现场也是很有趣的啊，好欢乐,<木木_繁华>: 写的真好啊，好想去现场看看,<麦克琉景>: 文章写的真好，文笔不错,<daemon疯猫>: 副导演真的辛苦啦！,<Vain王丶小维>: 哈哈喜欢这样的副导演啊,<加加加加乙儿>: 希望中国的电视剧节节高升,<卓小惜rule>: 我永远最爱你，辛苦了,<爱卖萌的CLOUD->: 化妆师也是不好做的啊,<普通的sprang豆子>: 服装道具谁都不能少，真心不容易啊,<憨包待放clean丶>: 连片场花絮都写的这么有趣，果然厉害,<梅--丽>: [可爱][可爱][可爱],<torsel速库美味>: 现在拍的电视剧电影越来越差了不知道为什么,<小姐请等一下ratton>: 感受不一样的片场啊！,<imido林小L>: 化妆师的手真的很神奇，厉害了我的妆,<一米_一米八刚刚好>: 有时间一定要去片场感受一下啊！,<blue姚小瑶>: 挺看好的真的是非常不容易，大家多一些理解。,<奶油小熊猫6688>: 非常的认真，我真的也非常的贴近生活的实际,<宇文福朋先军钧士>: 录音有时候要举着杆儿收音真的挺辛苦的。,<晓cuicuidemob>: 支持一下吧，这么敬业的演员,<fwsqlye>: 有机会我也要去片场看看,<立风婆子>: 的确是真实的写照，非常棒，我也很喜欢他们这样的生活方式。,<丶375把钥匙>: 其实还是蛮搞笑的，不是吗。,<coldwind_X>: 连片场花絮都写的这么有趣，果然厉害,<赔一切从零>: 能当一次群众演员的感觉也很不错哟。,<CHU_YEEZ闯天涯>: 拍戏有欢乐，也有很多刻苦啊！,<toco啊迪>: 脑补一下这些画面是不是觉得很好玩？,<董二千konig董二千先生>: 演员们，你们都辛苦了，支持你们,<牙牙divvy学艺>: 加油各位，你们也辛苦啦,<摩羯座的蓝色星星>: 这么艰苦的拍摄环境还这么热闹，看完简直笑到哭[笑cry][笑cry][笑cry][笑cry],<lorry昌平找妹纸美眉>: 花絮总是那么的有趣，你们是最棒的,<关钧昌楠安时生>: 拍戏挺有趣的，好想去看看,<房蓓婉馥兰纨婷>: 化妆师的手真的很神奇，厉害了我的妆,<苏眉桑555>: 有时间一定要去片场感受一下啊！,<戴玲竹瑾伊爱馨>: 摄影师们辛苦了，幕后默默工作者,<天氣Ku晴>: 有机会我也要去片场看看,<舞恋紫菁hers>: 的确是真实的写照，非常棒，我也很喜欢他们这样的生活方式。,<叔叔不长络腮胡oaa>: 群演也很不容易啊，为他们点赞,<Swalihai>: 特别好玩，但大家都真的很用心。,<l快教我狂恋>: 演员也不是那么好当的，很刻苦啊,<黄小妞q黄小妞>: 讲真的，马上脑海里就有这样的一个画面发生了。,<他夏了夏天helot>: 每个职业都很辛苦的啊,<有一天你会知道mail>: 哈哈香港导演太逗啦！,<管我会是谁谁谁>: [嘻嘻][嘻嘻]]
liuzi	我也是穿过貂儿的人啦 ​​​	[<B612_W>: 天呐你真是太美啦！当年看盗版猫的时候就被你惊艳到了，然后一路惊艳到现在，还是这么美,<evafan84>: 香艳但不媚俗[污],<欒LAN>: 刘老师棒棒哒～多谢把瑜珈馆开在万象城,<五月五coffee>: 这个造型真是活脱脱的县城范儿[嘻嘻],<天使降落在人间>: 你要和我说句话我会很高兴,<天使降落在人间>: 一个有姿色的女人，岁月依旧，你还是那个人,<农村娇宝哥>: 真带劲，穿貂应该挤公交。,<Cici甜妞曹新雨>: 真貂吗？那你要被喷了[挖鼻][挖鼻][挖鼻],<Deartanmao>: 你会被喷不爱护动物的 快点删了吧亲爱的]
liuzi	作为演员最幸福的事莫过于遇到一个好角色 ​​​	[<心小囡>: 喜欢你的《曼谷雨季》,<邬超>: 期待着孜姐的这个经典人物形象！ #电影《麦子的盖头》#,<呼呼妈妈>: 回复 @刘孜 :sexy[酷],<刘孜>: 回复 @呼呼妈妈 :传说中的骚浪贱[笑cry],<家有宝贝00i>: 期待在电视上看到你,<呼呼妈妈>: 迷人的小痦子[爱你],<海蓝蓝的小幸福>: 好想荧幕看到你[鼓掌]]
liuzi	我发表了头条文章:《找抽》 找抽 ​​​	[<学坠雨夜描>: [微笑]写的好好诶，你的文笔真不错,<奔跑的严裕>: [得意地笑]为什么要配这些美味的图片。,<Grdjua86812>: [给劲]学到了几个拿手菜，特别高兴。,<村粉贫>: 找抽，这个文章有一点,<空游子城>: 受教了，酱油都有这么大学问,<曾凉傾颜>: 感觉这文章写的太有意思了呢,<公羊浊需>: 我只注意到了配图，好想吃。,<喔小慧子箩>: 你这个文艺做的有点远哦哈哈，感觉怎么像是吃,<师巩T>: 嘿嘿，好羡慕你的文采，可以有的哟,<热沧澜踏歌笙>: 我刚开始以为你这是，求救帖，结果发现是美食帖,<蒙让飓风吹>: 你这是在干什么？虐我们,<爱哭鬼元蝶迈>: [moc转发]原来酱油，有还有这么多的讲究。,<不过夫人牧>: [得意地笑]我天呐，你这是什么呀是虾仁儿吗,<8遗憾有一点>: [转发]我怎么感觉你是在，秀优越,<摩一鞠话老师>: 很喜欢你的文章，文笔好,<gxkdumjt>: 这样的生抽我觉得很棒的[拜年了],<桓导久桓>: [转发]封面不是吃的嘛，看的我都饿了。,<跑啊蘅>: 这么多吃的堆在一起让给我们看,<疯子逗比耶慢>: 你的文笔真是太好了，很喜欢[笑哈哈],<夕愿君常伴>: 简单粗暴的文笔，就这两个字。,<苗肥肉去去去>: 大下午的发这么好吃的图片不好吧！,<Yum博->: 刘大女神，谢谢你一直的陪伴，爱你,<小扶苏十三娘>: 看着就是少了酱油啊，终究还是非常美丽的,<夏明有理想>: 天哪你这真的是要找抽啊，我都快没吃饭，饿死了。,<奚莫厚奚塞>: 我挺喜欢你写的这篇文章，棒棒哒,<桔中医佛典文化>: 我不知道为什么你为什么非要较早出[给劲],<莒国临沭蜻>: 写的非常的浪漫，有才艺特别的不错,<蓬尾晃蓬>: 喜欢这篇文章，学到了一些东西。,<窦俞涵令>: 我就是力挺你的啊，爱你哦,<張宇翔哎呦喂谁>: 这个名字很容易叫人胡思乱想,<方补牙方烧>: 遇到什么事情了吗？[微笑],<Humg小桂子>: [ok]看起来真心是很不错的呢，一定要试试看啊,<敲大脸花花妹>: 为什么要配上这么美味的食物呢？[moc转发],<晓风03416>: 最浪漫的文艺，好文艺，好有型。[可爱],<Aipjls洁洁>: 文笔不错，可以签约报社了，哈哈,<鹿野有灵犀赛>: 这么多食物堆积起来的，你真的是要找抽啊！[晕],<我的天使潼潼>: 同款  http://t.cn/RinJrmb,<文思斐然猫>: 最喜欢读你写的文章了挺精彩的。,<庙菜鸟爱篮球>: 一定要坚强，一切会好起来的,<容意之丶>: 好文采！好想认识你可以吗文艺女神[得意地笑],<荣初涣>: 喜欢这个坚强的女人，给了我鼓励,<快乐兔的妈咪>: 感觉故事本身和中间分析成分完全就是互相生搬硬套,<郭惊她郭>: 这篇文章写的还是挺不错的，里面的用词很好。,<不宽容为海量>: 想知道配图是你自己做的吗，好有食欲。,<菲包的42pm>: [威武]真是有种找抽的感觉呢,<hh-韩小爽>: 每天最开心的事就是翻翻你的文章。,<dusylyx>: 突然觉得也是非常的有文艺气息的。,<勉海旋旋旋旋>: 超级喜欢这样的作品。,<暗迪儿迪>: 写的太好了，很喜欢。,<小胖子阿香G>: 天呐你这是什么啊真的想找抽吗？]
liuzi	我发表了头条文章:《用心讲一个没什么卵用的故事》 用心讲一个没什么卵用的故事 ​​​	[<牌腊伯>: 每一个孩子都不该被束缚天性。,<臧捷条臧>: [ali微博益起来]每次看到你快乐，是我们最大的欣慰了，一定要好好的生活,<柠萌不酸wc>: 这是一个非常不错的故事呢！,<Haei马>: [囧]大人永远都不能理解，孩子心里想什么,<葱娘_裙>: [微公益爱心]家庭环境怎么样并不重要，重要的是自己,<即阿苏阿华>: 真心觉得很不错，加油！继续关注中 哎看完之后真是挺有感触,<小花爱讲笑话G>: 谢谢我的爸妈给了我一个很好的生活环境[转发],<胥微风胥>: 看完以后觉得有一点心酸,<祥爱赋闲>: 我一定要给我的孩子创造一个好的家庭教育,<傲纯净领域>: 女神，一直很喜欢你，默默支持你，加油噢[微笑],<蝴溜溜滴呦>: [威武]还是要让孩子自己去发展最好。,<小-磊--磊五>: 一个合格的父母，的确很难当。,<娘妙妙U>: 刘孜姐，真的很棒的！,<清思考者静逸_16127>: 这真的是一个没有卵用的故事吗,<潇诗君坝>: 还是要让孩子自由的去发展。,<安磺嵫星人包>: 真希望你一路顺顺利利，永远爱你,<摩黛黛要成仙>: 我们何必要让孩子发展成我们心中的呢！,<肥肥的鱼儿庙>: 这个故事切入点，我是非常佩服，可以,<期大肚楠小楠_61025>: 看了之后，也让我有很多思考，很多反思。,<柳亜希希希>: 要去试试 不要对自己这么没有信心么写的不挺好的吗。,<酒勺子屈>: 家长总觉得自己选择是对孩子最好的。,<豆豆雅雅weeper猜猜>: 真好，喜欢你的！爱你的！,<兔蟹酱酱酱>: 我们期待的，那就是我们自己想要的。,<丨邓超蝴>: 既然你觉得他重要，就一定有它存在的价值。,<猫南枝北向>: 转型也不错，喜欢现在的你。,<Rkhele29429>: 很喜欢你的自然不做作！加油，看好你哦。[ali皇冠],<牛人龚凰>: 我喜欢有想法的女生。,<捏鸠一格>: 一定要加油啊，我会永远都爱你的。[ali晃],<斌小滨莉>: 我们何尝不想让自己的孩子成为一个有出息的人。,<爱我所爱Dyev>: [神马]这个小玩具是不是有什么故事啊,<丿虚幻中的虚无>: [转发]其实我也觉得本来就是这样的。,<忆柔ix>: 写的挺好挺有教育意思的[可爱],<拓跋慈耍>: 从不追星，但真心喜欢你。,<钱东西小站->: 博主的文章写的真好！,<关盐豆_洒>: 喜欢你这么多年了，看着你一步一个脚印的成长，真为你开心，要继续努力，让我们看到更好的作品,<钟离升强>: 我也觉得你的文笔不错呢。[转发],<纯二点五次元桑>: 认识你后，我就把女神换成了你,<涩边长>: 真好，太喜欢你了！爱你的,<孙晓瘦瘦瘦不>: 作为一个父母，的确非常的不容易。,<你耳朵聋啦膨>: 我完全能读懂你这个故事。,<赵蓉的微博墓>: 什么时候才能够学会尊重孩子[得意地笑],<诗心_lfss_44083>: 你是我心中的女神，要注意休息，别太累自己了。,<梅镜婳浅陌>: 个人觉得还是非常有寓意的。,<真胡镜茜>: 我是一辈子都会支持我家刘孜姐的,<埋在下黎京>: [ok]父母可以引导和建议却不能代替孩子做决定,<心灵蓝溪求>: 你是我的女神，俺爱你,<微微癫狂一生牙>: 也不用这么自卑好吗，还可以,<leife好好>: [得意地笑]我觉得我可以把这篇故事看懂。,<玺ic凯i_87039>: [浮云]让孩子自己决定吧，加油,<李了个希配>: 我觉得肯定是没话说的，非常棒。,<摆刘小珍珍酱>: 希望你能够永远开心快乐，因为很喜欢你。,<蒙糊哇>: 孩子的兴趣爱好，我们要重视。]
liuzi	我发表了头条文章:《遥望铁锅 就像仰视梁朝伟》 遥望铁锅 就像仰视梁朝伟 ​​​	[<小雅_saly_emc蔓翘峰>: 原来有这么多不了解的方面，聊了好多,<S_yiling羚佟茗>: 真没想到铜锅比养孩子还难吗，我的天哪[心],<阿暖阿暖茗龄舒>: 刘家公主好漂亮我喜欢,<健北厚谆昭三>: 从生活的琐事中体现出了你的一方面的美丽。,<弱缘英凤俩>: 希望你以后可以活的开开心心的的[嘻嘻],<宵小寒>: 好爱你，欣赏你的演技,<程小鱼娴承>: 活出自己才是最重要的[得意地笑],<来路不明的你玉>: 就喜欢这种风格的文笔。,<HecterZhu稚格>: 孙孜的微博挺有意思了，然后我关注了之后会经常给她评论。,<lychee_721浩>: 好向往这样高逼格的生活,<Style_520羽>: 喜欢你对于精致生活的态度，能让自己过得更加开心,<zongchao平>: 姐姐，能够回复我一下么？爱你的粉丝的！,<嘉佳LINE邦善登>: 很喜欢刘孜，要努力生活,<YANG智威华勤>: 爱你的，我们都支持你的,<soshine素辰健>: 我觉得说的太对了，就应该这么生活下去，加油。,<拉手团购黄显强蓓伯奇>: 说实话精致的外表能首先给人好的印象,<Oscar的瓶子磊希征>: [笑哈哈]刘姐永远是我心目中的女神啊,<龙艾丽漳冷>: 就是喜欢刘姐这种对生活的态度,<love兜兜慧>: [兔子]希望以后看到你更多新的文章。,<Abbey天使在唱歌伯庭舒>: 我有时候累的时候就可以看看,<wingsun杰来>: 心目中的女神只能遥望好喜欢,<guogangr昭滨若>: 玫姐你特别可爱，处理问题挺好的。[转发],<stephenwoo华>: 好喜欢你的，要加油的！,<也许明天昂滨海恒>: [兔子]一直就非常喜欢刘孜。,<沒臉貓来>: 努力生活，做最好的自己。,<澳门赌王何鸿燊怀亨>: 看到用锅做饭，可以可以，嘿嘿，知道了不少,<胤民宁兆>: 喜欢你对生活的态度，很不错,<猫仔半眯眼孰>: 一直都很喜欢看你的文章，很欣赏你的文笔。,<Steven7_凌荷凌>: 长得挺漂亮的，挺有才华的。,<小米_鱼方衍芹>: 爱你的，我会支持你的！,<安静的聆听一丝心动盛>: 性格真好啊，么么哒。,<Chia_Hui家輝梅>: 刘姐刘姐我耐你棒棒哒,<fly_dragon姵慧品>: 努力拍戏，努力给我们呈现最好的刘孜,<key王嘉瑜灏海学>: 特殊的日子里，特殊的事情，致敬,<HZ衡蔓赞>: 很喜欢你这种对待生活的态度！,<马晓云Emma滔>: 能把身外之物看的这么淡的真的很少了,<Mr晓泗知>: [moc转发]这里面对待生活的态度很不错，给人积极向上的态度,<love宁宁NN子>: 看完了文章好想买锅，哈哈,<崔赛男w_ncf保>: 姐姐最近怎么不发自拍了！,<wuqianqian2011同>: 我觉得你做的神仙鸡一定会特别好吃的。,<开心婆83智>: 确实能够给人教育很不错,<慕颜熙晓伯>: 很喜欢你的生活的态度！,<shdlove骞>: 生活就像一枚镜子，你对它笑，它就会对你笑,<AstroQueen翘>: [微笑]非常好，从你身上学到很多东西的！,<逆水同人倌>: 世间的输赢不重要，只要自己努力就好[笑哈哈],<欢乐的Becky风宙>: 第三个riess的锅看起来不错，挑锅也是一门学问的啦，孜姐厉害。,<器暗要投明仁焕匡>: 这样的生活态度听起来不错，长见识了,<一朵小野花cc慧>: 像我遥望着自己的信仰，有信仰的女孩总会微笑面对生活。,<左撇子77海琢>: 美丽的东西总是能让人特别舒心,<写字楼传媒宁>: [给劲]很喜欢女神这种性格，对生活的向往,<水月风神翼格>: 不管铜锅铁锅，适合自己的才是最好的,<ccy_baby2音>: 女神只能用来膜拜超级喜欢[bm可爱]]
liuzi	对着洗衣机做瑜伽，这个创意你服不服[坏笑]#Miele我喜欢 ​​​	[<man制作明信片书签盼知幸>: 我服了，这样才能身材好啊,<粽兔剑>: 真的亏你想得出来啊！不过好多漂亮啊！,<Myrrh花语宠瑛>: 服必须服，哈哈好漂亮。,<任汝芬飞紫丰俱>: 这是在对着洗衣机拍写真吗？,<_yose玫>: 洗衣服也能练瑜伽么？太棒了！,<furnishing学芹妃>: 他们家的房子看起来好整洁。,<小新丸子思男广雨鸿>: 这个创意是你想出来的吗？挺好的。,<依涵小屋原>: 这个创意我绝对服了。,<LoVeJun酱珐莎>: 希望姐姐每天都可以开开心心的！,<王彬BinG俐北东>: 觉得你最近颜值又高了。,<童话卟知明嘚香水曼纪思>: 希望姐姐每天都可以开开心心的！,<瞳孔里的那些暧昧颜准可>: 对着洗衣机洗练瑜伽呀！真是服啦啊。,<gzhorace兴>: [冰桶挑战]女神的这些造型都很漂亮啊,<jinjin瑾知鸣>: 还是非常的棒的，继续加油！,<卡布奇诺Cap依麒庚>: 非常喜欢你，支持你您接着做瑜伽吧,<gaochg蒙满伯>: 这样的创意一般人没有，真是好酷的呢,<马皓东先>: 我怎么就做不到，太想学到来了,<洪吉童言无忌瑞>: 她穿的衣服好贵气呀！,<MR嘉喻户晓家贤阳>: 对我来说太好看了心里好激动的。,<CzyzyCzyzy_藏>: 我觉得这个创意挺有趣的,<张尔昭卫启昌>: 瑜伽是我今生的最爱真的[得意地笑],<流年冲淡时光同巾祈>: 发现你更有女人味了呢，漂亮,<郑呆呆m添>: 真的是高手在民间啊！哈哈。,<洋洋Elaine愿敬泉>: 哇塞！好漂亮的妹子啊,<遇见葵花文营纪>: 哈哈，看见你这么开心我就放心了！,<Hakka之星祥赫>: 我想快一点，看到成片儿。,<梦有多遥远凌映寒>: [给劲]哇塞，我觉得好不错的，好漂亮的。,<yanyanlu志玫熙>: 洗衣机很不错呢，不过没你漂亮。,<玄色波斯轮赞萌>: 服了，挺不错的创意，喜欢这款洗衣机。,<董小伶蓝源>: 觉得你特别漂亮的，我很支持。[转发],<Temo小黑征翼楠>: 这就叫高手在民间，非常喜欢你呢,<neyo小春英冶琅>: 长发短发都很好看，非常的支持你呢,<贼有范儿闰>: 人太美了，洗衣机也不错，就是太贵了。,<米妮妮cool卫峪赞>: 我怎么就做不到，太想学到来了,<火星来客暗夜之眸惠桓>: 这个发型挺漂亮的，非常的时尚,<月然521育>: 你的身材还是这么的好,<隐潜康>: 身材好棒啊，真漂亮。,<活力的小抹茶敬本>: 我也想要这样的身材。,<PaparazziC彪>: 身材这么好，真的是让人非常的羡慕。,<我是黄小果兴帜敬>: 人长的好看，对着洗衣机很不错,<叶蛋儿群固儒>: 激动，太美的美女就是你啊！,<真的金晓琳鼎家>: 最喜欢这个创意了，很不错的，太棒了。,<Tina琦琦V祖迎正>: 更多的惊喜，一直都有期待。,<188ay美瞳慧>: 真是高手在民间啊，佩服。,<唐一菲f曲若>: [转发]这么美得图片美女你是哪里的呢,<sugerssuger宇>: 不是吧，要流鼻血了[熊猫],<木子若_替真办>: 觉得太好看了，你的身材好美。,<蒙上双眼的丘比特管>: 看到你有的时候，我的心里就好激动。,<楠楠钕枝梅梦>: 越来越美的节奏，短发好看，洗衣机也不错,<0_转角遇到猫_0蔓>: 这是什么牌子的洗衣机[微公益爱心],<小p狗狗滕>: 这个创意很好呀，我最喜欢了。,<Hanhanhanha阿>: 发现你越来越苗条了呢！]
liuzi	我发表了头条文章:《情人节就说滚床单》 情人节就说滚床单 ​​​	[<爱睡觉的晶晶>: Pink She ; Blue He[可爱],<迷糊的大脚>: 生活设计师！[强],<聪儿聪聪>: 热爱生活，从“滚床单”开始 ,<小凡的兔>: 孜姐文字码的好，床单质量信得过，等上市[傻笑],<-OoO-小不能能>: 别的都好，配图配的是让读还是不让？太闪，晃眼睛。,<love岩love>: 标题党啊[哈哈],<活土匪1985>: 刘老师，服！那么问题来了，请问在哪里才能买的到？,<二红的微博>: 有点没看懂[眼泪],<郑爽_love>: [心][爱你]早点休息]
liuzi	我发表了头条文章:《回家过年》 回家过年 ​​​	[<木有地址的姑娘啊>: 回家过年才有年味,<最爱羊羔绒>: 小时候照片是不是有李莺莺,<大门牙是有点难看>: 这篇文章怎么看不到？,<我是蓝晶>: 写得真好[good],<蝎子芳芳芳>: 回家过年真好[心],<我是傻姨酱>: 贴痘印是什么药？急需啊,<最爱叶子di狮子>: 有没有和邹市明家约出来见一见啊[阴险],<恋恋2222>: 嗯你小学时就很好看，你的所有故事都缺了个人物。,<妮可快乐>: 我也不知这么多年了，为什么还是会喜欢你,<仲说纷莹盘仲莹>: 爸妈都走了只能窝在北京过年。[悲伤][悲伤]]
liuzi	http://t.cn/RMJrW1m ​​​	[<爱睡觉的晶晶>: 回复 @刘孜 :你真好[太阳]️[微风],<微笑蓝天2011>: 美美哒，看大漠苍狼时知道的你，于是一直关注,<黔北山娃>: 孜姐晚上好[握手],<黔北山娃>: 孜姐晚上好[握手],<刘孜>: 回复 @爱睡觉的晶晶 :我会使用板式家具。这种家具的优点是比实木家具稳定，缺点是如果采用质量不好的黏合剂会释放大量甲醛。,<家有宝贝00i>: 刘孜，终于更博了！,<孙鑫101唯爱佳期>: 你怎么这么漂亮！还是心中的陆无双，最美丽的孔雀！,<爱睡觉的晶晶>: 很早以前好像有印象你会设计家具，想咨询下，您自己用家具会都用纯实木的吗？会接受板材家具吗？,<用户5619108548>: 希望你一直都好 么么哒]
liuzi	让我尽情的哭吧 女排啊你们太牛啦 ​​​	[<这不是文文>: 神马都是浮云~~  http://t.cn/Rt3qt6l,<Lucky雪儿0519>: 你最近干嘛呢，没有看到你的新戏，很想你，从小就喜欢你，有二十年了吧，那时候你演的一个军人,<Koala_Bear_Mama>: 喜悦的泪水 让我哭会,<英蕊1011>: 太霸气了[奥运金牌][奥运金牌],<沙漠冰川K>: 我和你一起哭了……,<Sammul旼>: [奥运金牌][鼓掌][心][鲜花],<乜少1981>: 女排精神[good],<曈曈麻麻成长记>: 喜欢你的真性情！,<绿了小芭蕉>: 你太强了！！！！]
liuzi	人生太多起伏跌宕  早上得知没有通告 以为人品爆发  可是房间没有中央五 要疯掉 #女排加油 ​​​	[<刘孜>: 回复 @女乃米分米唐 :多谢[作揖],<女乃米分米唐>: 手机看，央视影音APP,<刘孜>: 多谢各位 我在山里多日 不知哪个app能看直播[作揖][作揖],<年华似指间流沙-记得微笑>: 下APP，快[嘻嘻],<乐小淇>: 中央一台也在直播,<银角大王是我本人>: 快点下载cctv5移动客户端！！！！！！！,<妳是六月的謊言>: 手机下载CCTV5客户端]
liuzi	@优胜美地瑜伽 新伙伴明基超投电视  身临其境做瑜伽[害羞] #瑜伽时间 ​​​	[<美家小站>: 练就了一字马壁咚[胜利]️,<鲍伯开心就好699>: 美丽的刘孜，漂亮的瑜伽！做的很到位！,<小小安娜N>: 好久没更博了[可爱],<emilie_99>: 后面的电视不是明基i920嘛[赞][色],<emilie_99>: 怎么能这么美[赞],<海澜杰>: 第二张太强了[good][good][good],<石头_-_->: 第一个动作太厉害了[哈哈],<保持沉默MM>: 下次一定去光临 一直在家楼下 却没有进去]
liuzi	今天全组停工，姐必须带你们出去溜溜，要不你们刷微博非把眼睛刷瞎了不可[吃惊] ​​​	[<Sammul旼>: 真拉风，孜姐[心]身材太好[鲜花],<童童1942>: [哈哈][哈哈],<6点3>: 哪儿啊？特漂亮的啊~,<侯俞彤candice>: 颜值好高啊，喜欢[花痴],<黔北山娃>: 刘孜姐姐那个三轮车骑起来是不是嘿巴适？,<little-fox25>: 哈哈[开心] [开心] 好可爱的刘孜姐姐,<邂逅巴黎埃菲尔铁塔下>: 可以带上我吗？对了可以加个马伊琍吗？ @刘孜  [哈哈][哈哈][哈哈][哈哈] @马伊琍,<小蕊儿的妈妈>: 今天很特别[爱你]]
liuzi	搬家翻出几年前的照片。天呐，原来我也曾经性感过[吃惊] ​​​	[<Money14honey>: 今天我遭贼了。不知道为什么就想和你说说话。在很绝望的时候，我想或许是你能给我希望吧？[泪][泪][泪],<渐冻症肌萎缩肌无力的患者>: @渐冻症肌萎缩肌无力的患者 : 求关注扩散帮帮渐冻症肌萎缩肌无力病的我，一次转发是你的一份爱心，也是你给我生存的一线希望，谢谢,<liulovelin>: 胃疼还是腰疼[笑cry][笑cry][笑cry][笑cry],<丹妮1929>: 你本来就性感！我还记得小时候看过你主持的超级大赢家[爱你][爱你][爱你],<jayIvan丶>: 赚的钱都是为了你,<雨臣小宝>: 孜孜姐，你最美！当年《鹿鼎记》时，多美啊！,<西门庆他二舅>: 胸太小了[哈哈],<门清海底捞>: 希望你每天发微博！！！,<我是娟姐_我怕谁>: 老乡好久不见你出来咯,<冇带手机出街>: 照片没有真人好看,<穿衬衣的诗人i>: 回复 @马伊琍 :发现司令！,<C_小露>: 孜姐，现在动态发得有点慢哦,<呦迩圜韩>: 漂亮的姐姐！永远在你身后！,<远_近_远>: 我不得不承认瘦脸针还真管用！,<鞑脸猫曉脸猫>: 回复 @马伊琍 :[哈哈][哈哈][哈哈][哈哈][哈哈],<辣妈与乖乖>: 一直都很性感，美美哒[鲜花],<MaercslamirP>: 現在依舊性感。。。[愛你],<马伊琍>: 胃疼是一度多么流行的动作啊,<张建亮Alex>: 一直都很美[色],<呼呼妈妈>: auv，nemo妈贼sexy[哆啦A梦花心],<Miss-艾普莉>: 女神[爱你][爱你][爱你],<博尔特起飞了>: 女神么么哒 @刘孜,<绿荫里的一抹绿>: 一直都很美呢！[鲜花],<李公子LM>: 美的不露声色，淡然自若[微笑],<云淡风轻46896>: 姐，你不露也很性感[鲜花]，呵呵，我是女生不是色狼,<celine天秤女>: 最喜欢曼谷雨季里的你,<丫丫de甜甜圈>: 什么样子我们都喜欢，爱你！,<alieer>: 性感、感性又帅性,<小牛-烹香香>: [爱你][鲜花],<hxhlyg>: 哈哈  孜孜一往如昔的性感[赞],<伟伟道来来>: 一直都性感啊[色],<amare-arthur>: 现在也可以[色],<姚远188>: 现在还是这么性感[赞],<一束蔚蓝>: 很喜欢你的《曼谷雨季》。,<刘光辉lgh3>: 这下巴一看就是真的[doge],<屌丝青先生>: 女神 我从当年的 白领公寓 就开始喜欢你了[爱你]]
liuzi	加麻加辣加肚加肉加蛋的十五块一碗的豪华羊肉粉儿 #我的乡愁 ​​​	[<TSTgeckooooo>: 物美价廉！才是正宗 #天价混蛋#  [赞],<我是娟姐_我怕谁>: 回遵义了[嘻嘻][嘻嘻],<娃娃脸嘴>: 遵义淫！常回家看看！[心],<五月的那些花儿>: 好便宜[泪][泪],<超超-小妖>: 看着就有食欲啊，好想来一碗,<XO杨子>: 我想你做的酱油拌面,<嘉义妈咪>: 太便宜了，太有食欲了。,<鹏鹏_123456>: 刘孜姐姐，从《曼谷雨季》开始喜欢你，一直关注你，祝你越来越好！加油！,<曼小妞同学>: 太馋了[馋嘴][馋嘴],<古道斜阳炊烟>: 好有食欲[哈哈],<立志成为小腰精>: 你是回遵义了吗？地址地址地址[色],<国威民强>: @刘孜  看了图片是肚子咕咕叫，直咽口水，你要负责！赶紧告诉地址和联系方式来免责,<国威民强>: 你深夜发这太不该！！能快递吗,<红色高棉3000>: 半夜看到这照片，我直接狠狠地咽了口水,<呵呵你吃吧>: 我想知道地址[爱你] @刘孜   @刘孜   @刘孜,<呵呵你吃吧>: 我想知道地址[爱你],<华灯2000>: [馋嘴][馋嘴][馋嘴][馋嘴][馋嘴][馋嘴][馋嘴],<tingro>: 太便宜了点不？告诉我们具体地址呗[嘻嘻][嘻嘻],<大山之音>: 来，妹儿用家乡话说一句:大指拇儿,<独钓寒江TSG>: 春节你回来豆吃的羊肉粉吗,<詹曉艷>: 广州话：抵食[色][色][色],<ZL3278560512>: 看着都很想吃[色],<ryanwr1611>: 也是我的～～～乡愁,<始于颜值_终于才华>: 15！这也太夸张了吧！！！[汗][赞]我只想说一句:快告诉我地址[笑cry],<紫菜小法师>: 太尼玛来食欲了！！！！这大晚上的！！！！,<魏小琦丶>: 这样的，我能吃两碗。[色],<花开花落3554798685>: 诱惑我[花心] @刘孜,<哈醒子>: 大半夜拉仇恨→_→,<古老的负担>: 遵义明星多宣传哈遵义的美食,<见人勿语>: 遵义人表示，饿了。,<倔强_背影>: 加这加那不加价，,<SU程>: pk一下[开心]哈哈  http://t.cn/RGJGUt0,<家里蹲校花>: 晚上吃又得长膘[嘻嘻][嘻嘻][嘻嘻][嘻嘻],<珍惜爱0301>: 看样子味道不错(⊙o⊙)哦,<Yuting_Kung>: 好香[馋嘴]饿了,<HENGSHUI李忠志>: 十五块钱？在哪儿能吃到？[馋嘴][馋嘴][馋嘴],<爱总管>: 没想到还看到一个遵义的明星！,<王小熊emerald>: @小左grace,<海蓝小俊>: 遵义羊肉粉，偶也喜欢[good],<桑葚NN>: 好便宜啊！十五块那么多料,<涵西英>: 哪里的美食[色][色][色],<IguessIgotmyswaggerback>: 这才15，你逗我呢？,<妞妈pp>: 遵义的美食实在太多了，做遵义人好幸福,<我滴小太阳sunshine>: [色][色][色][色],<木子明翰>: 半夜放毒啊，饿了]
liuzi	过两天闲云野鹤的日子 ​​​	[<薄荷糖饶>: 哇，这么有意境，一副副美得令人心醉,<我最爱的天天>: 环境很美，美中不足：缺少你[大笑],<sunsine31143>: 好美啊，这是哪里？,<Lareina_Wing>: @可亵玩不可远观  去这里玩咋样,<最爱叶子di狮子>: 遵义现在也挺美，常回来看看,<宝贝静儿的微博>: 好美哦！看着好安静哦！,<吴铭>: 南昆山十字水？[微笑],<李公子LM>: 看着就舒服，此图只应仙境有！,<喳粒>: 惠州十字水！！！！！,<熊小姐宇宙無敵>: 我在看老婆80后 觉得 你演的 好有个性]
liuzi	闲来无事捡垃圾 香港特区·D.B.TownPlaza ​​​	[<-QinJs>: good  boy！[good],<琳琅Whale>: 香港这么凉爽吗？[笑cry][笑cry][笑cry],<乖乖豆子豆12>: 这颜值也太高了吧！,<蔡怀梅>: 睫毛长长滴，赶超霍建华,<艾米米米拉119>: 爱护环境从娃娃抓起。[鼓掌],<宁小胖_>: 跟你踩过同一片沙滩[爱你],<演员石小满>: 小小环保人[赞]]
liuzi	阳光洒向斑驳的西墙透着一种不真实的美好。杀青了。踏实了。 惠州·平海镇 ​​​	[<人来人往-Paddy>: 爱你如初，守望如你！,<妥妥39>: 好久没看到你的影视作品了！,<同同同同同同同同同同同同同>: [兔子][兔子]好美,<演员石小满>: 在哪里拍呢？很暖和嘛]
liuzi	默戏[嘘] 深圳 ​​​	[<墨轩漓>: 主要还是看气质 中国气质女演员,<f释怀f>: 最喜欢曼谷雨季，超爱哦，这张真漂亮,<Aimeili顶级仿真钻戒Ll>: [玫瑰][玫瑰][玫瑰][玫瑰][玫瑰][玫瑰][玫瑰][玫瑰][玫瑰],<屌丝青先生>: 从最早的白领公寓就爱上你了,<时光稀释888>: 喜欢你[兔子][兔子][兔子]]
liuzi	脸上的痘痘太伤人 因为它 停工一天 #有爱的剧组&纠结的人生# ​​​	[<像太杨一样微笑>: 多吃蔬菜，作息正常,<花朵朵儿朵>: 推荐荷柏园 我用过的,<提来米苏zx>: 哪的痘痘都挺伤人的[汗],<碟仙笔仙广寒仙>: 都四十多岁老娘们了，还细皮嫩肉的，保养的不错，不知道咪咪保养的怎么样。,<付阳-------->: 漂亮迷人 @刘孜,<刘秦合LQH>: 依然漂亮啊[色] 多吃菜多喝水有助阻止痘痘[馋嘴],<小董2414967815>: 苗方清颜去看看吧，效果不错,<桃夭lv左左>: 给你推荐个祛痘的店——痘博士，挺有效的。就是不知道你在哪个城市,<我在142-16>: 变年轻呀，还长豆,<张小琪-同学>: 美！[鼓掌][鼓掌]]
liuzi	演一个钟爱的角色，过一个简单的生日[挤眼] ​​​	[<清53796>: 生日快乐。我是遵义的,<奔跑的力量H>: 祝你生日快乐[鲜花][鲜花][鲜花],<注定的偶然的地盘>: 喜欢你的气质～一直是你的粉丝,<萝卜头哥哥sz>: 刘孜越活越有自己的味道，向你学习~~,<Elaine哟嘻嘻>: 靚     气质到爆！[飞吻]生日快乐,<我最爱的天天>: 生日快乐！心中的女神,<静语Y>: 生日快乐快乐快乐快乐,<I尹准I>: [痴情轩轩][痴情轩轩][痴情轩轩][痴情轩轩][痴情轩轩]么么哒 @刘孜,<藏宝记>: 生日快乐 美女！[蛋糕],<家有宝贝00i>: 生日快乐，刘孜！,<燕燕_9yan3>: 孜姐姐生日快乐 [爱你],<Pinkpig0>: 十足。。。[汗][汗],<Pinkpig0>: 女人味儿失足，很美，happy biryhday。,<6点3>: 生日快乐[蛋糕][蛋糕],<静待花开zjl>: [蛋糕][心][兔子],<仔猪chow>: 我今天也过生日哎，好喜欢你[爱心]️,<余生别指教了我自己瞎过得了>: 生快女神，明静淡薄[爱你],<卡卡龙卷风1214>: 生日快乐我的女神,<韦韦来>: 生日快乐！[鲜花],<半夏半暖半流年2014>: 生快～[爱你][爱你][爱你][爱你][爱你][爱你],<茶虫隐八水>: 生日快乐[蛋糕][蛋糕],<徐阳photographer>: 美！感觉这个角色很适合你！,<屌丝青先生>: 从很早很早的白领公寓 我就爱上你了 生日快乐,<知道你呗>: 生日快乐！！[蛋糕][蛋糕],<夏天的轩闹518>: 生日快乐[鲜花][鲜花][鲜花][蛋糕][蛋糕][蛋糕][干杯][干杯][干杯],<胖小韩>: 生日快乐。[蛋糕],<1305497523255II>: [蛋糕]生日快乐,<筱方>: [蛋糕][蛋糕][蛋糕],<珍珠L_O_V_E奶茶>: 好棒，生日快乐，美美的姐姐[心][蛋糕][礼物][爱你],<陀下先生>: 生日快乐，如诗如酒[微风]]
liuzi	火车送我去扭腰[太阳] 美国 ​​​	[<Lammhults>: 保护好自己！别再扭了胯！[嘻嘻][嘻嘻][嘻嘻],<卡拉媽媽咪>: 亲们，知道鞋子是什么牌子吗，或者有同款吗？谢谢,<郑爽_love>: [太开心][太开心][爱你]一个星期瘦15斤，需要的加我[偷乐][笑哈哈][羞羞哒甜馨][甜馨不想长大] @兔宝贝521,<大门牙是有点难看>: 小宝宝带着没？怎么舍得宝宝去旅行啊？,<蝉漫>: 有一种独特的生活格调,<无无言言言言无无>: 越来越有味道了。,<姚沐晨>: 喜欢你，看你的图片或文字是一种享受，绝不是好多人每天发的那种无聊噪音。至今仍能想起你说的“生活，每一天都是正式的。” [心],<星光大道影视>: 空姐，为何不坐灰机[偷笑],<板儿牙杨>: 这种照片叫啥风格,<七秒鱼-Li>: 你怎么可以那么美呢[嘻嘻],<赢小样儿>: 美美哒！永远的女神,<shine鑫鑫鑫>: 有点暗，但是还是很漂亮的。,<一如清月>: 整身衣服真好看，啥牌子？推荐一下呗[作揖],<呢喃小巷>: 好喜欢你这种洒脱的生活。,<米多多丶丶>: 小心你的[江南style][江南style][江南style][江南style]腰,<余生伴你流浪L>: 啵啵虎也在美国，我也想去。[拜拜][拜拜][拜拜],<米多多丶丶>: [江南style][江南style][江南style][江南style],<花花世界花新人>: [哈哈]每一次沙发！,<Laseary快快>: 呼呼(～o～)zZ回一个回一个 @刘孜]
liuzi	听说每天坚持跑步的从来不晒照片[挤眼] Cherry Valley Rd ​​​	[<lisa衣食无忧>: 晒了就得坚持跑！[偷乐],<RichOneMrLiu>: 女神，神，神，神，，，，，，,<暖0_0慢慢微笑>: 常去M CAFE啦,<A张蕴涵>: 这说明你没坚持吗[偷笑] @刘孜,<姚沐晨>: 喜欢你没道理[嘻嘻][微风],<screwball_xhx>: 你不是每天跑[嘻嘻],<章元轻重论>: [哈哈][哈哈][哈哈]]
liuzi	吃顶了[害羞]看傻了[可爱]姑娘比西瓜还甜[色] 兰州市 ​​​	[<王小紫1204>: 啊啊！正宁路夜市啊！兰州人民大都是吃货的[哈哈] @刘孜,<啤酒燉紅燒肉>: 不是在封斋么[疑问],<selina2401>: 回民街吗？[色],<Sammul旼>: 哎呦我去，我以为姐姐来新疆了[太阳]，我们新疆的烤羊肉歹歹的，还有拌面，还有面痱子等等等等,<kelerabbit00>: 来兰州啦？有家舌尖上的中国牛奶鸡蛋醪糟一定要喝呀！[爱你] @刘孜,<千万记得天涯有人在等你S>: 我一看就是正宁路夜市,<千年以后你会在哪里>: 当我踏上兰州时，那里很热,<慕慕光夏>: 我的妈呀，女神你来兰州了，好激动啊，你要喝一下放下的甜醅子奶茶啊，还有它对面的馕包肉都棒棒哒[哈哈][哈哈],<努力想要放飞自我的妞妞>: 想念兰州了，正宁路！,<不知道叫啥名耶>: 好喜欢你 @刘孜,<爱咋咋地LZ>: 正宁路有家炙子马烤肉很好吃噢[馋嘴][馋嘴],<Mr_号哥>: 来我大兰州啦[赞],<凤梨罐头--->: 正宁路夜市[色]我也想念兰州了,<神经病没完没了zzzzz>: 正宁路夜市，牛奶鸡蛋醪糟必喝,<chenchen827>: 好多小吃，真接地气～,<Amy秋>: 这是还要去青海吧   特别美的,<柒尕七>: 我大兰州！正宁路好地方[鼓掌][鼓掌][鼓掌]牛肉面快把我想死了！但是还是适合早上吃，三细辣子多放点肉蛋双飞[色][色][色],<wjjs999>: 小心僵尸肉哦[不好意思][不好意思][不好意思],<薇云初月>: 兰州夜市鸡蛋牛奶醪糟,<Mrs_吱吱呀呀>: 那家醪糟是特色啊]
liuzi	小文的笑容神似岳敏君的“大笑人”[嘻嘻][嘻嘻][嘻嘻] ​​​	[<快乐莉莉lili>: 好高兴看到他们和好！祝福[鲜花],<W莫小鑫N>: 全世界都好开心，有木有，,<玫瑰浮桥>: 和好了，祝福！希望小文以后靠谱哦[爱你],<瑶f瑶>: 希望他们好好的幸福,<周家六月的六月>: 他不会再出轨了吗？,<杜假假VIP>: 好开心哈，爽朗的笑声[赞],<O浪味仙>: 大爱 希望他们能够一直幸福下去好好珍惜,<花式作妖>: 中间那个女生是谁啊 好像詹小楠,<巴黎左岸0624>: 马伊琍是个好女人[爱心]️,<我的-小宇宇>: 你和她是闺蜜，你劝她不要和他在一起，但是现在你们都原谅他给他一次机会，希望真的向他自己说的那样，靠谱,<我的老噶>: 哈哈哈我已经听见了这充满魔性的声音 @文章同學  ,<Donna0405>: 那个是 宋佳吗？,<挚爱文章天下吧>: 小文笑声已经传到照片外面来了[哈哈][偷笑],<佳佳520214>: 孜和伊利是一噶们[偷乐][太开心][可爱][爱你][甜馨爱你哟][好棒][阴险][害羞] @马伊琍   @刘孜  永远的好闺蜜,<我会一直在00>: 希望这次能好好珍惜,<08376钱小乐>: [鼓掌][鼓掌]开心就好       祝福他们,<小星儿爱罗晋>: 女士们也笑的不得了,<W淳动我心Z>: 很久未见的笑、大笑、哈哈哈哈,<忍耐是毒药>: 你们都原谅他啦！那我也祝福吧,<爱-在相见时>: #一句话青春#  这不是电影浪漫天降里面的美女教官的扮演者吗~~// @韩骏 : 大家都围着女神笑得好灿烂。,<孤独的生者>: 希望孩子妈妈幸福,<韩骏>: 大家都围着女神笑得好灿烂。,<嘟嘟宝贝儿baby>: 爱你，孜孜姐！希望能回复我哦！好期待！]
liuzi	Nemo昨天好像着了魔，说他不饿也不渴。[哼]废寝忘食只为画画儿。 ​​​	[<海蓝色的小屋>: 画得真棒！[good],<俊Crystal>: 棒棒哒[good],<VOVOVU>: 很漂亮的色彩，天才,<Kevin妈的微博>: 有潜力的，才多大的孩子啊，真不错,<纹小佳>: so amazing!,<红枫53880>: 宝贝真棒 [强][心],<6点3>: 画得很不错噢[鼓掌][鼓掌],<胡椒面儿er>: 真的很棒！小天才！,<短腿猫猫>: 小朋友画的好棒，模样像妈妈哟,<春天到了罗>: 很有范！[给力][给力][good][good],<JoannaJiang329>: 画的好棒[好喜欢],<人淡如菊-谦>: 小家伙画的很有范儿[强],<红衣大盗>: 美妈无丑儿是真的！[羞羞哒甜馨][求抱抱],<yanzi-jie>: 儿子好像你哦[色],<Sammul旼>: 可以，画画的潜力股，比较像姐你。,<園囿Lulu>: 回复 @sailormoonpan :赞,<转角相遇DBR>: 这属于什么画？水彩？水墨 @刘孜  [挖鼻][挖鼻],<金鱼977>: 没有中国名字？外籍？,<rebecca360>: 画的很不错[good],<sailormoonpan>: 画得真好！ @園囿Lulu,<爱de丞长>: 有色好美！孩子对颜色的感观，太美好了,<小弓長童鞋>: 画的怎么这么好！,<Lady媛圈圈>: 画的真好啊，小伙儿长大了,<JSK-5>: [good][good],<草堂--烟雾>: 第三张和第四张挺有意思,<睿崽崽崽崽崽>: [强][强][强],<光影穿梭>: 加油！加油！加油！加油！加油！加油！加油！加油！加油！加油！加油！加油！加油！加油！加油！加油！加油！加油！加油！加油！加油！加油！加油！加油！ 加油！加油！加油！加油！加油！加油！加油！加油！加油！加油！加油！加油！ 加油！加油！加油！加油！加油！加油！加油！[给力][赞][太阳]]
liuzi	在美到不像话的天儿 端起一杯咖啡也觉得涨姿势呢[浮云][害羞][害羞] ​​​	[<梓熙hee>: 永远那么美[心][爱你],<小溪x-x>: 你的衣服风格好喜欢[嘻嘻],<千李马HORSE>: 怎么可以美到酱紫啊,<余生别指教了我自己瞎过得了>: 这大概就是他人所说的“精致明媚”[good],<称职的农妇>: 孜孜美得不像话[爱你],<冰镇薄荷草>: 东方女人的魅力呢！,<_whysoseriousmsmiranda_>: kate spade[太开心][太开心][太开心],<习惯那不曾>: [爱你][爱你][爱你][爱你][爱你][爱你][爱你][爱你][爱你]  http://t.cn/R2u3nan,<张李果果_31549>: 好美~好美[挤眼],<若咏英琪>: 虽然我只是一个普通的不能再普通的人，但是以前对“女神”这个词是不感冒的。但是，这两天偶然看到《告密者》。孔雀在风雪中的惊艳现身，对我来说，真的是“女神”了。革命战火中的，经历过生死与共的，与崇高信仰相随的“爱情”，是那么纯粹，令人向往，虽有些虚幻，但却给人精神上的享受。赞刘柳,<菜根浮云>: 杨二辉，你真漂亮！[微笑],<风口里的阿斌>: 梦中的女神大概就长你这样吧～,<愿做百合花2943979981>: 星厨驾到刘孜超赞耶！！！！！！！,<石琳>: 还是那么美哦[爱你],<llkghbvnxhdmal>: 希望以后我也能如你这般从容优雅的老去,<老道口大波食杂店>: 不是我夸你，你长的有点太美了，受不了到曾经想过取消对你的关注[泪][泪],<Camii_c>: 你才是美的不像话[求关注][求关注][求关注][求关注][羞嗒嗒][羞嗒嗒],<爱-在相见时>: #一句话青春# #浪漫天降#    [耶][耶],<沙拉布莱德>: 在美得不像话的天，看到美得不像话的人端着咖啡，真是不忍了。[太开心],<青春梦飞扬1990_30728>: 好美哦  http://t.cn/R2mLzGm,<芃芃de妈咪>: 谁能告诉我第一条裙子是什牌子！,<习惯那不曾>: 女神么么哒[色][色][色][色][色][色],<f释怀f>: 什么时候再跟许亚军合作个电视剧哦～漂亮死啦[爱你][爱你],<傲娇的自然卷>: 很喜欢你的穿衣搭配，多分享下吧,<清新范的妞>: 美到不像话的人儿,<小鱼快游壹贰叁>: 超级喜欢你[微风][微风][微风][微风],<hello_mini_cool>: 你也美得不像话[鲜花],<顾小卷给我的美好心情>: 真心有气质 让人觉得很舒服,<玲珑爱布丁>: 很美[亲亲][亲亲],<月半范范范范>: 第二张的脸是肿么了，感觉怪怪的，希望是没p好，不希望是动刀子了[失望][失望][失望][失望],<烈焰狂飙>: 这大长腿啊，还是我喜欢的刘孜漂亮,<迷迭香xfxfxf>: 衣服好漂亮，问牌子,<陆-明-蔚>: 低调女神[鲜花][鲜花],<love岩love>: 人更是没到不像话啊[哆啦A梦花心],<暖暖-爱北京>: 一直觉得你很美，很有气质的美。有点不食烟火但又很时尚大气。,<打怪小斗士2>: 鞋子好漂亮，什么牌子的呀]
liuzi	Happy hour[挤眼] ​​​	[<风口里的阿斌>: 放开那个教练，有本事冲我来,<橙橙橙慧子>: 私人教练，多少钱？,<电影浪漫天降>: #一句话青春# 女神的青春都在健身房[挤眼] #浪漫天降#,<阿尔法TT>: 为什么想到了做这样的尝试?^_^[嘘],<王王王王益达>: 好美啊，最喜欢你了，特别漂亮，成熟女人的美,<水边晒月光>: 有脱发、头屑、头痒困扰吗，私信我给你最合适的建议,<天天天天天天天天姐>: 这也太！！我还是老实的喝酵素吧,<放假的小明>: 用生命在健身么？,<Joyce_李哈哈>: 哈哈，表情秒变[哈哈][哈哈],<这哚奇葩>: 大姐你这是什么节奏～,<娜是一片云----->: 好瘦，我打死估计也瘦不了了，最后我是贵阳的你神马时候回家乡遵义啊哈哈.,<有公举病的女汉纸>: 最后一张图太逗了,<积极大快乐>: 还是以前饼脸旺夫，有女人味,<thestarlive>: 哇 撕逼[偷笑],<苍穹的白寂娆的黑>: [哈哈][哈哈]太猛了点,<馍馍晶>: 最后一张，好写实！哈哈哈哈哈哈,<FwUhCaKt>: 好想做你嘴里的棒棒糖]
liuzi	又见坪洲 ​​​	[<TB-蜕变>: 漂亮[鲜花][鲜花][鲜花],<露西是灰尘不是星星>: 这是我欣赏的女子。有自己的事业，有自己的生活。是个妈妈，也是个演员，生活艺术家，现在还是设计师。远离浮躁，追求自己的梦想。。,<李小泡沫>: 姐姐这么美，应该要多发微博的,<花开堪折直须折success>: 美美的。[鲜花][鲜花],<Aimeili-高端珠宝莫桑钻定制>: 漂亮[飞吻][飞吻][飞吻][飞吻][飞吻][飞吻][飞吻][飞吻][飞吻][飞吻][飞吻],<春天到了罗>: 好美！景美！人美！,<小江river>: 我去百度了下坪州[挖鼻],<泽无旁代是唯一>: 地方美，人更美[鼓掌],<窦想想>: 很美的景和很美的你,<sand婷婷>: 喜欢你每次拍的照片 好有味道[微风],<独角戏一个人跳舞>: 姐妹花？妈妈？[good]]
liuzi	少数民族风情街拍[嘻嘻] ​​​	[<邓利_家园>: 刚才在红卡咖啡前看见您了,<孜粉_227>: 喜欢她你就要做好伤心的准备！[爱你][爱你][爱你][爱你],<71zoe17>: 好喜欢你。多更新好么,<孜粉_227>: 你真的好忙啊[汗][汗][汗][汗],<孜粉_227>: 更新速度好慢[感冒][感冒][感冒][感冒],<公冶蓝月zongzhengu>: 全球未解惊人之谜震撼曝光：远超出全人类的想象  http://t.cn/RZpnHsq,<孜粉_227>: 今天，天气非常好！！[哈哈],<木四点儿>: 觉得您是特别有女人味的那种女人[呵呵],<孜粉_227>: 期待新片[爱你][爱你][爱你],<24k纯帅的凡人>: 喜欢你拍《鹿鼎记》里面的方怡！！！！！！,<凯kava>: [爱你][爱你][爱你],<一花一世界-_->: 小孜，你特别适合这样的装束。,<小演员·>: 美，真好看。[爱你]最近一直在搜看你演的电视剧，昨晚看《告密者》看到两点多[哈哈] @刘孜,<征da梅这个月不休息>: 为什么要这样！为什么要这样对我！我也要让妳感到羞愧，希望有你认识的人看到这些照片：  http://t.cn/RZ9Aybv,<要输就输给追求2014>: 漂亮，演的太好了！,<柒尕七>: [花心][花心][花心],<孜粉_227>: [太阳][太阳][太阳][太阳][太阳][太阳],<孜粉_227>: 求关注[爱你]爱你,<孜粉_227>: 我有几张你美的不像话的照片，点击我头像可以看到，韩国街拍！,<Sammul旼>: 电视剧演完了结局不喜欢,<孜粉_227>: 美美的，，旁边那位男士像傻蛋[哈哈][哈哈][哈哈][哈哈],<爱-在相见时>: // @韩骏 : 《大漠苍狼》电视剧很好看。,<哈喽马德里>: 很喜欢你在剧中的穿着，风韵实足，大爱,<J-JING菇凉>: 剧中你的每一个表情 每一处动作都很用心 打动我这个爱慕你的女观众了[挤眼]哭起来也是很让人心疼的模样 我敢保证片中的你是真哭的[good]美美的你 跟洪队长太般配[心][心][心],<C字头的小森>: 我一直记得洪泰说穿这种衣服了好想唱歌跳舞[doge][doge][doge][doge],<等风来等疯来>: 老板娘太美！！！,<朱显军>: 因为很讨厌广告所以这部剧我都是下载看的，很好的一部剧也很喜欢你的演绎，在剧中你的装扮可以叫做混搭吗？[哈哈]希望你以后有更好的作品呈现给喜欢你的影迷…期待中……,<编剧晓伊>: 很不错的一部剧。[鼓掌],<仁里人>: [爱你][爱你],<韩骏>: 《大漠苍狼》电视剧很好看。,<揪耳朵>: 好好看！[爱你],<hkbfxgbbx>: [愛你][愛你][愛你],<Aimeili-高端珠宝莫桑钻定制>: [爱心][爱心][爱心][爱心][爱心][爱你][爱你][爱你][爱你][爱你][爱你][爱你],<静儿sara>: 好久不见你了，还是那么漂亮[哈哈][哈哈],<蔡文龙Steven>: [赞][赞][赞],<MiumiuL>: 我好喜欢你的，回复我下好不好？女神 @刘孜,<MiumiuL>: 回复 @Miumiuseven :好美好美 @刘孜]
liuzi	我告诉自己 2015年 每天都要神清气爽 要迎接挑战 要有年轻的心[呵呵]我们一起加油吧 ​​​	[<沈小约>: 大漠苍狼谁编剧的，结局太差劲了。,<Alice-258>: 喜欢姐姐的每一条微博，看完心里总是暖暖的[爱你],<qc深白色>: 想多了解到你设计的生活点滴 最欣赏你的地方[太阳],<孜粉_227>: 回复 @Herohero19 :大爱,<卿橙卿果>: 加油2015[心],<笑笑爱橙橙>: 哇！看完过后我老有信心了！[太开心],<珄于1991>: 回复 @复习到癫狂的小佐 :什么柔韧性，我看老东西就是在故意卖弄，也不怕一不小心把腿劈断了！[嘻嘻]老狗，不想活了我帮你！[怒]给你来个360度大回旋！[嘻嘻],<珄于1991>: 回复 @WuWJane :我看老太婆是活太久了，不想要老命了；小心一劈叉劈死了就不好了，其实我可以帮她！[挖鼻屎][嘻嘻],<vivi1985127>: 大漠沧狼，很精彩。[心][心][心],<毛细是青菜>: 刘孜难得开评论，和粉丝交流，大家注意点文明吧！注意点素质！永远支持你[爱你],<毛细是青菜>: @左小青  [心][心][心][心],<咖啡因敏感型患者>: 这个奶奶柔韧性简直不能更好[眼泪][眼泪][眼泪]树式做的比我当初好多了[眼泪][眼泪][眼泪][眼泪]捂脸,<1人1巴掌>: 回复 @shfsgdfgd :哈哈哈你咋弄么善解人意的啊，都说到我心坎里去了，我好想插进去别一下[害羞],<珄于1991>: 回复 @1人1巴掌 :她那里一定很紧，爽死你！[嘻嘻][哈哈],<悲酥vs清风>: 廖老板，娶我[眼泪][眼泪][眼泪],<小焦老焦>: 你在大漠苍狼里好美啊。演技也非常棒。一个安静而又精致的女人。这是大部分女星没有的气质、我是一个女人，立即就喜欢上你了。从来没有关注过明星，为了你特地申请的微博。我在常州，。有机会真想请你喝茶，当然我知道是做梦。你有爱你的老公。有可爱的孩子。人生生活第一，事业第二。永远幸福吧,<1人1巴掌>: 下身勒太紧，阴唇轮廓都印出来啦，看的我下边硬硬的[花心],<苦瓜666666>: 下身的女性特征太明显了，看的让人冲动[馋嘴],<khkjljl>: 看了大漠苍狼,特别喜欢廖小柠,演的太好了,人也特别美.性感美女哦.,<aikiki>: 满满正能量[太阳][太阳][太阳],<木子夕方>: 棒棒哒，要的就是这种生活态度～～,<罗盛星>: 廖小柠让我认识冷了你，真的确实很漂亮，演技非常好，刘姐，我会永远支持你，我也在学厨，可否分享做菜经验？,<烤红薯君C>: 今晚大结局看完真心觉得演技比和赵薇那部古装剧赞吖！虽然也不记得叫啥咯，暴露年龄哇〜[哈哈][爱你][害羞],<追着幸福跑2385183485>: 可爱的小老太太[嘻嘻],<元多灿>: 大漠苍狼结局太狗血了，不想让小柠死,<蔺氏家园>: 大漠苍狼结局不好，小拧为啥子死了，真心不好，历经百难才走到一起，结果却是那样悲伤，让人伤感，难道这是编剧故意做的？？,<o_patty>: 姥姥好厉害哈哈 我的姥姥也如此 希望她健康快乐长寿 足以[抱抱],<京城兴少>: 今晚要出去嗨,所以提前说新年快乐喽~[偷笑]羊年吉祥,<shanwanrui>: http://t.cn/Rha0GWD,<小不点儿圆>: 太有爱了，生活态度，真的很棒,<乌贼鱼噗>: 看起来像是20多岁,<但我不在意_>: 微博更新太少[笑cry],<花果山的猴宝宝>: 最近在追你的《大漠苍狼》，好喜欢。,<电影浪漫天降>: 2015年，每一天都要浪漫起来~,<蔺氏家园>: 很喜欢你，看了12岁时的照片真心好,<亲子儿童游戏大全>: 为老奶奶赞一个，年轻的心态欢迎2015！,<Sammul旼>: [dada提灯笼][dada秧歌][xkl奔跑][xkl顶]和2014say goodbye!,<刘思彤ss>: 每天都做最好的自己！！2015加油！,<等风来等疯来>: 刘孜姐，大漠苍狼里真好看！,<Sammul旼>: 刘孜姐最近在看你演的电视剧呢造型美美的,<农村娇宝哥>: 身材真好！脚丫好白！性感！]
liuzi	哇 我十二岁时金项链芥么流行[偷笑][嘻嘻] ​​​	[<细碎尘ai>: 小时候都这么漂亮了[心],<云沃客>: 三个都很漂亮啊！,<赵大静-巴扎黑>: 小时候都这么美好么,<苏瑞公主的希丫>: 最右边那个是谁啊，好美,<D佳蔚>: 哈哈哈哈哈哈哈哈哈[笑cry]妈妈给我买了以后完全不知所措,<艾窝窝0101>: 小时候这么漂亮哇,<张阳阳h>: 好漂亮啊！[花心],<ZhaoTTtttttttt>: 最右！美美美！！！,<jiandanmeng>: 哇，你十二岁时好洋气,<anglej126>: 你小时候好漂亮[爱你],<MissMrsMrSharon>: 天生丽质啊！！好羡慕你的长脖子！,<大苹果的小快乐>: 真的是天生丽质 @刘孜,<妖精爱自己88>: 天生丽质没有整过的！鉴定完毕,<蔷薇不开蔷薇花>: 小时候就介么美[张嘴],<chicpig>: 这三个里居然你最逊色，那么长大以后呢？,<别动奶酪>: 小时候好漂亮，一眼就看出来咯，,<YQHYAQSL>: 天生的美！右一也很美,<esmexyy>: 哇，三个铁真真的美女啊~！,<吴宗wei>: 照片上右一是谁？好漂亮！,<阿徐K1>: 小时候也好清甜哦！气质啊！,<来自心里的声音>: 右边的小妹也好漂亮。,<小老儿耶和华>: 左一求引见[爱你],<囧rz米飯糰>: 好嫩啊，一点都没变,<大赵小龙>: 吃烤羊肉串！！！孜孜然～～～[馋嘴],<在你心上zl>: 最右边那个像江一燕,<开到荼靡wow>: [爱你][爱你],<小刚爬行中>: 呵呵 这个照片肯定是贵州 家乡的味道,<Cc崔小可>: [呵呵][嘻嘻]]
liuzi	Hello 安邸@安邸AD  ​​​	[<亲亲悦小猫>: 刘孜还是很可爱的，大美人真性情,<中了美剧的毒药>: 在看你的星厨驾到呢,<窗外的口哨>: 真漂亮，星厨驾到你哭了真心疼啊,<独自等待的andy>: 心里吃不了热豆腐，喜欢你,<小銀淡啊浪浪浪-TWO>: 还以为带着工地的安全帽呢。。。,<假装叫周小盒>: 衣服包包4好好看,<海戈格日勒>: 长痘痘了吗？？？,<Kaifeng_x>: 您好！有机会为你做造型，让你不虚此行，v信kaifeng928,<s-猫的树和我和你>: 您好，我很高兴能够评论，不知道您会不会看，但是还是要说，很喜欢你的表演，应该说我很喜欢每一位演员，因为他们很勇敢，我没有那份勇敢，我不会很果断的做一个决定，我不知道自己现在在说什么，希望您不会介意,<来自心里的声音>: 第一眼还以为是为拍戏戴的安全帽。,<渚颜2017>: 刘孜姐姐，你的帽子在哪买的？,<暁籣子>: 遵义老乡，真美！,<千江水与月>: 兰花般的女人[爱你],<樱桃小丸子20100102>: 笑容好僵硬 原来灿烂的笑容多好哦 干嘛又去整嘛 在自己娃娃面前都不能笑得灿烂 唉...可悲...,<樱桃小丸子20100102>: 你这个脸看起不对,<白白白白哈哈哈哈>: 女神刘孜[爱你][爱你][爱你],<周家六月的六月>: 感觉你现在笑容有点僵硬了,<黄穗穗hss>: 气质美女[飞吻]]
liuzi	留下一张贴秋膘之前的照片[挤眼] ​​​	[<Ann____________________>: 星厨驾到里面，你怎么那么恶心啊。。先学学做人好不好。。谁跟你一组都要跟人家掐架。人品确实有问题。。沙溢咋看上你的。。,<白小尧001>: 加微信号有惊喜baixiaoyao001,<农村娇宝哥>: 刘孖的脚好性感！,<原喆7080>: 怎么样都是美的，健康就好,<星光大道影视>: 绝对气质美女！[good],<hn囡囡>: 好有气质的美铝[花心],<equalAffection>: 美呆了，成熟我喜欢,<小白兔怒打大灰狼>: 现在很喜欢你[嘻嘻],<TB-蜕变>: 漂亮！！！！期待你的新作！！！！[鲜花][鲜花][鲜花][鲜花][鲜花][鲜花],<花拉拉罐曲奇>: 感觉非常美！！！！！要是换一双鞋就更好了！！！喜欢你好多年了！！！,<PeachandOrange_>: 喜欢你那个指甲！,<想被穿夜行衣包头蒙面的美女暗杀>: 孜姐，你好漂亮好喜欢你！ 能多拍些穿夜行衣包头蒙面暗杀的谍战剧或古装剧么（美艳女特务、女刺客、女杀手）因为美女蒙面暗杀才神秘妩媚，李冰冰、范冰冰、亚姐杨恭如、港姐赵雅芝、杨怡、陆玲……的影视剧里就好多穿夜行衣包头蒙面暗杀片段[爱你]可以么？就像我微博传和赞的那些图片样 @刘孜,<王景輝Austin>: 十幾歲看你的電視劇和現在截然不同！,<凌警章>: 太瘦了，不好[鬼脸二]]
liuzi	觉得自己实在太虚了，得补[抓狂][委屈] ​​​	[<演员石小满>: 回复 @刘孜 :[耶],<刘孜>: 回复 @Summer小小希 :谢谢,<刘孜>: 回复 @演员石小满 :谢谢小满老师[可爱]您也保重,<天心宝贝爱果汁>: @刘孜  天呢，人瘦身体还真是不健康，还是不要减肥了，看看你我觉得女人稍肉肉点挺好[晕][吃惊],<IguessIgotmyswaggerback>: 考，真是没节操，世界就这样了，这就是这个时代，没啥大惊小怪的,<西门大街coffee家>: 你是在黑那老太太的把!\'?,<雨天不下雨的小雨>: [嘻嘻][嘻嘻][嘻嘻][哈哈][哈哈][哈哈]确实得补 ，太欢乐了[哈哈][哈哈][哈哈][哈哈][哈哈][哈哈][哈哈],<庚烁>: 后面的太太，(⊙o⊙)…,<利剑老张>: 可能脑力劳动多了，肢体劳动少了闹得，抓紧锻炼吧！,<丹丹love琪love宣>: 那老太真开放！[嘻嘻],<browyun>: 搞半瓶辣椒酱，自己就比基尼了吧,<演员石小满>: 必须的，身体是革命的本钱呀！孩子[嘻嘻][酷],<Summer涵->: 国外老太太穿那么少，你都穿这么多，真的是太虚了，不要太累啦，好好照顾自己啦！,<将成为股神的人>: 回复 @小果冰-北京 :嘿嘿~~,<lollipop__C>: 来碗羊肉粉[偷笑],<暖暖-爱北京>: 回复 @将成为股神的男人 :你头像很酷。,<暖暖-爱北京>: 回复 @将成为股神的男人 :人家只是当个好笑的事儿发图片z自娱自乐一下，没有欺负不欺负这说吧。,<幸福一朵小花>: 呵呵，你的风格我喜欢！,<将成为股神的人>: 回复 @小果冰-北京 :明显欺负别人年纪大的啊~！我没那么贱。。。,<暖暖-爱北京>: 回复 @将成为股神的男人 :[弱],<葫芦娃-010>: 旁边的那个人和你是两个季节,<平淡是幸福07>: 看和谁比？要是和你后面哪位比，确实该补了，哈哈,<H甜点>: 一对比确实是，哈哈，不过，我喜欢这样的你。有梦想的你，]
liuzi	边走边看 不由自主地 脚步越来越慢…… 法国Tostes ​​​	[<乱世黄金007>: 女神啊！！！[花心],<蓝色小晶锐>: 自然 接地气的照片,<神雕之侠>: 美人观美景，又是一幅迷人的画,<丹丹love琪love宣>: 最后一张，板栗是野生的吗？,<旺仔筱筱馒头>: 玫瑰炒肉丝什么时候播呀,<光影穿梭>: [给力][太阳]休闲一刻。]
liuzi	友谊第一#星厨驾到# ​​​	[<芈菈i芈娅>: 觉得你真做阿 越看越恶心 还有整容了吧,<XUYANNA-Y>: 只有呵呵了！太假了,<弗莱茵惹斯盖>: 我怎么感觉你喜欢朱孝天啊……,<疯妹子->: 太好胜了，比较自傲。让人讨厌,<跳楼的老牛>: 近距离 看朱孝天 是不是 长歪了 感觉曾经的男神 又猥琐了一些,<昵称是越来越难取了>: 请问你的衣服是什么牌子，很好看。,<Shine-Jennie>: 你明显在排斥朱孝天啊！赛后采访满脸的不屑，给谁看啊！,<梦中有你S>: 女神要是走了  我就不看了,<梦中有你S>: 以前没发现姐姐这么美,<真小胖307>: 加油 现在的人连几岁的小孩都会骂 所以不要去理会那些喷你的人,<丸子小草莓>: 回复 @zpurepure :我觉得一般人在比赛的时候都不会想被淘汰，而在知道自己没有被淘汰肯定还是会高兴的。但这也不妨碍友谊第一的道理吧。另外一个团队，即便队长再错，但他还是队长，不要老是喧宾夺主。,<心晴飞越>: 可惜了孝天，愿你之后发挥好,<欢喜小姐-Gee>: 你不该选朱孝天的！,<wqly201153>: 朱孝天太自以为是了,<Jessie_1020>: 真的是友谊第一么？只能呵呵了,<关吖吖>: 因为你而不想看星厨挑战！！！太差劲了！！！可惜了孝天！！！,<Sunnygirl郑微微>: 朱孝天能力那么强，结果被你害了，虽然他有点强势，但是确实是有能力的，而你，明明没能力还要那么固执不听人说，朱孝天太可惜了！,<online-Xx>: 我也觉得，太固执，要改改，估计也不会改，可惜了孝天,<Joyce幺仔>: 回复 @猫小咪吃鱼摆摆 :同意，在这么倔下去你也很快要走了！,<河里鱼水中花>: 长得一付阴森苦瓜脸,看着就生厌,别以为偶是粉丝...路人甲也看不下去.哪个人都阳光灿烂的,怎么收了这么一个狡诈的所谓二流明星.,<河里鱼水中花>: 真不要脸,作事慢,还自负听不得意见.,你自己为什么不走,,任何一个人走,都是你造成的,装腔作势.讨厌你.,<ALSOAUCH>: 为什么有那么多人发很多无聊的话。节目而已。展示该展示的而已。很多都是为了节目需要。嘉宾只需要展示自己需要展示的就好。搞不懂那些评判别人的道德标准是如何建立的。,<轩逸scandal>: 以前没发现姐姐这么美,<凉城旧巷少年郎>: 我还是挺你。。。加油！加油！,<zcczoe>: 以前看你的电视剧还挺喜欢你的，没想到私下是这般嘴脸。果然电视剧里都是假的。[愤怒],<zcczoe>: 真心好假，第一，当评委说出淘汰者是朱孝天的时候，你的表情明显是在暗笑，自己去认真看看回放吧。第二，当你说对不起队员的时候你根本没理朱孝天，只去拥抱瞿颖和郭书瑶。第三，朱孝天问你他走了你会想他吗？！你在摇头。后面又说会想每个人。这样你还确定是友谊第一吗？！真心觉得你好恶心。[妖怪],<极乐小夜曲>: 回复 @-玥小姐 :看节目成迷了！！！,<刘先生的王大小姐>: 太讨厌你了，一个劲说自己是队长队长听你的。哎。。。,<何亚弓糗了个糗>: 看似淡定 其实太好胜了,<驣_TING>: 孜孜姐 挺喜欢你的！ 为人挺好 初衷也挺好 孝天也有不对 可能他跟你的沟通方式 让你想反着来 你们都没错 都加油！ 友谊第一！~ 只是孝天哥走我觉得他挺可惜的 因为他太想留下来了！ 希望继续有这样的节目 继续看到你们！,<心向北生>: 有的人天生没有领导才干，不适合当领导，比如你。反观戴老师，我想你应该能够思考领悟到更多。孝天可惜了，我不认为他是没有能力做不好糖藕，与其跟自己看不惯的人一起合作，不如洒脱的离开。眼不见为净。女子过于要强，则令人生厌。,<悟空让妖精把为师抓走吧>: 真心觉得你瞧不起九孔 开始不想看你,<嘉嘉_wang>: 身为队长，本来最后一道甜汤把握不好也不听别人劝，孝天实力还是蛮强的，却成了牺牲品，真拖累人！,<我是一颗头比较大的花菜>: 感觉和朱孝天cp感好强,<__0309>: 回复 @Marlene-Wee- :哦……好久没看了,<谢小娜_22436>: 呵呵 @都还不错拉 ！不过我还是比较喜欢你！，,<P-tin_Suen>: 看得懂的人自然会看懂，我是路人转粉~~有时候太熟就是会无所顾忌，互呛，特别真实，看得出孝天淘汰你也很难受。加油吧，还有很多期等着你精彩的表演,<一脸米饭的猫>: 如果比赛的时候，你不选择孝天或许你俩谁都不会走的，这次失败的原因应该是没有配合好，总抬杠能有心情做菜嘛～可惜孝天成为了牺牲品，他能力还是蛮强的[太开心],<一脸米饭的猫>: 背后的风景太美了，烟雨江南～[兔子],<HazyTramp>: 现在的人是怎么了 动不动就喷人,<最愛叮鐺貓>: 刘孜你让我觉得你太恶心了，没本事做队长，就不要逞能，人家做的那么好，还嫌人家[吐][吐][吐][吐][吐],<Candy-晶大小姐>: 你对朱孝天那句\"你是队长还是我是队长\"，让我觉得你真恶心！,<Eooes>: 麻痹，为什么不是你淘汰,<树与诗>: 很棒，不必在意别人言语。。你们每个人做的菜都很棒！加油！[鼓掌],<BetttterHH>: 你是谁吖，没看还不认识你[吐][吐][吐],<進擊的王小花>: 回复 @漆娜娜nana :他不是淘汰了吗？,<starry_mumu>: 一点点都不喜欢你！！,<MAYBEYOUKY_>: 真是受不了你了 自己的导致的后果却要别人扛  觉得你好恶心  为什么不是你滚,<金昱_围脖>: 朱孝天被淘汰了其实蛮可惜的。不过当时你们四人哪个离开都一样让人惋惜。正如你所说，友谊第一，这话说的很好。[good],<哎哎哎哎哎哎哎哎哎哎哎呀呀>: 只有刘孜一个好看点，其他的.....,<-君君这高冷智粉的脑残世界>: 责任全在你，不听别人意见，比你强的人你还不服气。好多菜都是孝天做得啊，都很好吃。你呢，不听意见，还自以为是。我一个路人粉都看不下去了。哎，，，，，可惜了孝天]
liuzi	@星厨驾到官方微博 [害羞] ​​​	[<朱建华拗造型>: 希望越来越好，因为你们都很努力！,<单面镜forever>: [围观]// @星厨驾到官方微博 : #星厨驾到#   #海尔冰箱•星厨驾到#  时光流转十年，情谊却历久弥新！星厨们之间铸就的友谊之情，也是我们希望传递出的爱~[害羞],<婕西了了>: 你们俩个在星厨就是欢喜冤家[太开心],<中国美梦>: 朱孝天为什么不减肥呢？// @星厨驾到官方微博 :  #星厨驾到#   #海尔冰箱•星厨驾到#  时光流转十年，情谊却历久弥新！星厨们之间铸就的友谊之情，也是我们希望传递出的爱~[害羞],<一生一个耿兰心L>: 时光匆匆。。。。。这一晃,<SEVEN爵爷_904>: 会做饭的才是好姐姐嘻嘻,<Sammul旼>: 加油很喜欢你主演的《曼谷雨季》真是百看不厌！,<fairy欣>: 生活锻造了如今的我们。,<半是蜜糖半是姜>: 不过话说回来了，你那洗剪吹的头发真带劲儿！[挤眼][挤眼][挤眼][挤眼][挤眼],<森莎拉->: 他是不是去北影读书了,<半是蜜糖半是姜>: 加油孝天，加油刘孜[心][心][心][心][心][心][心][心],<恬淡的梦>: [偷笑] 时光啊]
liuzi	白天学厨 晚上学舞 哈哈 艺多不压身#爱上乌布慢生活#  ​​​	[<6点3>: 旁边是Nemo？,<BetterBettermeme>: 我家美衣多多，有需要来看看吧 ~照片都是自己实拍~,<花与白日梦>: 哪里？[花痴][花痴][花痴][花痴],<一只蠢兔兔>: 从侠女闯情关就超级喜欢你。[不好意思][不好意思]你儿子盯着你学做菜，跳舞。好可爱。[好爱哦][好爱哦],<2017招财猫>: Good good study,day day up！[爱你][玫瑰] 我也好想学[花心]，各种学[好喜欢][求关注][不好意思]。。。,<就算不能赢也绝不能输>: [爱你][爱你],<柒尕七>: 跟着主编微博游世界品美食，停留在美好时光里喘口气[花心][花心][花心],<白眉工作室艺人经纪--馨予>: 丰富多彩[鼓掌],<梯云山馆>: 呵呵，艺不压身哦。]
liuzi	聊聊天 看看海 ​​​	[<Snooker-呼小悦>: 喜欢你 孜姐要幸福噢～[爱你][爱你][爱你][爱你][爱你],<柠檬味的Haru>: 姐姐真是美~~~在哪里玩呢？要玩的开心哟，爱你[爱你][爱你][爱你],<用户bodj548tnn>: 最近怎末没有你演的电视剧啊？,<chen风吹拂柳>: 真惬意！[照相机],<missking777>: 聊聊天，看看海，灵感就来了。,<安汀若素>: 挺好挺生活的，你家弟弟呢,<share要奋斗>: 中国好闺密[玫瑰][玫瑰],<明明爱着你时光>: 惬意的生活[花心],<榆树林里>: 越长越漂亮喽[爱你][爱你][爱你] @刘孜,<要像一道光>: 好夏天啊，哈哈哈。,<柠檬多多的夏天>: 没看出是你[呵呵],<yieer魔法>: 刘孜一直真的在我心中很漂亮很漂亮，一直一直..,<燕燕_9yan3>: 孜姐姐好有亲和力的感觉 [心],<強乂仔>: 這是香港嗎 我看到到沖茶的東西 多數是香港用品,<确定是ta了>: 好喜欢你演的秋霜[爱你][爱你]也很喜欢你[爱你][爱你],<浮惢>: [good][good][good][good][good],<钱多多_好多鱼的多>: 遵义的老乡，遵义的美女[心],<牧野杉菜Mao>: 好亲切自然啊。平常在外玩，脸上会擦些什么呢,<茉茉茉茉m_o>: 好白呦你，这是哪里呀？,<lanlan吖>: 姐姐好白啊！[嘻嘻],<单纯的小哈>: 做义工吗 [玫瑰],<6点3>: [爱你][爱你][爱你],<杨立风飒>: 与船老大眼神交集时彼此深情[哈哈]]
liuzi	辛庄的老房子 朋友做的小书店 很有趣[呵呵] ​​​	[<清安桥>: 回复 @节欲少欲 :so so 一间屋子里放几本书而已 明显没有书铺的感觉 只是建筑陈设古老引人注意而已,<shu_小凯>: 书不错，人更不错,<翠泡泡2016>: 注意第五副图片，巴厘岛的蛋蛋[嘻嘻] @shakira萃萃  @@薛丽丽cherry @@快乐的于小妞  @索马里---海带  ,<爱哈哈5656>: 你预言他俩的很对。证明你很聪明。,<jennifer890621black>: 想当年我可是很喜欢你的名字啊    还想给自己也改个孜来着[亲亲],<路漫漫其修远兮呵呵>: 回复 @M晞晞 :呵呵，[做鬼脸],<路漫漫其修远兮呵呵>: 秋霜姐姐[爱你][爱你][爱你],<路漫漫其修远兮呵呵>: 回复 @M晞晞 :feel。。,<心灵流浪大傻X>: 不错哦，很安静的样子,<LLLLLLLLmo>: @阿米阿黑猴儿  啧啧,<蘑_菇_君>: 就这个biu倍爽,<何海飞>: 能告诉我是在哪里吗？[呵呵]]
liuzi	春天到了，小院儿里的海棠花也卖起萌来。[害羞] ​​​	[<不甜oo>: 辣两个小人老搞笑拉[嘻嘻],<泡泡星人nov>: 孜姐 赶紧在上海开瑜伽馆啊[嘻嘻],<-O-桃子>: 你也卖个萌呗。。。[偷笑][偷笑][偷笑][偷笑],<点点微笑1917363771>: 有时间多陪陪马伊利，在這個时期她最需要的就是姐妹的鼓励与陪伴,<2017李先琴>: [偷笑][江南style],<宝baby安吉拉>: 替我们照顾好马伊俐姐姐]
liuzi	好看的秀&有趣的朋友[呵呵]@于惋宁Evening  ​​​	[<泠听心语>: 你好美啊[花痴],<annaeye>: 十几年前你来青岛拍戏，我老远见过你，短发好美,<流浪在Paris的小破孩永泽>: 你身上的味道太好闻了特别是腋下[抱抱]爱你,<刘曼琪ss15055882222>: 刘孜压根都没有关注马伊琍和文章，呵呵，只能说这夫妻俩真是绝配，马是高手，可惜看来没有赢家,<胖呀兔纸>: 前天还翻看了曼谷雨季，超爱你,<凝香彦>: 在我心里你是中国一线，喜欢你不做作的美，有内涵。,<不幸总向我招手>: 刘孜还是满漂亮的[话筒],<我是你的小傲娇呀>: 有气质！！！[good],<蛋糕裙cake>: 愿你们还是永远的好闺蜜,<榆树林里>: 非常喜欢您演的还珠格格,<吃亏要趁早555>: 孜孜姐，演技好，人品好，中国好闺蜜！,<眼眶溢出瀑布>: 分明是王薇薇女士,<靖涵森的小姨>: 从曼谷的雨季开始，就很喜欢你，真的是出落得越来越美腻了呢！,<辰轩的成长日记>: 你的头发咋弄的。喜欢你的头发,<仙境公司365>: 祝你事业越来越好，,<薄荷北极的南极紫>: 有没有人说过 你长得像绯闻女孩里的布莱尔,<逆风草yep>: 虽然她内心很强大\'\'但毕竟是个女人\'\'多陪她说说话心情会舒畅一点,<lollipop__C>: 好看。回老家么？,<香巴拉香牛肉干香>: 好喜欢你，从曼谷雨季开始]
liuzi	北京青年周刊第13期封面预告：每周四上市，敬请关注！ ​​​	[<一朵H_annuus>: 裙子的设计感好强，又简单又优雅，特别合你的气质！是什么牌子啊？,<蕭十一郎105>: 很喜歡劉孜、從"一生傾情"開始............[呵呵],<燕燕_9yan3>: [花心] 海外买得到么孜姐姐？,<嘟嘟宝贝儿baby>: 支持孜孜姐，祝姐姐家庭美满，工作顺利，身体健康，小宝贝健康快乐的成长！,<最爱叶子di狮子>: 遵义老乡赞一个[强]]
liuzi	必须回答！[蜡烛][蜡烛][蜡烛] ​​​	[<Sundance-兔子>: 回复 @苏兰特烘焙坊澄海店 :[右哼哼][右哼哼][右哼哼],<陈文健_>: 有真相吗？关注中,<刘小微521>: [泪流满面][泪流满面]求真相，给个说法// @马伊琍 : 不停更换飞机航向的说法，延误最佳搜救时机，让家属如何接受,<哎呦俊鹏呀>: 一个不敢面对真相的国家，谈何强大，,<Jasmine小窝>: 这是极其不负责任的表现！,<爱丫爱丫Yanny>: @胖小新love小丸子,<吕凤琼琼琼>: 好心酸// @马伊琍 : 不停更换飞机航向的说法，延误最佳搜救时机，让家属如何接受,<桑雨江南>: 欺我大中华，迫害我中华150多条人命，这种期满比小日的还让人痛恨，敢做 不敢当，熊日的马国,<爷-气宇轩昂>: 前后矛盾！必须解释！// @马伊琍 : 不停更换飞机航向的说法，延误最佳搜救时机，让家属如何接受,<tufuwait>: 每个中国人都无法接受,<冬晨阿南明远>: 我也无法接受！！！,<三生石旁看彼岸>: // @马伊琍 : 不停更换飞机航向的说法，延误最佳搜救时机，让家属如何接受,<我喜欢在太阳光下微笑>: 必须回答// @马伊琍 : 不停更换飞机航向的说法，延误最佳搜救时机，让家属如何接受,<中晋祁王>: 马老师说的对呀，文章同学你看呢？// @马伊琍 : 不停更换飞机航向的说法，延误最佳搜救时机，让家属如何接受,<幽芳集>: 不停更换飞机航向的说法，延误最佳搜救时机，让家属如何接受,<俩孩子幸福妈>:  // @马伊琍 :不停更换飞机航向的说法，延误最佳搜救时机，让家属如何接受,<小文Yu>: 气死人，这怎么搞的，马方到底还有多少事情隐瞒我们。,<苏兰特烘焙坊澄海店>: 回复 @Sundance-兔子 :小心差水表，或者大批五毛攻击你。[生病],<胡胡胡思雨花花>: 还世界一个真相！,<林小夕很快乐>: 是不是一直知道真相并且一直隐瞒？// @马伊琍 : 不停更换飞机航向的说法，延误最佳搜救时机，让家属如何接受,<萱-Mami>: 马来西亚，这祸闯大了！！,<Sundance-兔子>: 回复 @徐歌Arinsha :彭夫人忙着招待米歇尔吃饭呢[弱],<别不相信爱情爱情也没让你相信他>: 太过分了，，必须给个说法，，// @马伊琍 : 不停更换飞机航向的说法，延误最佳搜救时机，让家属如何接受,<Mimieleven>: 给生者说法，给死者安息// @马伊琍 : 不停更换飞机航向的说法，延误最佳搜救时机，让家属如何接受,<奠花祺祺>: 求真相，不能这就么结束了// @马伊琍 : 不停更换飞机航向的说法，延误最佳搜救时机，让家属如何接受,<指尖花凉tao>: // @马伊琍 : 不停更换飞机航向的说法，延误最佳搜救时机，让家属如何接受,<贾小妮呢>: 真的会有人回答么？真相在哪？// @马伊琍 : 不停更换飞机航向的说法，延误最佳搜救时机，让家属如何接受,<中英混血George>: 愿逝者安息 pray[蜡烛][蜡烛][蜡烛] 要求公布真相，要不以后谁还敢坐马航！！顶起[蜡烛][蜡烛][蜡烛][蜡烛][蜡烛][蜡烛][蜡烛],<马小田927>: // @马伊琍 :不停更换飞机航向的说法，延误最佳搜救时机，让家属如何接受,<小小的WANGCHAO大大的梦>: 马来个B！给个真相,<l_ov_e燕>: 必须给个说法// @马伊琍 : 不停更换飞机航向的说法，延误最佳搜救时机，让家属如何接受,<梦想不知身是客>: [怒]// @马伊琍 : 不停更换飞机航向的说法，延误最佳搜救时机，让家属如何接受,<Andypan66>: 突然有了一种“善意的理解”被利用了的感觉！每个对事件关注的人都需要真相！,<在机场等船的鲤先森丶>: [奥特曼]不停更换飞机航向的说法，延误最佳搜救时机，让家属如何接受,<你不是我>: 国家的政治矛盾为何要牵扯上无辜的人！[弱]// @马伊琍 : 不停更换飞机航向的说法，延误最佳搜救时机，让家属如何接受,<阿呸-洁>: [怒]// @马伊琍 : 不停更换飞机航向的说法，延误最佳搜救时机，让家属如何接受,<露露聂是牛奶控>: 觉得背后是可怕的政治关系。[蜡烛],<彭小刚刚刚>: 给个说法，150多名中国人的鬼魂在哭泣！// @马伊琍 : 不停更换飞机航向的说法，延误最佳搜救时机，让家属如何接受,<申智媛CC>: [蜡烛]请马航给我们一个合理的解释 不然逝者不会安睡 生者不会就此罢休[怒],<猫妖老杜_啡言啡语>: 姑且不谈这个小国家的搜救技术和事故处理机制是由多么落后，光是态度问题就太令人受不了了！// @马伊琍 : 不停更换飞机航向的说法，延误最佳搜救时机，让家属如何接受,<飞翔的沐小鱼>: 给人希望又让人绝望// @马伊琍 : 不停更换飞机航向的说法，延误最佳搜救时机，让家属如何接受,<candylanxi>: 必须回答！// @马伊琍 : 不停更换飞机航向的说法，延误最佳搜救时机，让家属如何接受,<小迷糊_00>: // @马伊琍 : 不停更换飞机航向的说法，延误最佳搜救时机，让家属如何接受,<nirvana---nirvana>: 想想飞机上的人们在遇难时是多么的惊慌,多么的无助,你们于心何忍?// @马伊琍 : 不停更换飞机航向的说法，延误最佳搜救时机，让家属如何接受,<王翔希希希>: 草泥马的马来西亚// @马伊琍 : 不停更换飞机航向的说法，延误最佳搜救时机，让家属如何接受,<白丽暄>: 必须回答！！！// @马伊琍 : 不停更换飞机航向的说法，延误最佳搜救时机，让家属如何接受,<窦凯Damon>: 飞机出事还是接受不了，活要见人，死要见尸，我坚信他们穿越了,<淇淇空间>: // @马伊琍 : 不停更换飞机航向的说法，延误最佳搜救时机，让家属如何接受 必须回答！！！[怒] [怒] [怒],<邓捷先森>: 别逼我吐粗口[怒]// @柒柒要的幸福 : 必须回答！[愤怒][蜡烛],<霓墨Jennifer>: 揪心。// @马伊琍 : 不停更换飞机航向的说法，延误最佳搜救时机，让家属如何接受,<Lrs-思思>: 必须回答[蜡烛][蜡烛][蜡烛],<xm和xm3327>: /还我真相/ @马伊琍 : 不停更换飞机航向的说法，延误最佳搜救时机，让家属如何接受,<DAND1CHEN>: 必须回答。 // @马伊琍 : 不停更换飞机航向的说法，延误最佳搜救时机，让家属如何接受,<-欢三->: 真相真相// @马伊琍 : 不停更换飞机航向的说法，延误最佳搜救时机，让家属如何接受,<赣粤商情>: 艾特你们一下，你们都好吗？[思考] @我是歌手   @芒果洪涛   @湖南卫视,<Jolinchen1991>: // @马伊琍 : 不停更换飞机航向的说法，延误最佳搜救时机，让家属如何接受]
liuzi	出师不利，临出门把腰扭了，还好Nemo给力，不要抱还帮我拉行李。一切就绪，准备起飞[呵呵] ​​​	[<nannel>: 旅途愉快，平安舒畅,<昕薇安娜>: 加油，快乐妈妈，快乐旅行。,<就算不能赢也绝不能输>: [爱你][爱你],<7788-那小孩>: 加油！！！爱你！！！[奥特曼][奥特曼][奥特曼],<jiangbryan>: 注意身体 好好玩[笑哈哈],<云淡风清风云淡>: 本来是准备给Nemo点赞的，可是觉得不对劲，你都小扭了一下腰我怎么能点赞，幸亏能取消赞[嘻嘻]，快过年了孜姐注意安全啊，祝你们旅途愉快[呵呵][给力],<吴若涵7884>: 这儿子真棒[good],<小公主001>: 小子真棒哦[good]]
liuzi	突然发现少女喜欢的kipling，分隔多，自重轻，当妈咪包再合适不过了。[可爱] ​​​	[<朝阳万通小张>: 都没怎么看你拍戏了啦[抱抱],<_______阿福>:  哈哈，漂亮 的妈咪。,<则据而>: 我以前超喜欢你主持的节目,<訫歐>:  一点都不像个孩子的妈，还是这么的迷人。[思考],<年轻的哈里波特大>:  哈哈，就喜欢这种少女范儿~,<深夜发吃自虐症患者>:  黑与白与紫色，真是很经典。[赞],<Ladyyuyu00>:  现在小猴子越来越棒啦。,<Elly花园>:  还想在收一个。[抱抱],<miaolinv>:  我有个红色的。,<华声TYT>:  啊啊，紫色真好看。[呵呵],<我也深爱_然>: 刘孜也在背！！开心。,<小幂七夕快乐>: 当妈咪包出门最方便啦。[赞],<楼主你母上哭了>: 单肩包背着最舒服啦。 [耶],<雅梦君怡>: 相当的经典呀！！1[咖啡],<cross神风烈士>: 猴子包真是很经典。[耶],<焚月y>: 刘孜搭配的也太美了吧。,<可可CC我>: 非常方便呢~[思考],<蘹唸哪溡咣>: 好萌的小猴子。[思考],<让人间充满希望>: 哈哈哈，妈咪包不错~,<风的注释>: 越来越多的款式了。,<费阿玛>: 这个社会是怎么了啊,<我想陪你吹吹风看看海>: 这手链似曾相识，哦 ，是和金美美手上一样的，谁模仿谁呢？[太阳],<妈咪优选>: 喜欢将宝宝打扮的潮流时尚的妈咪们可以关注 @妈咪优选  哦！韩版时尚休闲，也许就是你一直想要寻找的！博主是高级营养师，与您一起关注孩子的成长，本博致力于婴幼儿健康，营养以及成长教育分享，期待您的加入！赶紧点击关注吧！,<家装风水--甜蜜的家>: 关注我吧，很多装修美图哦,<燕燕_9yan3>: 祝孜姐姐和全天下的妈妈们,母亲节快乐! [鲜花] ,<家住魔仙堡w>: 我们是老乡也 遵义的,<万盆盆>: 好想剪短发，可惜脸型太次,<Vivian_8866>: 又重温了一遍曼谷雨季，非常欣赏你的演技，真棒！,<长公主千霞>: 让乐想女轻松面对各种场合。,<露丝安娜luka>: 搭配妈妈和我系列中的大斜背包来使用非常合适,<团购_主宰>: 没有小猴纸的挂饰,<占娥>: 夏季还是多一点色彩比较好,<啾啾丿Emp>: 夏季早秋全新推出海蓝色！,<永恬>: 将在这个夏天有全新面貌？,<酷酷杀手KO>: 和小猴子在一起每天都很开心快乐！,<寻2天使>: 受到乐想族的喜爱！,<深水舟>: Kipling妈妈和我系列里,<浓浓de黄>: 哇塞，一秒变彩色的。,<悠悠祈年>: 好可爱啊，有活力和春天的气息,<名okewj>: 夏季新品的钱包什么时间上市呀,<小剞>: 这一季超级流行的金字塔型小手包！,<那荒芜的年华_>: Lenore SS斜挎或者手拿皆宜的经典设计,<兠里僦仨鋼镚>: 魅力紫色更是点亮了整身素雅装扮,<新闻组_丹丹>: 显得更为时尚挺拔[亲亲],<哦丽丽丽>: 包包正面具装饰性约1厘米宽黑色漆皮滚边横带,<一种极端_x>: 它是一款大尺寸附件包。,<Fighting萨郎嘿>: 可以当作正式场合的手拿包来使用,<小飞猪圈>: 保管证件、纸巾、水壶、雨伞等出游必备物品。,<多囊很多年>: 三亚的太阳会晒伤皮肤的。,<源庚CJ外交_丽>: 话说前几日还想买一个呢：）。[音乐]]
liuzi	一款让我直接笑喷的万圣节南瓜灯，我爸的杰作，无敌了[偷笑][偷笑][偷笑] ​​​	[<雨贺是我>: 亲官舍会所求地址,<波波菜0520>: [偷笑][偷笑][偷笑],<吴小洁-->: 哈哈，太牛了，人才啊,<L柳柳L>: [哈哈]一会儿去买南瓜，做个一样滴……,<小依影>: 还带耳环，想的真周到。,<neverlose23>: 哈哈非常不错啊 ~,<霹雳贝贝说>: 特别像济州岛上的石头爷爷！[哈哈],<无川>: 介系玛雅t人吗[嘻嘻],<y葉z杍>: 刘爸有材！[赞][哈哈],<千年橙>: 艾玛，还带了耳坠~[哈哈]// @dolly求奇迹不是一号 : 哈哈哈哈~~~五官各种大的那个人// @李小woo :  @dolly求奇迹不是一号   @无悔_渣团是条不归路_要脱饭   @丫丫丫鱼--大橙纸疯狂想念金烔完   @Lizzy芝小万   @朴兔纸滴LetsGO   @为烔完燃烧绳命的牛牛牛炜婧   @孙大羊SJ-爱彗星-求7分单科不下6  你们觉得这个像谁[偷笑],<susu_苏打>: 非常有创造力。谁说南瓜[南瓜灯]只能是这样的。,<Keen麻麻>: [哈哈][哈哈]刘爸有才！还戴耳环？[晕],<LetMeTryO>: 太可爱了，他爱你，，,<钥钥钥2014>:   @邰小狮的游乐城堡,<小阳阳已变老阳阳>: 嘿嘿，好有爱( ⊙ o ⊙ )啊！姐，你肿么看？,<乐乐欧>: 好强大的刘爸爸[笑哈哈],<起鼓隆咚枪>: 刘爸爸 威武！！！！~~~~~~~~,<魏老婷>: 仰望星空的外星人,<佑佑是也>: 耳环眼睛都很到位啊！ @juliavv小童鞋   @CC爱GD,<樱桃车哩子cherry>: 照着非洲兄弟刻的？[偷笑][偷笑],<轻轻1215>: 天啊，超强，中国银民太能干了！,<豆荚农庄>: 这个南瓜君强的~~~// @Super陈太 :  @豆荚农庄  // @增是真的 :太强了！钓丝南瓜！,<增是真的>: 太强了！钓丝南瓜！,<小黎2907067611>: #请插入话题名称# @刘孜  [馋嘴][馋嘴],<小黎2907067611>: 刘孜，你好，贡喜你当妈妈，我原来找过你给，你写过信也没回音，在03年黄征歌友会上你看到我问我是哪儿的，我当时胡涂没找你，很希望和你交个朋友，我是女的,<Yiyi逢青>: 推荐一下老崔的书呗！,<aitinglan>: 像只猪~[大南瓜],<屋顶上的苹果和番茄>: 侬粑粑太有才了[哈哈][哈哈][din推撞],<家有小鹿妹>: [哈哈][哈哈][哈哈]的确无敌！元芳，你怎么看？,<LF_芳芳芳>: 万圣节快乐[爱你][爱你][爱你] @刘孜,<lqy秋燕07>: 你爸爸好有才哦'哈哈',<英能杰体育明星经纪>: 这不是愤怒的小鸟里的反派主角吗？[大南瓜],<查無此門_喵>: WHAT？怪物。,<茶花书墨>: 怪不得你有这么好的设计天赋，原来是遗传的[赞][大南瓜],<鑫事shadow>: 鼻孔是拿啥掏的？还有大耳环子~~~,<SindyCoco>: 有才，霸气！[good],<胡椒散寒50后>: 有才[good],<花间晚照醉东风>: 介不是南瓜灯，整一个印地安图腾柱。叔叔[威武],<--花谷-->: 这不是整容后的二师弟吗。。。。,<田炜ACF>: [吃惊] 真要过节了。这点睛的萝卜还真是眼神犀利呀！// @饶江宏 : [哈哈]我先去笑会儿！[哈哈]模特是谁呀？,<第八号仙女>: 有才，有创意！// @晓柳飘飘 : 好可爱哦，好厉害的老爸！,<支欣>: 哈哈，真棒[赞],<童鞋严涵>: 刘爸真霸气！[哈哈][哈哈][哈哈],<leileimary>: 亮点很多啊，蛮好的,<ii小小鸟>: 哈哈[good],<奔他娘>: 惊呆了 做的太好了,<张衣>: 做个脱水处理收藏起来吧。[嘻嘻],<voice_vv>: 牛[鼓掌][good]]
liuzi	兜里揣着几个好消息，挑一黄道吉日咱逐一公布？[做鬼脸]@黄油小熊 @马伊琍 ​​​	[<刘孜>: 回复 @rainbowVcolor :真的是好消息[偷笑],<C_小露>: 孜姐，后天就是愚人节了，你不会想提前愚愚我们吧？,<____Aspirin>: [花心] 神马好消息,<钉子Dick_story>: 你这不是让我们这些粉丝更加觉得你神秘了？,<Love_Joanne>: 据专家说，2012每天都是黄道吉日。适合公布喜讯[偷笑][哈哈][哈哈][哈哈],<鄭老三1990>: 分享一下吧，马司令[话筒][话筒][话筒][话筒],<胆小鬼3907>: 回复 @焦小亲 :有见地 亲 互粉啊,<此号废除111>: [鼓掌]  @男模BOJAY  // @马伊琍 :咱仨终于...呵呵,<螞蚁伢潶-Earthworm>: 是喜事吧！！[笑哈哈]// @马伊琍 : 咱仨终于...呵呵,<胆小鬼3907>: 打什么哑谜内···,<C_小露>: 我知道了，绝对是你和马伊俐一起拍滕导导的戏，对不？,<飞盼永恒>: 回复 @刘孜 :准的，老黄历上也是那么说的……,<大小米饭团>: [疑问]// @马伊琍 : 咱仨终于...呵呵,<迷失的心欣心>: 好消息大家分享[花心] // @马伊琍 :咱仨终于...呵呵,<博海情韵-mickle>: 啥好消息？[疑问][思考][挤眼]// @马伊琍 : 咱仨终于...呵呵,<甜甜兒>: 好奇!![疑问][疑问][呵呵],<天藍草野>: Pregnant???,<杨堂邦>: 加上我，咱四个呢...,<宇的小魚>: // @马伊琍 : 咱仨终于...呵呵,<马伊琍>: 咱仨终于...呵呵,<刘孜>: 回复 @小丸子_Sherry :黄道吉日说今天台历说的不准[哈哈],<小丸子_Sherry>: 黄历上说，今天就是一个黄道吉日！[嘻嘻],<董萌制片人>: 那我们急切的等着,<轩轩CONY>: 姐姐，择日不如撞日，要不就今天公布了呗,<C_小露>: 什么呀？急切想知道！！,<鱼鱼neinei>: 不会是又有小宝宝了吧？,<风云小丸子>: 别啊现在先说一个背]
liuzi	度假的代价：贪恋阳光，惨被晒伤[做鬼脸] ​​​	[<道法自然JJ>: 建康！建康！[赞],<刘孜>: 回复 @花间晚照醉东风 : 哈哈，大气[偷笑],<般若如我>: 丫头，你好久没演戏了，都去忙官舍什么的了？,<花间晚照醉东风>: 妞，不得不说，你素颜还真TM的漂亮[做鬼脸],<waterbabyDeng>: 刘孜姐，伤得那么厉害呀！！！！,<炮炮-exe>: 回复 @雪snowpy :回复  @雪snowp  ,<贵阳六栋艺术-杨毓麟>: 依然如此的美丽！,<读微知著>: 这个女的是谁,好面熟。,<雪snowpy>: 尽管晒伤，但依然很美,<晖小跳>: 美死了[爱你][花心][花心],<刘化龙M>: 回来了呀？看来玩的很愉快哦！,<刘孜>: 回复 @栗强献斋 :好啊！,<栗强献斋>: 回复 @刘孜 :來取,<angel小美美>: 这照片也登证明你依然那么自信！依然美丽！[爱你],<十大投资人>: 要注意点哦，三亚的太阳会晒伤皮肤的。,<刘孜>: 回复 @栗强献斋 :没有火腿油！有火腿肠[呵呵],<液态铀>: 回复 @loesloe :什么情况？,<猫有来年>: 还是那么美。不过，晒伤的地方要好好护理哦，脱皮啥的，疼啊!,<Ccgyfj>: 真羡慕，我们这从年后就开始下雨，到现在还在下，人都要发霉了。,<李散散>: 矮油，被晒伤还是这么美哟！快抹点芦荟！,<lucky彡彡水>: 回复 @春秋鹏 :[太阳],<凡人的凡凡>: 都有晒的痕迹哦。,<iam虫子>: 有NEMO的那声妈妈 这些都不算什么了 [挤眼],<冯小丽华>: 看出肩带印了，[偷笑]享受阳光多好哇，北京大降温。。。,<玮萌心动>: 那看着很健康！觉得你比没生孩子是更好看！,<C_小露>: 晒得太老火啦······[围观],<Growing大发>: 被晒伤了，依然这么漂亮，这么性感！辣妈，爱你！,<谢娜张杰微博吧>: 这是到哪贪玩去了????!!!!,<o0勇敢的心0o>: 这。。。变样了？,<甄家小宇>: 多抹防晒,最好傍晚下海.我上次就晒的日光性皮炎,巨痒,<Luckylittlegirl>: 素颜很美，生完小孩感觉还年轻了,<雨过天晴_siyu>: 素颜也这么美~！,<我是刘平>: 只有太阳镜遮住的部位保留了原色[嘻嘻],<思琦琦1031>: 刘孜姐姐好美[飞吻][飞吻][飞吻],<液态铀>: 越来越漂亮了 红儿~]
liuzi	到三亚最大的收获就是Nemo清脆有力地叫出了：妈妈！ ​​​	[<刘孜>: 回复 @YamashitaHana : 恩纳,<Crazybong>: 祝福[good],<XuShanshan同學>: 这种幸福与地点无关,<张若璇Hana>: 回复 @刘孜 :我让毛重新发给你,<刘化龙M>: 哈哈！祝贺祝贺！回来了吗？,<刘孜>: 回复 @YamashitaHana : 新邮件打不开，也没说我演什么呀。,<蔻蔻的甜与蜜>: 这个地方从此成了你心中最美的一片海！记得亚亚小时对着电脑里我的照片叫妈妈的时候，我顿时泪流满面。,<dskjhkjvnawpoiehgjksanljk>: 真棒！幸福的辣妈啊  @刘孜,<Luckylittlegirl>: 恭喜，那是多么幸福感动的时刻,<刘孜>: 回复 @黄娟J : 可不！[偷笑],<刘孜>: 回复 @BTV向真 : 哇喔[鼓掌]谢谢[可爱],<妞言优语>: 恭喜！幸福的妈妈！[心],<老倍儿晨>: 介个收获太大了！,<丫丫de甜甜圈>: 我们都是幸福的妈妈,<回忆点滴过渡美好>: 真的羡慕你啊 珍惜啊,<BTV向真>: 哇噢，恭喜！ @刘孜,<闪闪亮323>: 宝贝儿晕机怎么办呢？我家宝贝有时晕车，晕机。[鼻涕],<onetwothreefour123>: 作为一个一岁八个月宝贝的妈妈，我完全能体会你的激动，恭喜你[呵呵],<黄娟J>: 真棒！[鼓掌][鼓掌]一定把你乐坏了！[太开心],<猫咪娅>: nemo太棒了！上周五你谈起Nemo时，脸上洋溢着幸福的微笑。这个画面让我印象太深刻了。,<seraph_408>: 恭喜恭喜,每个妈妈希望从子女那里得到的,其实就是如此简单的一声.,<周杰小先生>: 回复 @刘孜 :我还真是他大爷呀[哈哈],<诺E___>: 我好想哭！你一定会非常幸福的！祝福你！,<刘孜>: 回复 @YamashitaHana : 潜水[奥特曼],<张若璇Hana>: 回复 @刘孜 :嘿，我一直在啊！,<刘孜>: 回复 @周杰VIP : 你大爷呀[做鬼脸],<刘孜>: 回复 @YamashitaHana : 是你？这么巧？[偷笑],<周杰小先生>: 人家明明叫的是：妈妈～咪呀[嘻嘻],<C_小露>: [鼓掌][给力],<叶蓓>: 哭鼻子了吧[哈哈]？幸福幸福[可爱],<不吃素的猫猫>: [鼓掌]好幸福！~知道你和Nemo的故事！叫妈妈了，真为你高兴！~,<尼卡莫得>: 恭喜啊，里程碑式值得纪念！,<jenny0228>: [鼓掌][鼓掌][鼓掌][太开心][太开心][太开心],<我是狮子-女>: 恭喜！做妈妈最开心的就是如此。,<张若璇Hana>: [鼓掌][鼓掌]重要时刻一定是在度假才特别有意义！！,<Acc兒>: 恭喜，旅途永远会给人一定的喜悦…,<啊夏哈哈>: 恭喜!恭喜拉~~,<馒头养大的花儿啊amanda>: 能想象到那份感动.兴奋,<王爷小姐>: 祝福你的宝贝健康快乐成长。你也要幸福。[爱你],<何必管我会是谁>: 恭喜！行万里路的好处。[哈哈],<DOTXIE>: 哇！孜姐肯定超兴奋！[偷笑],<何小小小点点点>: 感动都快哭了吧？]
liuzi	Nemo在爬，我在喝茶[做鬼脸] ​​​	[<李佳徽sarahli>: 好惬意的妈妈！(^.^),<9王019刚>: 偶在开会[抓狂][泪],<双色鹿>: 是天域吗？天域是不是适合小宝宝？,<妞妞美了>: Nemo好棒[good],<Fingersmith>: 在哪里啊？好舒服啊,<onetwothreefour123>: 祝你的宝贝健康快乐！,<zsw131曾思文>: 小帅哥，来个正面的[鼓掌],<yinger_smile>: 好有爱，这样的生活想必很enjoy,<慕雪妈>: nemo好白，好可爱！,<TST微女王-大V>: 我也想去~看得心痒痒啊,<小洁>: 幸福。。。这小帽子。。。太可爱了吧]
liuzi	#刘孜的感官之夜#之@官舍 变装，即将踏上感官之旅[太开心] ​​​	[<小洁>: @冯楚轩  [偷笑]你懂的,<漆天手作赵铭丹>: 真心喜欢你家的环境，设计真棒，刚刚又和 @玮有我丁  姐姐参加了after party，这个后半场也真心不错！,<李墨晨啊>: [鼓掌][good],<klxjlhcc>: [发红包]开张大吉// @黄晓明 : 祝福[鼓掌][赞]开张大吉，今天收工晚没赶到！改天䃼上~ @刘孜,<罗文军168>: // @黄晓明 :祝福[鼓掌][赞]开张大吉，今天收工晚没赶到！改天䃼上~ @刘孜,<huangxiaoma>: 知性女人，小妈在在远方祝福你的孩子健康成长，祝福晓明早日成为艺术家。[心][爱],<呜哇噢-哪里跑哪里跑哪里跑>: 哥俩好啊~// @黄晓明 : 祝福[鼓掌][赞]开张大吉，今天收工晚没赶到！改天䃼上~ @刘孜,<黄晓明影友会>: 吃夜宵，休息，明日又是早起的鸟儿！,<好奇宝宝最爱的琪>: 啊啊啊啊啊，收工了？教主早一点休息啦，晚安哦[j撒娇][j撒娇]// @黄晓明 : 祝福[鼓掌][赞]开张大吉，今天收工晚没赶到！改天䃼上~ @刘孜,<紫枫MF>: [鼓掌]开张大吉 // @黄晓明 : 祝福[鼓掌][赞]开张大吉，今天收工晚没赶到！改天䃼上~ @刘孜,<垂直下浅>: 好久没有你的消息了。。还好吗~,<xiarishiguang>: 祝贺，小宝的媳妇之一,<一心求易>: // @黄晓明 : 祝福[鼓掌][赞]开张大吉，今天收工晚没赶到！改天䃼上~ @刘孜,<Xiao_晓明>: [鼓掌]// @黄晓明 : 祝福[鼓掌][赞]开张大吉，今天收工晚没赶到！改天䃼上~ @刘孜,<翼馫>: 收工了，早点歇息，别熬夜了，晚安～[哎呦熊晚安]// @黄晓明 : 祝福[鼓掌][赞]开张大吉，今天收工晚没赶到！改天䃼上~ @刘孜,<其实我们都太天真_>: 哇！你又来了啊还不睡！人家晚安都说完了~[可爱]好漂亮！开张大吉啦！// @黄晓明 :祝福[鼓掌][赞]开张大吉，今天收工晚没赶到！改天䃼上~ @刘孜,<子岫如春>: 忍不住要恭喜你，你的生活越来越多姿多彩了，演戏、写书、设计，现在又瑜伽了，不愧是“孜”呀！,<woaicishanmao>: 够义气// @黄晓明 : 祝福[鼓掌][赞]开张大吉，今天收工晚没赶到！改天䃼上~ @刘孜,<海嘚那壹边>: 毕业生面临被学校逼着签订就业协议，毕业生们该怎么办？？？,<柒月_16>: // @黄晓明 :祝福[鼓掌][赞]开张大吉，今天收工晚没赶到！改天䃼上~ @刘孜,<金陵城城墻斑駁記憶>: // @黄晓明 :祝福[鼓掌][赞]开张大吉，今天收工晚没赶到！改天䃼上~ @刘孜,<5H-08>: 感官之夜，好香艳的名字[嘻嘻] // @黄晓明 : 祝福[鼓掌][赞]开张大吉，今天收工晚没赶到！改天䃼上~ @刘孜,<十六不LOLI>: 开业大吉// @黄晓明 : 祝福[鼓掌][赞]开张大吉，今天收工晚没赶到！改天䃼上~ @刘孜,<薇笑迷人心v>: // @黄晓明 :祝福[鼓掌][赞]开张大吉，今天收工晚没赶到！改天䃼上~ @刘孜,<大魔都的小怡怡>: 开张大吉[玫瑰] 右边的辛苦啦~~[爱你]// @黄晓明 : 祝福[鼓掌][赞]开张大吉，今天收工晚没赶到！改天䃼上~ @刘孜,<klxjlhcc>: // @黄晓明 :祝福[鼓掌][赞]开张大吉，今天收工晚没赶到！改天䃼上~ @刘孜,<文强兄弟>: 够朋友！// @黄晓明 : 祝福[鼓掌][赞]开张大吉，今天收工晚没赶到！改天䃼上~ @刘孜,<明月下的小熊_>: 右边的有个字没出来……恭喜刘孜姐，开场大吉！// @黄晓明 : 祝福[鼓掌][赞]开张大吉，今天收工晚没赶到！改天䃼上~ @刘孜,<黄晓明>: 祝福[鼓掌][赞]开张大吉，今天收工晚没赶到！改天䃼上~ @刘孜,<知我药妆苏海峥>: #刘孜的感官之夜# 活动做得真棒！很成功！不仅遇见这么多电影学院的同学还遇到好多清华的兄弟，分不清到底哪个圈子的聚会了！[威武] @栗强献斋   @刘孜   @杨泓  ，还有 @水木卢庚戌  额外请了我一顿大餐！[哈哈],<界庆>: 今晚匆忙，改天静心享受一回[馋嘴],<C_寒夕儿>: 开业大吉，恭喜恭喜…,<李散散>: 今天高朋满座歌舞升平处处欢声笑语，都没顾得上吃好吃的，改天带朵子专门来吃！[馋嘴][馋嘴][馋嘴]再次恭喜开业大吉哦亲！,<jenny0228>: 为我们以后做活动提供了多一个选择喔！[鼓掌],<咔咔A梦>: 这是水椎子那家嘛，万科五号,<曹志攀forever>: [话筒][酷]// @曾黎 :  @刘孜  开业大吉！,<一叶一花一星尘>: 祝贺开业大吉！[让红包飞] [红包] [红包] [鞭炮] // @曾黎 :  @刘孜  开业大吉！,<赵倩北京>: 开业大吉！心想事成！,<史超ShiChao>: 开业大吉！大吉大利！大获全胜！等等一系列祝福！,<红酒黑咖hh>: 恭喜恭喜！// @曾黎 :  @刘孜  开业大吉！,<Prince残剑飞雪>: 希望您能看看我的微博，母亲病重，希望您能帮忙,<虚幻的永恒妞儿>: 好美呀，开业大吉！,<李芊润>: 好看。恭喜恭喜！一会儿见[爱心]]
liuzi	屋里热，我家水仙开始瞎闹了[偷笑]我准备把它们移到土里 ​​​	[<李惠欣>: 韭菜吧。。。割了吃饺子吧[哈哈],<Laraine王>: 水仙花开虽然香 但是有微毒 不要长期与之接触 小心不要食用 会造成呕吐 等症状的,<ZzOzoZz>: 怎么这天会热呢[吃惊]都睡觉了[嘻嘻],<李维-Will>: 有韭菜倾向了。。。,<芬达加可乐>: 我家去年种的，天气一热全军匍匐,<沐沐的Emma>: 长这么长说明太阳晒的太少[衰],<行者孙-马克>: 成了一把葱[哈哈],<小甜甜-木糖醇>: 早上你睡觉我打的电话是你接的？[可爱],<暮颵陽>: 渴了，自己要下来找水喝,<handred>: 移土里有用吗，我家的水仙花也开始凋谢了~~~,<御史仁捷>: 有些植物不要长期养在房间内，有微毒,<天地无极2490063971>: 这水仙惨点，整个变成大蒜倒伏啦!,<rain73>: [哈哈]太阳晒得少了就这样子,<我亲爹丶>: 怎么好像蒜苗。哈哈。,<词人李文炫>: 请问孜孜白领公寓怎么走？[偷笑],<唐芝士>: 哈哈 热爱生活的人总会有快乐 我今天和我的小乌龟玩了很久,<滺滺D麻麻老喵喵>: 长的太高了，出牙之前割一下就好了,<饭吃饺子水喝茶>: 有点残忍了啊[怒]]
liuzi	抱歉，此微博已被作者删除。查看帮助：http://t.cn/Rfd3rQV	[<蜷缩的地盘>: 东方卫视也播出过啊 又不是只有这个台,<何佳怡>: 啥也不说了！ // @刘孜 :转发微博,<最爱雪雪猪>: [怒]看来挣多少钱都不够 // @刘孜 :转发微博,<513芋頭>: 真的很NB… // @刘孜 : 转发微博,<胃小>: 这样的新闻才是新闻，爱看！！,<想看海的那一边>: 我不怎么喜欢买东西，吃的除外。// @刘孜 : 转发微博]
liuzi	友人提醒，今天是我的结婚纪念日[偷笑][偷笑]继续前行，七年，不痒。 ​​​	[<coco可可同学>:   @刘孜  好幸福！一直幸福下去……,<寻找美的眼>: 可喜欢你了。深深祝福你。,<李惠欣>: 哎呦喂 還得友人提醒 你說你這媳婦兒當的是不是有點心大[傻笑]癢了就撓撓 再說了 有了Nemo直接昇華了[鼓掌][男孩][女孩][婴儿],<张衣>: 这笑的灿烂劲儿的，话说自行车也不赖！哈哈！,<一只蠢兔兔>: 恭喜你！！美女！,<影shadow520>: 祝福，祝福！[鼓掌],<jjzhai>: 自个儿反倒忘记啦？[偷笑]祝贺！,<Barbara芭芭拉>: Happy anniversary my dear! ,<午后的爱与茶>: 今年我们结婚五年，媳妇都忘记这个特别的日子了，我郁闷~,<金风细雨楼一把>: 祝福祝福！图片大美。,<kemeyhan>: 祝福！！幸福到永远！！,<毛三儿小姐是Echo>: 天天都是情人节[爱你],<知我药妆苏海峥>: 恭喜！世界真奇妙，上周想在小区再买套房子，房主竞是李雪！哈！晕倒！,<ZzOzoZz>: 回复 @刘孜 :宝宝真的很可爱[抱抱],<ZzOzoZz>: 看你小两口幸福的样[给力]祝福啊...到永远,<言立其>: 孜姐，我也很爱你…[哈哈],<房三圈>: 有了NEMO就不养了,<李维-Will>: 哥哥嫂子七百年都不能痒…[嘻嘻] 深深祝福,<娑南拉姆>: 前行到白头[心],<lemon_牛>: 幸福永远！[手套],<鑫事shadow>: 七年，十七年，二十七年。。。N个七年，白头到老，永远幸福！[开心],<lcxJustin>: 祝福！！[鼓掌][鼓掌][鼓掌],<KK総長>: 祝福[兔子][爱你][蛋糕],<王琰Angel>: 祝福你们永远幸福，开心，相爱到永远！,<乐垚贝>: 孜姐幸福永远[礼花][礼花][礼花],<Even_翦以玟>: 你们俩痒不了.太ge儿了!!![雪人],<WEENIEPIG>: 不错，都七年啦！,<艾莉艾小莉>: 祝福姐！[爱你][爱你],<朱袁玉润的朱丽小姐>: 祝福~~~~~~~~~~~~,<优雅青叶子>: 祝福刘孜夫妇......[心],<Y-Colourful>: [鼓掌]继续幸福下去！,<刘孜>: 回复 @InRetro昨日风情 :[可爱]Nemo让我们升华了[做鬼脸],<绿围巾>: 新春快乐 幸福快乐一辈子[大红灯笼],<Gaea的宝贝>: 真好啊,祝福你们!,<郇郇同学>: 值得好好庆祝啦!,<InRetro昨日风情>: 呵呵，恩恩爱爱哦[心][鼓掌],<Me茜_lolali>: 幸福下去[爱你][爱你][爱你][爱你][爱你],<完颜无泪2005>: 结婚纪念日快乐！,<雨的印记rain1>: [抱抱]要一直幸福下去............,<玛莎的厨房香喷喷>: 美丽的刘孜，喜欢现在的你！！！祝福永远这样幸福下去,<美颜秘笈果感执董_栗子>: 祝福孜姐！[鼓掌]]
liuzi	连续两天的哭戏，哭得我眼睛都快瞎了。知莲啊知莲，我的悲伤都留给了你。 ​​​	[<亲子育儿百科>: 什么戏呢？亲，关注你了，也记得关注我一下下哦（精选育儿资讯），谢谢了。祝合家欢乐。,<末日不孤单-THU>: 好吧……希望明天能拍笑戏,<鹿忘玫瑰园>: 我坐在地板上。。。等看哭戏。。,<微笑的陈皓>: 好可怜呀！快让你的的美丽的大眼睛好好歇歇吧]
liuzi	有人知道这是什么吗？[嘘][思考] ​​​	[<澎湃澎湃>: 还有，我感觉柳云龙和童蕾的对手戏也演得差点意思，柳云龙演这种内心戏那是最厉害的，每当他一运功，就能感受到他强大的内心活动。无奈当柳云龙把强大的感情抛过去给童蕾的时候，童蕾只接住30%。郁闷。。。再回头看告密者最后一集，你和柳云龙的对手戏，让人看了回味无穷，挥之不去。,<澎湃澎湃>: 看了《断刺》，我是真诚的觉得女主角李赫男应该你来演，童蕾有点气场不够，很多戏都压不住场，感觉气氛总是渲染不起来。呵呵，看你在《告密者》中的表现，那种内在的气场和表演功底，为什么导演不找你呢。。。。,<qqqqqlllllllll9999>: 芝麻撒  不会生长在城里连这个都不认识把  这可真是中国的悲哀,<勇敢de心75>: 明显是芝麻，有木有常识啊。,<魏伟kevin>: 芝麻芝麻节节高~！,<文心雕龙2012>: 芝麻。小时候在外婆家见过！是干掉了的芝麻节,<Erin小枫仔>: 芝麻开花节节高！,<Alice仙子>: 哈哈哈哈这位美妈进化的好有才呀,<茶花lily>: 城里人还是应该多下乡去走走看看，我儿就特别喜欢乡下，看到牛、猪呀什么的兴奋得不行。,<哈么的巫婆>: 芝麻哇！我们家都种了很多]
liuzi	有人知道这是什么吗？[嘘][思考] ​​​	[<左岸王妃>: 芝麻！ @刘孜  ,<薇微小屋>: 这是芝麻，我小时候见过,<落雨晴空>: 麦子和韭菜分不清的孩儿们更多吧,<shetimes>: 原来是芝麻，感谢科普！不看下面，光瞧手指上的绿森森的象虫子呀！,<Jackiegua>: 这个我家有种，是芝麻！,<阿托查>: 回复  @刘孜 :我都不知道转基金毛豆啥样，哈哈,<迷你蛮>: 芝麻啊，我们家就有的,<513芋頭>: 芝麻吧！[偷笑],<大男孩001>: 拜托   不就是个芝麻 吗  这么大惊小怪,<decjnmm许哈哈大笑蚕宝宝i>: 香油就是芝麻磨成的,<yjgygyiy>: 难得一见的稀罕之物[鼓掌],<刘孜>: 回复  @王乐男 :哈哈，笑死我了！不怕你笑话，我以为是转基因毛豆。[害羞],<芃芃de妈咪>: 有点像山玉米，还可以烤着吃呢，挺香的,<染男家族>: 芝麻开门；今天是世界末日，你在做什么，答‘’我在为归西做准备、、、,<芬达加可乐>: 芝麻，你不会不知道吧,<雨中漫步007-Jason>: 第一,看到一只手。第二,看到芝麻。第三,看到的是白芝麻。。。呵呵,这么绿的外壳,肯定是白的,<0水晶般透明0>: 肯定是芝麻，我家以前就种过,<Alice仙子>: 芝麻，哈哈哈哈种的,<小洛的小屋>: 芝麻开花节节高。。。,<琳果子儿>: [嘻嘻] 芝麻~,<优雅的等待>: 没事吧你，太神经了。,<扯蛋儿土豆>: 北方的都不大认识吧！没见过!,<我是彭阿如阿>: 芝麻，我还种过、,<匪首刘大卯>: 不食人间烟火啊，这是芝麻啊,<小丫儿>: 芝麻 ,我家以前种过.[嘻嘻] 你家宝贝多大了?传来照片看看行吗? [可爱],<阿托查>: 亲，你是要炼丹吗？,<同飞阳光>: 芝麻[太阳] [微风],<恋爱中的孙仲谋>: 这是什么?[失望],<必Sha技>: 转发此微博:简单 芝麻！]
liuzi	只看了一场戏就被他的演技折服,有@吴奇隆 步步惊心怎能不火[呵呵] ​​​	[<浩浩-等待下一个后缀>: 学子姐姐什么时候再跟吴四爷合作吧,<C_小露>: 哇！不过饿哦没看也···,<柠檬Tracy>: 哈哈，你在看啊~~郑嘉颖也不错啊,<苒然的小巫>: 谢师姐支持。吴奇隆，这次真的全面爆发的感觉。 #吴奇隆# #步步惊心#,<嗨ing->: 郑嘉颖，真的很温雅，美男……,<蚕豆xi1113>: 师姐夸师弟[哈哈],<貓四兒er_Emma>: 孜孜也看哦。呵呵！]
liuzi	鸭子的队伍越来越壮大了。 ​​​	[<支欣>: 景美人更美[爱你],<房三圈>: NEMO呢？一个人出来遛,<酒杯中游泳的鱼>: 仔裤、白T恤、厚厚的课本。。。哪个中学的校花啊？？哈哈,<C_小露>: 这是哪啊？[疑问],<cc__小兔子>: 喜欢你没道理[花心],<四姨楽了>: 美妞就是体恤牛仔裤穿起来最好看，哇哈哈！,<931叶子>: [亲亲] 很喜欢你啊，有内涵的女子]
liuzi	欣赏孔雀，因为她有信仰。有信仰支撑，再孤独也会无比坚定无比从容。在这点上，我们都不如她。 ​​​	[<勤快小六的生活札记>: 记得红隼说过的一句话，没有真正面对死亡谁又可以说不怕呢，特别佩服孔雀，坚定的战士，觉得她和龙飞其实挺配的,<明天会遇见更好的自己>: 刚看这部剧前面几集真不知道她是好人还是坏人，看了后面才知道。[鼓掌],<梦控师_追梦蚂蚁>: 「清明梦」，不可思议的梦，超出常识，太震撼，你做过吗？[咖啡],<bigari>: 演的有味道，赞一个！,<小物旅店>: 转发此微博:[good]]
liuzi	@MartineWester 项链好漂亮 ​​​	[<李散散>: 你好美哟！[花痴][花痴][花痴],<merry雨>: v好美...， #转发达人_有奖转发# 转发达人_有奖转发这家淘宝店铺在做促销活动，不但有礼品白拿，转发还有大奖，店铺里的商品也很好，现在正在打折扣，你也过来看看吧，这样我们就能一起拿礼品，享受折扣了。  http://t.cn/auZKoH   http://t.cn/au7sgv  一切新闻尽在眼中，太给力啦！！！,<退休老黄牛>: 最好别笑，很漂亮，有人这么说过吗？项链面积过大啦！,<Makwon>: 至少有一半的人要说：人更漂亮,<revoremix>: 跟你以前的感觉不一样了,<沉睡深海的鱼>: 你人才好漂亮啊！给你整形的那个医生手艺不错，能不能介绍给大家？,<追劇小歪迷尼bin>: 你人更漂亮。。。,<侯祥玲微博>: 好久不见噢刘孜！]
liuzi	好久不见 ​​​	[<唐琦stylist>: 好美[呵呵] [爱你],<半是蜜糖半是姜>: 两个气质不同的女人，但是都那么有韵味,<路虎巡洋艦>: 最近不大看到你拍的戲，嗨嗨嗨！[给力],<胡雯Amy>: 和袁立~~赞！！！,<灑浪酱>: 两个知性的女人美死了。。,<姿人>: 搞个光盘挂脖上?,<玉良1989>: 立立和孜孜啊[花心][花心],<nIcKy_吢>: 俩美女。[哈哈]]
liuzi	坐着高铁回北京 ​​​	[<赵敏love>: 好像福建的高铁呀。,<逆光飞行的二娃>: 为什么站台就你一个人？,<造型师艾米Emilee>: 在站台等车 ……总觉得不像坐火车 像是坐地铁,<我系周-小锋>: 飞机坐多了，试一下高铁,<iVickie_M>: 哇 这样不热啊 真厉害！！！！！！！！,<S眉来眼去>: [可怜] 明星都不怕热吗,<我是刘平>: 装扮...会很热吧[做鬼脸],<蛋蛋朗>: 你的脚丫子不热么？我也想这么穿，但是木有勇气哦！,<TearsMonkey>: 为啥米穿着这么厚道的外套,<蔡园CY>: 看把你给乐的 (*^__^*) 嘻嘻……,<一缕阳光209>: 现在的你越来越美丽啊,<苒姑娘>: 这个造型凹的可以哇，靴子热不？嘿嘿]
liuzi	常州是个精致的城市。第一次离开Nemo超过一天，想他！ ​​​	[<小艾湖>: 转发此微博:超喜欢常州的！,<阿托查>: 你去常州啦？我家诶！,<智齿大人>: 以后常来啊~ 常州一直很精致 小城市过得很安逸啊,<刘迎_anna>: 那就忙完了早点回去~~,<柠檬草Jenni>: 常州，我的大学。突然有点想念,<蔻蔻的甜与蜜>: 真不容易，我现在出差还当天往返呢。,<畅畅-兔>: 开心啊来偶家乡了呢，参加什么活动呢要去看！,<沐尔沐>: 哇 姐姐 我在常州 你在哪？,<菲斐翡霏>: 回复  @哪有海阔天空 :你去常州了啊，我的家乡哎，相比现在的南京更爱常州，常州真的很干净很精致很美！,<NZ卷发混血小樱桃>: 当麻麻都是这样的[汗]去年孩子回北京半年握每天[泪][泪][泪][泪] 很体会你的感受,<MusesMetis>: 孩子断奶了吗？我孩子十四个月了，我还从没离开过超24个小时,<李惠欣>: 呃呃呃 做什麼去了 我今天下午剛從南京飛的廈門 25號回京,<开心贝贝的小家>: 当妈之后的后遗症,<小刚Weibo>: 建议你去常州恐龙园       哈哈哈 本人亲测 很好玩,<安非他命早餐派达明>: 妈妈的玻璃心犯啦 [嘻嘻]]
liuzi	晒一张好汉图~~Nemo五个月，登上了长城。 ​​​	[<噶玛旖旎>: 哇，nemo长这么大了耶[亲亲]好像杨先生哦！[兔子]在孜孜姐的细心呵护下他长的好壮实，看着很健康！我家的希ra宝宝也4个半月了，也像爸爸，[呵呵]希望孜姐在空余时间多发一些育儿经，你是好妈妈的榜样，我也好想学着自己照料！拜托多分享，谢谢！（是否能透入下背带的牌子呢）[害羞],<空享龟>: 刘妈妈真厉害~一定又热又累吧！但是笑容像花儿一样 好美哦,<月下寒风奔>: 说实话还是看了98年的神雕侠侣才晓得了刘孜，比较喜欢陆无双！你是贵州六盘山人吗？,<丽丽马>: 漂亮妈妈和可爱宝宝！,<刘孜>: 回复  @兔儿妈妈2011 :每个孩子的发育轨迹都不一样，现在长得慢点，不代表以后个儿矮。只要身体健康就没关系。Nemo每天吃800左右的奶，两顿辅食。,<是什么蒙蔽了你的双眼33>: 女人当了妈妈都变美了有木有,<美雪萧萧>: 妈妈儿子多是好汉!,<Andy--Xiao>: 可看天下父母心啊！！,<简-慢慢来>: 背着孩子上去的真是好汉！,<人魔兽>: 图片充分表现的是“好汉“的妈妈才是真正的“好汉”~~~,<涵妞儿哈皮>: 还在母乳么 这么抱着时间长了不怕挤到胸么?,<nicole_宁宁>: 宝宝厉害妈妈更牛,<李惠欣>: NEMO哥 你欣姨可是腿軟著拍的照片啊 長大以後得對我好才是[亲亲],<Janet37>: Memo真帅 表情太酷了,<芷荷-蟹蟹>: 这是怀柔青龙峡吧,<淘子太郎>: 伟大的麻麻[good],<柔奕>: 这个宝贝长得象他爸爸,<1月上画出1>: 怎么都没其他人。。。那里可是人山人海啊,<Even_翦以玟>: 哇哇哇哇，眼神好懵懂……你好棒啊孜。状态真好。,<-菠萝小仙女->: 好可爱的小宝宝，希望他健康快乐成长！,<大发大发Ace>: [鼓掌]好有爱！,<随遇而安喽>: 哇！宝宝开可耐啊[可爱],<兜成长>: [呵呵] 越来越喜欢你了,<请叫我瑞姐姐>: 小Nemo和麻麻都好棒哦~[愛你],<薇言薇语说给懂的人听>: 看了照片莫名的感动，妈妈很伟大，我也期待有这么一天[good],<赵亚丽CMCC>: 好样的小伙子，可以问问背带是什么牌子的吗？想买。,<悠悠爱煊轩>: 好样的！妈妈好厉害！[good],<koala多多多多多>: [爱你] 小好汉,<希妈和田小玉>: BB和麻麻都好辛苦的嘞，你看他滴小表情，嘿嘿,<花花烤虾13790934675>: 祝Nemo快高长大  很喜欢你[可爱],<喝红酒吃低保的带娃户>: 能问下 @刘孜  你产后是怎么恢复身材的呢？能跟我们分享下吗？,<文進一>: [good] 幸福。要更幸福。[威武],<江轹择>: 儿子是动力// @豆包他妈 ：这妈妈很辛苦啊，背小肉坨坨。,<刘孜>: 回复  @冯小丽华 :他比我强@@,<刘孜>: 回复  @王蕾_雨后 :山里凉快，爬着不累@@,<刘孜>: 回复  @王江月 :谢谢江月阿姨@@,<支欣>: 好漂亮，好可爱，从《曼谷雨季》开始一直最喜欢你[心],<乐乐琪琪熊>: 这大热天的，带这么点孩子出来，你真行！孩子病好了是吧？,<云杉河>: 那是孜妈妈的功劳！！小nemo会记住的 看孜那幸福的傻样[心],<灬肥阳阳灬>: 太萌了！亲爱的，你辛苦了~~,<Penny_yy1220>: 这样的背带不好，宝宝腿老分开着,<AiC-嘻嘻>: 哇哦，母子俩好棒[good],<Kevin妈的微博>: 好羡慕刘孜，有幸福的家庭，可爱的宝宝！希望我也能这样！,<低调130岁>: 真幸福~谁抱我上去？呵呵呵,<Rong_ZL>: 因为他有个伟大的妈妈才能成功的将他登上长城,<周小胖的美宝儿>: 宝宝好可爱，期待你新的影视作品,<Dora--Du>: 宝贝五个月长这么大个啊，可爱[爱你],<恬淡的梦>: 好汗哦，[good]，帅气的小男孩，真神气啊,<恩儿宝贝2009>: 幸福哩~~漂亮妈妈帅气儿子~~~~,<Hedgehoggggggggg>: 好快啊，你的宝宝都五个月了。,<蔻蔻的甜与蜜>: 没有伟大的妈妈，哪来这么帅的好汉。,<六米夕>: 你就这样背着他爬上去的？]
liuzi	昨天体检，新添了些小毛病，好消息是瘦了四十斤。用影像留住此时的我。@史方舟 ​​​	[<再见19201920>: 我生Nemo的时候140斤，现在100斤，并没有刻意减肥，瘦下去是因为：坚持母乳喂养、孩子3个月时生病操心、焦虑、从不相信一顿饭吃一只母鸡奶水才充足之类的话，饮食习惯还和以前一样、每周打两次网球练两次瑜伽。新妈妈们，除了焦虑不要效仿，其它几项都可以试试的[呵呵] 。// @新浪娱乐 ：求瘦身宝典,<我的白雪公主萱er>: 回复 @杨氧 :你是怎么瘦的呢,<顾大宝宝大宝顾>: 美妞// @刘孜 ：我生Nemo的时候140斤，现在100斤，并没有刻意减肥，瘦下去是因为：坚持母乳喂养、孩子3个月时生病操心、焦虑、从不相信一顿饭吃一只母鸡奶水才充足之类的话，饮食习惯还和以前一样、每周打两次网球练两次瑜伽。新妈妈们，除了焦虑不要效仿，其它几项都可以试试的[呵呵] 。// @新浪娱乐 ：,<飘走的云彩2011>: 哇，瘦的真的好快呀，和以前见你一样的瘦，羡慕啊~,<杨氧>: 我产后半年了 也瘦了四十斤  只不过生宝宝时是160斤  现在120斤   我也是母乳喂养   呵呵希望可以继续瘦下去[兔子],<刘孜>: 回复 @王乐男 :呵呵 马大哈同学 你笑死我了,<过敏糖>: 非常美。看了你的访谈，觉得你更有美丽了。,<蛮精灵>: 你太有毅力了。向你学习~~,<和妮妮的幸福小时光>: 转发此微博:新妈妈们听到没？// @刘孜 :我生Nemo的时候140斤，现在100斤，并没有刻意减肥，瘦下去是因为：坚持母乳喂养、孩子3个月时生病操心、焦虑、从不相信一顿饭吃一只母鸡奶水才充足之类的话，饮食习惯还和以前一样、每周打两次网球练两次瑜伽。新妈妈们，除了焦虑不要效仿，其它几项都可以试试的[,<我的白雪公主萱er>: 回复  @月牙儿166 :最好还是缠，好处吧,<S大小姐>: 回复 @214晶品屋 :真是需要勇气啊！,<我的白雪公主萱er>: 对啊，打网球容易关节痛吧，瑜珈会回奶吧,<月牙儿166>: 主要还是刚生完孩子那会做缠身了吧！那会我就不知道，现在小腹一直下不去！,<明朗的C>: 还有功夫网球和瑜伽呢，真不是一般妈妈能效仿的。 @明朗哥1219    @jessie_wangjing,<锁妻果妈>: 回复  @S大小姐 :生的时候就没想法了,<范特二_夕颜>: @刘孜  ，这发型，可以烫头发？,<微笑Danny>: 不是说哺乳期不能做运动吗？还能打网球？！,<我的白雪公主萱er>: 回复  @S大小姐 :加油，为了宝宝，做个勇敢的妈妈,<我的白雪公主萱er>: 回复  @S大小姐 :没什么可怕的，顺产很伟大,<我的白雪公主萱er>: 回复  @喔西迪西 :我也是每周两次高温,<喔西迪西>: 瑜伽一周两次太少了，最好每天额，哪怕半个小时，每天伸拉筋骨才有效果的,<阿托查>: 我看成：NEMO出生时140斤，现在100斤[偷笑],<兰静1>: 伟大的母亲！健康的心态！祝你和宝宝越来越好！,<oC佩佩Co>: 学习学习// @刘孜 ：我生Nemo的时候140斤，现在100斤，并没有刻意减肥，瘦下去是因为：坚持母乳喂养、孩子3个月时生病操心、焦虑、从不相信一顿饭吃一只母鸡奶水才充足之类的话，饮食习惯还和以前一样、每周打两次网球练两次瑜伽。新妈妈们，除了焦虑不要效仿，其它几项都可以试试的[呵呵] 。//,<我的白雪公主萱er>: 回复  @探索生命本源-sz :是，我也在做,<豆宝宝happy>: 喜欢Nemo的妈妈和爱玛的妈妈[赞],<我的白雪公主萱er>: 我也在瑜珈和散步,<S大小姐>: 姐姐，你好，我再两个月要当妈妈了，最近有点焦虑，我害怕顺产！你当时是怎么想的？,<刘孜>: 回复 @鸡蛋与石头 :可以的[呵呵],<鸡蛋与石头>: 您曾做节目时说，月子里缠绷带，我想知道剖腹产能否？我马上就要当妈妈了，可就怕变肥妈。[泪],<奉天鍾>: 瑜伽的好处，不但瘦身，而且获得健康！,<C_小露>: 因为这40斤，今天孜姐的微博火爆啦！,<梁依彤->: 我是太瘦了，有什么办法可以增肥？我也是自然瘦的。没有刻意减]
liuzi	昨天体检，新添了些小毛病，好消息是瘦了四十斤。用影像留住此时的我。@史方舟 ​​​	[<Mira独一无二>: 瘦了四十斤！？怎么做到的？// @新浪娱乐 ：瘦了四十斤！？求瘦身宝典……,<-Xu灬->: 我滴個親娘四舅奶奶、、是不是打錯了？！！求瘦身寶典~~// @新浪娱乐 ：瘦了四十斤！？求瘦身宝典……,<美雪萧萧>: 瘦了四十斤！？太夸张吧身体要紧,注意会生病的,<姚黑炭cheer_up>: 四十斤！！！我也要瘦！！！,<红太阳花云彩>: 俺的宝宝五个半月，俺瘦了。,<黎明的喜悦>: 晕。。。瘦四十斤能不添病吗、、、,<lynette丶T>: 眼框黑成这样，哎！,<艾彦孜>: 呀，这个妈妈漂亮。,<飞鱼tiffany>: 转发此微博:从以前就一直喜欢你，不管是演员的你还是设计师的你都让我很羡慕，希望你们一家人能幸福快乐，做了妈妈的你变的更美了会一直支持你的,<和苏傕>: 四十斤~！神马概念啊！,<王在岩>: 好家伙，瘦了40斤！[赞],<1笑倾城的你>: 是啊！40斤啊？？？怎么收下去的呢？？？？？？？求瘦身宝典……我也想瘦，可就是瘦不下去啊！！,<任有雨>: 。。。。40斤？求分享瘦身经验，除了生病动刀之外！// @我是洪小胖 ：40 乖乖 杂叟的 我只要一半就好 // @新浪娱乐 :瘦了四十斤！？求瘦身宝典……,<阿花呀xox>: 您是手一抖多敲了个十吧！！！四十斤，我最近也小毛病！我瘦四斤也开心死了！[生病] // @ACTUALITY_YOU ：四十斤，这不要疯了？// @新浪娱乐 ：瘦了四十斤！？求瘦身宝典……,<WEN闻闻呀>: 40斤！！！！！！！！！！！！太恐怖了。。。。。,<hellen梁>: 怎么瘦的，求方法？,<_Molly是朵花>: 瘦四十斤？！！？！？！？！！？！？[吃惊] 怎么瘦的？？？运动？？节食？？传授一点密集啊[爱你],<Rose_Marin>: 四十斤？？？她以前也就不到100的样子吧？？[衰],<龙眼里>: 回复 @新浪娱乐 :宝典就是“新添了些小毛病”。你这理解力……同情。[失望],<阿洁IVY>: 妈呀，那么多人求宝典，您就回复下呗！！！！,<坐在马路边上沉默的疯子雅>: 额，，四十斤 是什么概念啊····其实肥瘦太快不好···,<韩利阳188>: [抱抱] [亲亲],<胖胖cjt>: 妈呀    40斤    是我瘦40斤就是标标标准身材了！快！求宝典！,<J-PAN1>: 怎么减的。告诉我们大家吧，,<我是ECHOCHAN>: 怎么减~求经验分享~,<宝宝其实很听话>: [吃惊] 四十斤啊？天呐~~,<叫我四筒阿_>: 瘦之前 是有多胖 啊！！1,<__蝶__>: 我觉得她越来越有味道了。,<临清巡捕>: 四十斤。。。。震惊。,<小hei妹99>: 怎么瘦的呢？分享一下啊啊啊啊！！！  // @新浪娱乐 ：瘦了四十斤！？求瘦身宝典……,<洁的2046>: 求秘方！诚心诚意求大美人孜孜的减肥秘方~[膜拜],<云杉河>: 恭喜 喜欢你的装饰 嘿嘿[嘻嘻],<Buel_>: 动力！！！[威武],<给我两张票>: 40斤 -= = ！！！！// @金希澈吃橘子 ：瘦了40斤！！！！！！ // @新浪娱乐 :瘦了四十斤！？求瘦身宝典……,<Buel_>: 回复 @刺客王国 :求秘方！,<戀戀小米oO>: 转发此微博:急速瘦身，日后老了有你受的...依扬麻麻表羡慕[emoji] // @依扬妈 :40！！！！ 同求！//  @新浪娱乐  ：瘦了四十斤！？求瘦身宝典……,<_莹火虫_>: 瘦了40斤？！？！,<刘梦茹>: [抓狂] 瘦了40斤？？？！！！太有了，求方法啊求方法！,<love有缘人love>: 姐，你是怎么瘦的呀，求良方,<郑小妖>: 太瘦了吧也…注意下吧…还喂奶呢！,<CHQEER>: 转发此微博:No No No [惊恐][惊恐][惊恐] // @新浪娱乐 :瘦了四十斤！？求瘦身宝典……,<三剑客笑傲江湖>: 不该瘦的地方千万别瘦！// @三塔锅 ：她有那么大基数吗？！// @BTV高燕 :肿么瘦的? //  @新浪娱乐  :瘦了四十斤！？求瘦身宝典……,<Rapunzel_Cheung>: 跪求瘦身秘籍！[泪],<果麻麻ai果儿>: 四十斤！啥概念啊！告诉我呗！我是个胖胖！告诉我吧！！！[花心] [鼓掌] [鼓掌] // @新浪娱乐 ：瘦了四十斤！？求瘦身宝典……,<lucky-christian>: 额咋做的// @新浪娱乐 ：瘦了四十斤！？求瘦身宝典……,<小兔娘>: 想给宝宝从小培养坐汽车座椅的好习惯，这样带出门玩比较安全方便,<此号不用了______________>: 肿么可能 // @新浪娱乐 : 瘦了四十斤！？求瘦身宝典……,<我是白羊座-ZY>: 哇塞，40斤耶！我现在瘦1斤都折腾半天，求秘籍！！我也想瘦啊！！[泪],<小兔娘>: 哎呀呀，没赶上微访谈，想问问刘孜给宝宝买了汽车座椅么？是什么牌子型号的？,<史方舟photographer>: 同求同求[做鬼脸] // @靠谱JJ ：我也要瘦身[泪]孜姐求秘方阿！！// @新浪娱乐 :瘦了四十斤！？求瘦身宝典……,<四年半吧>: 四十斤，四斤都见不下去呢，艺人，果然不同凡响,<connie静>: 怎么瘦的啊~求方法,<你可能还不知道啊>: 40？！有木有太夸张了啊！！！希望瘦10，求秘笈！,<Luluviv>: 40斤估计至少顶半拉身子了，怎么瘦得呀？太神奇了！,<sugarbabies>: // @nuonuo-m ：// @新浪娱乐 ：瘦了四十斤！？求瘦身宝典……]
liuzi	好美的北京，美得都不敢认了。 ​​​	[<in_Sandra>: 天气好心情也会好起来,<馬大寶儿>: 转发此微博:难得这么美的天空~~大爱Nemo妈咪,<亨立叔叔>: 消失的青春，如她，如白云。// @老维子555 ：蓝蓝的天上白云飘……// @半仙的传说 ：转发微博。,<馬大寶儿>: 转发此微博:难得这么美的天空~~大爱Nemo妈咪,<张艺谋贴吧官博>: 昨晚的一场大雨，把天空洗得干干净净，树叶都泛着亮光。早上的风都是微凉的，舒服极了，北京的蓝天很多啊，特别秋天，那真的是秋高气爽。// @老维子555 ：蓝蓝的天上白云飘……// @半仙的传说 ：转发微博。,<芭蕾-宝宝>: 怀念北方，今天重庆阴天，但是很凉爽,<糖果儿雯雯1217>: 今天就是这样的天气！,<一缕阳光209>: 哇，真的是好美丽啊,<星野集团>: 恩，昨晚下了雨，今天又有风，早晨很舒服。,<支欣>: 好美~这是通往顺义的机场高速么,<温暖的燕儿窝>: 没错，雨后的北京较凉爽，如果天天是这样就好了。。。[浮云] [浮云],<CeminiLi>: 这天空是很美，但应该也很热吧？,<韩利阳188>: 你很多年没有去过北京了吗？,<天藍草野>: 天藍草野！[浮雲][浮雲],<秦俑在京>: 是啊这么美，却因为限行不得在地下…没看着…,<老维子555>: 蓝蓝的天上白云飘……// @半仙的传说 ：转发微博。,<小犇犇他爹>: 正在看你演的孔雀，演的很棒,<耶稣-撒旦>: 因为夜里3点下了雨,<爱镜阁>: 天很蓝，云好白。难得的好天气。,<田渊明_>: 呵呵 喜欢北京的清晨,<-只想瘦成闪电->: 转发此微博:[可爱]今天有少见的蓝天和白云[浮云][太阳][太阳],<娜妮zoey>: 最美的事不过于有一双善于发现美的眼睛呀~祝你和小宝宝健康美丽~[兔子],<白头翁_1206>: 早啊，好久没露面了,<甄小美_>: 转发此微博:看着真舒服...,<瑾宇宝宝>: 转发此微博:今天天气贼好！,<沛璇姓李>: 雨后的北京！！！早上好啊……,<OCstudio摄影师>: 确实很美[哈哈],<小瓜kk>: 被昨晚的雨洗美了,<烟村是我家>: 七七事变，满给面子,<玙霆>: 这是因为昨晚经过雨的洗礼！,<北极星的眼泪999>: 雨后的北京确实很美！,<悦悦登登>: 真美！这是哪啊？]
liuzi	喜欢有Marni陪伴的日子 ​​​	[<潼潼妈妈的美好生活>: 好久不见哦，你为熟么那么瘦呢，喜欢你呢﹏,<孙佳森>: 好喜欢你 一定要幸福喔,<怡凌肃雨>: 幸福的美女妈妈[心],<韦韦来>: 回复 @刘孜 :话说也好久不见！想念啊！,<界庆>: 回复 @刘孜 :以为是指nemo，找了半天没看见儿子。再仔细看，咳。。。哪儿跟哪儿啊。,<刘孜>: 回复  @韦韦来 :要是你拍就更美啦@@,<刘孜>: 回复  @界庆 :哈哈，笑死我啦！,<界庆>: 第一眼看成有man陪伴的日子：）,<神仙姐姐的神经妹妹>: 从十几年前就觉得你超美，做了辣妈依然美,<天珏谛钰>: 漂亮漂亮~~[花心],<慕雪妈>: 怎麼瘦的吖？！傳教一下麼[花心],<梁小瞳811>: 漂亮的妈妈～～身材恢复的真好啊[赞],<__Sunue>: 好瘦~要吃胖点点~,<摄影--莫明峰>: 孜姐…现在是越来越漂亮啦…越来越有女人味了哦…]
liuzi	微访谈进行中 ​​​	[<莎啦啦09>: 喜欢你，是不是太直接了,<孔张瑜>: 一直以为访谈的时候会有工作人员在旁边监督呢，哈哈 @刘孜,<link赵>: 还是很喜欢你演的电视剧嘞,<Jumi的小fairy>: 恢复好快！羡慕···怀宝宝很不容易啊，尤其是刚刚得到还没结果就失去，很痛苦[泪] ···亲爱的可以私信告诉我怎样保胎吗？,<小乖Querida>: 好熟悉的手表，casio？,<蔻蔻的甜与蜜>: 亲爱哒，替我和亚亚姐姐亲亲Nemo弟弟。祝访谈成功！,<田旭luckydog>: 姐，你产后恢复的好棒啊！nemo好可爱！,<筱da昭>: 不要用硅胶的键盘垫哦，这个部位也是苹果电脑散热很重要的一环。,<晶晶章章>: 哈哈，好美啊～这是哪里啊～,<马峥Ma奶油猪>: 转发此微博:在新巴克…我边上,<WEENIEPIG>: 呵呵，保养的不错的妈妈！,<BiaoChen>: 看到！[做鬼脸]]
liuzi	6月刊物封面秀：刘孜携爱子的首次亮相——每个妈妈都潜能无限！@刘孜 ​​​	[<霸道又霸气的薇薇安>: 身材怎么恢复的那么好啊？我要好好检讨一下自己了[汗],<-何-她说>: 和我儿子一样大 好可爱,<罘藟>: ...你身材恢复也太快了吧...,<JSR_SUMMER>: 真可爱！祝福你幸福的妈妈,<木己静安>: 小nemo太可爱了 粉like[亲亲]   // @刘孜 ：他好奇地看屋檐上滴落下来的雨滴，叮叮咚咚的，像小朋友在唱歌 // @沛璇2010 :他在看什么？…… // @靠谱JJ  ：nemo好可爱啊[揉] // @冯小丽华  ：眼睛炯炯有神哇 // @心素如简  ：上刊喽，买去买去。好大个的nemo，拍的时候还不到3个月。  @刘孜,<都市主妇Herschina>: 答案揭晓咯 ：）明天是儿童节了 祝愿小nemo和所有的宝贝们节日快乐// @刘孜 ：他好奇地看屋檐上滴落下来的雨滴，叮叮咚咚的，像小朋友在唱歌 // @沛璇2010 :他在看什么？…… //,<演员张梓烈>: [抱抱] [亲亲],<无敌可爱的小花>: 好可爱的BABY，从无意间看到你的微博，当时的你已经是一个准妈妈，因为对当时还未出生的小生命很期待，关注了你，更因为我也是个妈妈，我家宝贝已经一岁了。喜欢你，更喜欢你那可爱的BABY，祝他健康快乐的快快长大，期待你微博中他点点滴滴的惊喜[呵呵],<刘孜>: 回复 @王蕾_雨后 : 明天就是6.1啦 祝你家宝宝快乐成长[呵呵],<王蕾_雨后>: 上镜还是那么瘦啊，不过这张还是很温馨的。。。,<丽丽马>: 很美的妈妈，很可爱的nemo宝宝！,<flora小白>: nemo好肥嘟嘟吖 超萌啊 美丽妈咪加油噢 [亲亲],<乌莉雅素>: 哇哇 眼睛像爸爸~]
liuzi	我设计的邀请函[嘻嘻] ​​​	[<暖胃的汤>: 是你餐厅的邀请函吗,<牛玄庵日本游记>: 好久不见，祝宝宝健康,<贝闻悦_旭子_Art>: 恭喜啊，请贴粉有创意，又一个艺术家，,<蔻蔻的甜与蜜>: 期待呢，呵呵！先帮我亲亲Nemo哈！亚亚姐姐找他去玩。,<粟粟他爸爸>: 转发此微博:聚会去不了，提前问候一下。祝宝宝健康成长!陈彤,<GilClover_Twins>: 很有艺术色彩~其实你应该去当设计师~,<晚秋yvonne>: 真好看。[爱你],<圈圈小酥饼>: 卡哇伊咧~~~~,<秦时明月1068>: 孜姐你太牛了  宝贝真幸福,<你在胡闹吗>: 小尼莫~~~真是有心的妈妈！[赞] 当时我怀孕的时候就一直在关注你的孕期和生产过程，现在小尼莫百天了，我的宝宝也两个月了。,<小洁>: 不能到场，但是送上满满的祝福哦[哈哈],<cyvl>: nemo……[风扇],<大宝欧尼>: 哇塞~你真的很强悍啊 画这么好看 还让不让人过啦~,<Moution>: [good] 很有心的妈妈。,<谢kuner>: 小丑鱼耶~~~~不错呢  ！！！]
liuzi	以前的衣服裤子全都能穿了，母乳喂养是最好的产后恢复方法。^_^ ​​​	[<郇郇同学>: 保养的很好噢。传授一下经验吧,<Joanding721>: 转发此微博:真好啊！孕期就长的不多吧！而且每个人的身体素质也不一样。,<小安安小轮胎>: 恭喜姐姐恢复身材哦~我是湄潭的，小时候见过你呢~嘿嘿。[冒个泡],<__孜孜__>: 恢复的好快呢！厉害,<此乃赝名>: 祝賀你。[ok] [赞] 好運，快樂！,<北京高兴>: 俺到现在还没有恢复呢，你是咋恢复的啊,<方莫莫jing>: 我为什么还回复啊,<平淡生活有歌声>: 恩，你真是伟大的妈妈，我生完宝宝也要母乳喂养,<one豆公主>: 转发此微博:衣服扣子胸那里也能扣上么,<美丽女人课堂>: 【母爱真伟大！】欢迎爱美的MM关注，每天更新美容护肤小窍门~,<爱生活爱肉肉啊>: 姐姐好羡慕你，我也是母乳喂养的，可还是比怀孕前胖了20多斤，可以告诉我你有什么诀窍吗,<鱼灵精>: 对哦对哦，我孩子满月的时候就能穿原来的衣服咯,<无良小北>: 求催奶秘方。。。,<啾妈>: 我喂奶到10个月才恢复体重的！明星能母乳的真不多，祝福您和宝宝！母乳给宝宝的不止营养而已，是爱，永远37度的奶，是母爱的温度！希望您能用明星效应多帮我们宣传母乳喂养，让我们为优化中国母乳环境共同努力！再次祝福！,<代彬db>: 回复 @暖暖的小脚印 :我也是啊！孩子两岁了，也没少两斤！[怒],<時光鈺>: 怀孕时体重的控制真的很重要啊,<暖暖的小脚印>: 我也是母乳喂养 宝宝四个月了 不过没事你恢复的好 还有十斤 宝宝要吃奶不能减[委屈],<肉丸与汤团>: 绝对是。我产后三个月就到怀孕前体重了。前提是奶水要够，不停地往外出，肯定会瘦。,<Yooky辣妈妈妈妈妈>: 但是为什么，我以前的衣服大部分不能穿了。。。。,<李维-Will>: 嫂子好好注意身体 祝福小NE,<_biu_biubiu_>: 可是母乳喂养需要补营养 肯定会胖人啊 说明还是你的身体素质好 恢复好,<_一白>: 真的？喂养了多久,<特肥的俩娃妈简称特妈>: 本来你也没有胖多少嘛，只长了肚子[耶],<好孜世界>: 哇，孜姐，你真棒。呵呵,<微笑的猫猫北京>: 没错！必须向你学习！,<丽丽马>: 上点照片和我们分享吧！,<何佳怡>: 恭喜啊...[嘻嘻],<小天up-up>: 孜姐，生了宝贝么…,<李惠欣>: 我也要生孩子 欺负我,<蒙福的小熊>: 希望你是最漂亮的辣妈[爱你],<完美主妇kelly>: 转发此微博:同感！[耶]支持母乳喂养！,<nnnnnn_Y>: 恭喜哟 祝你和宝宝越来越漂亮[嘻嘻]]
liuzi	久违的雪，不规律的宫缩，正在恶补如何辨认真假临产。 ​​​	[<善心-净土>: 还是产啦！可喜可贺啊~,<仁者智007>: 应该准备必备的物品啦，喜宝宝快出来啦！,<夏小苝>: 白雪皑皑 ，真假 ，好辩 。加油 。[微风],<铁锤妹妹被注册了>: 加油！！孜孜姐，你的小宝贝儿一定很可爱,<乐乐爱乐妈>: 上次网上不是有报道说你出国待产了吗？难道你现在在北京？关于宫缩要密切观察，必要时要联系医生哦！我们贵州的老乡都会祝福你的！加油！,<LynnieZ>: 宫缩，疼痛，就临产了~,<此乃赝名>: 為你祈禱，為你祝福。,<Markblog2011>: 刘孜你就要当妈了，祝你们平安快乐，我是林玉榜现定居在新西兰。刚开微博就来看你哈哈。,<告别过去的鱼>: 那个不好分辨，我生孩子前就宫缩过一次，提前十五天，孩子就生了。你要多注意啊，尤其是注意羊水破的问题。,<潞VBlog>: 多注意，岁数大了 祈求平安,<妇产科陈咩咩大夫>: 快生了吧，别紧张~祝一切安好,<Joy委婉>: 刘孜姐比我早一个多月吧，观察辨别真假宫缩，太频繁的假宫缩要及时和医生沟通哦，必要的时候还要吃药控制哈,<不枯崖>: 回复 @苏拉JO : 我还是怕痛，不过熬过来了觉得也就那么回事。,<一年改一次昵称的猴子>: 虽然我是剖腹产没感受过顺产的过程，但是我心里一直觉得能顺产的妈妈最伟大！！加油！,<戀戀小米oO>: 期待好消息～~回想一下自己快生的时候，居然仍感后怕[太开心],<__Sunue>: 回复  @不枯崖 :有次难熬的痛经都被折磨的不行，听说生孩子是几倍的痛，又想要个宝贝，真是矛盾！,<vickiqlw蔚蓝的天空>: 加油!祝福你~生个健康的兔宝宝![鼓掌],<不枯崖>: 回复 @苏拉JO : 痛过了就是幸福啦，如果决定要就早点，恢复的快些,<伟业丁娜>: 嫂子加油！你的细心和期待会感动宝宝的，一切都会顺利！,<自娱自乐1Q81>: 转发此微博:转发微博,<__Sunue>: 回复  @不枯崖 :要人命的痛！！！我最怕痛了，决定不生了。,<不枯崖>: 我也才生了宝宝，如果宫缩很有规律，且十分钟内一次，赶紧去医院。我记忆中开三指时差不多五分钟就要来次要人命的痛。,<__Sunue>: 原来你正在孕育小生命，祝福你:-),<要玩到昏天地暗的美楠>: 你和宝贝平安健康～,<jekey世界>: 哇,刘孜已经受精啦?!,<Seven涵曦瘦身霜>: 加油！祝福你了，准妈妈~,<叶梓不是叶子>: 哇，快生啦?太棒了，加油加油哦!!!,<主持人瑶淼>: 亲爱的应该是宝宝快要出来啦，祝福一切顺利啊！祝福祝福中。。,<仅此一兰>: 我妈说从一个小时一次到后面五分钟一次，一分钟一次，你自己能感觉到!,<China-walker_XR>: 那就快了，呼吸法，学了么？阵痛时候很有用的。不过如果是刨的话，用不上呢。  很多人有后阵痛，也很痛。然后就是初乳，加油哦。,<C_小露>: 孜姐,好好休息最重要了,明早再恶补吧!,<9王019刚>: 回复 @李惠欣 :好,备了个骑葫芦的,<小玲子铃铃铃>: 我也假性宫缩了两次了，很苦恼呢，都不知道到底什么时候会生,<静198220>: 还没生，呵呵，加油，小盆友，快出来！,<smart_people>: 你是最棒的 最伟大的,<班赞>: 回复 @刘孜 :我谢谢您了 祝您一而且都好 兔宝宝也好！,<刘孜>: 回复 @人艺演员班赞 :嗯哪,<飞天小女警2070>: 感觉你好幸福啊！,<NBSG008>: 要耐心哦，期待国家的新花朵,<琳智的乐园>: 麦嘎，姐姐难道又要生了吗？[心],<开心小仙女v>: 等等吧，不要紧张，会顺利的,<班赞>: 您能加我个关注不！刘老师！,<那份温暖>: 希望和孩子一切都好......,<李惠欣>: 回复 @王罡0919 :您收拾完屋子啦 我明天找你拿我的兔爷啊,<李惠欣>: 哈哈 加油啦~~尼莫妈~给力走起来啊~~~,<Lucky小红兔>: 生活就是教人学东西呀,<长春在北纬43度>: 下雪了，北京的明星们都开心,<王江月>: 早点休息~~安！,<天天在一起妈咪>: 加油!努力[耶],<9王019刚>: 我们这边准备接应]
liuzi	永远不要替别人做决定，除非：1，生死攸关时；2，对方有需求。 ​​​	[<Alice仙子>: 恩每个人都该自己去体会这一道理，不经历不会明白！,<山海清流>: 对方有需求也不要，万一错了，还是会怪这个做决定的人的，自己的事情还是自己决定，将来后悔也是自己的事，怪不得别人。,<消失的明星>: 自己都决定不了~还怎么提别人决定呢,<国安冰块>: 中國的家長都應該聽聽這話]
liuzi	刚打完针，有点儿小紧张。 ​​​	[<milier666>: 孜加油！！！宝宝要出来见妈妈喽！！,<赵虎微博>: 看来距离祝贺的日子不远啦[音乐] [巧克力] [满月],<脑仁越来越小>: 是要生了吗？加油噢！,<陶红>: 亲什么情况，保重啊！,<小爬_爬爬>: 亲爱的，为什么打针啊？,<yaoyao宝贝2009>: 催产针吗？加油！,<o歪歪o的清嘴>: 就是，大家说得好。别紧张。,<美洋洋辣妈版>: 别紧张！遵医嘱！祝福你生一个健康宝宝！,<秋微>: 不紧张，会一切完美的，等你好消息[爱你],<李penny>: 孜姐，心情要放轻松啊！我们都会在你身边陪伴滴[心],<沁沁Melody>: 要生了吗？要生了吗？好激动啊！,<黄娟J>: 孜姐放松心情！你最勇敢啦！加油！,<Noahbiao>: 很多妈妈生产前都有点紧张~,<CrystalloveH>: [心] 加油，你可以的,<涛爱依旧>: 不疼，应为有我在。。。,<赫菲婚礼策划-楷雯>: 加油啊，期待你的宝宝！,<_你tai猖狂>: 打神马针，生病勒0.0,<王姿幻_MWW>: 别紧张别紧张，大胆向前冲！,<开心小仙女v>: 不是还有两周啊，现在就要打针了啊]
liuzi	豁出去了，难看又如何？重点是：用心，抵得过一切@ @ ​​​	[<刘孜>: 回复 @马伊琍 :还在巴厘岛不，我有攻略 [呵呵],<Tia日记>: 好有食欲！！非常漂亮,<岳茜莹>: 挺好看的嘛，看样非常认真,<沉默与宣泄>: 没错。这份糕点作品只能说很用心了。,<Viola0617>: 美妙的蛋糕让半夜起来喂奶的人口水都流出来了。不过孕妇十一点半早该休息了。,<永不凋林>: 是啊，都好的流汁了。。[哈哈],<天藍草野>: 多美!  颜色配搭得宜！好像Kartell店內的设计一樣..創意無限！可敬~可敬~,<糖糖牙坏了是梁太太>: 转发此微博:这儿口水流的！搞谁谁也扛不住！别吃太多，注意消化！ // @马伊琍 :多美的蛋糕啊！孕妇你睡太晚了！,<宏WW>: HAHA放上几颗草莓蛋糕就可以了？？看来要加油了，很期待看你以后用心的蛋糕了。。加油。,<囍寳的喜喜寳的寳>: 哎呀，黑天鹅.... // @马伊琍 :多美的蛋糕啊！孕妇你睡太晚了！,<Melody_vvv>: [爱你]  // @马伊琍 :多美的蛋糕啊！孕妇你睡太晚了！,<刘先森的杂货铺>: [鼓掌] ,,还是不错的啊.~,<潘妮薇薇>: 比你下午发的有食欲！简单最美,<m00000n>: 我也觉得很好啊 芝士~~~~~~~~~~~~~~~~~~~// @马伊琍 :多美的蛋糕啊！孕妇你睡太晚了！,<qw梅勒丽>: 不要在这种时间老出现这样的图片！,<Rainbow_11111>: 其实也不差啊，至少是圆乎了的！呵呵！真的很有爱啦，闻到了浓浓的爱～,<尐尐曼爱水果>: 很好看的啊，在家做做很温馨的,<金小贱爱折腾>: 可我看了很有食欲诶。。[挖鼻屎],<Rore_小粉>: 转发此微博:啊～已经是准妈妈啦～真幸福！ // @马伊琍 :多美的蛋糕啊！孕妇你睡太晚了！,<晨玉儿>: 转发此微博:真的很厉害的!,<梦秸之梦>: 很好看呢··· // @马伊琍 :多美的蛋糕啊！孕妇你睡太晚了！,<SsssQqqqHhhh>: 不难看啊，挺好的，想吃,<马伊琍>: 转发此微博:多美的蛋糕啊！孕妇你睡太晚了！,<沐尔沐>: 只是围边不是很平整 其他还不错呀  很让人有食欲的说,<恋侬曲>: 不知道好吃不好吃！我要把那几颗草莓都吃光光！！哈哈,<淙淙2011_>: 这是我见过的最[给力] 的Fraisier了！[思考],<我叫郭小菲>: 还不错啊，挺有食欲的！,<蔻蔻的甜与蜜>: 木司围边脱得相当干净利索，线条完整，很不错啊。只不过你没怎么做装饰罢了，这个本来就随意的。,<黄娟J>: 转发此微博:孜，简单大方！致高境界！点评完毕。,<忘忧草帆帆>: 一点儿都不难看！看了超有食欲，特别是由一个有爱心的准妈妈用心做的。[鼓掌],<丁小莹V>: 很好看阿，重点是味道如何。呵呵,<陳明陳明>: 这深更半夜的好看也不能吃啊．还有这么晚了还不去睡．小宝贝抗议了,<muerli>: 很好看啊，哪里难看了呢？创意无极限,<胖乎乎的牛小妹>: 好看哎 要求太高了吧,<睡不着小姐Y>: 哇 好想吃哦 喜欢…,<何佳怡>: 我觉得看上去很美~流口水了~[花心],<清洁工叔叔>: 很漂亮啊 看了就很有食欲 PS 可以关注我吗？哈哈 我现在在花旗银行上班了,<赵小萌>: 不难看呀// @李小米yvonne :不错呢！中间夹的水果肯定狠实惠，看到嘞！,<盖世飞毛兔>: 好吃就行。hiahia,<lemon娜>: 还不错啊，要对自己有信心地,<郑赟>: 已经很不错了，看的我口水流了一枕头！,<彪二姐>: 哇，也太好看了把！饿了。。。,<耿耿耿儿>: 看上去很好吃啊~~~,<嫣然一笑20100207>: 漂亮！不错啊。[赞] [ok] [good],<蛋儿Mum>: 很好呀,是滴,用心大于一切.,<最爱薛飞>: 看着口水要流出了~呵呵,<董萌制片人>: 这个是第一步吗？,<李沁渝_Victoria>: 看起来好好吃 赞,<你这么好看你不能胖成个球>: 很好看，我看到的不是草莓，是心,<张晓雯_zxw>: 已经很漂亮了  真的很漂亮~~欢迎下次再来沙龙做蛋糕哈！,<XpacMichaelM>: 满好D...我要吃~~~哈哈,<被称为神的孩子>: 恩，很给力，想吃草莓,<TKD小破孩>: 看着还不错啊，不难看，就是想问一句，好吃吗？嘿嘿]
liuzi	这是我第一次做蛋糕，诸位评分吧～卖相好不？ ​​​	[<奕鸣Elizabeth>: 酸酸甜甜就是哦 // @贝太厨房 :呼呼，这是在北京的 @贝太厨艺生活沙龙  吧，看上去好美味！,<祁昕硕>: 挺好，，鼓励一下,<爱跑步的zyy>: // @贝太厨房 :回复 @米帕明 : @刘孜  做的是酸樱桃焗芝士蛋糕，完工前的图片看这里： http://t.cn/hGHhjc ，也请大家关注 @贝太厨艺生活沙龙  有很好的烹饪课程带给大家（北上广都有！） // @米帕明 :看上去很美味，是芝士吗？ // @贝太厨房 :呼呼，这是在北京的 @贝太厨艺生活沙龙  吧，看上去好美味！,<梦幻羽翼308>: 饿了 // @贝太厨房 :呼呼，这是在北京的 @贝太厨艺生活沙龙  吧，看上去好美味！,<傻嘟嘟viki>: 回复 @刘孜 :[可爱],<jjzhai>: 回复 @刘孜 :哦，感动呀！期待,<刘孜>: 回复 @傻嘟嘟烘焙坊 :是挺超值的 回头我试试,<刘孜>: 回复 @jjzhai :我再做一次 送给你家小宝[呵呵],<jjzhai>: 还不错哦，我家小宝一定喜欢！哪天有空找你玩去？,<傻嘟嘟viki>: 回复 @刘孜 :好呀~呵呵，黄油也超值哦~~随便选哈~,<刘孜>: 回复 @傻嘟嘟烘焙坊 :我在你家找到六寸起士蛋糕模了 这就卖[呵呵],<燕燕_9yan3>: 很不错哦！好可爱的蛋糕  [可爱] ，看起来挺好吃的。。。味道如何？孜姐姐的未来宝宝有口福喽～  [给力],<芽芽的眼中>: 做的真不赖  贤妻呢 ~,<Joooooovian>: 呵呵，不错不错，味道如何？,<傻嘟嘟viki>: http://t.cn/hG7BL3 傻嘟嘟烘焙坊~全场九五折，烘焙原料和模具都很齐全，欢迎光临哦~,<nnevery>: 杨总口福不浅啊！,<milier666>: 这个起司拿去卖都不过分！！！第一次做就这样。。。杠杠滴！！,<沉默与宣泄>: 这时候有人来了句。其实你演的戏都很好看。,<阳光易墅马春恒>: 哇，捧场捧场，很好啊。哈哈。,<陈张大当家>: 看起来很诱人呢！饿了…,<妮子传奇>: 唾液直往肚里咽 // @李小米yvonne :灰常棒！！,<我的娜年匆匆>: 哈哈好看好看，不知道孜孜现在还那么馋蛋糕吗？,<卍媛媛媛媛媛卍>: 额 我特别的喜欢吃芝士蛋糕,<唐琦stylist>: [good] ,姐，你咋这么强呢，看着流口水,<菠萝蜜玲玲>: [鼓掌] [赞] [花心],<鸡蛋的101种吃法>: 卖相很好啊[呵呵],<帆晓xu>: 喜欢甜品的你，打算做蛋糕大师了，呵呵，加油！,<dj童彤>: 卖相不错，味道应该也不错哟，孜姐用烤箱做的还是微波炉？,<默默xy>: 好的 但有上升空间 评分完毕~~~[亲亲],<C阿川->: [馋嘴] 看起来就好想吃····,<懒dao趴的欣>: 看起来好好吃的样子哦,<蛋儿Mum>: 不错不错,多注意身体,多休息.,<小叉子>: 啊 看起来好好吃哦~~~~~~~~~ 不错 不错！,<朵朵石英>: 好，教教咋做呗！,<要在江湖混>: 好棒啊！有人有口福啦~,<是面包嘛>: 我好喜欢面包类食物！很想做！不过器具一个都没有！！材料也没有！这些是不是要花好多钱啊！问你下！！什么牌子的烤箱好啊？？？？,<空享龟>: 哇  看得我也想学做蛋糕了！！,<大米and鸡蛋>: 很不错，上面红红的是什么呢？,<我叫郭小菲>: 非常好！那是相当的成功！,<蔻蔻的甜与蜜>: 哈哈，超有天份滴说！,<麥綺文>: 很喜歡你在讓愛自由的演出,繼續支持你[愛你],<懒懒carol>: 孜姐真棒。。。[爱你],<张剑_行而论剑>: 看上去很美，杨总说吃起来也不错啊！,<Ioerz>: 马马虎虎，但能感觉到用料实在[哈哈],<C_小露>: 好想吃啊···，跟卖的没什么区别，功夫挺深嘛,<慕恩JC>: 刚吃好饭。想吃一块,<新人爱19>: 好看！！！应该也会好吃！！,<郁郁幽阁>: 第一次做很不错呢，加油！,<安啾雎鸠>: 很好，有食欲！！！,<勤劳好人一生平安>: 好看哦，可定也好吃哦、。,<嘟嘟脸儿和无辜眼儿>: 诶不错诶，可惜我在天津还要看小宝宝，否则真想也去学学呢，，老公一定双手赞成呵呵，以后有机会一定去体验。,<木内宜敦>: 回复 @刘孜 :谢谢-!  保重呀---!]
liuzi	去上甜品烘培课@@快生了，还是喜欢坐班车，宽敞、环保。 ​​​	[<蓝山至爱>: 猜你的宝宝一定是男孩！[欢欢],<暴走中的荷包蛋>: 最好生个双鱼宝宝，和你的星座可是很和谐的哦,<Amy的世界你不用懂>: 胖了好看  真的好,<可妍姐>: 小心身体呦[呵呵],<宝贝日记->: 姐 贼拉的冷 注意保暖 这笑脸圆了啊[哈哈],<XpacMichaelM>: 注意哦....保暖...走路小心呢,<奇奇不打伞>: 注意安全，希望宝宝出生顺利~你俩平平安安[蜡烛],<谷小咪>: 还是素颜最好看。我喜欢素颜的呢。,<高子沣>: 晒晒太阳，补补钙！我等着做干爸爸啊！[ok],<猫小贱贱小猫>: 很喜欢你。幸福的妈妈。,<沈艺喆>: 加油哦！勇敢的妈妈！我们爱你！[爱你],<9王019刚>: 小董被俺用了,嘿嘿,<买买买买买羊>: 祝福你，还有未出生的小宝宝！,<JaneZ>: [偷笑] 我还挤地铁呢，吼吼,<尉迟凡梦>: 我们每人做一点，结果就不是一点点了~]
liuzi	今年，水仙开出第一朵花... ​​​	[<爱蜜儿0_0>: 水仙最好别放室内哦,<HanabiCatsCattery美短布偶猫舍>: 今年新年要早点来了～,<刘孜>: 回复  @董萌董萌 :那能那么快？ @  @,<白舒晨BAO>: 阳光透过窗子照进来的感觉毋庸置疑是最好的。,<Jenny宝宝贝贝>: 呵呵，不错啊，继续开花]
liuzi	心思全在这儿了之洗尿布 ​​​	[<室内建筑设计师_季冰>: [惊恐]小朋友这么大的排量啊！,<影子里的荷花>: 母爱是如此的伟大啊!,<北面阳光8220>: 晚上可以用尿不湿，白天用尿片片，那样宝宝的PP不会长湿疹,<电影人程青松>: 回覆 @刘孜 :迫不及待的妈妈,<刘孜>: 回复  @电影人程青松 :没有没有，刚买的尿布，听说和尿不湿换着用对宝宝好。迫不及待给洗了，现在学习怎么叠。,<李子贝>: 哈哈，我生之前也是这样，天天没事就洗洗小衣服，晒晒小尿布，幸福的不得了，但是也很无聊，可是生了之后才发现，原来那个无聊是多么难得呀，好想在一个人躺在那里无聊一下午[打哈气] 可是，还有个小家伙要眼睛都不眨的看着,<小爬_爬爬>: 还没生呢，就开始洗上了？回头要是你家那位惹你生气，就罚他洗换下的尿布！,<侯雨铭东田造型>: 姐，生了?恭喜啊,<挣扎的帽子>: 有个牌子，B&B的韩国的有皂。特别好。你可以试试。,<梦想突然实现mxtrsx>: 你演的秋霜结局不怎么好 但是我喜欢,<宝贝贤儿330>: 自己手洗的吗，好妈妈啊、,<_一白>: 那里来的这种尿布啊?,<lucymww>: 干嘛不用尿不湿？这么冷的天，小孩屁屁会不舒服的。老古话也不全听啊！,<家有团团儿>: 恭喜做妈妈了。月子里还是要休息好，别老抱着孩子，否则腰会很疼。,<格桑花的梦靥>: 这尿布真白，O(∩_∩)O哈哈~。,<Harolden>: 哇瑟。你儿子还真厉害。。。]
liuzi	英国儿童的十大宣言，简单、实用，留着以后教育孩子。 ​​​	[<Pisces娜>: // @刘孜 :这个可以用!,<王菲非官方微博>: 给宝宝起个啥命儿啊～小子叫威武将军，闺女嘛，当然叫潇洒小姐啦～,<重要新闻天天发>: 转发此微博:// @刘孜 :这个有用!,<腐败娃娃>: 背心裤衩挺哲理 // @刘孜 : 这个有用!,<宁夏茜茜>: 保护儿童！~ // @刘孜 :这个有用!]
liuzi	幸福就是和朋友一起看话剧、和家人一起吃晚饭，还有，亲手布置小朋友的房间...新年快乐@@ ​​​	[<张铖>: 有爱的妈妈，新年快乐！,<82的拉菲儿>: 想起自已怀孕的时候也是这样的，看着小衣服特别的想见到宝宝，虽谈不上是你的粉丝，但是当了妈妈后知道了所有要当母亲的心情，祝你幸福！,<叨叨妈>: 看衣服的颜色是个男宝宝把。幸福哦，期待你的宝宝,<叨叨妈>: 小朋友出来了会更幸福的，尽管镇的很辛苦，但是那是满满的爱，亲着他的小手，满满的都是感激,<小洁港货美妆店>: 与家人一起，平凡简单的生活是温馨幸福的。,<聪聪来客>: 都洗了啊……嘿嘿，挺速度…,<陈维婷爱kobe>: 简单平凡却印象深刻。。,<此乃赝名>: 嗯 不贪心。满足你了----]
