miwukongcheng	苏轼在杭州当副市长时三十一认识了十几岁的小姑娘王朝云关于朝云身世，一说她是小歌妓一说她是路边乞儿现在通行的说法是歌妓乞儿说我认为是为尊者讳毕竟在宋朝，官员狎妓是犯法的她被苏轼买回家时不识字但是很聪明，又用心不久就能写出漂亮的楷书苏轼喜欢喝功夫茶，名曰蜜云龙有十几道工序 ​​​ 全文	[<壮志凌云topgun>: 奥格威和霍普金斯也得给你说个服！,<徐小花徐小花花花花>: 这广告打的满分,<blindess>: 回复 @加油小样儿 :唇色这么深的姑娘口红肯定不好上色吧，我推荐朝云用nars遮瑕，轻薄不脱妆，咬唇妆整日无忧,<你说谁是精神病>: @Aaaaamiii  [微笑],<好过就足够忘了我>: 这才华 啧啧 路转粉,<女王氣爆棚星人E要統治地球>: @_谭可笑,<女王氣爆棚星人E要統治地球>: @多肉少女大宁宁   @FFFFISHING  广告 服不服,<驴的朋友>: 四十分钟！！！真的该去死了，钥匙不应该在值班人的手里吗？,<陈信宏的童养媳>: @一只可爱o,<米女馒头>: 40分钟啊。,<小柒柒哇>: [污]才华侧漏，妈呀不行了，我要转粉了，真爱那种！,<懒人爱洗澡>: 厉害了！,<IIIlllIIll>: @董可多的家长  厉…厉害！,<WhoamI-L>: @整只羊_,<別忍>: @不长脑子背锅侠  [並不簡單][並不簡單][並不簡單],<Labellavita00>: 服！[赞],<布力为亚维诺戈>: 我应该之前转过 但再看还是忍不住想转 喜欢苏轼的词 也喜欢他的故事,<阿琳的阿宁>: @一袋袋土豆,<奎因·>: 回复 @阿阿阿阿阿_阿嚏 :庭有枇杷树，吾妻死之年所手植也，今已亭亭如盖矣。今伐之，为搏小娘子一笑。小娘子一笑，正若吾妻年少时。 小娘子为吾妻与吾之女，今伐树，为小娘子造出嫁之物，愿伉俪情深，不输吾与亡妻 ​​​,<今天是不是精致少女>: 沃日…看的差点哭，最后一句话把我从梦中拉回现实,<李阳的blog_01>: 这广告质量，必须要加钱呐！！,<加油小样儿>: @blindess  一定要从头到尾看,<南方有佳柚吧>: @海燕and继琴   这个广告牛,<佳丽不倒翁>: 讲真，之前只是因为青菀的才气默默关注喜欢她，现在因为她的勇敢和正义爱上她。为了一件和她不相关的受害者，持续的关注，发声。忘记是谁说的了，今天你选择不站出来，那么明天你将站不出来。感谢青菀，代替我们普通人站了出来，才不至于被所谓有话语权的媒体愚弄。,<我喜欢我的肚子>: @Caustic呀呀  看完,<jmymhs>: 我还记得我是这条微博看到的青菀，正值大一暑假转眼 快一年了 ,<鱼摆摆的鱼酱>: [允悲]认真看完了……写的那么美那么好正在感动……居然是卖粉的……你卖你的书我都认了……为什么是卖粉……,<虚伪聚钱>: 回复 @丹峰医生 :博主逼着你跪在你婊子妈的坟前看了？哪来这么多逼话sb滚,<QING_陈爆爆>: 哈哈哈哈哈,<蓝小鱼2016>: 摆事实讲道理不听，哭天抢地的倒是觉得行,<丹峰医生>: 一个卖粉的那里这么多话bb,<姜有病啦啦>: 牛逼真的,<言尽未有归时期>: 我是张洋的粉丝,<我的微笑仅供参考>: 这波广告我五体投地！,<听雨轩待雨晴>: 冰肌玉骨，自清凉无汗，是写的谁呢？,<小蜗牛快回家>: 回复 @困不过2 :还有很多其他让人心服口服的,<困不过2>: 这广告也是无敌了 @上九勿用   @小蜗牛快回家,<维妮妮妮妮妮>: @吉利吉利蛋   @王心芸噢   @谁能认命不任性   @妖魔鬼怪怎么那么多  服不服,<别抢我蓝>: 你他妈[允悲]老子认认真真的读完了  你他妈居然是个卖粉的 滚,<至繁至简2010>: 广告写的牛[赞],<吃一口chocolate>: @aaaromantic,<用户6143107972>: 简直了！,<洋洋三水>: 还是要读书呀！青菀姐姐这典故、诗词信手拈来，真是酷毙了呀！,<Audhumla>: @Loo鹿  看到底，哈哈哈,<逍遥乐道zi>: 这广告真有感动要买的冲动～,<大西区>: 广告词引杠杠的,<AndreaL-ustax>: 服气[微笑],<一碗鱿鱼>: 太服气了 这波广告，怎么可以？？？？写的这么自然？？？？？？,<巴黎倍儿甜215>: 最后一段 真的给跪了,<冉什么>: @赵呀赵呀赵,<Oc陈漂亮>: 神文案[good]是服的[作揖],<我吃虾过敏>: 你怎么那么厉害 好喜欢你]
miwukongcheng	我在物业公司做了好几年了，主管工程方面的事，这几天受杭州大火的事影响很大，我也给大家详细的说一下小区的消防设施的用途用法。     总额概括一下小区里救火的原理，发生火灾时，烟感会感觉到有烟雾，会有一个信号传到消控室，消控室的值班人员接到烟感，会立即通知巡逻岗的保安到现场查看情况，保 ​​​ 全文	[<小葱丫__>: #绿城还逝者公道#   #老婆孩子在天堂622#   #和林爸爸一起努力#,<reneya_>: 谢谢你一直以来的坚持[心],<HelloJoyana>: 回复 @星辰偷吃了山楂 :他们几个都是戏精，看到现在他们就是耍无赖，真的是无耻无赖不要脸。坏，太坏了，这种人打着我是正义之士的旗号，做着龌龊的事。报应，会有报应的。,<学群童鞋>: 回复 @Rosaline_瞳叆酱 :三联是为数不多的良心媒体,<王翔-1983>: // @青菀啊 :感谢分享专业消防知识，家住高楼的朋友可以看一看。,<彭小博啵啵啵>: 姐姐加油，我们支持你,<兮言ZQ>: 回复 @若如初见_______美 :还以为没人怼你，原来都跑去你家了；这位【三观正的麻麻】千万别为奶粉钱走错道啊[笑哈哈][笑哈哈][笑哈哈]……,<疯六六六六>: 爱青菀。乐兮福报满满,<season的壹些事壹些情>: 我们会一直都在[加油][加油],<若如初见_______美>: 所以说你在误传方面根本就不回应了呗？,<我是超人我要飞了-Aurora>: 回复 @Lily爱撒娇 :我也想被拉黑！,<黑择明WW>: 回复 @Lily爱撒娇 :我也被拉黑了 赶快的 你们没被拉黑的 继续去那里科普,<笑你指鹿为马>: 抽了绿城大苍蝇和微博三蛆一记大嘴巴！// @青菀啊 :感谢分享专业消防知识，家住高楼的朋友可以看一看。,<T花田半亩T>:  // @青菀啊 :感谢分享专业消防知识，家住高楼的朋友可以看一看。,<WaShepherd>: 青姐姐，辛苦了,<极地玫瑰>: 回复 @石榴院子  那绿城也可以网上回复啊，绿城是当事人，有自证能力。这件事和他人没有利害关系。林和其他质疑者之间也没有利害关系，何况质疑的也多半不专业，确实没必要回答。===石榴院子好贱哦，一边回复一边拉黑。这里回复你。,<牛牛123_64689>: 太好了，姐姐又发言了，还以为被关小黑屋了，姐姐加油坚决支持你,<柳絮香香>: #绿城还逝者公道#  热搜上不去了。大家再努力一下。,<闯关上小山>: 专业个毛线，水泵生产车间和泵房都傻傻分不清[哈哈],<大牙瘦瘦>: 别理那三条蛆虫！恶心！照顾好自己,<长缨趁手>: 你已经进入了事件后的反思期了？,<米有冰激凌滴夏天>: 永远支持青菀,<Rosaline_瞳叆酱>: 三联的报导也提到了增压泵手动挡耽误救援，为什么手动挡呢？因为绿城为了省钱,<Lily爱撒娇>: 回复 @一个有点理想的记者今天死了吗 :设为特别关注就不能拉黑了吗？,<琪妈1212>: 支持你，远离臭狗[大便],<若若宝宝69>: #老婆孩子在天堂622# #绿城还逝者公道#,<粉色的范妮>: 我要气死了  去他微博讲道理还被拉黑了,<QiQiviviki_>: 辛苦了。支持你，加油。[心],<一个有点理想的记者今天死了吗>: 回复 @Lily爱撒娇 :那我得赶紧把这位记者设为特别关注[馋嘴],<17号兔子>: 回复 @Lily爱撒娇 :因为她这样一科普基本事实就出来了吧1.18楼到底有没有水？有水，但靠的是顶楼的小水箱，水根本就不够！垃圾记者发布的几张号称5点50分保安在灭火的照片中，地上根本就没有水的痕迹，他们到底用什么灭火？！2.到底有没有相干负责人把控制室的钥匙漏在家里了？有，但不是控制室钥匙，是地下水泵房的钥匙,<极地玫瑰>: 了解一下。另外建议林先生应该请专业人员协助维权。如果有买人身财产保险，请保险公司作为第三方也调查一下。,<粉色的范妮>: 谢谢青菀,<粉色的范妮>: [抱抱][抱抱][抱抱],<金城武的太太>: 14年发布的消防设计新规范已明确禁止消防泵调成手动启泵模式了,<奉旨下凡减肥>: 回复 @Lily爱撒娇 :对 我就问了句 为什么删林慧儿的帖子。然后把我也删了,<卷心啊>: 回复 @青菀啊 :那帮人会不会狗急跳墙啊，最近注意安全！,<向大萍子>: // @青菀啊 :感谢分享专业消防知识，家住高楼的朋友可以看一看。,<颖君王_>: 去我微博看第一条关于绿城的微博好嘛，一起为林爸爸发声[心],<子悦兮>: 我现在感觉住低层好一些比较有安全感，一个是我恐高并不觉得高层风景美，另一个是我在北方低层也不会潮湿，住低层比较有安全感感觉发生点什么跑的快[允悲],<小鱼的2008>: 他们混淆的就是这个概念，消控室不是消防设备用房。,<L木又寸>: 回复 @Lily爱撒娇 :恩恩，刚才去看了一下，这位博主说的很对，希望大家都点赞让更多人看到博主的分析，,<冻气入体>: 按照国家规定消防控制从业人员必须持有建建（构）筑物消防员证并且24小时有2名以上员工在岗[怒]而且证件是通过文科和实际操作两项考试才能拿到证，如果他们不会控制室操作，物业难辞其咎，肯定有责任,<啊哦王>: 加油啊小姐姐支持你,<我说道可道>: 希望越来越多的人站出来[心][心]// @青菀啊 :感谢分享专业消防知识，家住高楼的朋友可以看一看。,<是黑小只耶>: 你这粪坑的蛆骂人无效，你的一切言语均无效，你无效,<非洲雄猫1987>: 回复 @星辰偷吃了山楂 :现代版 阿q,<17号兔子>: 青菀，加油[心],<兮言ZQ>: 回复 @DFD-Lisa :别回应，憋死它[坏笑]……,<智慧女神hui>: 那几个傻B记者你不用理会！让他自己狗急跳墙！他妈的不跟他怼，他寂寞了！ @青菀啊    @青菀啊   好样的！狗[狗]一般的人，不必太耗精力给他，接下来养好精神，不必去理会他！,<女侠柚子酱>: @lufkinran,<卓Bobo>: 以前在商场消防培训时，主管消防负责人说过，买房不要买超过14楼的，因为最高的的云梯只能到13楼。 坐标：广州,<用户2356148890>: 喜欢你支持你 跟垃圾记者对抗到底,<智慧女神hui>: 感谢！您也好好休息，,<因果自有报应>: 菀姑娘可以根据这个，对上林先生家的情况再写一下。开始救援用的上面的水，水压不够，然而物业是手动的，要去地下另外一个加压，然而钥匙又被物业人员忘到了家里，这样理解对吗？,<用户2356148890>: 回复 @是九月啊__ :没错，他们早都把我拉黑了,<用户2356148890>: @青菀啊  好好休息，你是最棒的！]
miwukongcheng	我一直在各方奔走为妻儿讨寻公道，前几日有权威机构的知情人士向我透露，622大火，物业存在着令人发指的过失！！在发现火情后，物业人员到达消防控制室，却发现钥匙落在家里，又返回家中，来回耽误了40分钟！！整整40分钟！！5点11分我妻子打了最后一通电话，5点20消防员抵达现场，直到7点20，人才被 ​​​ 全文	[<什么名呱>: 回复 @好好学习天天向上的喳喳喳biu :刚百度了下，有不少小区消防控制室和监控室是分开的，不过他既然敢爆照片应该也不会错，就相信他好了,<好好学习天天向上的喳喳喳biu>: 回复 @什么名呱 :一般情况下是一个房间，很少有分开做的，因为业主也不傻，搞两套设备两班人马二十四小时值班，成本很大。另外销控室不会有水泵，连喷淋都没有，因为发生火灾后它是一个指挥室，要坚持到最后的，设备也很精细，遇水就麻烦了。所以今天告诉大家销控室放水泵的那位，怀疑是恶意挖坑。,<-萤窗小语-phf>: 回复 @大哈小姐058 :林先生说消控室钥匙找不到，你就脑补水泵房钥匙找不到，你是林先生爹还是林先生妈？你是来帮他的还是来给他挖坑的？你的脑仁能吃点核桃补一补吗？我是林先生都要被你气死，简直猪队友。,<-萤窗小语-phf>: 回复 @大哈小姐058 :蠢货你知识不够就拉黑，一辈子蠢吧！林先生提到的是不是“消防控制室钥匙”？！他什么时候提到过“水泵房钥匙”？！请你回答！！他没提到，你为什么帮他脑补？说你自以为是真是说对了，这俩房间都不是一个房间，如果是增压泵不够，为什么林先生要消控室钥匙不要水泵房的？！,<紅三綠四>: 回复 @什么名呱 :是一个地方，可以询问你的建筑师朋友。,<路人甲的草屋>: 感谢为林先生发声，你是好人！,<大哈小姐058>: 回复 @好好学习天天向上的喳喳喳biu :增压泵在水泵房，水泵房需要钥匙啊？！[微笑],<什么名呱>: 回复 @好好学习天天向上的喳喳喳biu :监控室和消防控制室是一个地方吗？我怀疑他们混淆视听,<大哈小姐058>: 回复 @紅三綠四 :水压需要进去水泵房开！是手动挡不是自动挡！有没有联系？！,<大哈小姐058>: 回复 @好好学习天天向上的喳喳喳biu :所以啊水泵房不会和消防总控室没有在一起！！！,<88Esun>: 回复 @今寅会友 :这个人还挺会转移目标啊 你收了多少钱 可惜啊 你只是low v啊,<紅三綠四>: 回复 @好好学习天天向上的喳喳喳biu :爱吗看你们辩论笑死我了哈哈哈哈哈哈哈哈哈哈哈哈哈哈哈哈哈哈哈哈，今晚就指着这个了，比电视好好看。[笑cry][笑cry],<好好学习天天向上的喳喳喳biu>: 回复 @大哈小姐058 :另外林先生在微博里写的是“消防控制室的钥匙”，而没有提到“增压泵的钥匙”，你的所谓“增压泵钥匙”哪来的？就算你不懂专业知识，你也不该把两者在脑子里混为一谈。想当然是个很可怕的毛病，叫做“脑补太多，得治！”。对了，提醒一下，增压泵也没钥匙，那叫开关，以免你又脑补过多。,<紅三綠四>: 回复 @大哈小姐058 :一个谎需要其他谎来圆没错，但是表示这些谎言有联系。但是钥匙和水压没联系，纯属你臆想了。[笑cry],<好好学习天天向上的喳喳喳biu>: 回复 @大哈小姐058 :你不懂建筑消防很正常，毕竟不是义务教育阶段学到的。但是你道听途说，把专业知识想当然，自以为是，就是你义务教育里学到的思辨能力还不够。,<好好学习天天向上的喳喳喳biu>: 回复 @大哈小姐058 :不好意思我是个建筑师，985大学毕业，工作多年，在建筑消防问题上绝对比你有资格发言。消控室你可以理解为监控室，里面的是监控设备及监控人员，放着小区的视频电视什么的，24小时值班，你所谓的增压泵在水泵房，是个设备房间没人的，不精装不可能有玻璃门。这两个房间一般不会在一起，也不会门套门。,<大哈小姐058>: 回复 @紅三綠四 :因为说了一个谎必须要有好几个谎去圆这个道理你应该不懂吧！[微笑],<大哈小姐058>: 回复 @好好学习天天向上的喳喳喳biu :因为钥匙是要开放增压泵的门，如果当时水压够的话就不需要去消防总控室开增压泵，就不需要到钥匙的事！而放增压泵是不是又是独立一个房间还是而这个玻璃门进去就可以直接到增压泵？别在这里秀你的义务教育了，毕竟义务教育也就是初中毕业而已啦！,<路漫漫其修远兮_吾将上下而求索>: 回复 @寡人狠毒 :厉害不厉害不知道，钱他说肯定不会收,<有脖子的河豚>: 回复 @今寅会友 :绿城有没有错要看火灾报告 里面会有详尽的过程经过和原因分析 分析各方的责任。 这个时候就开始审判未免早了点 当然 保姆没钱 绿城有钱,<紅三綠四>: 回复 @大哈小姐058 :你的语言组织挺让人头痛的，我想了一下，你的意思是不是“绿城别的情况比如消防有问题，所以他们关于钥匙的自证也值得怀疑”？[笑cry][笑cry]但是钥匙的问题逻辑上确实不合理，玻璃门砸门就是了等什么钥匙，而且都有照片视频各种证明事实没钥匙了，你当没看见是因为想跟她辩论吗？[笑cry][笑cry],<紅三綠四>: 回复 @好好学习天天向上的喳喳喳biu :哈哈哈哈哈哈哈哈哈哈哈哈哈哈[笑cry][笑cry][笑cry][笑cry],<寡人狠毒>: 回复 @路漫漫其修远兮_吾将上下而求索 :哇塞那可真是好厉害啊,<好好学习天天向上的喳喳喳biu>: 回复 @大哈小姐058 :还得说一下，你说的“偷换论点不聪明”，偷换论点的不是我吧，我一直说“钥匙丢了这件事绿城没问题因为根本没钥匙”，没有换过论点，你跑来第一句还跟我谈“绿城说钥匙没问题就没问题？”，第二句就跟我谈“水压有问题绿城有责任”，换论点的是你啊大姐。[允悲]不上网不知道国家义务教育原来不普遍啊。,<好好学习天天向上的喳喳喳biu>: 回复 @大哈小姐058 :没有钥匙哪来的丢了？没丢钥匙，那根本没有的事情怎么又影响水压问题了？你能不能好好说话捋清逻辑？我觉得我看不懂你在说什么。我就仅讨论“钥匙丢了”这件事是不存在的，请你找别人讨论水压。[允悲][允悲],<好好学习天天向上的喳喳喳biu>: 回复 @大哈小姐058 :这俩怎么就是一回事了请你告诉我？水压不够是一件事，消控室找不到钥匙不是另一件事吗？有没钥匙影响水压？难道这钥匙开水压的？另外绿城都晒图消控室玻璃门没钥匙这么一回事了，那么我说“钥匙丢了”这件事是个谣言怎么不对？,<大哈小姐058>: 回复 @好好学习天天向上的喳喳喳biu :钥匙事件不合理你说的算？钥匙事件合不合理关乎到绿城回应的其它问题，所以请看清最终要说明的问题《当时水压到底是够还是不够？》，偷换论点被看出也不算聪明。,<好吃的玉子>: 回复 @今寅会友 :哇 你这个逻辑 哈哈哈哈哈哈6666666真的 好多年没见过你这么蠢的了。。。。,<方方芳是糙女君>: 回复 @今寅会友 :该不是个智障吧？[哼],<方方芳是糙女君>: 回复 @今寅会友 :刷微博不带脑子系列？？？[摊手][摊手],<-Doraemonnn>: 真的别理那些水军啊,<酒心五月包>: 回复 @今寅会友 :？？？？[费解],<冉什么>: 回复 @今寅会友 :你快闭嘴吧 你对象是不是只绿了你 都没给你弄个孩子 所以特别感动？,<好好学习天天向上的喳喳喳biu>: 回复 @大哈小姐058 :大姐，我只字未提绿城其他的问题，只说了钥匙事件不合理。请你辩论的时候尊重对方，把论点搞清楚好吗？,<大哈小姐058>: 回复 @好好学习天天向上的喳喳喳biu :“就算绿城说谎，确实丢钥匙，防火门很好破的”！！请绿城回答三联特稿里当时在现场的业主说的确实听到消防对讲机里讲的水压不够！而且我有当时现场的一个消防员也确实证实当时现场水压不够！林先生需要听说是因为他当时不在现场！你看他对绿城给出的回答是不是也是听说？！,<yaashh>: 回复 @大哈小姐058 :他个水军骂完人就拉黑我，怕我回他,<小小雅Yl>: 回复 @今寅会友 :绿城这样的消防设施不改以后还会有更多无辜的生命断送在他手里,<吉娃娃爱沙尼亚>: 回复 @将欲饮之w :对。青菀之前说过，她受到的种种侮辱私信，虽然青菀没有贴出来可能怕污了大家眼睛，我一点不怀疑因为看这博主什么水平无脑粉丝只会更次！吊癌！,<我想睡觉别说话好不好>: 回复 @葛宇婷Kico :这个水军太明显了，但是智商缺陷也太明显了,<将欲饮之w>: 回复 @吉娃娃爱沙尼亚 :理想鸡，烧宝，剃须刀，他们还有一个更加恶心，整天满嘴女性生殖器骂女的战友，就是吐槽鬼，这个屌癌更脏，他们四个都是一伙的，私下关系非常好,<吉娃娃爱沙尼亚>: 回复 @路漫漫其修远兮_吾将上下而求索 :那句恶毒至极的“哈哈哈哈哈烧死全家”，你是瞎了吗看不见？瞎了吗？！,<吉娃娃爱沙尼亚>: 回复 @将欲饮之w :同意。请看三蛆用词，一口一个臭娘们的[吐],<好好学习天天向上的喳喳喳biu>: 回复 @大哈小姐058 :林爸爸是“听说”，不是他自己确认的。绿城贴了监控并且证明消控室没钥匙是门禁系统，这事随便找个人去消控室一看就知，绿城不会蠢到撒这么一个谎。就算绿城说谎，确实丢钥匙，破门就行了，防火门很好破的。不说救人，一个防火门几百块，林先生家外立面玻璃烧坏一块也比这个贵。绿城不傻就知道该怎么办,<大哈小姐058>: 回复 @好好学习天天向上的喳喳喳biu :那林爸爸说的就不是事实？！绿城反驳的就是事实？！,<大哈小姐058>: 回复 @carol_135 :那他还采访谁了？！用你们的话说上实锤,<将欲饮之w>: 回复 @喔隔壁小王 :这些理想鸡的走狗基本都是泼夫老狼狗，而且绝大部分都是屌癌男，除了满嘴生殖器，满嘴喷屎，一无是处，这就是中国极端男犬屌的嘴脸，大家看到骂死吠几把，送给几把的：勾贱，贱几把，勾废屌，看狼狗，贱睾子，低等戒指几把，杂交肛，贱鸭子，老骚菊，公交屌。,<取名好难噢->: 你很棒 不要被骂声打倒,<将欲饮之w>: 回复 @今寅会友 :这些理想鸡的走狗基本都是泼夫老狼狗，而且绝大部分都是屌癌男，除了满嘴生殖器，满嘴喷屎，一无是处，这就是中国极端男犬屌的嘴脸，大家看到骂死几把，送给几把的：勾贱，贱几把，勾废屌，看狼狗，贱睾子，低等几把，贱鸭子，不是会骂吗？骂死你个勾屌，老废屌‖,<葛宇婷Kico>: 回复 @今寅会友 :里脊的水军智商都这么高？,<better只有更好>: 回复 @今寅会友 :呵呵，如果乞丐好好活穷苦的人好好活是不是要感谢党没有战争搞笑,<睫毛下避雨>: 回复 @鸡的爸 :还有一个女的，石榴蛆，微博大名 石榴院子,<成成不是工作狂>: 回复 @今寅会友 :感人肺腑男默女泪……,<carol_135>: 回复 @大哈小姐058 :你那只眼睛看他只采访物业了？阅读理解有问题吧,<兮言ZQ>: 回复 @怪LI虫 :今天看到你说的‘这位先生’在跟它主子［刀］委屈的说【就来评论了一句话，就被排着队怒它】[摊手][摊手][摊手]是我看错了吗？就“一句话”上了两条热评……,<小叮当不是西班牙>: 回复 @今寅会友 :你是蹭热度还是水军？ 可笑[微笑],<阿绥as>: 绿城的水军挺多啊。支持博主,<那个人好像一只猫哦>: 回复 @今寅会友 :你妈生你的时候是不是在街上听到一句芝麻开门 才导致你爸就留了你这么个智障种？]
miwukongcheng	我昨天凌晨和林先生通过电话。有两件事，我觉得有必要说一下。这是来自当事人林先生的说法，大家可以和理想记，烧伤宝，两位的说辞对照着看。一：关于事发当日，18楼到底有没有水？林先生称，已从权威机构的知情人士那里得到说法，总结如下：1，事发当天，18楼，17楼，已有浓烟，所以他们先向16楼 ​​​ 全文	[<邱妮可的小世界>: 回复 @北京往北520 :你全家都是婊子，你的孩子生一个死一个,<松野空松的烟>: 回复 @北京往北520 :已举报，拿婊子、强奸等骂人的都不是好东西[失望],<扑棱扑棱飞起来>: 神经病不用理,<xy013>: 回复 @北京往北520 :真够恶心的，替你妈难过。,<Abby_Roi>: 下贱的灵魂下贱的嘴才能说出这么下贱的话，您别理他。,<Abby_Roi>: 回复 @北京往北520 :喔唷，最下贱的话都骂出来了，不知道只有下贱的嘴才能骂出下贱的话吗？,<将欲饮之w>: 回复 @北京往北520 :这就是极端屌癌，烂屌，骚屌，烂屌们的嘴脸,<QING_陈爆爆>: 回复 @北京往北520 :嗯呢 哪点水跟你尿一样多 。,<QING_陈爆爆>: 回复 @北京往北520 :我祝你死爹死妈死全家[doge],<我头发没有乱呀>: 回复 @北京往北520 :举报你这个阴暗世界的垃圾,<玫瑰和鹿>: 回复 @周筱舟zml :直接举报,<冉泽蕊214>: 回复 @北京往北520 :如果你有老婆孩子，一定会火被烧死，水淹死，车撞死。反正有你这种男人，未来都得死,<昊然哥哥的小迷妹诶>: 回复 @昊然哥哥的小迷妹诶 :自己语文不知道是谁交的，一句简单的话理解不了？,<昊然哥哥的小迷妹诶>: 评论里的某些人张口闭口婊子什么的，（原谅我的脏话）你特么张口闭口婊子你怕不是婊惯了？给自己积点口德吧，以后下了地狱小心拔舌头。还有，公道在人心[微笑],<单单生菜>: 青莞挺住！,<昊然哥哥的小迷妹诶>: 回复 @北京往北520 :嘴真臭哦[微笑],<我就看看不说话222>: 回复 @北京往北520 :蛆,<夜空下的暖阳>: 回复 @北京往北520 :这话一看就是小号，整个就复制粘贴…,<茶茶的張愛玲小說>: 回复 @彼泽之陂16 :刚去里脊的微博看了一下。林先生作为受害者，有苦说不出，这人还在各种撒盐，完全看不下去了。,<欲上鲤鱼去>: 回复 @纯善温良 :已举报,<amyhong6128881101>: 回复 @亚瑟阿亚瑟 :为什么这样的辣鸡不能封号？,<amyhong6128881101>: 回复 @素心人儿12138 :这些是网络的毒瘤，真的很可怕！,<小莉的微博先生>: 亲，不要理会一条乱咬人的狗。,<叫我牛牛麻麻>: 三观不正的人的言语真的太恶心和恐怖了！！！真令人心寒！！！,<_么么哈_>: 问心无愧就好，支持你,<小妖怪hannah>: 回复 @北京往北520 :我的天！这人骂的……生活是不是特别不如意？,<晏晏的烟烟>: 回复 @北京往北520 :是不是那个物业，是不是利益相关才会如此口不择言，你良心会痛吗，你才应该替那三个孩子去死,<彼泽之陂16>: 回复 @茶茶的張愛玲小說 :理记是那个想讹诈林先生的，你不要被骗了,<猫志咪>: 发现你还真是个婊子！婊子中的爱造谣、故意无视真相的烂婊子[弱][弱]从奥卡剃刀那里，才发现你的贱到无敌[弱][弱][弱],<水柔1987>: 回复 @北京往北520 :无耻之徒,<-TongYanG>: 回复 @格子衫的理工男 :没兴趣跟你骂,<会疯的薯条>: 看他微博，第一次骂人举报给他这个贱人了！在撕下伪装的面具后，一群蛆露出真身，堂而皇之的恶毒了,<_你看不到的刹那芳华也想被看到>: 这人出口成脏我也是服了，已举报,<格子衫的理工男>: 回复 @-TongYanG :别管别人粉丝怎么样，先看看自己说这种话的时候LOW不LOW，真是搞笑,<格子衫的理工男>: 回复 @-TongYanG :嘴巴长在别人那里，别人说什么话PO主能控制，？你的键盘最厉害,<网瘾少女MMMMMM>: 大家随手举报[可爱][可爱],<最美在遥远>: @北京往北520  这就是一个死妈丧子货,<欢颜yc>: 菇娘，不要说话，会这样攻击一个女人的，起码的家教都没有。,<欢颜yc>: 回复 @Rudukkha :哈哈哈哈，笑死我了，支持,<茶茶的張愛玲小說>: 回复 @之微雨天乐 :明白了。,<之微雨天乐>: 回复 @茶茶的張愛玲小說 :一个有点理想的记者，只有他调查的才是真相，只有他揭露的才是事实和正义。可以说是十分感动中国的良心专业洗地媒体人了。,<waaz腻腻>: 青菀不要回复他们了，他们都是疯狗，不配,<茶茶的張愛玲小說>: 回复 @之微雨天乐 :里脊是谁？这人是黑死者家属林先生的吗？,<Hi_chow1>: 回复 @北京往北520 :你不要这么没礼貌，人在做天在看！,<齐家云朵>: 回复 @北京往北520 :那您这种出言不逊的人，请一定要保重身体。不然，死后会下拔舌地狱的呢。有理说理，骂人干啥？,<白熊白熊北极熊>: 回复 @-TongYanG :每天讨论自己没有的，别人却有的东西，心酸吗？多年以后，你的孩子还是这样，还是关注着一批社会底层的人，拥有着底层的所谓资源，心酸吗？别挣扎了，物以类聚。,<左看右看微博>: 回复 @北京往北520 :这几天真是领教了网上的语言暴力。四条人命啊！积点口德好不？,<s大侠要勇往直前>: 回复 @_Raccoon__ :是啊，如果是出自真心，那这样的心该是多么丑陋,<白日发梦者>: 我想知道这个人是吃了几个公共厕所的化粪池才出来的。,<MaryHuang>: 回复 @龙猫曾渴望陪你咫尺天涯 :就怕精神病院也不要呀,<叨叨叨叨叨然>: 气死人了 为什么有那么坏的人 希望真相大白]
miwukongcheng	我昨天凌晨和林先生通过电话。有两件事，我觉得有必要说一下。这是来自当事人林先生的说法，大家可以和理想记，烧伤宝，两位的说辞对照着看。一：关于事发当日，18楼到底有没有水？林先生称，已从权威机构的知情人士那里得到说法，总结如下：1，事发当天，18楼，17楼，已有浓烟，所以他们先向16楼 ​​​ 全文	[<呆呆陪你作伴>: 回复 @弯弯小粗腿 :太恶心了[吐][吐][吐],<R__张大宝>: 这句话说的相当霸气，捐钱给她整容[笑cry][笑cry][污],<葛宇婷Kico>: 长成这样也不指望嘴巴能吐什么好话 还关注袜子内裤能不能一起洗🤢,<casssid>: 回复 @阿童杰 : @聒噪的仙女  这楼笑死,<邻居二大妈>: 给她捐钱让她回她妈b里去,<眼神可以美丽>: 回复 @搬砖少女小红花 :哈哈哈，整了容也没用，心坏了黑了烂了！,<手机用户1010117102>: 净胡说，哪儿有给大便整容的？只那冲走。,<我就看看不说话222>: 回复 @阿童杰 :死了算了,<amyhong6128881101>: 抱抱青菀，你是善良的！我永远支持你！,<丸儿妹>: 哈哈哈哈哈哈哈哈哈哈哈哈哈哈哈哈哈哈哈哈哈哈哈哈,<那月雪>: 哈哈哈哈喜欢这样的青菀,<不美yu不二>: 你发人家的照片，最好把自己儿子的照片删掉。别等人家把你儿子跟你照片挂出来时候你心里不舒服。,<非洲雄猫1987>: 回复 @一个有点理想的记者今天死了吗 :这是有多扭曲的心理才会起这样的网名呢。,<丧气少女Fran的日常>: 回复 @暖暖的温馨2536 :居然看了这么多一点用都没用的东西，翻了无数条没有一个值一块钱的，不得不说是视金钱为粪土,<晴朗主义者>: 相由心生，也太丑了,<纯善温良>: @格子衫的理工男  看热门第一,<黑眼眶里开一朵白蔷>: 她笑的时候是怎么能保证同时露出上下两排牙的……,<齐家云朵>: 回复 @Wen雯Wen雯 :请问她哪里比青菀好看了？你要不要去看一下眼科？,<虎头虎脑小脑虎>: 其实她不丑，是嘴臭,<已被占用ss>: 我们都支持林爸爸,<一只发优惠的小狗>: 娟给她整容，猪都比她好看[吐][吐][吐],<爱吃芒果的小公举儿>: 回复 @暖暖的温馨2536 :她这是专门围观挣钱的吧……,<爱吃芒果的小公举儿>: 估计是请的水军，骂人都是一样的口气。,<白日发梦者>: 她是心里有蛆。脸丑还不是关键。,<用户5517561458>: 不仅丑 还从骨子里散发出浓郁的土气,<用户5517561458>: 看她微博围观的问题 感觉她全身都烂了 活该！,<sansan-Leo>: 回复 @搬砖少女小红花 :整了也浪费，相貌改变，心还是那样的毒毒毒,<用户5517561458>: 确实该整 外表心灵都很丑 里外都得整,<NEESON_>: 我觉得这些个人根本没有必要回复啊，简直烂费时间。,<路溪daisy>: 妈的这个女的心狠，支持你博主。以后事情落到她身上看她什么反应,<Ruuuofei_>: 哈哈哈哈哈哈哈哈,<颖君王_>: 去我微博看第一条关于绿城的微博好嘛，一起为林爸爸发声[心],<坚强的小驴儿>: 是你妈个奇葩,<we_and_we>: 感觉是山猫蛆的小号，围观了那么多恶心问题,<Kulumiia>: 哈哈哈哈哈哈我想捐 真是野鸡 长得丑心更黑,<哆啦的龙猫>: 长得丑 心也丑,<飞奔的公蚂蚁>: 这张脸，拍拍扁，挂在墙上可以辟邪,<申东菌>: 什么样的人就有什么样的粉丝[摊手],<是王雪宁不是王雪零>: 回复 @搬砖少女小红花 :花姐 我跟你一块,<touch_hers>: 回复 @搬砖少女小红花 :我也捐一块,<哎哟我去册那>: 回复 @subda悦季 :她相册里有照片，快去看，长相可以说是肥肠一言难尽了[挖鼻],<弯弯小粗腿>: 回复 @想吃肯德基的鲜虾片- :[笑cry]提醒你们不要看啦～真的比垃圾场还脏～,<yonger25>: 好可怕的人，这简直就是个社会毒瘤，垃圾，留在人间祸害人。心疼青菀。,<周定嘉>: 我的妈啊…点进去这人微博看了一下，连早饭都不想吃了[吐][吐][吐][吐][吐][吐],<周定嘉>: 说出“收了林先生多少钱”这种话的人，整容都没救,<疯丝丝丝>: 怎么世界上有那样无耻的人，如果不是犯罪，姐愿意出100万买一条那个里脊的命！,<waiittt>: 回复 @弯弯小粗腿 :奉劝大家别点进去，我划了两下已经要吐了[拜拜],<风一样的人间四月天865>: 心丑，恶心,<美食小美女CC>: 回复 @阿童杰 :死了算了[摊手],<美食小美女CC>: 回复 @一个有点理想的记者今天死了吗 :哈哈，就喜欢你的名字,<枪手与打手TT>: 长得还可以啊，你长得比他好看吗？让大家给你捐款整整你的嘴吧，你的嘴真丑,<大白小懿>: 明显是水军啊，名字都带数字,<随意qq123>: 烂脸烂心没救,<_Raccoon__>: 整容没用的 心是黑的 还是让她自杀比较好 安全可靠不用向任何人,<小葱丫__>: 捐一毛不嫌多,<瘦不下去的张胖子>: 人丑心更丑，真是丑人多作怪！,<塑料手枪bb弹>: 回复 @纯善温良 :哈哈哈哈哈哈哈都是地下蛆]
miwukongcheng	我昨天凌晨和林先生通过电话。有两件事，我觉得有必要说一下。这是来自当事人林先生的说法，大家可以和理想记，烧伤宝，两位的说辞对照着看。一：关于事发当日，18楼到底有没有水？林先生称，已从权威机构的知情人士那里得到说法，总结如下：1，事发当天，18楼，17楼，已有浓烟，所以他们先向16楼 ​​​ 全文	[<daodao_mj>: 青菀辛苦了,<黑白团子酱>: 回复 @S小M-就是阿拉蕾小姐 :我也想知道为什么啊，只是普通的可燃物，没有电器没有化学品没有爆炸物，烧两个小时一点都不合理啊。但你不觉得正因为想知道为什么，才应该去找真相吗？盯着这种不可能的问题看，永远也不知道为什么会烧那么久啊,<王wei航>: 回复 @FantasyPan :不是个东西，更不是个人,<红钉QAQ-肥皂要养狗>: 回复 @1号大宝子 :不信受害者信个网民诶哈哈哈哈哈哈哈你好厉害,<浙江游唱者>: 这么多天看下来，蓝色钱江纵火案是民间知识分子的狂欢！即使有了最终报告和责任认定，可以想象对于民知们的反映也只能呵呵了,<王wei航>: 回复 @杯具or悲剧 :呸呸呸,<红钉QAQ-肥皂要养狗>: 回复 @杯具or悲剧 :你才恶心。跟着巨头混的爽不爽？是不是众人皆醉你独醒的错觉给你成就感了？,<小九Jiu安>: 为毛那么大火了！物业才发现？你们不觉得奇怪吗！反正我感觉保姆有同伙、或者绿城就是疏忽检查！就是排查不利导致火势不可收拾！最后教教你！绿城大哥！见死不救和无能为力不是一个意思呦[蜡烛],<a俊学长>: 回复 @573675l :你肯定不知道测试检修需要切换手动模式，对于一套程序控制的系统，各个部分都需要调试到位，比如工作站就要调试各个工位的机械动作，调试或者检修就要切换手动，工作时切换自动，系统就可以正常工作，回到这里消防系统需要定期检查各个阀门的开启是否正常，水压是否正常，喷淋系统能否正常工作等等,<小菠萝的老菠萝>: 回复 @杯具or悲剧 :没见过比你更恶心的！你的心有多阴暗！请麻烦你有多远滚多远！,<小菠萝的老菠萝>: 回复 @1号大宝子 :人家有的是钱！稀罕那点钱吗！保姆纵火有保姆的责任！请问物业所有的灭火安全措施有没有做到位了？物业是干嘛的？物业就是维护业务人身安全的。不然物业费交的喂狗了？请问层主脑袋是被门挤过了吗？说话也过下脑子！谢谢！,<小菠萝的老菠萝>: 回复 @1号大宝子 :人家有的是钱！稀罕那点钱吗！保姆纵火有保姆的责任！请问物业所有的灭火安全措施有没有做到位了？物业是干嘛的？物业就是维护业主人身安全的。不然物业费交的喂狗了？请问层主脑袋是被门挤过了吗？说话也过下脑子！谢谢！,<S小M-就是阿拉蕾小姐>: 回复 @黑白团子酱 :但是在他没有其它信息出来之前，既然有人跟他说有40分钟的取钥匙的事，总不会是空穴来风！这40分钟的说法，至少给了为什么消防5点20分到最后却到7点才把人救出来的一个可能理由！否则，为什么会花两小时才把人救出来？这个无法解释！,<Z铭chen>: 且不说林爸爸有没有提出过这样的要求！一个孩子一个亿我也觉得一点不过分好吗！那些吃人血馒头说林爸爸恶心的，要不让你孩子去死换回林家一条命我们集资送你一个亿？,<粒粒磨噱噱>: 回复 @FantasyPan :真正的理性是因为生命权财产权收到侵害而要求所有的侵权人承担赔偿责任！这是法律规定，这是合法权益！而你之所以认为林先生的行为是讹钱，一你不懂法律，二你站在了自认为的道德制高点。,<幸福的模样945>: 我觉得 @一个有点理想的记者   就是绿城狗,<天黑黑yw>: 回复 @1号大宝子 :智障,<天黑黑yw>: 回复 @杯具or悲剧 :你更恶心,<黑白团子酱>: 回复 @S小M-就是阿拉蕾小姐 :你也说了他信息获取可能有误啊？他也不是圣人，他不也在找真相吗？我就说无论如何不需要等40分钟的钥匙，其他我什么都没说,<夏日言秋>: 回复 @寒士有书不虑矣 :嗯，转了个做物业的专门人士的文章也是这么说。绿城日常的消防培训应该没有做到位，遇火灾十分混乱,<五小乐儿>: 不要理那几个丧失人性的东西了，他们想火想疯了,<鬼魅289314636>: 首先很同情这一家，想想自己都受不了，林先生很坚强，但是任何事情要拿证据出来说话，不要什么所谓的推理，想象，看了你的文章，通篇没有证据，都是什么所谓林先生的亲口说辞。没有说你说的不对，但是这种文章让人很难信服,<我就喜欢你看我不爽却又无可奈何>: 什么是脏?在一个男人失去老婆孩子,为此奔走讨要说法的时候污蔑他是为了钱.什么是无耻?还记得作为一个记者需要的基本职业操守吗?风口浪尖都有里脊,却无一不是给受害者捅刀扎针.里脊深谙舆论手腕,知道什么能让人听了心中引起共鸣,只是他的追随者们哪一个不是内心阴暗的仇富仇他的败类.,<S小M-就是阿拉蕾小姐>: 回复 @黑白团子酱 :你这个说法是基于质疑林先生说了假话这个基础！那就没什么好说了！因为我始终相信家属的消息，作为死了4个亲人的至亲，他有可能获取的信息有误，但绝对不会故意造谣！完全没必要…而我说钥匙问题，请好好去了解下那个消防控制器的东西，见过实物再来说…,<麻瓜麻瓜都是麻瓜>: 回复 @杯具or悲剧 :你也很恶心 希望你也被烧死,<寒士有书不虑矣>: 回复 @夏日言秋 :各种消防水泵在普通情况下都是手动档，确定火灾后 才切换自动，但是这个切换有两种方法都可以独立完成，一是控制室内的电脑终端 一是专门的机房；那个总控室如果不是放终端的控制室 应该就是机房；恐怕 该小区的日常消防检查很差 连终端失效都不知道，或者就是培训不到位 值班员不会用终端,<黑白团子酱>: 回复 @S小M-就是阿拉蕾小姐 :不知道别的，单说“没有钥匙无法启动泵”这条，这是不可能的，这玩意不靠钥匙启动。按国家规定这是应该打在自动状态有火灾直接启动，如果没有遵守这个规定打在手动了，也可以人工启动，不存在什么钥匙不钥匙的说法。用40分钟回家拿钥匙太扯淡了,<河马打了个大喷嚏>: 热评一二三还是人吗？？？,<Xiao-_-Hong>: 回复 @1号大宝子 :她的消息来源是：林先生－某知情人士，理记消息来源是：亲自调查。谁的更可靠相信吃瓜群众自有判断[微笑],<Rocky丶Fong>: 回复 @杯具or悲剧 :看到有人骂你，我就放心了,<特斯拉古尼6688>: 回复 @杯具or悲剧 : @特斯拉古尼6688 ：不知道林家到底要什么样的结果。 绿城 道歉 赔钱 整改，这样他的老婆和三个孩子就死得有价值些了？ 拜托历史总是循环的，人们却是善于遗忘的，上海住宅楼大火难道没给你这个千万豪宅的主人提个醒嘛？你就那么坦然的把全家姓名交给物业，你现在赖谁？,<特斯拉古尼6688>: 不知道林家到底要什么样的结果。 绿城 道歉 赔钱 整改，这样他的老婆和三个孩子就死得有价值些了？ 拜托历史总是循环的，人们却是善于遗忘的，上海住宅楼大火难道没给你这个千万豪宅的主人提个醒嘛？你就那么坦然的把全家姓名交给物业，你现在赖谁？,<wn咔>: 真的不懂这些人！！！ 做错事导致家人去世！！要求道歉赔偿，不是天经地义吗？？？看别人得到这种赔偿也会让这些人嫉妒的不舒服？？？ 重点难道不是物业房地产商到底错没错吗！！ 百姓好不容易等到了一个可以公开跟国企维权的契机，这个契机是用四条生命还有林先生和家人余生的痛换来的！懂吗？,<V家的阿泽>: 回复 @1号大宝子 :消防设施不到位！本来就是他们的责任！背锅？可笑[微笑],<Melody_l9>: 理性的人 如果你幸福的一家四口 只剩下了你自己时 你依然这么理性。,<Acoustic-Mine>: 回复 @杯具or悲剧 :别出来恶心别人,<Acoustic-Mine>: 回复 @杯具or悲剧 :滚,<青丝红莲>: 烧宝把林先生当成医闹，带有偏见的去评价人和事，这样就可取了？就算要求赔偿一个亿又怎么样？花这么多钱买的房子既不能尽快逃生又不能让消防队员第一时间展开救援，每个月的物业费就只为了打扫卫生么？,<Hecate_爻>: 站青菀！！那些心思恶毒的人是有多遗憾这件事没有发生在自己身上，让自己不能一个孩子拿到“一个亿”。你们也配当人？也配有家人？,<好好你说得都好>: 回复 @1号大宝子 :你妈有病啊，你家以后烧了别怪物业，就怪你自己不小心。,<番红柿西茄子>: 回复 @杯具or悲剧 :你才是最恶心的那个傻bi吧,<JM夭夭>: 回复 @梅花冷人 :就是啊！妈的，就算是真说了一个孩子一个亿，我都觉得应该！三个孩子和妻子，物业的责任重大不可推脱,<大概是xi恒>: 回复 @FantasyPan :拜托 那你能不能别来这里评论找存在感？,<大概是xi恒>: 回复 @1号大宝子 :这叫找别人背锅吗？汉字看得懂吗？没看到“如果证明绿城没有责任，不需要他们索赔” 打字前能动动脑子吗？哦对不起 你没有脑子,<爱尚棒棒糖min>: 不行，轮着翻了翻集翔三宝的微博，现在被恶心得有点吃不下饭[打脸][打脸],<你说相思赋予谁L>: 不说别的，如果物业真的有过失，林先生为什么不可以拿钱！！！如果死去的是热评那几个，你们是不是还得托梦给自己家人说千万不能要物业的钱啊，再让家人送块锦旗，是不是更完美[怒],<9号行星>: 回复 @FantasyPan :有人生没人教,<大概是xi恒>: 回复 @杯具or悲剧 :你这种人活着是为了吃屎的吗？？,<Mmi_Swag>: 回复 @杯具or悲剧 :你真恶心 用这种言论加戏[吐]还权限设置 我看你粉丝才70啊 智障,<66之大顺>: 回复 @杯具or悲剧 :感谢你让我们见识到什么叫恶心[微笑],<你说相思赋予谁L>: 回复 @1号大宝子 :卧槽，我真是开了眼，还有这种人。,<心脏回收>: 回复 @1号大宝子 :我估计你家没房子吧？]
miwukongcheng	我是因为写软文一夜涨粉的，这说明什么？说明“小V心理建设”没跟上。又加上生性格外敏感，遇到批评容易伤心。遇到污蔑容易暴走。很长一段时间内，只风花雪月，聊影视小说。世道无论怎样，总能容下一个普通女人的小日子。不久前，我的一个顾客，武汉的女孩，遇到了不平事。被警察污蔑为卖淫女，暴 ​​​ 全文	[<HeiheiV_小夥伙>: 这群网络流氓，为了钱，什么都能干出来，一点底线都没有，博主，你一定要坚持住！挺你！！另外希望那些骂孩子的人暴毙,<故天将降大任于是人也必先苦其心>: 骂别人小孩的不得好死[拜拜][拜拜][拜拜],<一只小绵羊啊哈>: 回复 @flyingseaa :一个沉浸在巨大悲伤里男人，每天头不梳脸不洗的，还有空找水军，还满网的找。我看了这个说法也觉得不舒服。有些明星也在发声啊，也不会刚好就找到青菀，她一个卖化妆品的[并不简单]不合逻辑,<网瘾少女MMMMMM>: 我觉得那几个人会有报应的！！！乐兮会健康长大的！！！而他们这辈子也不会有后了[可爱],<紫薯绿豆豆>: 加油，好好睡一觉，好好爱乐兮，那些谩骂与诅咒都不要管，你是一个勇敢的人，我相信很多人还是分的清是非的。真的佩服你这次。,<欢乐人儿666>: 支持 @青菀啊   ,<拿着爱的号码牌的胖女孩>: 举头三尺有神明，祝福乐兮健康快乐的成长，抱抱,<念念轩年>: 顶住[拳头][拳头][拳头][加油][加油][加油],<知行合一的桃子>: 乐兮健康长大，幸福快乐！,<红的黄的蓝的紫的绿的更多>: 为别人发声真的是需要很大勇气,<不喝了不喝了>: 她是一个女人啊！她还是一个母亲！你们有没有基本素质对一个女人怼来怼去的[微笑]多说一句既然要当母亲就岁月静好的不好么干嘛要冲出来当战士。,<月桂树开花啦>: 乐兮会好好的[心][心]一定的，那些人骂什么，都会反弹到自己孩子身上，别动怒了，为了不是人的东西们没必要,<小葱丫__>: 好人会有好报,<9BCCD>: 水军和无脑黑丧心病狂骂人家孩子 心眼脏的透透的,<忆锦凉>: 回复 @K先生de烦恼 :这种理智的记者粉我接受，虽然我是前者粉,<白帆Asslosa>: 回复 @K先生de烦恼 :遇到这种情况，记者不应该更积极的寻找证据用实锤去打质疑他的脸吗？作为凡人，我不觉得骂人是解决问题的好方法，而且在微博上连骂几天，让人看着大有曝尸菜场门口的意思，然后绿城出面回应你们不要骂里脊了，他也是说的不全都失真，说实话我并没有拍手称赞原骂人的博主骂得好，如何谈到双标？,<林讷讷>: 正义的伙伴[抱抱]加油加油,<蛋蛋怡红>: 亲爱的青菀，我是第一次知道了网络暴力的可怕。但是请不要难过，善良的人会幸福一生。[心][心][心][心][心][心][爱你][爱你][爱你][爱你][爱你][爱你][鲜花][鲜花][鲜花][鲜花][鲜花][鲜花],<奔奔下山了>: 你好好的啊。知道爱你的人更多吗？大家心里有杆秤的啊！,<K先生de烦恼>: 一上来张嘴就骂人还拉黑不让别人回应的行为都属于耍流氓呀，那些骂我并拉黑我的人，你觉得你们占便宜了吗？你们的灵魂正在气得发抖哦[允悲],<zoeysai>: 回复 @K先生de烦恼 :贡献？可笑了，他是记者就有贡献了？你没见过他文化人作恶的样子？你自己还为自己的理性沾沾自喜吧？垃圾,<K先生de烦恼>: 回复 @南图北顾 : 还是那句话，谁主张谁举证，谁先骂就先拿出证据，没有证据就开骂属于耍无赖,<K先生de烦恼>: 回复 @南图北顾 : 没有任何证据就骂人这是不是属于耍无赖？如果你有证据证明记者做了亏心事收了黑钱洗地，我帮你骂他，我骂他也不是一次两次了,<南图北顾>: 回复 @K先生de烦恼 :那是不是吃亏更多的一方便应该收到更多的支持，,<K先生de烦恼>: 回复 @荆年旧梦 :骂人会让你高潮吗？,<K先生de烦恼>: 回复 @南图北顾 : 指责记者做了亏心事请拿出真凭实据，不要诛心，没有证据就不要乱说,<伏尔嘉>: 回复 @青菀啊 :嗯，经我一晚上研究微博各方言论，那玩意确实有很大问题，以前他怼医闹对他印象还不错。不过那玩意儿的评论区已经沦陷了，这次他做的并不高明，不过这套路也让我刷新了三观，谢谢。,<麻车头坊>: [抱抱][抱抱][抱抱][抱抱],<法棍少女_M>: 回复 @CENTURY_TRAVELLER :青菀是一个孩子的妈妈，理记也是一个孩子的父亲，一个为一场悲剧四条人命伤心的女性，一个追求事件背后真相的记者，他们的出发点都没错，但是让我选择支持哪一方，我会毫不犹豫选择记者，因为一个尊重真相的记者要付出的代价和牺牲远远多于前者，对社会的贡献也远远大于前者（括,<果子酒酒酒酱>: 回复 @ROLLINGZEROO :还有，现在感觉微博确实门槛太低了，网民平均水准偏低，理妓之前也在知乎混过，知乎虽然装逼的不少，但在这个人人抢夺话语权的平台上，轻易被他洗脑的还真找不出几个，据说这个理妓被知乎网友们生猛的战斗力撕得极惨，退而求其次来了微博，蹭了几次热点居然圈了一票脑残粉，真是醉到不行！[拜拜],<亭上绿醑酒>: 先挺个你！是一名坚强的女性！[作揖][作揖],<正义小南南>: 关注了po主这么久，不得不说，她真的是一个特清高（或自命清高）的人。说她收钱还真的不可能...祝福林先生，愿世间好人都有好报,<米米mical>: 抱抱！加油！,<IBARAGITEN>: 回复 @K先生de烦恼 :请你看看他怎么妄想50块钱操别人妈他的粉丝怎么妄想50块钱能操十次再作选择吧。人家姑娘也就评论了一句什么时候退出wb。 说起他都嫌脏了嘴还相信他。你也是够恶心。（嗯这句恶心如果你觉得委屈那你想想那些被他妄想操妈的更委屈，带着一群没素质的粉丝天天骂脏话。）,<我这个神经的青春>: 匹诺曹这部韩剧给那些人看他们也看不懂，有多少记者是秉持寻找真相报道？唯恐天下不乱分子！你是对的，正确的！,<葡萄sasa定制店>: 加油 你真的真的真的很棒[太阳][太阳],<白帆Asslosa>: 回复 @K先生de烦恼 :记者确实亲自去调查过这件事，网友们也都看到他付出了一定的努力，展示给我们了他的证据和观点，我们应该头脑清醒保持理智，中立不应该去骂任何人，尤其是记者，他作为一个媒体人，更不可在微博公众指名道姓去骂人，这样不仅有失记者这个职业的公信力，也有损他的个人名誉，对事件的解决也毫无帮助。,<南图北顾>: 回复 @K先生de烦恼 :这就是记者可以血口喷人的原因？,<Iris要做个知足的菇凉>: 支持菀菀 你们一家都永远好好的 乐兮健康快乐每一天[笑而不语][笑而不语][笑而不语],<贝壳海岸的围脖>: 从精神上支持你，希望你挺住。因这样的良善和勇敢稀少且珍贵。那一帮跳梁小丑恼羞成怒、毫无逻辑、联手来攻击一个女性的模样简直恶心坏了,<名字乱起也可以>: 青莞加油，事情的真相也许复杂难说，但你的态度和你面对的不公正，我都看得到，一直以来都看得到,<flyingseaa>: 回复 @K先生de烦恼 :那你去那个假记者微博下舔啊，诉说你对他的忠心和信任，来这干嘛？据说他跟你还是老乡呢，还有上条喷粪的，你们都是老乡，你们是不盛产吃人血馒头的败类啊？还是说冤枉你们，你们只是智商个位不到的屌丝抱团,<Legolastj>: 乐兮会一直幸福快乐得成长[心],<flyingseaa>: 回复 @CENTURY_TRAVELLER :有这种怀疑就很奇怪，她收谁的钱？林先生？挺他的人多了，他还一个个给钱去？他要求看事发当天视频，本来是作为受害人及业主正当的要求，不知道为什么会引发这么多质疑，对这个国家的法律程序真是失望了,<天使来敲门516>: @青菀啊     还刷尸，为难你了。[抱抱][抱抱]很不想爆粗口，但真的太过分了，我祈祷下次刷的尸是那些对你做这些可恶行径的疯狗本人。,<无有复杂>: 因为关注过青菀很久了所以认为她不是一个收钱做事的人，是个敏感正义的人，乐兮超级懂事超级可爱,<尘一_Ash>: 骂小孩子的人都反弹！ 乐兮要永远幸福健康,<bettermeet5>: 支持你 好人一生平安,<一碗鱼哎>: 加油，支持你，你是最棒的青菀。[心][心][心],<celine新家>: 别哭，支持你！,<dazzle潇湘风信子>: 把我所有的祝福都送给乐兮！青菀你真的很棒！,<使我有身后名>: 抱抱你，太不容易了,<禕沫elvira>: 回复 @K先生de烦恼 :可是 他也利用了自己这一身份 引着别人跟着他所认为的走 他已经不客观了 他的身份值得怀疑]
miwukongcheng	不好意思。私信和评论带图功能暂时关了。问我是不是妓女，当然不是。问我是不是拿钱了，我钱够花，不赚黑心钱。问我要不要一起过夜，不要。但是，他们开始刷尸。这我真没办法，比如发几个血淋淋的尸体或者花样骷髅，这个视觉冲击力太强，心脏有点受不住。先关一关。等这件事过去了，恢复到风花雪月诗 ​​​ 全文	[<巫女软绵绵>: 回复 @vincent温 :哇您可是了不得了，您可是天天你妈骨灰拌饭养大的，我们比不了,<淘小淘爱阳光>: 支持你~对我国民众这个动不动就女性侮辱且词汇匮乏毫无新意的现状实在不解,<Kistya>: 回复 @文守正 :哈哈，网络暴力，这不是理某的粉最擅长的么，造谣的都要赞吗？不管怎么，骂你的都值得称赞！,<Kistya>: 回复 @vincent温 :喜欢尸体的变态？,<佩佩的发梢>: 回复 @我爱我此时此刻 :哈哈哈哈哈哈哈哈哈看把你急的，我不是用手机有优越，我是对你我的智商有优越(但我现实生活里怕比你不止顺遂一点点哦),<齐家云朵>: 回复 @文守正 :拔舌地狱欢迎你,<我爱我此时此刻>: 回复 @佩佩的发梢 :哦扯你妈阴蒂荡秋千呢这么多屁话？？？,<我爱我此时此刻>: 回复 @佩佩的发梢 :苹果给你的优越感这么强这辈子就他妈靠苹果上分呢？？？,<博大精深hh>: 回复 @文守正 :复制粘贴洗白辛苦了 下一位,<Tiregcss>: 你真善良,<皮皮刘的小迷妹>: 回复 @设计系奶子 :奶子！,<Kulumiia>: 回复 @vincent温 :我日…哪来的野鸡 你不怂你去吃尸油啊,<WAN-WANT>: 看了这个博主的言论～莫名不想站这边,<honeyangelmo>: 回复 @文守正 :平生不做亏心事，半夜不怕鬼敲门！人在做天在看！,<你懂不懂不懂不懂噢>: 回复 @文守正 :理记粉的嘴脸真难看,<桃子的海>: 抱抱你，这群人真的太可恨了，怀揣着多大的恶意去侮辱别人，自己没有亲人没有孩子吗？不给自己积点德吗？,<大泽每天都开心>: 回复 @vincent温 :你回家把自己拴好啊，你爹妈一会儿没栓你，你自己个儿跑出来，不怕自己狂犬病发作乱咬人，牵连你爹妈啊？,<yonger25>: 太恶毒了。青菀，我们支持你！,<D苏大调>: 回复 @文守正 :真裱,<俗俗俗少女噜>: 太难受了。。。人怎么可以恶成这样,<RNGay的黑粉ovo>: 回复 @文守正 :你是没有父母吗？出口闭口就骂人 你爹妈都不管的吗？,<Irises_li>: 支持你，坚持住，为林爸爸要一个公道,<懒子胖免>: 回复 @文守正 :好好打你的三无产品小广告不好吗，上什么微博，找骂的滋味好受不？,<懒子胖免>: 回复 @vincent温 :狗随主人，什么痢疾有什么粉喔。,<张牙舞爪7788>: 回复 @赞美诗-琦 :怎么这么可怕，刷尸,<小耳朵吖_>: 真想不出来怎么会有这么恶毒的人，好心疼青菀，我们一直都在。,<ohLadylady>: 回复 @文守正 :颠倒黑白的你们 才是婊子,<雏田夜子>: 回复 @文守正 :博主凭什么承受有些人的恶意？再说，关闭评论私信就代表改变立场了吗？别做不分是非黑白拉低自己智商水平的键盘侠，积点口德,<想要好多好多miti>: 回复 @相望茧约 :孩子还挺可爱 挺心疼他儿子的呢,<想要好多好多miti>: 回复 @后来啊后来就成了家猫 :哈哈哈 四百万估计就行噢 可笑死了[允悲],<告白白白白白白白白白白白>: 回复 @vincent温 :[蜡烛]今晚令母暴毙,<用户3855524724>: 回复 @zhj916 :林先生是当事人，人家总比理记有发言权吧？理记不是发个视频说十六十八楼有水吗？但现在是十六楼是有水，没加压拿不出水来用。这也叫有水。理记有考查过水是加压过才能用的吗？所以家属质问消防栓没水有什么不对？理记一开始不调查就造谣说家属死磕绿城要钱，大把网友截图，你没看到过？,<俯首甘为法克鱿>: 青菀加油！,<佩佩的发梢>: 回复 @我爱我此时此刻 :为什么这么晚不睡是因为太穷翻来覆去睡不着咬牙切齿搜索你家痢疾吗?,<佩佩的发梢>: 回复 @我爱我此时此刻 :不要再回复我了不然还要被我羞辱,<佩佩的发梢>: 回复 @我爱我此时此刻 :你换快手机吧，你虽然没钱给你妈买棺材，这样我捐给你十块好吗,<佩佩的发梢>: 回复 @我爱我此时此刻 :你觉得你好意思和我说话吗,<佩佩的发梢>: 回复 @我爱我此时此刻 :小米定律在你身上完美体现,<佩佩的发梢>: 回复 @我爱我此时此刻 :你太可怜了,<佩佩的发梢>: 回复 @我爱我此时此刻 :你自己看看你的客户端,<佩佩的发梢>: 回复 @我爱我此时此刻 :滚去你野爹葬礼,<x小辞>: 博主加油，支持你,<miss00Yoki>: 支持你到底,<Kimberleyting>: 人家林爸爸维权，痛失妻儿，都已经心力交瘁了，你不帮忙还添乱，安什么心呐？,<荆年旧梦>: 回复 @vincent温 :你可真够无耻的,<lllllliuiuttan>: 回复 @文守正 :婊子本人，你去死吧,<普罗米修斯在飞>: 支持你青婉姑娘，加油,<杰杰yyyyy>: 回复 @文守正 :你妈妈死了,<AMEX星矢>: 回复 @文守正 :点你赞都是有病吧？？,<拖延症晚期的少女>: 回复 @vincent温 :不明白为啥这么多赞,<后来啊后来就成了家猫>: 希望青莞粉也注意！划重点！里脊恶心，但是lc才是最大问责方！！！突然有点害怕，这会不会就是策略本身，大家发现里脊的恶心，然后都去骂它，反而lc不再被盯着了。,<后来啊后来就成了家猫>: 回复 @想要好多好多miti :别别别 四千万没准就同意了[眼泪][眼泪],<Guilty-musel>: 菀菀姐晚安     这样内心阴暗到极致的人下场不会好的   天道好轮回,<我爱我此时此刻>: 回复 @佩佩的发梢 :滚去,<嘻嘻一白菜>: 举报的手软,<嘻嘻一白菜>: [加油][加油],<我爱我此时此刻>: 回复 @Sherry杨宝宝 :1.作为一个新闻专业的人对于理记目前在微博的系列报道我持有的是客观的态度，公正不代表公平，理记作为一名记者是不能把个人情绪和偏见带入新闻报道中，他固然同情林爸，但也不能把这种同情强加在报道中博众好评。 2.理记是在怼青宛吗？不是，他只是在怼这件事中的青宛，是在怼一种态度。]
miwukongcheng	说一说我为什么怒怼理想记的心路历程。顺便写一写被理想记，烧伤宝，奥卡姆，三巨头及其部分脑残粉攻击的感受。那就是：从来没有被骂的这么恶毒，但是心里一点也不难过。这件事，直到此刻，我依然认为我做对。脏心眼的人，应该被揭出来。只是这次，我选择了是我来揭。 ​​​	[<赵俊旭iiii>: 回复 @LOVE-Hyolee :那既然啥都有可能是假的，又是谁给你的勇气在这自以为是的逼逼叨？相由心生说的真没错，你看看你长的啥鸡吧样吧，真的看到都打脑壳，动不动就扣道德的大帽子，你他妈究竟算个什么东西，不喜欢就把你的批嘴闭到，真的是分分钟把你狗头锤爆,<LayLaR_>: 回复 @平天王阁下 :那你意思是就准你攻击他人，别人就不能攻击你了呗？自己先随地大小便还他妈的有脸说？你妈骨灰都能被你气得飞天,<平天王阁下>: 回复 @LayLaR_ :谁说以攻击他人为乐的人恶心？你还来攻击我？自己往自己身上拉屎也是头回见,<LayLaR_>: 回复 @平天王阁下 :对啊，因为是你说活该被恶心，那不就是你承认自己恶心了吗？你都承认了还不能骂？,<平天王阁下>: 回复 @LayLaR_ :这个有点扯 一出来就对我进行人身攻击的人说我恶心？,<LayLaR_>: 回复 @平天王阁下 :也是哦，这世上就是有有你这种人啊，活的不如意，长得又丑，所以只能在网上攻击别人为乐，连亲妈看了都恶心的人。恶心就恶心吧，毕竟是个可怜虫,<平天王阁下>: 回复 @LayLaR_ :那也是你活该被恶心[污],<LayLaR_>: 回复 @平天王阁下 :还是要操心的，不然你买不起房在这里报复社会颠倒是非，看着让人恶心,<平天王阁下>: 回复 @LayLaR_ :这个就不劳您操心了,<LayLaR_>: 回复 @平天王阁下 :诶，可怜的屌丝，希望你早日买房,<LayLaR_>: 回复 @Eric-2011 :这个一看就是水军，懒得骂了，顺便说一句，水军死全家,<LayLaR_>: 回复 @十九片 :加油用你的360火车票抢票，不然春运不好回家,<LayLaR_>: 回复 @十九片 :哇你以为自己是明眼人，我以为你是的猪头智障呢,<Christin66>: 回复 @Eric-2011 :中年大妈又怎么了？[允悲]中年大妈怎么了？？？？？？哪个女人不老？？哈哈哈，这智商，别出来丢人现眼了我靠[允悲][允悲] 垃记的垃圾粉普遍脑子都没有，智商也不高啊,<Christin66>: 回复 @十九片 :你有眼？ 屁眼？拜托屁眼哪能看得见   去重生，长双眼睛再来说话[微笑] 光靠屁眼看，还用屁眼思考，又用屁眼说话[摊手],<机智小棍宁>: 回复 @Eric-2011 :你也是你妈生出来的，怎么就不能尊重女性呢？你是希望你家孩子没屁眼吗？像你一样粪从口出？人做什么事儿天知道，给你自己祖祖辈辈都积点德吧，钱你收差不多就行了，要多少是多？,<亭角的燕子>: 所以还是要多读书，做好人。我就分析不出那些恶心人的花言巧语，话中有话。,<小小末儿>: 回复 @平天王阁下 :迟早有报应,<小小末儿>: 回复 @坚强的雷达900 :愿你也有这一天吧,<小小末儿>: 回复 @Eric-2011 :混蛋,<小小末儿>: 回复 @十九片 :恶人，混蛋。,<摩羯九>: 回复 @Eric-2011 :别回这些评论，典型的水军回法。看的我怒从心头起，想买一万个水军怼回来。,<Iris要做个知足的菇凉>: 回复 @Eric-2011 :滚你丫的臭sb[打脸][打脸][打脸],<Iris要做个知足的菇凉>: 回复 @十九片 :你不会是个傻子吧[并不简单],<CDDawn>: 回复 @十九片 :你这个瞎子怎么知道明眼人怎么想？,<月_b4by>: 回复 @青菀啊 :宝贝 人家想下地狱别拦着了 下面要干的事儿可多了,<慕容富贵小姐>: 如果评论里那些人是收了钱的我还好受些，如果真的出自真心说出那些恶毒的话真让人觉得可怕，原来我们的社会还窝藏着这样肮脏歹毒的人，你可以不关注，可你不能侮辱一个一心为刚经历人间惨剧的人讨公道的人，不管她说的对还是不对，你用这样肮脏的话来骂她就是会有报应！,<要饭带我一个>: 回复 @十九片 :你若不是胡搅蛮缠也不至于到这来闹。连明辨是非这点都做不到 就不要出来秀脑残了 滚回家吧。。,<一语一成>: 回复 @Eric-2011 :你爸妈都烧死了，看你还会说这风凉话不,<一语一成>: 我就想问问理想记，5点01几分电话打出去，物业消防5点15就到现场了，为什么没扑灭火？？？为什么，这么简单的道理你看不见扯别的？着火才没多久消防就到了为什么就灭不了火？不然孩子能死吗？这些不去调查，就在这抠字眼？真是那会飞机上就回来干嘛，恶心我们，我们是人有感情、不是俎！,<玛莉莲大嘴嘴>: 回复 @Eric-2011 :你以为你多高贵啊，你这种人死后也会下地狱,<玛莉莲大嘴嘴>: 回复 @十九片 :其实明眼人一看你就是个瞎子，还是个没长脑子的白痴,<公舉世無雙>: 回复 @小小鸟飞飞 :？兄弟，你是不是把人称搞错了？我怎么觉得最后一句话像是对我说的？,<小小鸟飞飞>: 回复 @一枝不倒的枪 :理鸡怎么还不停手？到底收了绿城多少好处。他的微博里关于火灾发了九十多条，还不包括没发的，等待发的，已经删掉的。如此上窜下跳，用文字游戏混淆视听，打着正义的旗号遮掩肮脏的勾当，带着被洗脑的教众一波波向家属发起攻击，居心何在？希望你今天的发言，日后都能在你落难之时，被原封不动还给你。,<小小鸟飞飞>: 回复 @一Nzy一 :理鸡怎么还不停手？到底收了绿城多少好处。他的微博里关于火灾发了九十多条，还不包括没发的，等待发的，已经删掉的。如此上窜下跳，用文字游戏混淆视听，打着正义的旗号遮掩肮脏的勾当，带着被洗脑的教众一波波向家属发起攻击，居心何在？希望你今天的发言，日后都能在你落难之时，被原封不动还给你。,<小小鸟飞飞>: 回复 @公舉世無雙 :理鸡怎么还不停手？到底收了绿城多少好处。他的微博里关于火灾发了九十多条，还不包括没发的，等待发的，已经删掉的。如此上窜下跳，用文字游戏混淆视听，打着正义的旗号遮掩肮脏的勾当，带着被洗脑的教众一波波向家属发起攻击，居心何在？希望你今天的发言，日后都能在你落难之时，被原封不动还给你。,<小小鸟飞飞>: 回复 @柳絮香香 :理鸡怎么还不停手？到底收了绿城多少好处。他的微博里关于火灾发了九十多条，还不包括没发的，等待发的，已经删掉的。如此上窜下跳，用文字游戏混淆视听，打着正义的旗号遮掩肮脏的勾当，带着被洗脑的教众一波波向家属发起攻击，居心何在？希望你今天的发言，日后都能在你落难之时，被原封不动还给你。,<小小鸟飞飞>: 回复 @奶迪奶迪哈国 :理鸡怎么还不停手？到底收了绿城多少好处。他的微博里关于火灾发了九十多条，还不包括没发的，等待发的，已经删掉的。如此上窜下跳，用文字游戏混淆视听，打着正义的旗号遮掩肮脏的勾当，带着被洗脑的教众一波波向家属发起攻击，居心何在？希望你今天的发言，日后都能在你落难之时，被原封不动还给你。,<小小鸟飞飞>: 回复 @坚强的雷达900 :理鸡怎么还不停手？到底收了绿城多少好处。他的微博里关于火灾发了九十多条，还不包括没发的，等待发的，已经删掉的。如此上窜下跳，用文字游戏混淆视听，打着正义的旗号遮掩肮脏的勾当，带着被洗脑的教众一波波向家属发起攻击，居心何在？希望你今天的发言，日后都能在你落难之时，被原封不动还给你。,<小小鸟飞飞>: 回复 @Eric-2011 :理鸡的水军 滚,<小小鸟飞飞>: 回复 @青菀啊 :你这里好多理鸡的水军[悲伤][悲伤][悲伤],<小小鸟飞飞>: 回复 @Eric-2011 :理鸡怎么还不停手？到底收了绿城多少好处。他的微博里关于火灾发了九十多条，还不包括没发的，等待发的，已经删掉的。如此上窜下跳，用文字游戏混淆视听，打着正义的旗号遮掩肮脏的勾当，带着被洗脑的教众一波波向家属发起攻击，居心何在？希望你今天的发言，日后都能在你落难之时，被原封不动还给你。,<MNyangyang>: 回复 @十九片 :脑子是个好东西。你这只[狗],<慈语cici>: 支持你 @青菀啊,<莫相熙>: 真的有那么多不要脸的脑残粉，智商被狗吃了吗……好可怕……上面那些评论真是刷三观了,<皮皮的眉毛啾啾>: 你言之有理，相信你,<笑妈的唠叨>: 条理这么清晰的文字，有人有人看不懂。心疼青菀,<猫咪铃铛>: 理记它们，是真的恶毒，感谢你一直发声,<港城祝女士的_lucky昕>: 回复 @十九片 :林家就想要个公道有错？,<乌拉拉的JOJO>: 回复 @一Nzy一 :没错！上次山猫的事阿宝就出来站队，我就觉得这个人是不是没智商的？如果真是朋友，不是应该赶紧劝他认错道歉吗？那么简单的是非对错，还在网上帮洗白？然后这次又出来长篇大论站队。我只能说：物以类聚，人以群分。都是心很坏而又自以为很聪明的那类人。,<伊诺珍>: 支持青菀！！！,<水色芊灵>: 回复 @奶迪奶迪哈国 :希望绿城能好好给理妓补偿和安慰，理妓被如此冤枉，不知道他愿不愿意拿自己的命换他的清白啊？[摊手]大家都等着给理记 @一个有点理想的记者  讨公道呢[哈欠] #绿城还逝者公道#,<juvenile乔>: 回复 @平天王阁下 :比你强,<juvenile乔>: 回复 @坚强的雷达900 :毕竟你没脑子,<juvenile乔>: 回复 @Eric-2011 :不许这样说你妈[微笑]]
miwukongcheng	我乐兮会有福报，好人长命百岁。 ​​​	[<miss00Yoki>: 真的不敢相信还有这么恶毒蠢货，青宛乐兮一定长命百岁[鬼脸二],<LayLaR_>: 这种人就不用理他了，一看就是过得不好的屌丝，只能攻击别人孩子，也没什么文化，骂了脏自己,<澳新正品海外直邮店>: 乐兮平安健康一辈子，老天保佑[爱你][爱你][爱你],<jana飘>: 老天一定保佑你们全家的，为了你的正义，必须的,<LIMENYYA_>: 都是绿城请的土狗出来乱叫。,<王陆陆小姐>: 加油姐姐，好人都会有福报的,<用户名成问题>: 愿乐兮定有福报，好人长命百岁。,<宝贝禧儿>: 为伸张正义的人反而被抹黑，而那些缺德之人反而还有脑残粉跟风。我愤怒这个畸形的社会,<笑妈的唠叨>: 有这么善良的妈妈，乐兮当然有福报。 乐兮健康成长！长命百岁！,<Little_earthquake>: 在这个正确和错误边界不清晰的社会，非常确定肯定你做了件正确的事，特别正义，超棒，乐兮有你这样的妈妈太幸运,<晃来晃去的小竹子>: 正是要为自己和孩子积德，所以才不能闭嘴，才不能眼睁睁的看着奸佞小人混淆是非，转移视线，带节奏伤害受害者,<星辰偷吃了山楂>: 回复 @keke663377 :嗷对对对，一说好像还真不是他。但是他戏真的蛮多哦,<美少女本人哦>: 善良的女孩！加油！！！,<飞鸟Kimi>: 你可以回答是通过字里行间悟出来的，但相同的文字不同的人看，会有不同的理解。---这句话不就是耍无赖么，说的没错，国人语文水平现在都不一定有英语高，的确有不同的理解。,<你看不到的蝶仔>: 回复 @我爱大偏头 :...南京融桥的楼盘就有自动喷淋和报警系统...还有好几个楼盘都有 你可以搜一下   还有 好几个人都反应是被烟雾呛醒的 不是被警报闹醒的,<我爱大偏头>: 回复 @你看不到的蝶仔 :"中国消防专家倪照鹏说，他曾想过把自动灭火的喷淋系统和自动报警系统写入建筑规范，但考虑到后期的使用效果，才放慢了节奏。中国人有室内吸烟传统，“涉及千家万户，如果装了之后经常误报、喷头漏水，极易引起很大的社会反响",<keke663377>: 回复 @星辰偷吃了山楂 :可是骂青菀孩子的又不是理记。。。用青菀的话说“无法替粉丝的言行负责”。。。,<若若宝宝69>: #老婆孩子在天堂622# [泪] 我们携手并肩！势必讨回公道[作揖]  #杭州保姆纵火案求公道#  [怒],<允淡风清>: 不能同意的更多，乐兮会平安喜乐，永无烦忧！,<HXR玉>: 希望社会上多一些向你这种人存在！还有有好报！,<MisDe>: 他的铁粉嘴毒得你难以想象。,<不喝咖啡咋上班>: 回复 @我爱大偏头 :建议看看司马3忌的分析,<海燕的自在空间>: 青菀好样的，支持你[赞][赞][赞],<凉夏后凉的秋>: 乐兮会有福报的,<旯犽>: 同理可得，最右这种人的孩子之所以折福，就是因为她没能管住自己的嘴,<后妈专用号>: 支持你！他们这些坏东西真的把我气哭了 怎么会有这么坏的人啊！,<波利>: 这哪里来的野鸡？,<zhuzhu7216>: 回复 @我爱大偏头 :我总想如果火警警报正常响了，消防有水抢救及时的话，不至于四个人都死了[悲伤],<雅美丽r>: 回复 @我爱大偏头 :有水又怎么啦？没水又怎么啦？,<林西好东西>: 好难过啊，我不想看见你和乐兮被诅咒被欺负，你们这么善良温柔的人，怎么可以这么被人欺负，我快要难过死了，那些诅咒你们的恶魔，一定会遭报应的，青菀不要怕，我会在遥远的地方，支持你，保佑你。,<雅美丽r>: 回复 @我爱大偏头 :能不能先把博主微博看了再说,<贇云氲韵>: 祝福之力     BiuBiuBiu,<贇云氲韵>: 回复 @我爱大偏头 :你们这些水军TM是不是瞎，就知道扯这一个话题，截个图拿个证据好不好，人家文章不看张嘴就知道喷,<real_bbbbbbb>: 我真是看不下去了，一丘之貉的人真他妈多,<素心的湖_素心的湖_素心的湖>: 乐兮平安健康快乐幸福生生世世！ 真的好心疼 @青菀啊  。,<ONLXXX>: 乐兮肯定健康平安长命百岁！诅咒孩子的太他妈恶毒[摊手]！诅咒全部反弹到他们自己身上！,<Bonnie是我最喜欢的英文名>: 我不管，反正我站你这边,<粉红色独角兽的鹿>: 会的，你和乐兮会有好报的,<我说道可道>: 乐兮一定幸福！因为有这么美的妈妈,<七友zzzzzzzzz>: 谁他妈攻击乐兮死全家！断子绝孙！,<小小_760>: 加油，我们支持正义，支持坚持正义的人,<Riva__林>: 好心疼你，不要理会那些无脑喷,<清清当里个当>: 关注青菀只有半年多，但是她每一条微博我都有仔细看，这次的事情也是。支持青菀，任何跳出来诅咒乐兮的人请原地爆炸[微笑],<眼神可以美丽>: 理鸡不要脸呀不要脸！,<珂珂就是向日葵>: 加油青宛,<蜗牛有棵树>: 这种人微博不管吗，嘴欠，就该举报他,<不明身份的纠结病患者>: 吵架争论把母亲孩子扯进来的队伍，都是撕逼界的渣渣，恶毒之极。乐兮会一世平安[心],<鱼腥草z>: 乐兮那么懂事体贴的好孩子，他和他的家人一定会平平安安长命百岁的。,<小ceicei_>: 挺我美丽正直善良的青菀！骂你和乐兮的人都会遭到报应，老天看着呢！,<A-Wonder-Land>: 既然你骂别人，就别怪别人骂你,<A-Wonder-Land>: 摸着你的良心说说啊]
