moonsway	Reddit上的佛罗里达人民打包了自家的鸡准备逃命。[眼泪] ​​​	[<狗狗心里有大海>: @是个自在如风的少年,<王禹文_Carina>: 回复 @圆圆织宗宗 :[允悲][允悲],<个人少数派>: 拉粑粑在车上[允悲],<珮是王字旁的珮呀>: @隋轻轻  好可爱啊]
moonsway	同事们买了一堆纹身贴准备去混pub，我选了其中看上去最不好惹的。[奥特曼] ​​​	[<LYN_o>: 陌生人表示：所以是打算用衬衫遮住吗？[哈哈],<Freja_Lee>: 可以写进那个中年男人系列了,<前倾雀斑脸Apple七>: 仔细看了看小月亮dwshou,<yghueabsklop>: 噗哈哈哈哈哈哈    干嘛这么可爱]
moonsway	尝试各种各样的p图方法，最后觉得还是得买个相机。。。 ​​​	[<爱上朋友的女人>: 能请问您用的是iphone几吗？谢谢您,<木子草尾>: 好的，我知道了！,<Pinndanyi>: 很棒，可以交出ins号了,<荞麦chen>: 回故乡还不买个莱卡？,<fromgodwithlove>: 最喜欢第一张和第二张。]
moonsway	代表大阪樱花队在北京参加足球比赛[足球]️[跑]🏻 ​​​	[<月亮的猪耳朵>: 回复 @pkdyxwddxjj :[衰],<月亮的猪耳朵>: 回复 @吴_素素 :养了三个月了[衰],<不聪明只清醒>: 不要再冒充老年人啦,<月亮的猪耳朵>: 回复 @夜航船上一朵猫 :[害羞],<夜航船上一朵猫>: 啊，您的胸肌……]
moonsway	我的小侄女琴音，据说眼睛和我很像。[哆啦A梦微笑] ​​​	[<_奇遇几>: 天生美人骨啊 眉毛太好看了,<牧神的牧笛>: 啊，好想要一个女儿～,<夏涩片想>: 眉毛好可爱哦！！好喜欢！！[太开心][太开心][太开心],<有风绕耳听>: 很好看，也很可爱~,<月亮的猪耳朵>: 回复 @Coffee老师叫我Ms_Dong :可能我夜盲。。,<月亮的猪耳朵>: 回复 @蓝色的血V :谢谢～,<Coffee老师叫我Ms_Dong>: 回复 @月亮的猪耳朵 :一定是你瞎🤦🏻‍♀️,<月亮的猪耳朵>: 回复 @RaggedCloud :鞠躬[emoji],<月亮的猪耳朵>: 回复 @Vivi梦媛_ :那肯定就不像我了，我眼里大概只有空洞吧,<月亮的猪耳朵>: 回复 @Coffee老师叫我Ms_Dong :纯真的眼神？[可爱],<RaggedCloud>: 那可以说是很好看了,<Vivi梦媛_>: 眼里有银河[思考],<月亮的猪耳朵>: 回复 @董晓磊Nikita :嘻嘻,<我的小甜饼分你一个>: 哇！真可爱啊啊[太开心],<超级话题>: #哆啦a梦# 已升级超级话题了呦，快来看看吧。下次进来发帖有机会被更多同好看到和交流哦~~戳→ → #哆啦a梦#]
moonsway	一声喟叹，北方真是太丑了，想坐火车看风景的人看哭了。 ​​​	[<二流烟民>: 每一个地方的冬天都动人。,<LouiseCheung00>: 来南方呀 穿一件单衣就能过春节 不用当棉猴[嘻嘻],<月亮的猪耳朵>: 回复 @夕花朝拾又如何 :哈哈哈哈哈哈哈,<Slin_L>: 燕赵中原三秦大地如今这么不堪,<相见淤泥化红莲>: 回复 @月亮的猪耳朵 :说这种瞎话的揍是华北人啊，东北那嘎达的也就算了……,<月亮的猪耳朵>: 回复 @夕花朝拾又如何 :也分地方和天气，东北还行，华北的冬天就不太行。,<相见淤泥化红莲>: 丑哭是常态 更可怕的是北方人认为北方冬天有种萧瑟阔朗之美，完全是瞎子说白话啊,<伊如樱>: 回复 @伊茹婴 :冬天的北方全是颓气,<FFlens>: 回复 @没关系啊那就算了吧 :见笑,<月亮的猪耳朵>: 回复 @农村人高小芳芳 :哈哈哈哈,<月亮的猪耳朵>: 回复 @威尼斯的下午茶 :对，新疆很好，以不变应万变,<月亮的猪耳朵>: 回复 @伊茹婴 :主要是火车沿线，都是秃的,<伊如樱>: 春天的北方阳光很暖，植物也刚发嫩绿的芽，那时候沿路走来心情会很好,<三年二班邱小冬->: 回复 @农村人高小芳芳 :太有道理,<FFlens>: 北方自有北方的美 移步换景的南方有南方的美 欣赏不来 自然该哭。,<illuminate_eva>: 至少吧 冬天不会冻成狗,<威尼斯的下午茶>: 推荐关口知宏的中国铁路大纪行。非常好看。,<威尼斯的下午茶>: 新疆还可以，一路茫茫戈壁，啥都看不见,<月亮的猪耳朵>: 回复 @康仕坦斯 :只恨自己不是广州人]
moonsway	我觉得这篇文章写的不错。从美国大选结果，中国可以反思什么？ ​​​	[<捞岛风的viviani>: 白左做一个论点，印第安人死于西班牙人带去的流感。于是就可以不用去谈西班牙人屠杀印第安人了。这一点都不法西斯。嗯。,<业余思想家>: 每逢社会经济发展阻滞，人人责怪别人侵占，法西斯就会抬头；等法西斯上台把社会操上一遍，大家才明白，比起法西斯统治，分享的社会不光美好，简直是幸福。,<Wendy_谁特么喜欢上班啊>: 最可怕的是居然有那么多人认同。,<曲遥clover>: 看这种文章的时候我就在想，中国走到需要“反思”这些问题那一步了吗？到底有什么资格在美国这样已经在“政治正确”熏陶了这么多年的国家面前秀优越？你们都体会过平等和自由是什么感觉吗就来踩一脚。太可笑了,<月亮的猪耳朵>: 回复 @大猫owlcat : 我就是看到他转发了。。。呃,<大猫owlcat>: 可怕的是连武志红这种所谓的心理学家都在叫好,<福MinMin>: 可怕的是一群所谓的精英叫好。,<85ojwnofugeiw>: 重要的是赞数还很多......]
moonsway	练习英文翻译，希望有一天可以熟练到用非母语也能顺畅地写下去。 ​​​	[<月亮的猪耳朵>: 回复 @QIN姗姗 :真的吗。。。太惶恐了！,<右耳在别处>: 哦，真是太棒了。互勉。,<西瓜女郎>: 你还挺理想主义的。这年头不多了。,<ShanSquareMurmur>: Peter Hesseler的味道]
moonsway	眼看又要高考了。想起之前中学百年校庆的时候，给校报写了篇短文，觉得态度还挺诚恳的。[害羞] ​​​	[<tilyur>: 法律人的行文逻辑暴露了[哈哈],<花生村的土豆>: 回复 @木遥 :同时发现原来在网络上关注了两个老乡！现实生活中却一个也没碰到...,<CC与一个工作>: 我去关注了这么久居然是校友！,<YPaang>: 居然和我爸是校友。。[眼泪],<月亮的猪耳朵>: 回复 @浅橡皮 :自然流露[喜],<浅橡皮>: 成功人士口吻怎么回事,<月亮的猪耳朵>: 回复 @不怀好意的围观群众 :[doge][doge]哭倒,<不怀好意的围观群众>: 特别像校报上无趣的学长寄语[嘻嘻]]
moonsway	有些内容好像不太容易发到微博上，欢迎大家关注我的公众号。信息如下： ​​​	[<月亮的猪耳朵>: 回复 @余弦不懂子夜的直角 :[哈哈]谢谢,<月亮的猪耳朵>: 回复 @无肉不欢的Mr_ZH :感谢！,<月亮的猪耳朵>: 回复 @justbigface :[鼓掌][鼓掌],<月亮的猪耳朵>: 回复 @动点不动 :豆瓣真的没有啊,<月亮的猪耳朵>: 回复 @莫扎胎与卖巴赫 :但是好发图,<莫扎胎与卖巴赫>: 微信不是管的更严吗……,<六畳一间的灰尘>: 之前好像在微博上看到博主也玩豆瓣，不知道方不方便说一下豆瓣账号？,<justbigface>: 已关注。扩散一波。,<余弦不懂子夜的直角>: 已关注 头像小女孩,<MsDalloway>: 已经关注了[doge],<国际放弃减肥学科带头人>: 微信好像更多东西不能发,<flyerfeng>: 哈哈哈，关注一个]
moonsway	Hopper老师每幅画都是一个大写的“丧”，安静平和、自给自足的“丧”。 ​​​	[<MuseOdyssey>: 一种中产阶级的、摩登的、有钱的丧,<月亮的猪耳朵>: 回复 @小我也大 :赞解读,<Kratoc>: 德波顿《忧伤的快乐》对霍珀的解读最到位——「爱德华 · 霍珀开始作画之前，在这个世界上，人们能够看到的服务站、小餐馆、飞机场、火车、汽车旅馆和小饭馆少之又少。」  http://t.cn/RqbjGhg,<月亮的猪耳朵>: 回复 @_Minimum_ :[偷笑][偷笑][偷笑],<Helen_Hao_>: 妈呀，看的人抑郁症都要犯了…哈哈…晚安月亮,<85ojwnofugeiw>: 第一张一直觉得其实暗流汹涌，好像下一秒画中人就要发疯，或者一声枪响划破天际....]
moonsway	过年好。 ​​​	[<四楼的小绛>: 假装不要太看透，才不至于太冷清，希望像师太说的，年老时有子孙儿女围绕床边，为芝麻绿豆大的小珠宝争来争去,<初夏的蓝莲花>: 这些文字可以集起来出个册子，我会买。,<初夏的蓝莲花>: 想起许美静那首“倾城”里的词:烟花会谢，笙歌会停，显得这故事尾声更动听。,<Lisa_Q>: 知道为啥没功夫抢红包了,<右耳在别处>: 回复 @月亮的猪耳朵 : 人在异乡，新年快乐。,<右耳在别处>: 回复 @月亮的猪耳朵 : 我想问一下，盖兹比是不是真的需要读英文版？我一直在犹豫，所以没打开中文版。,<月亮的猪耳朵>: 回复 @淡豹 :Hi，豹,<淡豹>: 好恶心，管人家叫斯科特...]
moonsway	我路过萨凡纳。 ​​​	[<月亮的猪耳朵>: 回复 @北京人在迈阿密 :并没有。。。,<月亮的猪耳朵>: 回复 @Mitiko_yoko :谢谢[哈哈],<Kino_Hermes>: 好多故事好多人物啊天啦噜,<tilyur>: 終於更新啦[鼓掌],<溪咻>: 斯嘉丽一直心无旁骛的心中只有一个人，即使作者在斯嘉丽的开场做了独特的安排，但她面对生活心里想要的和玫琳一样,<手机用户707938976>: 一如既往的喜欢！,<mtoc>: 坐等诺贝尔文学奖,<北京人在迈阿密>: 到底有没有去Bonaventure 墓园呢]
moonsway	#我们90后# ​​​	[<月亮的猪耳朵>: 回复 @惨绿少女静流 :世界终究是野心家的啊，历史为他们加持，新年快乐！,<王肉松_>: #你们90后# [拜拜],<iikotokittokuru>: 真羡慕你们“90后”，我这种土埋半截子的人,<WmChAo>: 你必须是90后呀！妥妥的,<Lisa_Q>: 我也是90后啦啦啦,<惨绿少女静流>: 想起我似乎从来没有生龙活虎地label过自己，兴许早就变成了表面要死不活的野心家。,<八大山债人>: 日，混吃等死  #平常中粘人# // @资深少女之心 : 非常中年人,<曲遥clover>: 所以你不是九零后？！,<景西夏的森林>: 可不可以为最后一句点赞？说到我心里去了[抓狂],<fe1ng>: 最后一段台湾腔！[嘻嘻],<我要骑大象看熊>: 哈哈哈，确实一模一样啊！,<EIRA_EIRA>: 我也是90后刚毕业[笑cry]]
moonsway	亚特兰大 ​​​	[<月亮的猪耳朵>: 回复 @四楼的小绛 : 去查尔斯顿和萨凡那吧。,<月亮的猪耳朵>: 回复 @七月的嘤咛 : 确实没有，不过我是植物盲，所以也未必可信[哈哈],<月亮的猪耳朵>: 回复 @一罐寡言 : 难道是在Ann Arbor那边？我在底特律呆的时间不长，天天就在办公楼里晃,<cyticas>: 唉 亚特兰大还是不错哒 就是我们tech太坑爹  @丧心病狂黄大帅  我觉得博主住的是midtown 100附近啊哈哈哈哈 难道是我儿子的邻居,<高压胡萝卜>: 郝思嘉的南方 听起来太迷人了,<塑造自我需要想象力和行动力>: 这篇真的有点吃力,<文武双全的武小姐>: 讲真 住在downtown真的体会不到atlanta的好，你要是住buckhead，midtown，duluth，sandy springs等等，你体会到的又是不一样的亚城。南方的纽约称不上，但是却是是南方的热情[爱心]️,<Slin_L>: 一篇读来，禁不住怀念当年在南方的生活，南方的热情和他们的口音,<四楼的小绛>: 美国南方是一场夏日午后的旧梦，想去看看满是老橡树的街区或者麦卡勒斯的破旧小镇,<iikotokittokuru>: 你描写南方的时候总是会有味道渗出来，而且好希望桃树街会有桃树呢,<一罐寡言>: 在离底特律很近的地方 居然错过了你 [大哭]]
moonsway	去年这个时候正在飞往南美的航班上啊[doge] ​​​	[<月亮的猪耳朵>: 回复 @一罐寡言 :[可爱][害羞][害羞][doge],<贝拉Ciao>: 真要改行了[偷笑],<溪咻>: 如果未来平行于毛姆，毛姆应该不会心生邪恶，至少可以灭灭他的威风,<tilyur>: 好筆頭。什麼時候出書？等著哦[微笑],<飞檐走壁我去去就来>: 回复 @Mu9xu :[大哭][大哭][大哭]你要保佑我,<iikotokittokuru>: 刚睁眼，趟在床上看，被那些复杂的人名和那浓浓的异国氛围整晕了。好有镜头感的文字。,<Mu9xu>: 我得艾特一个明天出发的人  @基督山小切糕,<吃拉面的皮尔森>: 很陌生的感觉，加上文章太长，我看完后还是一头雾水。,<Rex_zanzibar>: 对南美有很多很多的爱。暑假去了智利，有山有水有海有冰川还有沙漠！秘鲁也要加入list了,<一罐寡言>: 这篇好可爱！越来越喜欢你了]
moonsway	换个姿寺，再来一次。 ​​​	[<武田大膳大夫晴信>: 现在官方对越南战争避而不谈，相关影视几乎空白。// @殆知阁 : 回复 @一罐寡言 :。 // @一罐寡言 : @殆知阁  这篇好好 呆叔给转转呗,<平岗细草>: // @殆知阁 : 回复 @一罐寡言 :。 // @一罐寡言 : @殆知阁  这篇好好 呆叔给转转呗,<殆知阁>: 回复 @一罐寡言 :。,<一罐寡言>: @殆知阁  这篇好好[大哭] 呆叔给转转呗,<一罐寡言>: 这篇看的有点想哭。 说不上来，感觉大的时代背景下，人就是小小的齿轮，怎么努力也逃不过宿命。但明知道是这样，看着一个小小的作为人的个体还是很难不被触动。,<慧明GG>: 都是驱使别家男儿上战场搏命啊。,<蝴蝶薇安>: 我的父亲曾经参与过的那一场战斗。,<噶尓比>: 写的真好，是真好的那种真好,<Keepnyorker>: 看的让人几生感慨。,<一人木木夕>: 太好了！看起来很舒服！之前没好意思留言说改便签之类[嘻嘻]]
moonsway	我，国贸范佩西，又回来了！[奥特曼] ​​​	[<一枝春熊>: 背影好帅[哆啦A梦花心],<Helen_Hao_>: 回复 @月亮的猪耳朵 :得嘞！,<月亮的猪耳朵>: 回复 @隐于北极 :精选出来的[哈哈][哈哈],<月亮的猪耳朵>: 回复 @Jerry的碎月 :[害羞][害羞][害羞],<月亮的猪耳朵>: 回复 @淡豹 :我是你老去时的呼吸,<月亮的猪耳朵>: 回复 @_Minimum_ :下次踢球前找你蹭饭！,<月亮的猪耳朵>: 回复 @tilyur :摆拍是王道[耶],<隐于北极>: 哈哈造型摆得不错！,<淡豹>: @荞麦chen  这个人好老..,<Helen_Hao_>: 哈哈哈……泛国贸区的小郝同学欢迎月亮回来,<tilyur>: 有點范大將軍之范[开心]]
moonsway	新奥尔良。 ​​​	[<月亮的猪耳朵>: 回复 @鱼团团团 :我才二十岁啊，怎么是几十年前[拜拜],<月亮的猪耳朵>: 回复 @瓶中精灵-咪咪 :谢谢[笑cry],<月亮的猪耳朵>: 回复 @Michelle梦游中 :很生动啊[鼓掌],<月亮的猪耳朵>: 回复 @玫瑰星球的十公里小姐 :大部分其实不能算狂欢随意，新奥尔良是个特例。南方整体是保守沉闷的,<月亮的猪耳朵>: 回复 @小路_Q :而且是怪异的19世纪,<月亮的猪耳朵>: 回复 @daffia :我后来又去过[嘻嘻][嘻嘻][嘻嘻],<鱼团团团>: 以几十年前就通读世界史的功力，小试牛刀信手拈来吧[威武],<我的邻居是音乐家>: 我好爱你，和真正爱你的那些人一样爱你。,<慕川啊>: 讲真，写的比实地儿好,<虎莲>: Katrina之后没有再去过。那种脏乱的生机如故么。,<马杪杪>: 长微博太丑了 可是写得这么好[心][心],<难过的时候想想宇宙>: 6月去了新奥尔良,<Sophie_zhaoyt>: @露茜不是露茜是露茜,<瓶中精灵-咪咪>: 感觉这篇文章是这一系列中最好的一篇,<thirtythousandfeet>: 「假如有一天你到新奥尔良，也一定要去Magazine街上的第二次世界大战博物馆。这是我在美国参观过的最好的博物馆之一……尽管确实是从美国的视角出发，但仍然十分得体的以一种不耀武扬威，不说谎，也不煽动仇恨的方式纪念那场空前的战争，以及被卷入其中数以亿计的无辜生命，无论他们站在战壕的哪边。」,<firefliesss>: 已经非去不可了…[失望],<雪山霏湖>: 文字的节奏和韵律，真是不要太好！,<djh苹果树>: 最後一段太頂贊[赞],<Michelle梦游中>: 我们也住在河边的希尔顿，楼下就是打折商城，走几个街区到French quarter,一入夜路上的大巴车里八九岁的黑人白人小孩子和着激烈的hit hop抖胸摇臀。波旁街上二楼的阳台不时地扔下好多串珠子引起街上人群里一阵阵尖叫。巫术商店里各种奇奇怪怪的物件让人不敢抬头哪怕眼角瞥到也在心里念一句上帝保佑。,<daffia>: 太崇拜你了，多久前的事居然细节感触这么丰富。当律师太可惜了[哈哈],<小马跨大江>: 爵士、Gumbo Soup、Crawfish……,<玫瑰星球的十公里小姐>: 很喜欢美国。除了在美剧老友记、威尔与格蕾丝里了解的纽约，最喜欢美国南方，路易斯安娜州、密西西比州，这些都是高晓松介绍过的狂欢随意的美利坚国土。自由与热烈洒满整片热土，他们的征途才真正是星辰大海。,<小路_Q>: 就是觉得怪怪的 不象美国又不象欧洲的地方 时间好像停在了19世纪,<塑造自我需要想象力和行动力>: 文字节奏感不要太好,<lightupseven7>: 美 画面感十足！,<smilingberyl>: 如果在文中再配几幅图片就更好了，[微风][good],<-简亦->: 写的真好！[心],<S小餅>: 这是必须出书的节奏啊]
moonsway	最近在努力转职摄影师。缅因的秋天，关于红叶和大海，日出与银河。关于我想表达的一切。 ​​​	[<月亮的猪耳朵>: 回复 @浅灰色儿橡皮 :[右哼哼][右哼哼][右哼哼],<月亮的猪耳朵>: 回复 @明日天涯59 :[左哼哼][左哼哼][左哼哼],<月亮的猪耳朵>: 回复 @青执 :话说那里的明信片好像并不是这种风格,<月亮的猪耳朵>: 回复 @逃亡者的恰恰 :被恰恰老师称赞了，心花怒放,<明日天涯59>: 颜色真好但是有种被盗号了的感觉,<青执>: 美丽得想讨要一张明信片。,<逃亡者的恰恰>: 天啊好美！牛逼的耳朵君！]
