photobymoon	#谢谢你出现在我的青春里# 合肥站/南昌站谢谢每一位来现场的小仙女们[心] ​​​	[<齐童童童童童奥>: #谢谢你出现在我的青春里#   #金浩森#   #MOON文子#  [太开心][太开心][太开心][太开心][太开心],<齐童童童童童奥>: #谢谢你出现在我的青春里#   #金浩森#   #MOON文子#  所以，你愿意跟我一起喝露水吗,<齐童童童童童奥>: #谢谢你出现在我的青春里#   #金浩森#   #MOON文子#  只喝露水的那种,<齐童童童童童奥>: #谢谢你出现在我的青春里#   #金浩森#   #MOON文子#  我不管我也是小仙女,<齐童童童童童奥>: #谢谢你出现在我的青春里#   #金浩森#   #MOON文子#  [太开心][太开心][太开心][太开心][太开心],<齐童童童童童奥>: #谢谢你出现在我的青春里#   #金浩森#   #MOON文子#  你就是小太阳,<齐童童童童童奥>: #谢谢你出现在我的青春里#   #金浩森#   #MOON文子#  [太阳][太阳][太阳][太阳],<齐童童童童童奥>: #谢谢你出现在我的青春里#   #金浩森#   #MOON文子#  越来越喜欢你,<齐童童童童童奥>: #谢谢你出现在我的青春里#   #金浩森#   #MOON文子#  想去[悲伤],<齐童童童童童奥>: #谢谢你出现在我的青春里#   #金浩森#   #MOON文子#  认真的你有点帅,<一张王义博夫人>: 说实话，南京签售的地儿真小,<夢裡不知何處>: 回复 @YooYeonseok :我可能还在楼梯上排队[泪],<这里是七月Seven>: #谢谢你出现在我的青春里#   #MOON文子#   #金浩森#,<XieXin叭>: 人太多挤不进去 [眼泪] [眼泪] [眼泪] [眼泪]  http://t.cn/RKcSrc9,<尾生寺>: 回复 @HWL-L零零 :桂林站的！！！,<YooYeonseok>: @夢裡不知何處  有你吗,<薯片可乐轮滑吉他>: #MOON文子#  文子最可耐了[西瓜][西瓜][西瓜],<淮上请眠>: 我们安徽也就合肥了其他地方都没有被临幸到呢，长这么大还没去过省会的可怜孩子就是我555[泪],<你说的那句多年以后->: 没见到你们算是遗憾 #金浩森#   #MOON文子#   #谢谢你出现在我的青春里#,<MOON青枳>: #MOON文子#   #金浩森#  ,<MOON青枳>: #谢谢你出现在我的青春里#  ,<MOON青枳>: 山东山东 #谢谢你出现在我的青春里#   #金浩森#   #MOON文子#  ,<MOON青枳>: 辛苦辛苦，拜托来山东啊 #谢谢你出现在我的青春里#   #MOON文子#   #金浩森#  ,<MOON青枳>: [爱你][爱你],<MOON青枳>: 大美山东欢迎你们[心],<MOON青枳>: 来山东吧 #谢谢你出现在我的青春里#  ,<MOON青枳>: #谢谢你出现在我的青春里#  ,<lidainm>: 来桂林么 啥时候,<LIXLIXX>: 回复 @老腊肉金十八 :嗯 我知道你在说我,<十八我是碧儿>: #谢谢你出现在我的青春里#   #金浩森#   #MOON文子#  还有小仙男嗷[喵喵],<撩人的金浩森的小老婆>: #谢谢你出现在我的青春里#   #金浩森#   #MOON文子#  ,<小七5976563131>: 为你而来何来惋惜,<沐笉Rire>: 回复 @沈放初 :[笑cry]大家一起贴的,<沈放初>: 图3手臂上 大家都一起纹的？[疑问],<Hypnotic解药>: 回复 @Only木木夕 :确实是,<Alice_欣月>: 哇我那个抓拍真是笑的可怕[拜拜][二哈],<时光笑我予你情深>: 哇哇哇[色][色][色],<栀子unique>: 大合照只有我一个用横幅遮住了全部的脸[允悲][允悲],<红花绿烨->: ？？？？南昌，我放假了你们去南昌？！！哭死我，,<韩韩1230>: 人群中有两张我看到了我自己[笑cry],<容易吃胖的金三木>: 很开心见到你们[爱心]️拍到了两次甚是开心,<是如简啊>: 没有去很遗憾，活动开始的时候，趴在床上哭[微笑],<白驹过隙o3o>: 谢谢你们来南昌 你和浩森都辛苦了。 @金浩森,<裴婉思>: 虽然没能在合肥看成你们，因为那个时候在回家的路上（家是内蒙古），可是，我想，以后一定还会有机会，毕竟，我的婚纱照要让你们拍。[爱你][爱你][爱你],<海石飞鸟>: 哭出眼泪！！！！！7.7.离开合肥回家！好伤心！！！！！啊啊啊啊啊！要哭了,<金家小阿花>: 谢谢你来到我们的城市,<啊侑皋->: 可是应该也许……有男生吧🙉,<比心心给你->: 回复 @一只傻狍子的修仙之路 :你走！,<一只傻狍子的修仙之路>: 回复 @比心心给你- :小朋友[眼泪],<比心心给你->: 回复 @一只傻狍子的修仙之路 :没脸挺好]
photobymoon	遇到可爱的人生活一下子不艰难了街道也好晚风也罢都很甜[心][微风]MOON客片 ​​​	[<斑马66406>: 回复 @匿名木子 :[心]看[心]黃[心]片+猬信:LML3318～～～～～～～劲爆～～～～～～～～～～～～～～～～～～～～～～～～～～～～～～～～～～～～～～～啦啦啦啦啦啦啦啦啦啦啦啦啦啦啦啦啦啦啦啦啦啦啦啦啦啦啦啦啦啦啦啦啦啦啦啦啦啦啦啦啦啦啦啦啦啦啦啦啦啦啦啦啦啦啦啦啦啦x,<裴婉思>: 遇见遇见，《夏至未至》里演技很好！,<Crush_45>: 回复 @W是小红吖 :秘密行动还有吗,<甩了20斤走路都带风>: 回复 @MOON文子 :像我这种身材完全不用怕拍照,<----LoRi---->: @哆小A啦光  类似这种,<某媛Ja>: 遇见好美[馋嘴],<陌生人会难过>: 遇见 @夏梓桐  ,<秋裤的春天来了>: @MOON文子    @老腊肉金十八    #谢谢你出现在我的青春里#   #MOON文子#   #金浩森#  我难道不够可爱吗？  http://t.cn/RKqkpyp,<Nicole妃英理>: 分享一个漂亮的学霸姐姐  http://t.cn/RKqrSHL,<匿名木子>: 回复 @MOON摄影工作室 :放心，我们最爱的还是你[笑而不语],<匿名木子>: 回复 @MOON文子 :渣浪，真的是举报也没用[摊手],<Asdingo-man>: Ranran Suzuki 铃木兰々,<帅气的木子_>: 差点以为你公开了[允悲][允悲][允悲],<anjude口丿口>: 哇，原来这是遇见,<CHENYU卍>: 只要是你，晚点都没有关系,<丫头的潴潴>: 哪里有日期？原名叫什么,<木糖兔lcl>: 这不是遇见？夏梓桐么[爱你],<唯寒baby>: 希望称为像你一样的人 @MOON文子,<0402妖艳jingle>: 回复 @MOON文子 :[心]看[心]黃[心]片+猬信:LML3318～～～～～～～劲爆～～～～～～～～～～～～～～～～～～～～～～～～～～～～～～～～～～～～～～～啦啦啦啦啦啦啦啦啦啦啦啦啦啦啦啦啦啦啦啦啦啦啦啦啦啦啦啦啦啦啦啦啦啦啦啦啦啦啦啦啦啦啦啦啦啦啦啦啦啦啦啦啦啦啦啦啦啦k,<木槿小说>: 哇，是遇见啊[憧憬],<陈漫漫的肥肥腰和胖胖腿>: @大宝贱丶  好看,<春风十里的地方>: 这组短发拍的超甜美[兔子][兔子] @MOON文子,<半落H>: 可爱善良的人 多希望多遇见一点,<大漠谣文青小生活>: 欢迎关注古南小镇 @古南小镇   ，一个懂你心灵的地方,<我就是喜欢相柳>: 这是夏至未至的遇见吗,<ZYH轻舟已过山万重>: 恩没错，我就是那个可爱的人[微笑],<土豆姑娘爱吃白菜>: 回复 @MOON文子 :你好好想想，你为什么会被卖片的盯上[笑而不语],<浩瀚星空的硬币呀>: #目纹分享#   #MOON客片#   #谢谢你出现在我的青春里#  美美哒,<Froerove>: 希望我能去杭州读大学  喜欢你们的照片，我特别想有机会去别止，你们的小迷妹,<北堂昕>: 原来是你！！遇见！！！[心],<茶蛋LOVE>: 啊啊啊！遇见 你,<里粒粒里>: 我怎么说眼熟，原来是遇见,<7Enid>: 遇见[爱你][爱你][爱你][爱你][爱你],<你是我心心念念的李苏苏>: 遇见小姐姐[太开心],<肥皂荣誉出品>: 并不是所有女生都能驾驭短发[笑而不语],<零PIAOPIAO>: 是那种让人喜欢不起来的人,<奇奇奇怪的她>: @夏梓桐   [doge],<幸运颖0525>: 买微信号，号里必须要四千人左右（活人） 有合适的联系我！,<超级英雄turbo>: 遇见！！哈哈哈哈！美爆了！！,<火龙果antenna>: 回复 @金浩森摄影学院 :[心]看[心]黃[心]片+猬信:LML3318～～～～～～～劲爆～～～～～～～～～～～～～～～～～～～～～～～～～～～～～～～～～～～～～～～啦啦啦啦啦啦啦啦啦啦啦啦啦啦啦啦啦啦啦啦啦啦啦啦啦啦啦啦啦啦啦啦啦啦啦啦啦啦啦啦啦啦啦啦啦啦啦啦啦啦啦啦啦啦啦啦啦啦e,<Lst-TRIANGEL>: 美丽 招网拍模特呀[看看],<声音33975>: 回复 @MOON文子 :[心]看[心]黃[心]片+猬信:LML3318～～～～～～～劲爆～～～～～～～～～～～～～～～～～～～～～～～～～～～～～～～～～～～～～～～啦啦啦啦啦啦啦啦啦啦啦啦啦啦啦啦啦啦啦啦啦啦啦啦啦啦啦啦啦啦啦啦啦啦啦啦啦啦啦啦啦啦啦啦啦啦啦啦啦啦啦啦啦啦啦啦啦啦b,<柒梔耳>: #谢谢你出现在我的青春里#   #金浩森#   #MOON文子#   #目纹分享#  [偷笑][偷笑][偷笑],<柒梔耳>: #谢谢你出现在我的青春里#   #金浩森#   #MOON文子#   #目纹分享#  开心开心,<柒梔耳>: #谢谢你出现在我的青春里#   #金浩森#   #MOON文子#   #目纹分享# 你们就要回杭州咯,<柒梔耳>: #谢谢你出现在我的青春里#   #金浩森#   #MOON文子#   #目纹分享#  [心][心][心],<柒梔耳>: #谢谢你出现在我的青春里#   #金浩森#   #MOON文子#   #目纹分享#  [挤眼],<柒梔耳>: 生活因你们而精彩 #谢谢你出现在我的青春里#   #金浩森#   #MOON文子#   #目纹分享#  ,<柒梔耳>: #谢谢你出现在我的青春里#   #金浩森#   #MOON文子#   #目纹分享#  [哈哈][哈哈][哈哈],<柒梔耳>: #谢谢你出现在我的青春里#   #金浩森#   #MOON文子#   #目纹分享#  [羞嗒嗒],<柒梔耳>: 哈哈哈哈 #谢谢你出现在我的青春里#   #金浩森#   #MOON文子#   #目纹分享#  ,<柒梔耳>: #谢谢你出现在我的青春里#   #金浩森#   #MOON文子#   #目纹分享#  我就是那个可爱的人呀]
photobymoon	后来我们才发现，哪里是喜欢什么旅行，就是喜欢和喜欢的人在一起[心]#谢谢你出现在我的青春里# ​​​	[<谢谢你出现在我的青春里2017>: 谢谢你出现在我的青春里 @MOON文子   #谢谢你出现在我的青春里#   #MOON文子#   #金浩森#,<谢谢你出现在我的青春里2017>: 那个她在等着你走向她 @MOON文子   #谢谢你出现在我的青春里#   #MOON文子#   #金浩森#,<谢谢你出现在我的青春里2017>: 等待很漫长，但你会收获不一样的风景 @MOON文子   #谢谢你出现在我的青春里#   #MOON文子#   #金浩森#,<谢谢你出现在我的青春里2017>: 遇到对的人，与她长相厮守吧 #谢谢你出现在我的青春里#   #MOON文子#   #金浩森#,<-dao纛ZJ>: 喜欢你们的才华[害羞][害羞][害羞],<唐恩啊>: 回复 @最美14岁 :[二哈][二哈][二哈],<最美14岁>: 回复 @唐恩啊 :恶心人你,<唐恩啊>: @最美14岁   [doge]哪里是喜欢旅行就是喜欢和森哥在一起,<朵朵的感情挽回指导i>: 回复 @氢化砷_ :分手后挽l回的只有绝情？如果在你的努力挽l回下，对方对你绝情了，那唯一的可能性就i是你用错了方法。是不是在分手后因为害怕失去对方，于是你做出死缠烂打、苦苦哀求等行为，导致他对你彻底失去了耐心？怎样才是挽l回一个人的正确方法呢？请关注 @失恋分手挽l回情感导师朵朵,<MOON洱海>: [爱心]️[爱心]️[爱心]️[爱心]️ #MOON文子#  ,<MOON洱海>: 去哪里不重要和谁去才重要 #MOON文子#  ,<MOON洱海>: 没错 #MOON文子#  ,<52玖>: 谢谢你出现在我的青春里,<马一芽>: @SUPER賀文輝   嗯我也是,<PP兴>: 不顾一切 放下所有 只为和喜欢的人一起去旅行 希望之后有这样的机会吧[心],<--Ckang>: @韩不愁  只要有你在的地方，我去哪都可以，只要和你在一起。,<MOON--九九>: #金浩森#   #MOON文子#   #谢谢你出现在我的青春里-文子,金浩森[图书]# [熊猫][熊猫][熊猫],<MOON--九九>: #谢谢你出现在我的青春里-文子,金浩森[图书]# [心][心]喜欢的人,<MOON--九九>: [心][心] #金浩森#   #MOON文子#   #谢谢你出现在我的青春里-文子,金浩森[图书]# #目纹分享#  ,<MOON--九九>: #MOON文子#   #金浩森#   #谢谢你出现在我的青春里-文子,金浩森[图书]# 秀恩爱[摊手],<MOON--九九>: #MOON文子#   #金浩森#   #谢谢你出现在我的青春里-文子,金浩森[图书]# [摊手][摊手],<MOON--九九>: #MOON文子#   #金浩森#   #谢谢你出现在我的青春里-文子,金浩森[图书]# [熊猫]嗯哼,<MOON--九九>: 一起去旅行 #谢谢你出现在我的青春里-文子,金浩森[图书]#,<MOON--九九>: 一起 #金浩森#   #MOON文子#  ,<MOON--九九>: #MOON文子#  [太开心][太开心][太开心],<莫遇madman>: 所以你就是喜欢和森哥在一起！[哈哈][哈哈],<久夏暮年om>: 重点不是去哪儿干什么而是和谁一起去。,<一个喜欢大冰的文艺小青年>: 谢谢你出现在合肥,<森迷呀>: 晚安嘍 #MOON文子#   #谢谢你出现在我的青春里#  ,<森迷呀>: 和喜歡的人一起，去哪都是旅行 #MOON文子#   #目纹分享#   #谢谢你出现在我的青春里#  ,<MYsir-吾爱>: 没错啊，和喜欢的人在一起哪里都是旅行。 @金浩森    @MOON文子   ,<森迷呀>: #谢谢你出现在我的青春里#  ,<MOON__九九>: #金浩森#   #MOON文子#   #目纹分享#,<MOON__九九>: [允悲][允悲] #MOON文子#   #金浩森#   #谢谢你出现在我的青春里-文子,金浩森[图书]#,<MOON__九九>: #金浩森#   #MOON文子#  喜欢浩森就直说,<MOON__九九>: 哈哈哈哈哈，你脸好了？？？？ #金浩森#   #谢谢你出现在我的青春里-文子,金浩森[图书]# #MOON文子#   #目纹分享#,<MOON__九九>: #谢谢你出现在我的青春里-文子,金浩森[图书]#,<MOON__九九>: [喵喵][喵喵][喵喵] #金浩森#   #MOON文子#,<MOON__九九>: #金浩森#   #MOON文子#   #谢谢你出现在我的青春里-文子,金浩森[图书]# #目纹分享#,<MOON__九九>: #金浩森#   #MOON文子#   #谢谢你出现在我的青春里-文子,金浩森[图书]#,<MOON__九九>: #MOON文子#   #金浩森#,<MOON__九九>: #谢谢你出现在我的青春里-文子,金浩森[图书]# #MOON文子#  ,<-Deniece彤->: 文子今天辛苦了，晚安，你真的瘦了，觉得你像个大男孩，和善腼腆可爱[心],<金金金浩森的媛子呀>: 看一看世界的繁华 #金浩森#   #MOON文子#   #目纹分享#   #谢谢你出现在我的青春里#,<金金金浩森的媛子呀>: 曾经想仗剑走天涯[眼泪]  #金浩森#   #MOON文子#   #目纹分享#   #谢谢你出现在我的青春里#,<齐童童童童童奥>: #谢谢你出现在我的青春里#   #金浩森#   #MOON文子#  你丑了 我也会爱你的 你放心吧,<齐童童童童童奥>: #谢谢你出现在我的青春里#   #金浩森#   #MOON文子#  哎～我也是为你操碎了心,<齐童童童童童奥>: #谢谢你出现在我的青春里#   #金浩森#   #MOON文子#  反正你可长点心吧 哈,<齐童童童童童奥>: #谢谢你出现在我的青春里#   #金浩森#   #MOON文子#  也可能是喝酒喝的[允悲],<齐童童童童童奥>: #谢谢你出现在我的青春里#   #金浩森#   #MOON文子#  我最近也爆痘，可能是被你传染了]
photobymoon	[微风] ​​​	[<柒梔耳>: 真的好郁闷的一天 #谢谢你出现在我的青春里#   #金浩森#   #MOON文子#   #目纹分享#  [衰]// @MOON文子 :既然看不了全套，我觉得我可以发个当天拍摄的视频可还行？// @金浩森 :你这么一张一张发，估计这几套图明年才能发完吧[顶][笑cry]// @白敬亭 ： @MOON文子   @金浩森  是不是都不用修图[并不简单] ,<柒梔耳>: #谢谢你出现在我的青春里#   #金浩森#   #MOON文子#   #目纹分享#  睡啦// @MOON文子 :既然看不了全套，我觉得我可以发个当天拍摄的视频可还行？// @金浩森 :你这么一张一张发，估计这几套图明年才能发完吧[顶][笑cry]// @白敬亭 ： @MOON文子   @金浩森  是不是都不用修图[并不简单] ,<柒梔耳>: #谢谢你出现在我的青春里#   #金浩森#   #MOON文子#   #目纹分享#  [心]// @MOON文子 :既然看不了全套，我觉得我可以发个当天拍摄的视频可还行？// @金浩森 :你这么一张一张发，估计这几套图明年才能发完吧[顶][笑cry]// @白敬亭 ： @MOON文子   @金浩森  是不是都不用修图[并不简单] ,<柒梔耳>: 看到咯 #谢谢你出现在我的青春里#   #金浩森#   #MOON文子#   #目纹分享#  // @MOON文子 :既然看不了全套，我觉得我可以发个当天拍摄的视频可还行？// @金浩森 :你这么一张一张发，估计这几套图明年才能发完吧[顶][笑cry]// @白敬亭 ： @MOON文子   @金浩森  是不是都不用修图[并不简单] ,<柒梔耳>: [月亮] #谢谢你出现在我的青春里#   #金浩森#   #MOON文子#   #目纹分享#  // @MOON文子 :既然看不了全套，我觉得我可以发个当天拍摄的视频可还行？// @金浩森 :你这么一张一张发，估计这几套图明年才能发完吧[顶][笑cry]// @白敬亭 ： @MOON文子   @金浩森  是不是都不用修图[并不简单] ,<柒梔耳>: #谢谢你出现在我的青春里#   #金浩森#   #MOON文子#   #目纹分享#  安// @MOON文子 :既然看不了全套，我觉得我可以发个当天拍摄的视频可还行？// @金浩森 :你这么一张一张发，估计这几套图明年才能发完吧[顶][笑cry]// @白敬亭 ： @MOON文子   @金浩森  是不是都不用修图[并不简单] ,<柒梔耳>: #谢谢你出现在我的青春里#   #金浩森#   #MOON文子#   #目纹分享#  晚// @MOON文子 :既然看不了全套，我觉得我可以发个当天拍摄的视频可还行？// @金浩森 :你这么一张一张发，估计这几套图明年才能发完吧[顶][笑cry]// @白敬亭 ： @MOON文子   @金浩森  是不是都不用修图[并不简单] ,<柒梔耳>: #谢谢你出现在我的青春里#   #金浩森#   #MOON文子#   #目纹分享#  辛苦的一天// @MOON文子 :既然看不了全套，我觉得我可以发个当天拍摄的视频可还行？// @金浩森 :你这么一张一张发，估计这几套图明年才能发完吧[顶][笑cry]// @白敬亭 ： @MOON文子   @金浩森  是不是都不用修图[并不简单] ,<柒梔耳>: 现在才看到 #谢谢你出现在我的青春里#   #金浩森#   #MOON文子#   #目纹分享#  // @MOON文子 :既然看不了全套，我觉得我可以发个当天拍摄的视频可还行？// @金浩森 :你这么一张一张发，估计这几套图明年才能发完吧[顶][笑cry]// @白敬亭 ： @MOON文子   @金浩森  是不是都不用修图[并不简单] ,<西西最乖>: 棒棒哒！小白的全套图全套视频都要！谢谢,<舟舟舟阿花xin>: 表白 #谢谢你出现在我的青春里#   #金浩森#   #MOON文子#  // @MOON文子 :既然看不了全套，我觉得我可以发个当天拍摄的视频可还行？// @金浩森 :你这么一张一张发，估计这几套图明年才能发完吧[顶][笑cry]// @白敬亭 ： @MOON文子   @金浩森  是不是都不用修图[并不简单] ,<舟舟舟阿花xin>: [心][心][心] #谢谢你出现在我的青春里#   #金浩森#   #MOON文子#  // @MOON文子 :既然看不了全套，我觉得我可以发个当天拍摄的视频可还行？// @金浩森 :你这么一张一张发，估计这几套图明年才能发完吧[顶][笑cry]// @白敬亭 ： @MOON文子   @金浩森  是不是都不用修图[并不简单] ,<舟舟舟阿花xin>: 你不发小可爱们都想炸你了 #谢谢你出现在我的青春里#   #金浩森#   #MOON文子#  // @MOON文子 :既然看不了全套，我觉得我可以发个当天拍摄的视频可还行？// @金浩森 :你这么一张一张发，估计这几套图明年才能发完吧[顶][笑cry]// @白敬亭 ： @MOON文子   @金浩森  是不是都不用修图[并不简单] ,<舟舟舟阿花xin>: 耶 #谢谢你出现在我的青春里#   #金浩森#   #MOON文子#  // @MOON文子 :既然看不了全套，我觉得我可以发个当天拍摄的视频可还行？// @金浩森 :你这么一张一张发，估计这几套图明年才能发完吧[顶][笑cry]// @白敬亭 ： @MOON文子   @金浩森  是不是都不用修图[并不简单] ,<_Wang十七>: 视频呢[doge],<星见2005>: #谢谢你出现在我的青春里#   #MOON文子#   #金浩森#   #目纹分享#  [爱你][心][爱你] // @MOON文子 :既然看不了全套，我觉得我可以发个当天拍摄的视频可还行？// @金浩森 :你这么一张一张发，估计这几套图明年才能发完吧[顶][笑cry]// @白敬亭 ： @MOON文子   @金浩森  是不是都不用修图[并不简单] ,<星见2005>: #谢谢你出现在我的青春里#   #MOON文子#   #金浩森#   #目纹分享#  [心][鲜花][心] // @MOON文子 :既然看不了全套，我觉得我可以发个当天拍摄的视频可还行？// @金浩森 :你这么一张一张发，估计这几套图明年才能发完吧[顶][笑cry]// @白敬亭 ： @MOON文子   @金浩森  是不是都不用修图[并不简单] ,<星见2005>: #谢谢你出现在我的青春里#   #MOON文子#   #金浩森#   #目纹分享#  [心][鲜花][微风] // @MOON文子 :既然看不了全套，我觉得我可以发个当天拍摄的视频可还行？// @金浩森 :你这么一张一张发，估计这几套图明年才能发完吧[顶][笑cry]// @白敬亭 ： @MOON文子   @金浩森  是不是都不用修图[并不简单] ,<星见2005>: #谢谢你出现在我的青春里#   #MOON文子#   #金浩森#   #目纹分享#  [微风][心][微风] // @MOON文子 :既然看不了全套，我觉得我可以发个当天拍摄的视频可还行？// @金浩森 :你这么一张一张发，估计这几套图明年才能发完吧[顶][笑cry]// @白敬亭 ： @MOON文子   @金浩森  是不是都不用修图[并不简单] ,<星见2005>: #谢谢你出现在我的青春里#   #MOON文子#   #金浩森#   #目纹分享#  [爱你][爱你][爱你] // @MOON文子 :既然看不了全套，我觉得我可以发个当天拍摄的视频可还行？// @金浩森 :你这么一张一张发，估计这几套图明年才能发完吧[顶][笑cry]// @白敬亭 ： @MOON文子   @金浩森  是不是都不用修图[并不简单] ,<星见2005>: #谢谢你出现在我的青春里#   #MOON文子#   #金浩森#   #目纹分享#  [鲜花] // @MOON文子 :既然看不了全套，我觉得我可以发个当天拍摄的视频可还行？// @金浩森 :你这么一张一张发，估计这几套图明年才能发完吧[顶][笑cry]// @白敬亭 ： @MOON文子   @金浩森  是不是都不用修图[并不简单] ,<星见2005>: #谢谢你出现在我的青春里#   #MOON文子#   #金浩森#   #目纹分享#  [心] // @MOON文子 :既然看不了全套，我觉得我可以发个当天拍摄的视频可还行？// @金浩森 :你这么一张一张发，估计这几套图明年才能发完吧[顶][笑cry]// @白敬亭 ： @MOON文子   @金浩森  是不是都不用修图[并不简单] ,<星见2005>: #谢谢你出现在我的青春里#   #MOON文子#   #金浩森#   #目纹分享#  [微风] // @MOON文子 :既然看不了全套，我觉得我可以发个当天拍摄的视频可还行？// @金浩森 :你这么一张一张发，估计这几套图明年才能发完吧[顶][笑cry]// @白敬亭 ： @MOON文子   @金浩森  是不是都不用修图[并不简单] ,<星见2005>: #谢谢你出现在我的青春里#   #MOON文子#   #金浩森#   #目纹分享#   // @MOON文子 :既然看不了全套，我觉得我可以发个当天拍摄的视频可还行？// @金浩森 :你这么一张一张发，估计这几套图明年才能发完吧[顶][笑cry]// @白敬亭 ： @MOON文子   @金浩森  是不是都不用修图[并不简单] ,<thedream李钟硕>: 看得我口水都流下来了,<咕咕叽和小啾啾>: 视频呀！！！！！！！！！,<Cathyy-->: 回复 @MOON文子 :8点9分了,<咕咕叽和小啾啾>: 回复 @MOON文子 :视频啊啊啊啊啊啊啊？,<我叫李柚子>: 文子老师一定是去吃饭了忘记了[doge],<头油怪物>: 回复 @MOON文子 :八点零七了,<陆之昂的小表弟>: 回复 @MOON文子 :！！！,<丫丫_霏>: 回复 @MOON文子 :八点啦！！,<-木子昂>: 回复 @MOON文子 :八点了八点了,<咕咕叽和小啾啾>: 回复 @MOON文子 :视频呢？！！！  http://t.cn/RKPowCD,<陆雨萱你>: 回复 @MOON文子 :八点四分啦,<茶茶小汤>: 快，文子，8点啦,<头油怪物>: 回复 @我叫李柚子 :我也是！,<咕咕叽和小啾啾>: 回复 @MOON文子 :人呢？！,<我叫李柚子>: 不行，我要等看完视频再去洗澡[泪],<我叫李柚子>: 回复 @MOON文子 :八点零三分了[疑问],<陆之昂的小表弟>: 回复 @MOON文子 :到点啦！,<名了->: 回复 @MOON文子 :八点两分了。what the fuck！！！！！,<WANG_QW>: 八点了八点啦！[羞嗒嗒],<白boss该更博了>: 回复 @MOON文子 :视频呢,<白敬亭手里的香菇>: 你迟到了[挖鼻][挖鼻] @MOON文子,<头油怪物>: 回复 @MOON文子 :在哪儿？？,<我叫李柚子>: 八点零一了[疑问],<名了->: hurry up,<淘小白码农>: 到点了  我的白白呢,<gaojing小盆友>: 回复 @MOON文子 :8点啦，文子,<清呀清呀呀清呀呀呀>: 还有3分钟就八点了哦[笑而不语],<lanyunounou>: 可以倒计时了。// @MOON文子 :既然看不了全套，我觉得我可以发个当天拍摄的视频可还行？// @金浩森 :你这么一张一张发，估计这几套图明年才能发完吧[顶][笑cry]// @白敬亭 ： @MOON文子   @金浩森  是不是都不用修图[并不简单] ]
photobymoon	呀  最近的客人都好美  仙美仙美的那种[微风]#谢谢你出现在我的青春里# ​​​	[<xx菡>: 鲜美鲜美的。。。。,<余生一度>: 你也是仙帅仙帅的[太开心][太开心][太开心][太开心] @MOON文子,<毛线小仙女i>: 以后本仙女也会去的 哼[摊手],<AselinLin>: 西瓜变异了，哈哈哈，脸色发白，[开心] [开心] [开心] [开心],<秋裤的春天来了>: 哎呀呀 好美啊 #谢谢你出现在我的青春里#   #MOON文子#   #金浩森#  ,<沈清欢dada>: 回复 @茕茕kriya :好[喵喵],<JHS袁梦婷>: 然后下周就可以做我的人生第一份兼职了 #谢谢你出现在我的青春里#   #金浩森#   #MOON文子#  ,<JHS袁梦婷>: 姥爷你告诉我怎么被法学通论吧 #谢谢你出现在我的青春里#   #金浩森#   #MOON文子#  ,<000000加油>: 文案应为:呀  最近的客人和以前的客人都好美  仙美仙美的那种[微风][喵喵]  #谢谢你出现在我的青春里#,<雀铮>: 以前的客人不爽了要,<玩一样的人生>: 回复 @MOON文子 :赞,<MysteryMman>: 那看来最近我不能去[喵喵],<季南往事>: 小姐姐好好看[污],<听说你叫王子卿>: 回复 @斗鱼九日 :对啊 白成那样了都[偷笑],<苦茶Tea清欢>: 回复 @苦茶Tea清欢 :眼睛好看,<斗鱼九日>: 回复 @听说你叫王子卿 :哈哈哈哈 因为不红是嘛[doge],<谭贝壳>: [偷笑]你们回别止了吗,<茕茕kriya>: 回复 @沈清欢dada :给老爷和浩森了呀[摊手] 还有小白,<沈清欢dada>: 回复 @茕茕kriya :脸呢宝贝[喵喵],<茕茕kriya>: 我们明明没有去[摊手] @沈清欢dada,<浩森的迷小妹>: 是不是美到你了[喵喵],<于佑佐>: 那还不赶快在客人里挑个女友,<西西弗卡>: 文姥爷，看上哪个了？赶紧带回来,<XYANHO>: 我说我那么不容易被记住是不是因为我的微博名不好记有普通呀，否则咋出现那么多次一次也没被回复过[思考][思考][思考][允悲][允悲][允悲] #谢谢你出现在我的青春里-文子,金浩森[图书]#,<XYANHO>: 所以，赶紧带一个回家给你爸妈高兴高兴[污][污][污],<言蹊也是黄恋慈呀>: 这块西瓜不太红[思考],<英俊的风少年>: 大兄弟，你也会有这样美美的仙女，给你做好吃的[加油],<英俊的风少年>: 祝你早点遇到喜欢的仙女啦 ～[月亮] #MOON文子#   #谢谢你出现在我的青春里#,<你说的那句多年以后->: 想要看一组你的照片[害羞][害羞] #谢谢你出现在我的青春里#   #MOON文子#   #金浩森#,<老腊肉栾十八>: 要不然下次叫浩森拍好多好多你吧,<我希望的不再只是希望>: 西瓜怎么是那样的,<兔子君bigocean>: 不仙不美的将来的客人怎么办 @MOON文子   [doge][doge],<小y同学是小y>: 被冻害了的西瓜[西瓜] [西瓜] [西瓜]  #MOON文子#  ,<小y同学是小y>: 你也很美呀    鲜美鲜美[污][污][污] @MOON文子    ,<缘结森>: 默默喜欢你们的我们更美呢[微笑][并不简单],<ZFiona__>: [微风] #金浩森#   #MOON文子#   #谢谢你出现在我的青春里#  ,<ZFiona__>: [心] #金浩森#   #MOON文子#   #谢谢你出现在我的青春里#  ,<ZFiona__>: #金浩森#   #MOON文子#   #谢谢你出现在我的青春里#  ,<棉棉籽>: 有看对眼的没[太开心],<在长安的马耳朵>: 你们的粉丝都很好看好嘛[污][并不简单],<大眼仔Octs>: 我关注的点在于西瓜是不是很甜🙊,<齐童童童童童奥>: #谢谢你出现在我的青春里#   #金浩森#   #MOON文子#  今天晚上喝了酒撸了串子，想睡觉,<齐童童童童童奥>: #谢谢你出现在我的青春里#   #金浩森#   #MOON文子#  再不空降我们吧麻辣小龙虾独吞喽,<邓三好啊>: 期待成为你即将见到的客人 #MOON文子#   #目纹分享#   #金浩森#   #谢谢你出现在我的青春里#  ,<蕾蕾的小阿飞>: 整天美女环绕你还好意思单身吗[允悲],<清呀清呀呀清呀呀呀>: 买了很多书送给了要好的朋友。大家最初都很不理解我怎么喜欢了你们这么多年。慢慢的看了书后，反响都特别好。说是第一次打开，像极了一个朋友，那些情节都一下撞击了自己，像扑面而来的时光，像一个个旧老友，像打开了时空隧道，入迷了..看到朋友们这样说，我真是好感动呢[泪]  http://t.cn/RoFr3Oc,<柚子ououou>: 不管，小仙女最美了[污][污][污],<MOON-与共>: 我们哈尔滨见哦[干杯][干杯][干杯],<初夏呀_>: 回复 @饭桶卿立君 :[握手][握手][握手],<饭桶卿立君>: 回复 @初夏呀_ :小手拉小手]
photobymoon	有些人说不出哪里好 就是取代不了[加油] ​​​	[<八六与八九>: 回复 @your嬉笑 :浩森也是智斌无法取代的[doge],<阿润小公举的小号>: 却还是依旧爱你 #金浩森#   #moon文子#   #谢谢你出现在我的青春里#  ,<阿润小公举的小号>: 对你的好我可以说得头头是道 #金浩森#   #moon文子#   #谢谢你出现在我的青春里#  ,<风吹拢的沙>: 回复 @宋宋不爱修图 :噢 忘记暑假这一茬[眼泪],<宋宋不爱修图>: 回复 @风吹拢的沙 :暑假估计每天人都多吧,<风吹拢的沙>: 回复 @宋宋不爱修图 :嗯嗯～尽量避开周末 玩一整天超开心der！,<宋宋不爱修图>: 回复 @风吹拢的沙 :还没去过，下次要去get[太开心],<宋宋不爱修图>: 回复 @金浩森摄影学院 :终于有一次在院院的楼上了[喵喵][喵喵][喵喵],<风吹拢的沙>: 回复 @宋宋不爱修图 :嗯嗯～横琴那边一点～,<宋宋不爱修图>: 回复 @风吹拢的沙 :真的啊？在广东珠海？,<吴世勋的小迷妹sehun>: 是啊。比如你和金浩森啊。 #谢谢你出现在我的青春里-文子,金浩森[图书]#,<zhangjingzj>: #谢谢你出现在我的青春里#   #谢谢你出现在我的青春里#   #谢谢你出现在我的青春里#  ,<zhangjingzj>: 春风再美也比不上你的笑，没见过的人不会明了[鲜花] #谢谢你出现在我的青春里#   #谢谢你出现在我的青春里#   #谢谢你出现在我的青春里#    #金浩森#   #谢谢你出现在我的青春里#  ,<zhangjingzj>: 春风再美也比不上你的笑，没见过的人不会 #谢谢你出现在我的青春里#   #谢谢你出现在我的青春里#   #谢谢你出现在我的青春里#    #金浩森#   #谢谢你出现在我的青春里#  明了,<阿柴柴靓怡>: 回复 @子康妹妹 :[亲亲],<凉生酱2013>: 就如你 @MOON文子   和他 @金浩森,<谢谢你出现在我的青春里2017>: 带不走的也丢不掉！ #谢谢你出现在我的青春里#   #金浩森#   #MOON文子#  ,<谢谢你出现在我的青春里2017>: 因为她已经占据了你的心[爱心]！ #谢谢你出现在我的青春里#   #金浩森#   #MOON文子#  ,<浩森ing>: 就像你和浩森 说不出你们哪好但就是一直喜欢你们啊,<sen_sol7>: 你们不可取代 #谢谢你出现在我的青春里#   #MOON文子#  ,<夏崇七>: 回复 @your嬉笑 :哈哈,<LHaDch>: 回复 @别止besides :对,<LHaDch>: 回复 @金浩森摄影学院 :虫，你太矮啦[允悲][允悲],<LHaDch>: 回复 @MOON摄影工作室重庆站 :哈哈哈,<Zara_珎>: 比如浩森[心]你们之间的友谊无可替代  http://t.cn/RoDlzHH,<小田同学e>: 比如你对于浩森，浩森对于你,<菲若xff>: 取代不了的文智斌,<会拍照的学长>: 不知道我们是不是去的同一个地方。  http://t.cn/RoDaRF2,<啊阿阿阿阿阿阿贞啊>: 比如金浩森[心] @金浩森,<冷沫-冷洛>: 最佳损友[心]，你和浩森[微风][微风],<陈伟霆的小迷妹99>: 特别喜欢海洋王国炒鸡美！！！,<锁骨下有顆痣>: 回复 @金浩森摄影学院 :我不来你能上去么？[并不简单],<氢化砷_>: 比如轻轻[羞嗒嗒],<氢化砷_>: 回复 @金浩森摄影学院 :人家是龙 你还真的是虫 都没人顶你上前排,<余生一度>: 即使你有千般不好  但你对于我来说是这世界上的唯一      而你对于我   如同满月居于星空   与众不同    可能就喜欢不那么好的你  http://t.cn/RoDUneS,<RSRHSEN>: 就像浩森于你  你于浩森[心],<Wuli妖怪>: 回复 @阿咻小天才 :笔芯,<Wuli妖怪>: 回复 @Wuli妖怪 :[心],<子康妹妹>: 回复 @阿柴柴靓怡 :[可爱]️,<林二白呀>: 回复 @金浩森摄影学院 :🌚 大虫？,<吴吴吴吴吴雨婷>: 是吧，比如浩森之于你,<林二白呀>: 就是你心里的金浩森呀🙃,<何方熙子>: 嗯，这明显在说我 @MOON文子,<金浩森摄影学院>: 🤓那两只龙都来了，那我这头虫也出现下[摊手],<金浩森摄影学院>: 回复 @别止besides :厉害死了,<大-丸子呀>: 海豚湾恋人     遗失的美好[微风],<MOON真真小主>: 回复 @别止besides :对啊，还差 @金浩森摄影学院   他了，就集齐了 @MOON摄影工作室重庆站,<1998cym>: @lqjhs   [心],<MOON青枳>: #MOON文子#   #金浩森#  ,<MOON青枳>: #MOON文子#  ,<阿咻小天才>: 回复 @Wuli妖怪 :同合肥小粉丝[心],<MOON青枳>: 是啊，就算所有人说他不好，也可以义无反顾[鲜花] #谢谢你出现在我的青春里#   #金浩森#   #MOON文子#  ,<框匡HUAN>: 比如浩森  http://t.cn/RoeFvf8]
photobymoon	#谢谢你出现在我的青春里# 厦门站/桂林站遇见你们 好幸运[心] ​​​	[<-大欢SUN>: @MOON文子   老爷下次画你的头像！！,<SHOSHICHO>: 图片的我是倔强的,<金浩森我叫蒋思寒>: 遇见你们，是最好的事[心] @金浩森    @MOON文子   ,<披星戴月的米>: 回复 @西红柿马麟薯 :联达广场二号楼中庭,<一个特立独行的哆啦>: 还没放假啊不能去。[泪][泪][泪][泪][泪],<笼笼笼笼包>: [笑cry][笑cry],<MOON的梦想小站在福建>: 用相片珍藏想留住的幸运[心]福建站的小伙伴们会一直陪着你们的[围观],<我与我周旋198506>: #谢谢你出现在我的青春里#  与你相遇好幸运,<Kitty-慧玲>: 回复 @喋以die喋 :7月1号在阿罗海城市广场，纸的时代,<嘻嘻哈哈林->: 遇见你们才是我的幸运[心],<西红柿马麟薯>: 桂林的具体地方是在哪阿。,<喋以die喋>: 回复 @Kitty-慧玲 :在厦门哪里，为什么一点消息都没有……,<喋以die喋>: 回复 @沙坡尾厦门 :竟然在这里也能看到尾君,<喋以die喋>: 我也在厦门，可惜不知道你来了,<戚薇我要闹你洞房>: 我只能单张剪切下来保存[允悲],<好大一坨芒果>: 回复 @chrov_ :我也觉得[允悲],<Kitty-慧玲>: 回复 @MOON文子 :和朋友在书店看书，看完后这本书后，两眼泪汪汪的，朋友看到我吓一跳[笑cry]，我来了句“书的故事很感人”，朋友马上说，这么好看，立马离开座位去书架拿了一本。[偷笑],<Kitty-慧玲>: 回复 @MOON文子 :期待你的下一部作品[作揖],<chrov_>: @好大一坨芒果   咋觉得别人的高级些呢？,<MOON文子>: 回复 @Kitty-慧玲 :谢谢你，新朋友[心],<Kitty-慧玲>: 《谢谢你出现在我的青春里》[太阳]巧缘之下阅读你的第一部作品[微笑]，很喜欢你的这部作品，在你书里面的小故事很感人，甚至是让我流泪了，也许是因为女孩子情感比较丰富很感动，故事中的女主让人心疼[伤心]。阅读完后正好又迎来了你们在厦门的签售会，见到本人很幸运[鲜花]。挺你[加油],<亦初慕森>: 回复 @MOON文子 :哈哈日常互怼，日常秀恩爱[笑cry][笑cry][笑cry],<南音破晓>: 谢谢你们出现在我的青春,<MOON文子>: 第三楼的人，很讨嫌  http://t.cn/Ror1SVx,<宋宋不爱修图>: 回复 @Evafei_霏霏 :可能因为旁边的那个姑娘的画才有幸被拍到[羞嗒嗒],<Evafei_霏霏>: @宋宋不爱修图   看到了宋宋哦,<Zara_珎>: 遇见你们好幸运[心],<胖丁swag>: 第一次离我这么近[泪][泪]然而我却去不了[允悲][允悲],<啊呀是小樱桃的爽妹>: 期待你们来东北[兔子][兔子],<秋裤的春天来了>: [飞吻]  #谢谢你出现在我的青春里#   #MOON文子#   #金浩森#  ,<Alin不再執著>: 回复 @金浩森 :回杭州好好休息～下次见[心][太开心],<Alin不再執著>: 回复 @MOON文子 :回杭州好好休息两天吧，看你好辛苦[水滴]都瘦了哈哈哈[允悲]周末又要跑签售辣～,<MOON文子>: 回复 @RestOfMyLife_ :八月去北京[可爱],<周一z__>: 回复 @MOON文子 :辛苦了辛苦了  下次回杭州    还可以第一时间奔别止见你,<周一z__>: 回复 @金浩森 :不知道有没有眼熟到我! 我们在别止见过很多次 虽然现在我回厦门了,<秋裤的春天来了>: 对的就是谢谢你出现在我的青春里 #谢谢你出现在我的青春里-文子,金浩森[图书]# #谢谢你出现在我的青春里#   #金浩森#   #MOON文子#  ,<-地-下-铁->: 遇见浩森&文子 好幸运 仅仅看照片就有种身临其境我就在你们身旁的感觉[心],<欢而一己>: 熬明明在厦门我竟然没去,<谢谢你出现在我的青春里2017>: 择一别院，居止而歇 #谢谢你出现在我的青春里#   #金浩森#   #MOON文子#  ,<RestOfMyLife_>: 还来北京吗老爷 不来的话我八月中旬去别止找你们签啦[二哈],<谢谢你出现在我的青春里2017>: 人来人往，还好遇见了你！ #谢谢你出现在我的青春里#   #金浩森#   #MOON文子#  ,<冷沫-冷洛>: 米兔[心][心][心],<谢谢你出现在我的青春里2017>: 原来你是我最想留住的幸运！ #谢谢你出现在我的青春里#   #金浩森#   #MOON文子#  ,<阿啾啾想把生活过成诗>: 天啊！居然忘记了[允悲],<MOON文维-99>: 遇见你们更幸运[心],<唐一菌>: 为什么没有遇见嗷明明在桂林的,<金浩森儿女的干妈>: 看到自己眼镜了了，尴尬[笑cry] 哈哈 浩森 很高兴见到你,<Jason是阳光>: 遇见你们很幸运[心][心],<名啾的牧人>: #谢谢你出现在我的青春里#  早哈,<-张有趣>: #谢谢你出现在我的青春里#]
photobymoon	如果狮子座爱上你了他一定会为你退让和臣服[心] ​​​	[<张嘲哳>: 哪家的男朋友不低头和认错[摊手],<冰淇淋爱糖葫芦>: 我小明弟弟也挺倔，但是总倔不过另外一个人，还总对他说，你开心就好，你开心最重要啦[笑而不语][笑而不语][笑而不语],<自别離丶未停蹄_>: 我老公就是狮子座,<明望山上冥王星你的套路我的心>: 回复 @鲁卡斯的红豆冰 :真好！[允悲][允悲],<鲁卡斯的红豆冰>: 回复 @明望山上冥王星你的套路我的心 :巧了，我也想到了那个人[doge],<鲁卡斯的红豆冰>: 不好意思，我突然想艾特一个人[doge]  @杨业明leo,<明望山上冥王星你的套路我的心>: 回复 @星辰与乔木_ :对哈[允悲][允悲][允悲],<星辰与乔木_>: 回复 @明望山上冥王星你的套路我的心 :我想起了那个对望望说:嗯你都对 你说什么都对的某人[笑而不语],<贝斯zxyAN>: 回复 @CHENG微儿 :我爱上了天蝎的女孩！你为啥要分？,<CHENG微儿>: 回复 @贝斯zxyAN :也许我该分开了,<贝斯zxyAN>: 回复 @CHENG微儿 :天蝎爱上狮子 一个不会表达不愿吐露心声一个太强势！最后我分开了！,<可乐可乐不要汽>: 是我大昆明[笑而不语],<洗风谜>: 回复 @星期五在冒煙丶 :哈哈哈可攻可受,<篮小屿>: 七月份的尾巴八月份的前奏,<若你喜欢怪人dream>: 我爱狮子座。都说狮子座和金牛不搭，所以一直不敢表白。,<叶灵儿s>: 回复 @明望山上冥王星你的套路我的心 :对对对 没毛病,<Wo叫高二狗>: 我是獅子座我喜歡的人也是獅子座[允悲],<蓝色地小怪兽>: 对的哦。狮子座女人是最有爱心，最体谅人的。也很大方。不为名利。所以往往狮子座女人比较容易遇到渣男。,<怀特忙着呢>: 我狮子座[噢耶],<金浩森我叫蒋思寒>: 回复 @Hicony :后来呀很好[心],<Hicony>: 回复 @金浩森我叫蒋思寒 :水瓶和狮子座后来怎么了,<秋丘邱烦梵凡>: 回复 @崇拜_Chongbai :哎呀厉害了[挖鼻],<用户6292040843>: 宝宝就是狮子座🙃🙃🙃,<台风天走过雨的伞>: 回复 @明望山上冥王星你的套路我的心 :同一个星座同一个人[doge],<莫知ZL-Honey>: 情侣头像？？！！[二哈][二哈][污],<但为森故jhs>: 所以你到底想要说什么[允悲],<星期五在冒煙丶>: @洗风谜   真的吗[doge],<童小狮吼吼>: 我是狮子座，爱上了金浩森[思考],<皮皮皮皮卡丘吖>: 回复 @明望山上冥王星你的套路我的心 :哈哈哈哈哈哈哈哈哈[doge],<CHENG微儿>: 天蝎爱上狮子会是怎样的结局,<远留_>: 可惜我爱上了狮子座 [大哭],<风一样的姑凉嘞>: 吧好意系啦，狮子座的我就想浪迹天涯[酷][酷][酷],<不高兴的没头脑很烦>: 回复 @MOON摄影工作室重庆站 :回复的好[爱你]大哥你呢,<MOON摄影工作室重庆站>: 回复 @不高兴的没头脑很烦 :天蝎[doge],<不高兴的没头脑很烦>: 回复 @MOON摄影工作室重庆站 :浩森是啥星座,<Y_luwei>: 狮子座和什么最配,<J袁梦婷>: 回复 @飞鸟green :那是[偷笑],<J袁梦婷>: 回复 @崔十圆 :[心],<姚望是只喵呜>: 回复 @明望山上冥王星你的套路我的心 :杨妈[并不简单],<冰火两重心>: 文老爷 我是狮子座哦[笑而不语],<BR0Y>: 狮子白羊超级配的哦,<木子黎焉>: 这里有只狮子宝宝 @MOON文子   [太开心][太开心],<是罗稀奇呀->: 那快爱我吧，我不要金浩森了，就要你。,<MOON文维-99>: 你爱天蝎座吗[心],<吴一可ECHO>: 如果狮子座不爱你 她一定绝情的让你重新认识她 我是狮子,<崔十圆>: 回复 @J袁梦婷 :我是双鱼[羞嗒嗒],<没有人活该被俯视>: 狮子座在这[太阳][太阳] @MOON文子,<爱吃菠萝的Baby呀>: 回复 @MOON摄影工作室重庆站 :天蝎座会不会爱上水瓶座[思考][思考],<爱吃菠萝的Baby呀>: 那天蝎座的金浩森呢…,<向着光亮那方473>: 刚刚好我是狮子座,<是皮皮鲸不是皮皮虾>: 回复 @明望山上冥王星你的套路我的心 :看了我们想的都是同一个人[嘻嘻][嘻嘻],<明望山上冥王星你的套路我的心>: 回复 @Hama不是喵天才是只狗 :真的好巧啦啦啦,<Hama不是喵天才是只狗>: 回复 @明望山上冥王星你的套路我的心 :好巧啊，我也想到那个人]
photobymoon	多谢你如此精彩耀眼 做我平淡岁月里星辰出镜 @金浩森 摄影 @MOON文子 ​​​	[<甜屎呕吧>: 期待浩森给文子拍 @金浩森    @MOON文子,<張子陆陆>: 回复 @MOON文子 :不，阳光大男孩更帅,<一只野鬼么>: 男神男神[色][色][色],<阿阙大魔王>: 真的是好哥们！微博照片几乎都是浩森的[心]希望你们一直好好的[心][心][心][心],<Queen5603295231>: 回复 @MOON文子 :开心就好,<沙沙哟一>: 回复 @阿郭___ :没有听过还以为是文子写的。真是孤陋寡闻了[二哈][二哈][二哈],<雨青芒>: 金叔还是不留胡子好看,<fhffvvgb>: 回复 @MOON文子 :只要浩森开心就好，我都喜欢,<97梨花>: 回复 @MOON文子 :不行，别咯[委屈],<樂时光ME>: 不愧为金十八[爱你][爱你][爱你],<阿添啊__>: [星光] [星光],<阿欣欣xxc>: 大家都是赞浩森的但我是赞摄影师的文子棒棒哒！[赞] @MOON文子,<季寒露>: 回复 @MOON文子 :那样比较成熟,<Gonlin-洲妹>: 回复 @MOON文子 :好,<翠花一五八>: 回复 @这是天底下最好听的昵称 :帅哟[doge],<MOON的梦想小站在贵州>: 那么后天见啦[心],<一场高烧1997>: 有没有胡子都是金浩森，帅和更帅而已。[哈哈][心],<远处有青山s>: 总感觉你和文子秀恩爱[摊手],<阳xiao黄>: 回复 @MOON文子 :只要是浩森，留不留我都喜欢[心][心][心],<杨大脚嘣嘣嘣>: 多谢你如此精彩耀眼 做我平淡岁月里星辰  @MOON文子,<阿hong梅啊>: 今晚他俩实在秀恩爱么[允悲][允悲],<李云霓Jason>: 回复 @MOON文子 :不好咯,<刘先森LRH>: 回复 @MOON文子 :不好[怒骂],<腐草为萤tl>: 表白了 @金浩森    @老腊肉金十八,<ZYH轻舟已过山万重>: 又在夸自己[鼓掌],<想要变成瘦羊的肥羊>: 回复 @MOON文子 :喜欢没有胡子的他[心],<可爱且撩人>: 回复 @MOON文子 :怎么样都是他,<杳无音信z>: 回复 @老腊肉金十八 :我告白的时候就用了这句话，现在我来分析一下，文子和浩森表白:“多谢你如此耀眼，做我平淡岁月里的星辰。”浩森说:“简单点，说话的方式简单点。”文子说:“我喜欢你，很久以前就喜欢你。”浩森一脸无所谓:“我知道啊。你不是表白过吗？”“什么时候？”“初中的时候啊，你都不记得了，好意思说喜欢我,<clam森止>: 回复 @老腊肉金十八 :摄影师也吼吼看[污],<那时也没有月亮啊>: 回复 @MOON文子 :不要 不行,<十三凉233>: 岁月迢迢，愿不负你,<这是天底下最好听的昵称>: @翠花一五八   也[doge],<三岁-JHS>: 回复 @三岁-JHS :文老爷我们心有灵犀了 @MOON文子,<三岁-JHS>: 嘿嘿嘿 @金浩森   http://t.cn/RoMv5kr,<依宜以薏>: 回复 @MOON文子 :不好,<杳无音信z>: 知道吗文子，这是我告白的时候说的话！好激动，你也跟浩森表白了？ @MOON文子,<五块八和三块八-->: 但愿这漫长渺小人生，不负你每个光辉时分[可爱],<墨tff>: 回复 @老腊肉金十八 :真相了,<任小尘M>: 回复 @MOON文子 :可以，挺man的,<沐琳i>: 咋感觉你们两个像公开恋爱的赶脚[喵喵],<_董芷言>: 回复 @老腊肉金十八 :好了咯，是好看了咯[摊手],<嗯_十三>: 回复 @MOON文子 :想他不留胡子,<嗯_十三>: 回复 @老腊肉金十八 :你真相了,<沫漓洛J>: 比以前黑了，我的金！,<MOON孤笑>: 回复 @老腊肉金十八 :浩森哥哥好[微笑],<摄影师蓝胖子->: 回复 @MOON文子 :留胡子的金老师最帅,<这里是七月Seven>: 回复 @老腊肉金十八 :本来就好看！但是我喜欢你不是因为你的颜值也不是你的才华,<夏Q安>: 回复 @MOON文子 :不好[泪][泪][泪][泪],<一棵樹Yoho>: 回复 @老腊肉金十八 :发现一小鲜肉,<忆梦惜旧>: 回复 @老腊肉金十八 :不，是叔叔，不是男孩,<va-依恋>: 回复 @MOON文子 :最喜欢他留胡子的样子,<MOON西瓜>: 多謝你們如此精彩耀眼 做我青春歲月里的星辰,<那年夏天我在>: 回复 @MOON文子 :好[太开心],<许忆倪>: 回复 @MOON文子 :好，觉得浩森留胡子更有魅力，男性荷尔蒙大爆发[眼泪],<Sky-Dream玉>: 不天天怼了 变天天表白了 文瘦 哈哈 可爱的两只 @MOON文子,<MOON孤笑>: 回复 @是小茉莉a :我也是这么想的]
photobymoon	如果你还没有变成你讨厌的那种人你就是很棒的人[心] ​​​	[<喵眸M>: 有时候会讨厌自己，有时候会很爱自己,<沧海度飞鸟>: 当然没有，我就是最好的我！[太开心],<海藻2017>: 努力变成自己喜欢的人,<这里有只杨胖子>: 回复 @金besides :丧尸吗？说实话嘿，我也想朋友来套这样的照片呢，感觉很好玩。,<想安静的15>: 你们是最棒的[心],<Y1n9_Lei>: 是的，我也是这么想的～,<撩男神不能停>: 嗯  所以说你是很优秀的人啊[二哈][二哈],<大圣的容止99>: 我讨厌有钱人，[眼泪][眼泪],<晚盏999>: 回复 @金besides :有创意[嘻嘻][嘻嘻],<SWEET左先生>: 不说有趣 先做个温柔的人,<MSfall>: 努力变成她喜欢的人,<未狗>: 最近讨厌的真多 还好再也不相见,<巴黎夜雨zz>: 你所有样子都是最好的[微风],<漂亮的genius阿培呀>: 回复 @張曉禧 :[允悲][允悲],<APRIL茶娘>: 如果对你说讨厌，那就是真的讨厌你吗？[二哈] @MOON文子,<这里是七月Seven>: 我变了，变得不在乎，因为不在乎所以一无所有，因为一无所有，所以我肆意妄为。我不知道这样好不好,<英俊的风少年>: 回复 @金besides :哦[思考]。那我就是看懂了。,<摄影师秀雅妹子_nicole>: 我在慢慢变成我喜欢的模样,<张家宁77>: 回复 @MOON文子 :[眼泪][眼泪][眼泪][眼泪][眼泪],<金besides>: 回复 @英俊的风少年 :要的就不是青春的感觉,<摄影师蓝胖子->: 文老师 几时发发你的美照[月亮],<摄影师蓝胖子->: 回复 @摄影师暴暴蓝 :可是大家都喜欢你呀 暖心的蓝老师,<張曉禧>: 回复 @漂亮的李八岁 :[doge]可是你只有111个粉丝，我不羡慕你，啦啦啦,<LHaDch>: 我感觉已经讨厌了,<特立独行的柠檬__>: 回复 @金besides :点开看 吓我一跳,<垚宸柯1999>: 我 不是很棒的孩纸，所以我得加油！[加油],<空白Daisy>: 既没有成为自己讨厌的人，也没有变成自己喜欢的人,<Lorraine-3>: 羅胖說:萬物皆有裂縫/那又怎樣/裂縫/那是光照進來的地方.堅信我所遇到的，是永無止境的歡喜。,<MOON麋鹿>: 还好我没变成自己讨厌的人[心]晚安,<三亿个梦>: 我已经变成了，高考完的我以为我可以好好的上一个大学但是却没有可能了,<就是一个笋啊>: 被安慰到了[心],<王炫酷swag>: 回复 @金besides :哈哈哈哈哈笑死我啦,<韧丝草>: 不要变成曾经最讨厌的样子,<无心出发>: 还好不讨厌，但也不喜欢,<li一fanfanfan>: 可是还没有变成自己喜欢的那种人~ [加油],<汪安琪馅的>: 我很好奇那些说我变了的人[微笑],<乖摸摸头哈哈哈哈哈>: 可也还没做到我想成为的那种人[喵喵],<哚啦哚啦彭>: 我要变成我最讨厌的有钱人,<e匡慢慢>: 幸好还没有[心],<但为君故CYZJ>: 我很棒棒  哈哈哈[哈哈][哈哈],<琼小妞的一天>: 唉，啥也不说了，烦了自己好久了[伤心],<弋谙颜_>: 回复 @哈哈哈哈哈根本停不下来 :嘿嘿,<沈清欢dada>: 那如果变成了呢？,<艾微森>: 你也很棒阿[爱你][爱你][爱你]加油   晚安[心][心],<张小小zoe>: 笑累了：可以哭一会儿吗？,<J袁梦婷>: 回复 @杨大脚嘣嘣嘣 :哈哈[心],<李易峰小女友LY>: 人无完人吗[并不简单],<眼睛大大鼻子小小MMM>: 我希望我永远不要成为那个讨厌的人,<假想Di>: 回复 @-你执 :[允悲]我觉得像大易,<假想Di>: 我看成大易了。。,<RANSHUANG9>: 那要是变成了自己讨厌的人了怎么办呢。[大哭] [大哭] [大哭] [大哭] [大哭] [大哭]  @MOON文子,<杨大脚嘣嘣嘣>: 回复 @J袁梦婷 :活捉,<iamsoyoung_嘉>: 已经是了 我汗恶俗,<树扇RSS>: 看来文子没有看最新期的《奇葩说》]
photobymoon	你也一定会是某个人的奇迹[心]MOON客片 ​​​	[<就是一个笋啊>: 我知道我是，但是他大概是迷路了[摊手],<均码去死>: @郑俊英中国应援站GoCryJJY,<余生一度>: 可惜不是我想要的那个人  对吧,<Teddy十三>: 文子回家好好休息啊！！[心],<阿绾sa>: 那个人肯定是我妈。她那么勤快的一个人怎么就生了个那么懒惰的女儿，这真是个奇迹。[doge][doge][doge],<蛤遒>: 我在努力成为你们影响下的奇迹，真的,<以念织茧>: 嗯，希望高考成绩是我的奇迹[心],<梦想是旅行家>: 回复 @一个大大大牛排 :同一天[笑哈哈],<安喃->: 回复 @一个大大大牛排 :生日快乐,<叫贾诩>: 回复 @顽慵恋洛阳 :脖子很奇怪……？,<肥仔小乐>: 回复 @一个大大大牛排 :生日快乐！,<如沐天涯花似落>: 每个人都是自己的奇迹。[心][心][心],<_吃的糖>: 世间安得双全法，不负如来不负卿,<不再和你联系的Darling>: 希望如此，希望我是他的奇迹。,<侯明昊喜欢你>: 帅的人已经点赞了，丑的还在犹豫,<朱shy嘣嚓嚓oO>: 回复 @一个大大大牛排 :生日快乐,<OhHaoSEn>: 文子浩森是我的奇迹,<OhHaoSEn>: @OhHaoSEn ：加油 文子 辛苦了 义无反顾的喜欢和支持不需要理由 这并不是任性而是认识了你们[haha][haha][haha][心][心][心][心],<柚子ououou>: 对啊！你是我的奇迹,<HaoSen-失语>: 你和浩森就是我们的奇迹[心][微风],<陈萌ye>: 最好是这样 笔芯[爱你],<HaoSen-失语>: 回复 @森笙- :加油[加油],<HaoSen-失语>: 回复 @一个大大大牛排 :生日快乐！,<顽慵恋洛阳>: @叫贾诩   长颈鹿,<森初暖>: 我就是上天的奇迹，丑还坚强的或者,<念森舟>: 最可爱的文老爷。  http://t.cn/RoGIj8l,<17级小学妹->: 明天c++考试 有奇迹哈哈哈,<就是阿菡->: 这是哪里  好美,<MOON牟霜>: 回复 @一个大大大牛排 :生日快乐,<Ebby-Xixi>: 我想我是你的奇迹 @MOON文子,<小森离>: 奇迹总是要等绝望的时候出现,<苗大米耶>: 我就是个奇迹，可悲的那种🤓,<呦呦南>: 回复 @一个大大大牛排 :生日快乐[西瓜],<他夏了夏天Lucky>: 老爷你和浩森也是我们青春里的奇迹呀[心]感谢青春是你们[鲜花][鲜花][鲜花] @MOON文子,<萍儿小朋友love>: 我本身大概是个奇迹,<路筱雯>: 毕竟你是我们的奇迹,<超酷的二井>: 现在的别止  http://t.cn/RoGyQhW,<梓江江江>: 文子，昨天刚刚看完书，好感动，我写了读后感哈哈，艾特你了，要去看啊 @MOON文子,<ixi_eje>: 感觉你们最近都想谈恋爱了,<XmWooo->: 回复 @一个大大大牛排 :生日快乐,<美刻视频>: 我有这客人美美的视频哦，谁要看🙋🙋,<Nonicals>: 回复 @一个大大大牛排 :生日快乐小可爱,<失之我幸Y>: 我自己的[傻笑],<echo温故>: 回复 @莫承殇galaxy :一定[鲜花],<一个大大大牛排>: 回复 @J袁梦婷 :谢谢么么哒＾3＾,<一个大大大牛排>: 回复 @Summer是欢乐颂丫- :爱你爱你亲亲,<一个大大大牛排>: 回复 @撩男神不能停 :爱你么么哒＾3＾,<一个大大大牛排>: 回复 @心里去了f :爱你哟么么哒＾3＾,<一个大大大牛排>: 回复 @阿呆二不傻 :爱你[爱心] 么么哒,<KW_甄甄>: 天地间，你就是奇迹,<是小茉莉a>: 而你们是我的奇迹[心],<clam森止>: I'm waiting[心],<昨夜风雨话凄凉>: 希望奇迹会发生在下半年和明年[可爱][可爱],<初夏呀_>: 嗯，我相信[心]]
photobymoon	事实上，不要把精力浪费在不值一提的小事上。懂你的人，只要一个眼神。[微风]MOON客片 ​​​	[<小腊肉京十六>: 这么晚都不睡，一定是孤独寂寞冷🙊[doge]  http://t.cn/RobqHr8,<九月Angel>: 你总是这样给人力量,<就是一个笋啊>: 回复 @老腊肉金十八 :不过和你有关系吗[doge],<梓江江江>: 确认过眼神，我遇见对的人。早安,<梓江江江>: 回复 @老腊肉金十八 :对啊,<MOON真真小主>: 该懂你的人，只需要一个眼神,<匿名木子>: 回复 @老腊肉金十八 :再美，也不是你女朋友[挖鼻],<艾微森>: 晚安文子[太开心],<吴谦瑶啊大白杨nom>: 我刚刚做完构成作业 还发了条朋友圈说这个点睡觉的都是猪 所以文子晚安 @MOON文子,<刻骨铭心的青春>: 和在一起两年的男朋友分手了  他说毕业不是分手季 后来我们还是分手了,<因陲斯汀>: 回复 @老腊肉金十八 :哈哈  这么调皮  赶紧睡吧  晚安[月亮],<因陲斯汀>: 回复 @MOON文子 :晚安[月亮],<因陲斯汀>: 说的漂亮  懂我的人  只需一个眼神  晚安[月亮][月亮],<_屎爸BA小勺子_>: 回复 @_屎爸BA_ :晚安好好休息,<_屎爸BA小勺子_>: 我也想要文子翻牌[doge] 我书看到一半了怎么说吧 真心喜欢这本书 简单易懂的文字可又不失华丽[爱心] @MOON文子,<000000加油>: 回复 @老腊肉金十八 :快去睡吧你,<va-依恋>: 对的，没有必要为了一件小事斤斤计较，或许别人根本不在意，你却自己生闷气一点都不值当,<小茜紫陌>: 晚安。[心][心],<我是豆先森>: 文老爷干嘛这么鸡汤了。[抱抱][抱抱][抱抱],<王暖男一个>: 最最最喜欢的眉眉姐 笔芯,<ZYH轻舟已过山万重>: 评论真么少 不正常[微笑],<MOON-墨墨>: 不懂你的人，留着也没用 #谢谢你出现在我的青春里#,<灰鼠小Neo>: 回复 @灰鼠小Neo :晚安[心],<Seven零度>: 记得早睡啊，照顾好自己好吧，,<森初暖>: 我怕他理解不了我错综复杂的眼神[汗][汗][汗],<bling光环少女>: 也不要浪费在一个不在乎我的人上对吗[允悲][允悲],<-Zzzt>: 回复 @老腊肉金十八 :快去睡吧你！,<如鱼--->: 姐姐好漂亮[憧憬][憧憬][憧憬],<HaoSen-失语>: 回复 @MOON文子 :老爷，你也要早点休息啊，晚安[心][微风],<HaoSen-失语>: 回复 @老腊肉金十八 :早点休息，晚安[心][微风],<Own的小M>: 永远不要高估你在别人心里的地位,<他夏了夏天Lucky>: 老爷该睡觉了哟，晚安[心] @MOON文子,<Xelooooooo>: 文子，我今年还要拍,<colorblood>: @郝清和   小清新只有少部分拍的是正脸,<Jason是阳光>: 其实一个眼神就可以了      晚安,<呆十七->: 看完书有感觉文子镜头下每一个客片都是有故事点女孩子了[心],<李伊人_>: 画画找我呀[爱你]  http://t.cn/Ro4Bqic,<HILARIOUSY_>: 晚安[月亮]好梦[月亮][月亮],<鲸-鱼块鲸愉快>: 好的，也是哦干嘛呢何必呢,<MOON文子>: 回复 @老腊肉金十八 :快去睡吧你！,<初夏呀_>: 今晚估计得通宵[委屈],<长不大的小粉红_>: 我要越来越好，找你们约拍[心] @MOON文子,<李钬钬JHS>: 图片评论  http://t.cn/Ro43MnG,<半城烟雨半拢寒沙>: 那。。朋友就好少好少啊,<宋宋不爱修图>: 回复 @Summer是欢乐颂丫- :晚安晚安！[微风][微风][微风],<橙橙橙子呀i>: 文老爷  晚安呀[微风],<宋宋不爱修图>: 回复 @老腊肉金十八 :快睡吧[心][心][心],<舒舒舒哎呀>: 刚看完  人生若只如初见  小菲和佳铭的故事  真的好心疼小菲  看到结局  哭到眼泪止不住  真的觉得小菲好可怜  明明那么爱他  他却说从来不爱他  只是觉得她对他太好了   真的好渣啊 这个男的  更令人心塞的是 她女儿听了别人的话语 变得不喜欢妈妈  小菲连最后的依靠都没有了  所以才选择了自杀[伤心],<宋宋不爱修图>: 回复 @MOON文子 :晚安[心],<毅翔or牟牟>: 回复 @老腊肉金十八 :我命令你，金先森赶紧休息，这几天这么累，心疼，乖[飞吻]晚安                                               爱你的牟牟留,<_Fanny_33>: 回复 @老腊肉金十八 :然后我换了张照片又试了一遍[doge]  http://t.cn/Ro4uxSW,<池鱼s>: 回复 @老腊肉金十八 :图片评论  http://t.cn/Ro4ufqy,<毅翔or牟牟>: 回复 @老腊肉金十八 :浩森哥，听话，赶紧睡吧！乖乖的啊，[飞吻]爱你的牟牟留,<OhHaoSEn>: 回复 @OhHaoSEn :晚安 @MOON文子   @金浩森,<林寡言>: 回复 @林寡言 :早点休息晚安呀,<蜂蜜味的维尼>: 晚安，好梦，希望你梦里有我们和阳光[doge]]
photobymoon	都收到#谢谢你出现在我的青春里# 了吗？也想知道你们的读后感[抱抱][抱抱] ​​​	[<苑子文豪家的茹茹不是唔唔>: 然而辛辛苦苦的读后感并没有被翻牌[并不简单]  http://t.cn/Ro48YJ8,<岁月灬逆流>: 我买的到现在还没到，发售第一天我就买了，到现在没发货！,<这瓶醋有点酷>: 今天下午收到，等快递等哭了都，然后看了一半吧，男人怎么都这样，老婆那么好还出轨，无奈[摊手][摊手][ps：我好喜欢你呀[污][污]],<金家小阿花>: 回复 @MOON文子 :好呀好呀好呀,<wwww-2xue>: 很认真很认真的去看了每个故事，我的语言组织能力不好，我也不知道什么样的文字能表达我的观后感，但真的每个故事都能触及到我的心尖上，那种说不出来的难过。我想因为可能我也是一个有故事的人吧，  但我相信就像书里说的，好姑娘光芒万丈[心]  总会有人发现我的好[心],<Peng-Yuting>: 还没有读完[嘻嘻][嘻嘻][嘻嘻],<蒋光荣->: 回复 @蒋光荣- :还有一半在微博里哈哈  http://t.cn/Ro4AmAu,<蒋光荣->: 比写学考作文还认真的读后感  http://t.cn/Ro4AHDQ,<我的哥哥没那么可爱>: 回复 @老腊肉金十八 :哈哈哈，18号签售会看到文子脸上还打了粉，近距离看到了浩森，真是帅，穿黑衬衫，还很有礼貌对书迷盆友们说谢谢！说话声音也超好听，喜欢浩森是三年前上初中开始的，三年后见到他本人也是超级激动。谢谢你，出现在我的青春里[心]  http://t.cn/Ro4hkr6,<huahhhh->: 表示没有看完[哈哈],<huahhhh->: 回复 @老腊肉金十八 :深深的嫌弃[二哈],<喂不饱的小个子>: 看完这本书，了解了一个很好很好的文子，故事很感人[心],<喂不饱的小个子>: 浩森可能悄悄的恋爱了,<初见菇凉JH>: 感受就是：期待像你们一样，做着自己喜欢的事情去很多地方见很多人，对得起那个不服输的自己🙈,<_六毛__>: 回复 @MOON文子 :在淘宝买有你的签名吗,<Uang止>: 别说话，看图  http://t.cn/RoUjXuY,<金浩森>: 回复 @F是霏霏啊 :真好呀,<谁的孤独丶虽败犹荣>: 你们很努力，写的很真挚，但是我觉得还是有改进的地方。,<是锦铭呀>: 在一个安静的下午静静地看完了这本书，嗯，大理的天很蓝，洱海也很蓝，听说大理的星空也很美，很多人说往事如烟，却沉醉在回忆酿的酒里无法自拔，笺短情长，寸心难寄，唯有珍惜每每相遇，展望未来的每时每刻。有时间告诉我大理老程家的地址吧，走一遍你们走过的路，品尝一下你们路过的人生。[心],<智慧尹616>: 原来文子少年的爱情是这样的[doge]徐清清还好吗,<可爱且撩人>: 乖乖看完了  谢谢你们出现在我的青春里,<华子是Hzi>: 好好好，给你五星给你好评，[哈哈][哈哈],<小森离>: 回复 @MOON文子 :别止见,<188赫>: 哭成狗[二哈]  http://t.cn/RoUwGce,<楊芳youngfeeling>: 回复 @MOON文子 :我想知道你们几号来贵阳  浩森 @金浩森,<杰孩的小屁仔>: 我的读后感：文子好可爱哈哈哈,<Dreamy燕子>: 都没看到我的[悲伤],<胡雨筱啊>: 每天中午午睡前看一篇，很喜欢里面的许多话[心][心][心],<__strong壮>: 当然看了[心]  http://t.cn/Royd7Yy,<谎话耳朵听了眼泪哭了>: #谢谢你出现在我的青春里    拿到预售签名版的书，心里都绽放了 很高兴遇见你，人来人往，但我的一生仍在努力的向前走，简单快乐的想这么生活着  "生活能有一个你存在，真好” 贵阳西西弗里的签售等我吧浩森文子  http://t.cn/Roy1fcn,<蓝莓不美柠檬不萌Min>: 回复 @MOON文子 :昆明等你[心],<Jason是阳光>: 看完了还没有写读      准备考期末       准备好考试      才能去新书签售会,<圆小胖森>: 等我考完试再写(๑❛ᴗ❛๑),<顾珩瑾_>: #谢谢你出现在我的青春里#   一合书札，一分思，二分衷情，三分柔肠。 太平盛世，因你，马乱兵荒。,<w应该要好好学习了>: 等我再多读些了写，可能会是一篇作文吧[可爱][可爱],<ajs茂茂>: 记忆很深的是第一个故事，虽然以前在你的专栏也看过。但是每一次都有新的东西。,<三木成森二木成林>: 早收到啦，看完了7个故事,<岛屿云烟o>: 青春里 我们 不说再见 我们 后会有期[心],<_Fanny_33>: 喜欢好姑娘光芒万丈[心],<比较橙>: @MOON文子   http://t.cn/RoyErdo,<因陲斯汀>: 回复 @老腊肉金十八 :哈哈  你开心就好[挤眼],<e匡慢慢>: 回复 @老腊肉金十八 :就你最嘚瑟[摊手],<e匡慢慢>: 别着急，我一定会告诉你[心],<请叫我危小五>: 回复 @MOON文子 :可是二十三号就必须离开昆明[泪][泪][泪][泪][泪],<王晓迷LT>: 看完所有的感受：还有什么比活着还重要？自由。。。我想你的“别止”也会像你们一样，给人一种舒服而又从未有过的安静。 @MOON文子   如果有机会，我一定去杭州住上一宿。,<QING-MONSTER>: 被陆展和叶茜的爱情故事感动，爱上一个人就不怕付出自己一生，好久没有被一个故事这么打动了，希望自己对待爱情也能像叶茜那么勇敢，生日快乐那章也赚足了我的眼泪[微风],<就是阿菡->: 回复 @MOON文子 :你就是不来成都,<淑琅>: 超级喜欢[心]谢谢你们的书，谢谢你们的故事，谢谢你们出现在我的青春里[心],<琼小妞的一天>: 收到了，故事有感动有温暖，当然有些故事还给了我力量。在未来的日子里，我也想做一个可以聆听别人故事的人[心],<MOON-小董姑娘>: 回复 @MOON文子 :本来是要回昆明的，车票也买了。但是突然要考试，没办法去了[泪],<超酷的二井>: 长沙签售会现场拿到的，还没看完，拿回来一口气看了一半，剩下的留着慢慢看  http://t.cn/RoyQNjH,<我真的不是隔壁大老王>: 想去合肥签售会，幸好六号我就放假了,<不撩一下金浩森就不改微博名>: 一句话特别棒，好姑娘光芒万丈,<你好艳林>: 到了  一直不敢看,<李丽娜Rina>: 回复 @Nonicals :加油,<糖若非Ms>: 嗯，看过了。最喜欢林粒和大北的故事。心疼林粒，她的那句“只是来时路上的两个人，最终却自己松开了手。”我看了真难过[微风][微风]]
photobymoon	希望你们能看到 ​​​	[<一场高烧1997>: 已经转发，能做的有限。[心],<结痂结痂>: // @MOON文子 :希望你们能看到 ​​​// @刘同 :上海的朋友们，希望你们能看到。,<clam森止>: 希望每一张笑脸 都能被世界温柔以待[心],<Cheney_阿喵喵>: 愿每条生命都能被温暖[心],<老腊肉金十八>: 希望你们能转发[心]// @MOON文子 :希望你们能看到 ​​​// @刘同 :上海的朋友们，希望你们能看到。,<挠了挠头的胡萝卜丁>: 这么可爱的小孩子 希望一定可以健康成长,<iii-qyy>: 希望每个小天使都可以健康成长,<MOON真真小主>: 心疼，希望他能得到保护,<匿名木子>: 希望能帮助到他// @MOON文子 :希望你们能看到 ​​​// @刘同 :上海的朋友们，希望你们能看到。,<H-孟孟>: [心][心][心],<J袁梦婷>: 可恨// @MOON文子 :希望你们能看到 ​​​// @刘同 :上海的朋友们，希望你们能看到。,<李温暖-阳光正好>: 希望看到的人可以看着他妈妈有没有好好对待孩子,<J袁梦婷>: 哇我才醒，昨天太累，早早早,<比较橙>: 早安[心]  http://t.cn/RoyyGcm,<南宝儿5977243915>: 第一哦[NO][NO][NO]]
photobymoon	人来人往  勿念勿忘 #谢谢你出现在我的青春里#by 黄油相机 ​​​	[<土豆柚子大欣欣>: 黄油相机拍出来的吗,<嘻嘻哈哈林->: 老爷 喜欢你和浩森四年了 今天17岁了 想要一句祝福[心][心],<咻咻峰>: 文子，收徒吗[笑cry],<冷沫-冷洛>: 这份想念装在心里[心][心][心],<黎拾八>: 文子 早呀 记得给浩森问安,<桥守椅盼>: 回复 @你是我想要见的人 :哈哈哈 花敬亭拍的好好看[太开心],<何方熙子>: 人会遇到挫折 就比如我,<程小柒也是文艺女汉子>: 谢谢你出现在我的青春里,<Vaesenyang>: 早安文子，下午见,<卖会员的小劉兒>: 需要影视会员的可以找我呦[爱你],<森迷呀>: 人来人往  念你想你 早安 @MOON文子,<HILARIOUSY_>: 都不回我，哼，生气[白眼]不开心[白眼],<梓江江江>: 回复 @梓江江江 : @金浩森    @MOON文子,<梓江江江>: 回复 @李软妹是软妹呀 :强迫症哈哈哈,<梓江江江>: #谢谢你出现在我的青春里#  你们要千万注意自己的身体[悲伤][悲伤][悲伤][悲伤][心][心][心][心][心][心],<匿名木子>: 回复 @MOON文子 :老师辛苦了！还有谢谢[笑而不语],<榴莲爱吃团子>: 谢谢你在我的生命中出现过[心],<hello乔公子>: 谢谢你  出现在我的青春里  http://t.cn/Ro7gEiq,<黄璐鑫>: 回复 @MOON文子 :今天见,<然然pigeon>: 不用点开就知道图一是我白 @白敬亭    @金浩森    @MOON文子,<幼子娟好静秀>: 回复 @MOON文子 :明天见啊,<愿有你的那片海sen>: 回复 @MOON文子 :晚安[心][心][心],<独阡雪>: 回复 @MOON文子 :一直播见,<超级可爱的佩佩彭->: 回复 @MOON文子 :我前天从长沙回来啊啊啊啊啊啊,<MOON文子>: 落地长沙，明天见  http://t.cn/Ro7nOQ2,<顾时故事>: 我要去下回黄油相机了[心],<胖丁swag>: 谁有原图吗小白的照片[doge],<兔子君bigocean>: 陆之昂[心][心][心],<峰峰疯疯蜂蜂>: 第一张是小白呀～帅死了 @白敬亭,<英俊的风少年>: 如果再也不能遇见你，祝你早安、午安、晚安。,<我会伴你行天涯>: 好气啊。感觉我用的是假黄油相机[允悲][允悲],<黎磨磨>: 我们这一生中遇到的每一个人都是上帝精心安排的，所以只能感谢。,<南艺金夫人->: 老爷，拜托看一下私信呀！,<屁桃君ie>: 哇 6月22日昆明哎， 我要去我要去！！,<金浩森夫人>: 嗯 晚安  http://t.cn/Ro7ODsS,<PoPo啊_>: 恩？你也用黄油!!,<请叫我大名孙冀宁>: 白白白敬亭[心],<小黑板呀>: 哦第一张是我的白,<e匡慢慢>: 很棒对不对[二哈]  http://t.cn/Ro7CWLZ,<菲菲菲菲菲菲呀>: 一分钟前因为不太会用黄油P图刚把它卸载了…………,<Jyuer_>: 图片评论  http://t.cn/Ro7oWqO,<Uang止>: 谢谢你们，让我的青春闪闪发亮,<少女繁窗>: 求三图原图[允悲],<十七sevem>: 谢谢你，出现在我的青春里,<陆-如初>: 同样是黄油相机，我怎么就做不出这样的图嘛，好气哦,<河马_hippopotamus>: 文子很伤心，我是来宣传新作品的，你们都关注小白干什么！[泪][允悲]你们这样会失去我的，啊啊啊，让我冷静一下[允悲][允悲] @MOON文子,<这是栗子啊>: 我可以自恋的认为，这个是快门不要停的留言吗？[笑而不语],<河马_hippopotamus>: 小白我爱你[噢耶][赞啊][给力],<这是栗子啊>: 哇，这句话，我的天哪,<wwwss奕>: 明天什么时候来长沙？大哥]
photobymoon	愿你出走半生 归来仍是少年 [微风] ​​​	[<由零开始0912>: 不管你外出多远 归来我都在,<缘来艾蝶>: 在重庆的一座山顶吗,<冷沫-冷洛>: 愿你护理一生 归来仍是少女[心][心][心][心],<386复机>: 愿你加班半生 醒来仍在加班,<Wancy仔>: 回复 @MOON文子 :OKOK，好好考虑找你还是找浩森，哈哈哈,<emptyyyyyy_>: @栾少女  看这种感觉[并不简单],<-你执>: 靠鞋子认出了金浩森…[doge],<独阡雪>: 愿有人陪你们朝九晚五，浪迹天涯。,<栾灿hey>: 没有胡子的浩森更少年[兔子][兔子][兔子],<v孩子T>: 愿初心依旧[鲜花],<对没错我就是桃子>: 愿你行走万里，归来仍是少年，早上好[太阳]️,<被困在期许里>: 最帅的还是浩森呀,<被困在期许里>: 回复 @毛毛会飞耶 :不是不是不是白敬亭,<白鹭女士>: 愿你走出半生，归来腰缠满贯[摊手]]
