shierersix	一年多没发照片，遇到挺多烦心事。zzzz ​​​	[<彭周平R>: 我有你这样的朋友我都羡慕我自己,<乔尼娜沙碧漾>: 回复 @手机用户xvdbndjdnm :两年前的一个女朋友,<乔尼娜沙碧漾>: 回复 @-日日呐 :叫欣欣，两年前了我是老粉。以前都是欣欣在玩这个小哥哥的微博，不知道她的微博【划重点 两年前】,<OK_Cheng_>: 多发多发～[doge],<Kiki麦小兜>: 好久不见[微笑],<莱昂纳多的情人>: 要经常出现啊[泪][泪][泪][泪],<姐姐hooozen>: 回复 @乔尼娜沙碧漾 :？,<diriebbdmxe>: 你的那个女朋友呢[嘻嘻][嘻嘻],<-日日呐>: 回复 @乔尼娜沙碧漾 :是谁呀请问 想看漂亮的小姐姐,<yiiiyunyunyun>: 回复 @乔尼娜沙碧漾 :和谁复合阿请问,<没吃饱打豆豆>: 好好给我们吐槽一下吧,<尹亮宇nice>: 大哥，挺住[酷],<迪崽123>: 还是很帅！[嘻嘻],<乂弋凹乊黒>: 但你还是那么帅[笑cry][笑cry],<乔尼娜沙碧漾>: 回复 @centstrive :早点休息。[失望],<乔尼娜沙碧漾>: 一直希望你们复合……想不到已经一年多了，大概是不可能了[失望][失望],<乔尼娜沙碧漾>: 记得刚关注你的时候你有一个超级美的女朋友，你们两个人很多张自拍，很多人用做情侣头像。,<wuli个球>: 所以要吐槽一下吗？,<-Suma->: 嘿 没有什么事过不了,<珂爷STUDIO>: 依然嫩[奥特曼],<丆太正常>: 那我关注你一年多了耶,<angela_p小彭>: 哇哦 原来关注了这么个帅哥,<轻吻眉间>: 贼开心，以后记得多发呀。,<浅笑低吟123>: 诈……诈尸了？？？Σ( ° △ °|||)︴,<九哥CHEN>: 这一年多忙什么呢,<i-rma>: 希望以后你会经常更博  会每天都开心,<gxxod44>: 好。。。帅。。[憧憬],<不嫁俞彬不改名>: [doge]不是退网了？？,<改名代表我换心情>: 想想自己这么好看，心情会好一点的[ok][ok],<你来了夢散了->: 差点忘了还关注着你[摊手][摊手],<野芒人->: 哇！活的[doge],<KondomDesGrauens_>: 还有我们在[爱心],<舍友都叫我燕子>: 回复 @centstrive :男神你要好好照顾自己呀，一切都会变好起来的！（突然被你回复我好受宠若惊[笑cry]）,<PPPPoPPet_>: 一年多没发微博没有音讯我却还是关注着你。[惊恐],<请以你之名呼唤我>: 终于发了，终于活了[并不简单],<centstrive>: 回复 @舍友都叫我燕子 :最近瘦了不少,<Qin桑->: 你终于回来[淚],<舍友都叫我燕子>: 怎么感觉瘦了，是我的错觉吗[笑cry],<邦宇Barry>: [兔子]fighting,<轻吻眉间>: long time no see！关注你的时候你已经不发微博两个月了，现在你终于回来啦。希望你放下烦心事天天开心哦。,<兰懿妹妹>: 哇，加油(ง •̀_•́)ง,<咻咻咻小貔貅>: 放下烦恼放空自己,<陈子吧啊>: [馋嘴][馋嘴][馋嘴][馋嘴],<Fiona-邵>: [二哈][二哈][二哈]哇]
shierersix	一年没发微博了[笑cry][笑cry] ​​​	[<wuli个球>: 回复 @centstrive :老铁，请开始你虐[狗]的表演[doge] 不 现在已经升级为屠[狗]了,<唧惹>: 那你还不赶紧发自拍？？等啥呢？  http://t.cn/RSw4NxL,<mx茗雪>: 一年的没有评论了  [doge],<邦宇Barry>: 好久不见..虽然确实没见过[允悲],<江的Z>: 微信一年没上了？,<夏昆昆>: 吹东还是东吹呢[疑问],<闪闪的一颗肉包子>: 你是谁 咋关注你了,<初心不变的Aya花花>: 你是回家生了个娃吗[doge],<Aok1e>: 气死了 终于上了！,<Kinglam_Lee>: 回复 @熬夜的还是我们这几个长得好看的 :嘻嘻～,<PPPPoPPet_>: 原来你还记得密码。,<软趴趴的喵酱>: 是啊 幸好我没取关[二哈],<WWWWYLIIIIN>: 小哥哥再不发 以为都是僵尸号了[哆啦A梦汗],<Shakinit4daddy>: 你居然还知道！[泪],<又甜又酷又色情>: 我这一年换了3个微博 都把你关注回来了,<熬夜的还是我们这几个长得好看的>: 回复 @Kinglam_Lee :你竟然在这里回复我啊啊啊啊啊,<是好看了>: 明明还有24天才一年,<QIXiss>: 还以为你弃号了  http://t.cn/RSZeiqo,<gxxod44>: 我昨天还翻了你以前的微波和ins [笑cry]福鼎第一帅,<Jiang凤珠>: [哼]知道回来了哦,<Celeb少女馆>: 哈哈哈哈 迷一样的存在,<despacio_to>: 等你好不容易发微博还没照片，差评！[怒],<Kinglam_Lee>: 回复 @熬夜的还是我们这几个长得好看的 :我也以为！,<是美奈子呀->: 这么说。我又大了一岁？,<鯨魚鯨魚你要去哪裡>: 对啊 我前两天还看了两次你微博 一直默默关注,<林宥嘉慢歌>: 我天 是分手了吗,<centstrive>: 回复 @廿貔貅 :[泪],<i-rma>: 所以要2018年见了吗🙃,<小本Bam>: ins也没更新过…,<Y-丽鸟禾家>: 回复 @centstrive :回忆是痛苦的[偷笑],<centstrive>: 回复 @Y-丽鸟禾家 :回忆一下,<Y-丽鸟禾家>: 我都忘记我关注有这个人了[微笑],<centstrive>: 回复 @wuli个球 :是啊,<centstrive>: 回复 @谷田达子 :[污][污],<龙仙洄>: 亏你长得好看，不然我肯定早就取关了[笑cry],<wuli个球>: 所以你是去谈了一场恋爱吗？[doge],<谷田达子>: 原来你知道[思考],<SeulGi_KK>: 回复 @centstrive :你微信咋不见了,<centstrive>: 回复 @SeulGi_KK :老铁,<葱花D>: 没有啦 还差一个月,<巨可爱的金元寶>: 我都忘了为啥关注了。。。,<正趣果上果___>: 不要再一年后发了,<姚妤妡>: 我还记得那个小姐姐,<lzffff_>: 评论一下 表示对你的尊敬[拜拜],<该涂防晒啦>: 亏你忍得住[二哈]]
shierersix	出来冒个泡[微笑] ​​​	[<Cccc-W->: 前两天我还把你微博全部翻看了一遍，说你闭关了，这就开始发微博了...,<yim1ce>: 好像我哥 眼睛眉毛[doge][doge],<冷香沉醉>: 在我们面前你不可以说自己老,<冷香沉醉>: 很久没看到你了 [good],<weirslaopo>: 别停！继续冒！咕噜咕噜~~,<Qian-白白>: 也不知道啥时候关注的[微笑],<wah096>: 好久不见甚是想念,<黄泉之引>: 这是睡衣吗[偷笑],<我是嗨嗨的蓝爸爸>: 被达达安利的boy  终于在达达的微博评论里找到了你[眼泪],<-伊琪先生>: 好久不见才对！感觉你都要忘记微博了[怒罵],<F_UxC_K>: 口以喊 脑公嚒[哆啦A梦花心],<Z猛兽独行Z>: 回复 @centstrive :老图？,<背锅我来>: [眼泪]你长这样吗,<哈哈哼哼唧唧沟沟壑壑>: 你[猴子]久没出来了 还记得假装是僵尸粉的我吗！！,<一个肥婆->: [哆啦A梦吃惊]好久不见,<_YuKali>: 没以前好看呀怎么,<JANG_DZUN>: 终于更博了[doge],<老可爱apple酱>: 我滴个妈[喵喵],<一只Naa_>: 这个泡酝酿了多久,<Jiang凤珠>: [微笑]你总算出来了,<啤酒杜的啤酒肚呢>: [doge]那我说一声帅呗,<kuyooooo_>: [兔子][兔子][兔子][兔子][兔子][兔子],<loveleiyamin>: 新年快乐[嘻嘻],<WilhelmNoora>: 好久没见你发微博了,<谷田达子>: 妈的 发多点[喵喵][喵喵],<Soyohoo>: 长胖了，不帅了。,<廿貔貅>: 回复 @centstrive :你比我好看多了[微笑],<LIZHAOJING_>: 这个泡隔了真久！！,<Unvollkom>: 我有个恋爱想跟你谈一下,<soulmate-onlyyou>: 我们恋爱吧[偷笑],<一只土豆呀->: 终于等到你[哈哈],<centstrive>: 回复 @廿貔貅 :和你没得比啊,<貝纸汪AwA>: 真的好久没来了啊[愛你],<22Mini>: 几年前关注的，那时候有女朋友,<7colaone>: 中午出来了[怒骂],<-小麦不能吃>: 终于等到你[爱你],<kexichen>: 终于更新微博了!!!]
shierersix	好好谈一场恋爱 ​​​	[<草你喵>: 好好玩一盘游戏[微笑],<BabysbreathMin>: 开心就好[挖鼻],<丸具_工口>: @centstrive  我不建议和我，反正闲着也是闲着，使用一星期也可以，大家可以点赞了,<StefanieEEEEEE丶>: 回复 @centstrive :[挖鼻]以为你女朋友呢,<centstrive>: 回复 @StefanieEEEEEE丶 :别来恶心我,<StefanieEEEEEE丶>: 图片评论  http://t.cn/RGImRu5,<仙女晶小姐姐>: 不愿意将就[微笑],<魏颖_>: 你只要开心就好。不管你和谁在一起。,<mx茗雪>: 和我吗？[微笑],<HEYAMAN>: 我什麼都沒有 我只能伸出我的手 你跟不跟我走,<吕家谊全国粉丝后援会>: 分手惹没关系的 好好去看待 我也失恋过 但都挺了 加油呐帅锅 支持你[哈哈],<Jiang凤珠>: 感觉你谈恋爱了！[伤心],<剪手爱德华>: 好好的为心中的大学奋斗[爱心],<李铭夕>: 想有个人在身边 下雨时可以担心她是不是在家睡觉 上课发呆时会想她有没有认真听课 其实有时候认认真真的想一个人也是一件超级幸福的事情呢 的确 是时候需要一个人陪了 一起看晚霞落下 浪花翻涌 微笑如初[羞嗒嗒] @centstrive   @centstrive   @centstrive  ：有看到我评论么[纠结][纠结],<李铭夕>: 等待一朵花开的时间,<KKlA->: 大胆刁民竟然才向朕告白！,<onekathie>: 看来是已经找到了啊,<食之清酒_>: 嗯，我们会长久的,<七个歪>: 找我。[笑cry][笑cry][笑cry][笑cry][笑cry][笑cry][笑cry]约吗～,<食之清酒_>: 我等你，快来[微笑],<欧尼酱moya>: 我以为你会和她结婚的。,<Alisayxbb>: [doge]看过男神一段了 又要让我心碎吗,<Iris杨雪嘉>: 我也想好好谈一场恋爱[眼泪],<杨小凤y_>: come baby,<haloooo-BB>: 新年快乐[鲜花],<小小小核桃YeZi>: 没有你自拍我怎么和你好好恋爱。！～[心],<张迪张同学>: 同是单身狗啊[笑cry],<Punmlyuet>: [喵喵]我知道了,<WANGMENGYU_>: 再好好的分手[微笑],<小妖酱->: 新年快乐[喵喵][喵喵],<一切不坏>: 肯定有女朋友了[哼],<是张靓莹不是张靓颖>: [吃惊][吃惊][吃惊],<起个名字实在太麻烦>: 我又敬业福和我在一起吗[悲伤][微笑],<剪手爱德华>: 好好的为心中的大学奋斗[爱心],<我不是清轴>: 对啊！我们除了恋爱没什么好谈的,<日胖胖_>: 和我吗。[可爱],<蛋黃醬_啊>: 你在暗示我 我不会害羞的[微笑],<一柯鸟蛋>: 可以啊[doge],<ohohKingsley>: 跟我吗[doge],<22Mini>: 是找小猴子吗[发红包啦][发红包啦],<轰儿>: 晚上在金九龙看到你本人了[哈哈][哈哈],<遇淮安>: 来嘛来嘛[脸红]约约约[脸红][脸红][脸红]😕😕😕😶😶😶😶,<班尼兔呢>: 一样想法[羞嗒嗒],<黄泉之引>: 这么帅居然没对象[吃惊],<wogunba>: 新年快乐[爱你],<cj2525252525>: 大半夜的别想不开啊[doge],<ZzzSherryoO>: 新年快乐[爱你],<ZzzSherryoO>: 我表示还是单身狗[眼泪],<鸡爪鸡爪都是我的_>: 是的  新的一年又开始了呀～～（思考脸[思考]）,<SwD_Max>: 跟我么[doge]]
shierersix	就发张照片[doge][doge] ​​​	[<毕之公子>: 还是很帅[doge],<雪梨酱酱酱->: 帅！[笑cry][笑cry][笑cry][笑cry],<123往前走->: 看了你的ins [害羞],<MadelineStowe>: 可以拿走去做头像了,<UjiYu_>: 现在是要超级低调吗？！！,<那依热木措>: 小哥的脸很漂亮[眼泪][眼泪][眼泪],<姚妤妡>: 好像没看见过你的女朋友了,<ZixinR>: 呜呜好帅！！少抽烟啊,<爱听故事的女孩>: 长得这么好看，一定有女朋友了。我来晚了[拜拜],<中韩混血小萝莉>: 腰带漏出来了[猪头],<2016新鲜事2016>: 爱我你怕了吗[微笑],<2016新鲜事2016>: 你又不理我[微笑],<·九岁·>: 好帅 手好好看[色] 可惜不是正面照 下次照个满足我们的心愿呗,<L1ttle_Princess>: 不你要放出手里的自拍,<绵羊心_>: 我怎么觉得诺一跟你挺像的。,<2016新鲜事2016>: 你在上海吗？在上海吗？在上海吗？在上海吗？ @centstrive   @centstrive   @centstrive,<20th6-2015>: 干净+不抽烟就完美了,<lMitsuhal>: 夹烟的手指太好看,<日胖胖_>: 请多发照片好吗。[泪],<Crismase>: 照片里得你是在自拍么  还是视频呢,<浅-妄>: 玩不玩17啊啊啊啊 想你直播啊,<Annie_嘉敏>: 看到手机的自拍照！！,<Z猛兽独行Z>: 东东T T 我以为你死了,<落难公子_>: 抽烟[doge],<荒凉的高墙>: 你要回归微博了吗[doge],<-Suma->: 好帅[怒骂][怒骂],<米兜er>: 回复 @centstrive :好吧 我走眼了[doge][嘻嘻],<centstrive>: 回复 @米兜er :我开心的很啊[挖鼻][挖鼻],<米兜er>: 为啥看你的照片总感觉你很悲伤呢,<手机用户小蚯蚓>: 抽烟不要太帅[羞嗒嗒],<蛋黃醬_啊>: 回复 @centstrive :[拜拜][拜拜][泪]啊啊啊还是你第一次回复我…,<咿呀咿呀哟zzzzzz>: 还是帅帅的 [泪][泪][泪],<-伊琪先生>: 回复 @centstrive :等你开17直播呢～[开心][幽灵][幽灵]开了公布账号哟西,<centstrive>: 回复 @-义气先生 :没有,<centstrive>: 回复 @钟扯扯_ :谢谢[可爱],<centstrive>: 回复 @夏昆昆 :夏昆吹,<irleyin>: 别抽[互相膜拜],<kaoti金->: 也不知道多发发微博,<Zyyymmmm>: 原来是看自己的照片[笑哈哈],<wonhamso>: 哈哈哈完美完美！,<夏昆昆>: 又去约会啦  吹儿,<蛋黃醬_啊>: 从11年关注你到现在[微笑]这是我第二次评论你…,<IrresistibleI>: 想做你手里的那根烟,<uyaReal2U>: 然后还是一样帅的,<冷香沉醉>: 还是那么帅 [good][good],<Bling_XIA>: 嗯，还是帅的～！,<谈恋爱不如吃瓜>: 我就想知道你叫啥 太熟悉了,<F_UxC_K>: 抽烟会变丑[doge],<大哥的女人不是我>: [doge]好久不见，看来心情不错哦,<小洲z丶>: 侧脸也是帅的不像话,<LIZHAOJING_>: 可以只发图不说话[微笑],<Q蔷薇花开->: 回复 @centstrive :只有我关注你看的是谁[笑cry][笑cry][笑cry]都在关注谁拍的.[笑cry][笑cry][笑cry],<centstrive>: 回复 @张佳琪CanCan :哈哈哈哈]
shierersix	以后一定做个温柔的男朋友[可爱] ​​​	[<Piko_大小姐>: 首先得有女朋友 [doge],<BLINGGGG_>: 好的亲爱的[可爱],<周笔畅小可爱>: 以后找个温柔的男朋友！嗯！ [祈祷],<南方姑娘-真珠美学>: 最让你无奈的，是在经历了那么多痛苦，犯过那么多错误之后，你还没变成你所说的更好的自己。,<mx茗雪>: 你好 我是温柔 [doge],<liiani_>: 感觉你们俩都好厉害表面如此平静,<repeatlive>: 你和你女票分了？,<Rohanxxi>: 你会遇到更好的 别难过,<JENNIFER3HH>: 头像好像冠希哥[doge],<Leslie_Emily>: 话说你个人介绍的日期是我生日欸…你这样我晚上睡不着怪你喔[白眼],<希_樱>: 为什么微博发出没多久又删了[疑问],<centstrive>: 回复 @_周歪歪 :谢谢，以后别再说这个事了。,<_周歪歪>: 回复 @centstrive :无论怎样，还是希望你幸福，也希望她幸福，毕竟以前我一次又一次的把你的微博从头看到尾，无力也没权力去责怪谁。,<魏颖_>: 回复 @centstrive :我艾特他，他就把微博名换了 还删了所有微博,<一锅甜魚>: 为什么好多人冒充我，我才是真正的个温柔！欧巴，管管她们[挖鼻屎],<centstrive>: 回复 @魏颖_ :假的,<何秋逸嗎>: 我是温柔[微笑],<魏颖_>: 佳东同学 这个人是冒充你还是你小号？  @Lawrance__,<-saki-7>: [胖虎微笑][胖虎微笑][胖虎微笑][胖虎微笑] 就微笑吧,<捏仔哥>: 我姓个 名温柔[doge],<鸡腿子的爱>: 你都如何回忆我  带着笑或很沉默,<LIZHAOJING_>: 温柔的蓝盆友你得发皂片啊,<黑化系>: 以后你是我男朋友,<馬村君冖o冖>: 看成以后一定要找个温柔的男朋友[脸红],<Willerhao>: 回复 @董咚酱 :好像是男的吧…不知道哪个屯儿的,<董这个玛>: 回复 @werhao- :🌚🌚谁啊？男的女的？,<Willerhao>: 这人好帅啊 @董咚酱,<莉盐->: [眼泪] [眼泪] [眼泪]告诉我为什么突然和我常存互相关注了？,<centstrive>: 回复 @_周歪歪 :和这个没关系。,<_周歪歪>: 为什么总熬不过，感觉被看好的爱情全都会分开，其实想过么如果你们不红会不会还跟以前一样幸福下去,<小顾大表哥>: 多情的人。[喵喵],<liiani_>: 找我找我[偷笑][偷笑],<你酷奇奇呀>: [眼泪][眼泪][眼泪]我笑了,<嘟嘟oO崽>: 恭喜恭喜！你终于好了！,<_HZQUEEN_>: 我要长大了就去找你🙋,<View努力努力>: 那你是不是要做我男朋友！那么温柔。[怒骂][怒骂][怒骂],<View努力努力>: 所以…你交新女朋友了吗？[好喜欢][好喜欢][好喜欢][好喜欢],<金灿金灿的一天>: 你开心就好咯[可爱],<金灿金灿的一天>: 过好以后的日子[馋嘴],<HEJUNZUIKU>: 我觉得你一直很温柔  昨晚你好坏,<centstrive>: 回复 @莉桑君 :谁,<我爱pumpkin>: 我叫个温柔 宝贝,<Mia_Mia米娅>: 应该配张现在在干嘛的图[玫瑰],<仙女晶小姐姐>: 希望你找到下一任女票啦[眨眼],<Jackson源哥>: 应该是做一个能包容  有责任心   理解对方的人。,<栾青a>: 希望不是个逗比男朋友[挖鼻],<xxxbdrgn>: 你好，我姓个叫温柔。以后请多多指教。,<zzhangyuq>: 别说我贱，但是我听到你说没复合怎么顿时[哈哈],<痰泡饭>: 那你一定个好男朋友,<黄大锤BOOM丶>: 我是 个温柔[微笑],<请回答1996->: 大家好，我就是温柔！,<vlanyin>: [doge]溫柔的男朋友,<__Zoeeeeee>: 东东 做我男票最好]
shierersix	如果每个人都以自己为出发点不为他人着想的话，那就太自私了。 ​​​	[<吕蔻玥>: 人都是很自私的！你要接受现实,<---嗯闹>: 我在说心里话她在听笑话,<倩尼迪-璇>: 每次给你发消息都不回的,<瓜瓜很亲切>: 为什么把关于她的微博都删掉，却留一条？,<初木麻子>: 恩，做好自己 开心就好啦[酷],<Lemon大珣子>: 要看什么事情吧，不是任何事情都需要为别人考虑，前提是没有伤害别人的条件下，有时候也要为自己而活，但是并不代表做自私的事情，把握尺度。,<不愿透露姓名的阿金>: 以为只是小打小闹可到底还是分了[失望] 爱真的是很脆弱的东西 无论如何各自安好就好吧,<不太蠢的肥鹿>: 你女朋友没有微博么？,<Porridgeyan>: 什么时候放照呢[思考],<软趴趴的喵酱>: 回复 @centstrive :[思考]那祝你早日找到一个和你前女票一样好看的妹子,<软趴趴的喵酱>: [右哼哼]没有女票 差评,<无数个A>: 生活都把人逼成自私,<_香香公举>: 回复 @centstrive :生气！ 干嘛总说女生不是 确确实实是男生情商比较低 总是说得出又做不到 算什么,<centstrive>: 回复 @_香香公举 :搞笑吧你,<Nellyljx>: 以其他人为目的这么活过，太累,<tyufhjhkh>: 真正爱你的人就不会让你失望！所以真相就是她不够爱你或者根本不爱你 [喵喵][喵喵][喵喵] 你比我惨多了[口罩][开心],<XXXlijiaoyangXXX>: 你这么帅 会迷死一群狼的,<Chenxxl->: 不问前路凶吉 但求落幕无悔,<HIKunn>: 分了！？？？？？,<-errrrrror>: 但这样又会容易活的很累,<View努力努力>: 看大家都问你女票，好吧，我没见过…我关注你的时候你就已经是现在这个样子了。发发感受，这是我想要的。加油…做自己。,<你有一个小尾巴>: [可爱][可爱][吃惊][吃惊][哈哈]哈喽~交个朋友吧╭(╯ε╰)╮7688,<Porridgeyan>: 回复 @centstrive :[偷笑][偷笑][偷笑],<centstrive>: 回复 @111Z521 :不是,<111Z521>: 所以说。让你心动的永远是你高攀不起的，准确找到自己的定位。,<111Z521>: 是感情问题么。。。。。保重,<centstrive>: 回复 @Porridgeyan :发型坏了[眼泪][眼泪],<opokhyytt>: 照顾每个人的情绪又太累了，活给自己，多体谅别人我觉得就很好,<欣哥回来了_>: 天天发这种话，都想取关了[拜拜],<Porridgeyan>: 很久没放照了[思考],<A勋培>: 人自私是很正常的现象，不自私的也有，但是每次都不自私的那还真没有[闭眼]不然估计自己会累死,<耳东旁的CHEN>: 那这种人永远不值得爱[爱心]️,<Eve_0>: 据说是因为世界观、人生观、价值观不同，我觉得确实是[笑cry],<Slxvv>: 重点是要让那人知道，否则她绝逼会一直自私下去,<kikikyo>: 回复 @centstrive :你最多也就23吧[可爱],<centstrive>: 回复 @kikikyo :因为老了,<严倩倩倩倩倩>: 如果每件事都为对方着想 时间长对方也习以为常 不会理解你的善良也不会觉得是善良[闭嘴] 就是我,<View努力努力>: 从来都被自私对待的路过[悲伤][拜拜][拜拜][拜拜],<手机用户小鸡崽>: 人不为己天诛地灭,<尹亮宇nice>: 然而我不是这样的人。哈哈哈哈,<林妹妹_xs>: 你觉得他自私，但他不自觉，,<Peco_bk>: 晚安[喵喵][喵喵][喵喵],<Rndjdddd>: 你自己是个自私的人吧,<LIZHAOJING_>: 偶尔人还是要自私一点的。]
shierersix	如果真的喜欢一个人， 你们愿意为ta改变吗？ ​​​	[<冯一朵儿>: 看他是不是也像我这么喜欢他啊。是的那我就不用为他变了，因为我所有的样子他都会接受不用改变。不是的那就更不用为他改变了，都没我喜欢他那么喜欢我，为他变了我也会活的很累。[笑cry],<gxxod44>: 不会，人生这么短，我会选择做自己,<an-zinnnnnn>: 那么爱 为什么分？,<歪腻_啊>: 为什么好多微博都删了[崩溃][崩溃][崩溃]给我一个理由 @centstrive   @centstrive,<金灿金灿的一天>: 你不后悔你的决定就好，希望你开心,<vivian小小机起飞>: 回复 @centstrive :[可怜][可怜][可怜] 但是相爱就是互相包容不好的地方呀,<centstrive>: 回复 @vivian小小机起飞 :我不值得被爱,<vivian小小机起飞>: 这不是我想看到的 为什么要分手,<HeartBeaTop>: [大哭][大哭]变瘦,<无数个A>: 不愿意，事实证明改不了…做真实自己…,<诶呦喂嚯>: 貌似我改变了好多，可是觉得男票好像没有开始珍惜我了,<任路加r>: 你会这么想就说明你会是她的好男友 爱一个人肯定是要付出的 为她改变也是一种付出,<苏小姐的刘先生>: 我已经变了[泪],<陈沉溺>: 就算再喜欢一个人也不会委屈自己改变自己。,<LIVIAan>: 回复 @Ariel_刘偲 :说得太好了宝贝[害羞],<-justAlice>: 番茄和土豆的最佳拍档，番茄酱和薯条。,<子涵oni->: 潜移默化的在变.,<虾虾是逗比控>: 不是为ta改变自己，只是改变对ta的方式，在一起不都是摩擦磨合摩擦磨合周而复始直到那根肋骨与你再也无法血肉分离为止吗,<聆听U仰望>: 为什么动不动就删置顶额，，[拜拜],<千鞅>: 看了评论也是醉了 求发视频,<小小小核桃YeZi>: 不愿意，因为当你们在一起的时候，她喜欢的是那时的你。如果你改变了，她会喜欢现在的你吗。？还是，你为她改变之后，她却对你说我爱的是原来的你。,<雾白>: 不自觉的就改变了,<虾虾呷呷虾虾儿>: 亲们，关注我微博有抽奖哦！[心][害羞][害羞],<xiMinann>: 可以 不过我不希望到最后的自己不是自己 要么做到最好要么就别让任何人失望。,<大志愿与小可怜>: 愿意，如果像你这么帅。[花心],<Gnx爱笑的女生>: 看是什么事吧，太多的改变会失去自己，那样也不会长久，只能说很多事要互相包容，理解和忍让愿意去迁就对方……,<好垃圾阿>: 希望遇到一个我不需要刻意去改变的人 在他面前 我就是我 原原本本的我,<了不起的晨晨晨>: 不改变就没有未来 本来就是互相磨合互相变得越来越适合 爱情总要有点牺牲 但如果两个人共同的牺牲改变却让感情变得更稳定让自己也变得更好 那么怎么样都是值得的都是正确的,<97年的农夫山泉吧>: 愿意，前提是他也要喜欢我,<RS5Y>: 愿意 只怕来不及,<Tiffanyzzy>: 愿意，因为我改变了,<好吃的鬼F>: 至少我还没有取关你。[呵呵],<二姑娘威武->: 不愿意，改变了就等于是ta喜欢的不是真实的我，改变成别人的性格自己会觉得好受？,<玖喱>: 有时候不合适改变也不顶用最原始的自己最好,<米唐金令金当>: 看是改变什么 有必要改变没,<tyufhjhkh>: 如果真的不合适 就别强求了 对的人不止一个,<小香娇>: 不愿意 改变的自己就不是他当初喜欢的我了,<扑姑西剖>: 简直就是情不自禁地变[喵喵],<Linana___>: 最可悲的就是连个喜欢的人都没有。。。,<愚蠢的萍萍酱>: 愿意啊。感情是两个人互相磨合的,<fine3->: 做自己 喜欢就在一起不喜欢就算了 曾经傻傻的为他改变后来发现很多习惯是改不了的 到头来改不掉对方还说你整天说要改到头来什么都没做到  做自己！,<L什么C>: 对方太优秀才会变更好吧 当然愿意,<Ariel刘偲>: 回复 @centstrive :那就是你爱她比较多啦[哈哈],<centstrive>: 回复 @Ariel_刘偲 :你说反了吧,<Ariel刘偲>: 女孩总是嘴巴硬，唱反调，可是总会无形的改变，而男孩总是说得好，缺坚持自己。，还往往看不到女生的改变,<黛酥>: 不自觉的为他改变了很多，但是他还是看不见我,<思雪妹妹_>: 既可以互相喜欢 又能最真实的自己 这样才是互相喜欢的状态阿 为什么要去改变,<星晶灵王或珍小琪>: 当然了不过不能往坏了去变要往好了去改变,<-林紫婷>: 如果是把自己往好的方向改变就愿意 要是改变了对自己没什么好处的改毛线改,<mmie->: 喜欢上他的那一刻你已经在变了,<gxxod44>: 人生区区几十年，做自己都不容易，为什么要为谁改变,<我是窕窕>: 愿意改变一切！就是这么没有原则,<imomosr>: 愿意为她变好 其他的还是随自己的心[呵呵],<直婕婕树>: 当然，但还是要根据实际情况,<朱易困-mxL>: 嗯嗯！你愿意就好了！]
shierersix	起床的发型[挖鼻屎] ​​​	[<陈禹熙2931072057>: 你这么帅，你爸妈知道吗？,<霄小盆友>: 长得这么好看为啥不多发些照片呢[拜拜]博爱一点好嘛[害羞],<囚-心--->: 在学校看到一个和你长得比较像的人，可惜比我小,<Abigail最棒_>: 不要这么帅[拜拜],<laissezmoivousvoir>: 想看女票[呵呵],<我係Biu哥>: 女票呢[委屈]每天都来刷看她啊,<iicxii>: 真的是谈恋爱的人变好看了,<WAZWMMYY>: 回复 @星恋到 :哈哈哈哈,<Sweetheartqwq>: where is 欣欣[哼],<本浩叔>: 帅 @centstrive,<RiGAaa-06>: 真是够了 连起床都在秀[拜拜][拜拜],<敏美子_>: 没有女票差评[拜拜][拜拜],<愚蠢的萍萍酱>: 睡你MB起来嗨。,<Kyecl>: 你真漂亮[好爱哦][好爱哦][噢耶][得意地笑],<刘1峥>: @ZhENziLiNG,<了不起的晨晨晨>: 绝逼是女友房间不用狡辩了[呵呵],<阿华田加波霸kkk>: 别闹应该更乱[拜拜][拜拜][拜拜],<大哥的女人不是我>: [doge]头发加了特技Duang,<痰泡饭>: 不露胸，差评[doge],<歪腻_啊>: 颜好怎么都好看[有鸭梨],<一只周__>: [太阳][doge],<我是你茜姐阿>: 你媳妇的睡衣吧[doge],<__米哥>: 这张太白了 不好看,<c四喜丸子l>: 好想知道你叫什么名字[呵呵],<Justicebear>: 回复 @centstrive :谢谢[不好意思][不好意思][不好意思],<叶思梵y>: 露肌肉就好了[花心],<centstrive>: 回复 @zzz____朱嘉宸 :生日快乐,<今天特别想吃凤梨>: 很久没那么萌了[熊猫],<Ariel刘偲>: 我要欣欣[怒骂],<xxSpongeBob>: 是不是女神的卧室[思考][害羞][doge],<-Suma->: 发型帅气!很羡慕能有这样的发型,<美哥家韩妆代购>: [心][心][心][心],<你是不是皮>: 欣欣呢。。。。我要看她。。。,<tauruslyxxx>: 这就是别人家男友的起床照,<尋人啓事_____>: 肯定擦了眼屎以后照的！！！,<用户0506_>: 我没闹[呵呵][呵呵][呵呵]你有胸肌吗[嘻嘻][嘻嘻][嘻嘻][嘻嘻],<老老老老嘤嘤>: 那双明艳又动人的大眼睛[偷笑][偷笑][偷笑],<折耳鹿L>: 你刚起床就这么精神？,<yim1ce>: 这一定不是你房间[doge][doge] 背景墙都田园风[兔子][兔子],<骄傲的骄________>: 女友的照片呐[傻笑],<Lixy_可爱>: 长的帅没头发都好看[眼泪]]
shierersix	可爱吗，有点喜欢[害羞][害羞] ​​​	[<qgsgeujfnf>: @峰狂戴  好可爱的,<闫SHKC>: 回复 @怪人塔普 :庞琪琪，小黑黑,<酷了个西>: 回复 @闫SHKC :哦no  闫小黑！,<Taylor-7dream>: 回复 @Oops-13 :对哒对哒 好像好像！,<闫SHKC>: 回复 @怪人塔普 :这个超可爱！文静的庞琪[喵喵],<酷了个西>: @闫SHKC  可爱死了！！！,<sbsuiskkdjnsjsjsjdbbd>: 好大一根头发！！挡的我都看不到东西,<Mela-7>: 什么品种的？ @centstrive,<Lucas-吳樊>: @Baby_Dling  这个好可爱,<Oops-13>: 好像老霉的小三猫,<耳旁风o>: 回复 @-周安心 :想要,<我呀我会飞呀b>: [爱你][爱你][爱你][爱你][爱你][爱你][爱你][爱你],<lrina_ly>: @mhr_  我又想养猫了,<Michael-二>: @喵了個羋  蹭蹭你[喵喵][喵喵][喵喵][喵喵],<ComeBackBom>: 回复 @何幸玉 :哈哈哈哈哈哈,<何幸玉>: 回复 @ComeBackBom :比米粒萌[害羞]一个品种    和刚买来的大小一模一样,<ComeBackBom>: 回复 @何幸玉 :像不像米粒,<何幸玉>: 回复 @ComeBackBom :[可怜][可怜]萌死,<大哥的女人不是我>: 这何止可爱，简直萌死了[喵喵][喵喵][喵喵],<Autumnal-23>: 你买了 @李小Donson  的猫咪吗[笑cry][笑cry],<贪吃洁>: 如果长不大就好了,<傅同学呢>: 啊啊啊啊啊啊啊可爱爆了！,<嗨今夕何夕>: @最亮的眼眸  长不大哒 小奶猫 批准 养十只！ [花痴],<邻家酷女孩>: 求回答[作揖][作揖],<邻家酷女孩>: 好可爱    这是什么品种的,<没错我就是小米>: 最后一张有根头发[傻眼],<Kyecl>: 唔  没你可爱[转发][好爱哦],<NUJ_AIJ_>: 折耳猫[花心]  萌死了，萌死了，好想摸摸它[害羞],<IrresistibleI>: 好萌啊！！！！！,<一只小呆兔>: 和你家那口子有点像 @centstrive,<嗳上流哖中的爱情>: 我家也养了猫大人[喵喵],<cinybaby>: 萌晕了 [紫心],<爱花花er>: 呆萌，眼睛又大又黑,<听得清看不清>: 好Q好萌[爱你],<娇弱的大块头>: 小狗狗更可爱一点哇,<明天和你去哪里>: [羞嗒嗒][羞嗒嗒][羞嗒嗒][羞嗒嗒][羞嗒嗒]我可以喜欢那只猫吗？,<centstrive>: 回复 @张怡梓ZI :渐层色折耳？别人说的,<韩温馨->: 适合欣欣的[猫咪][猫咪],<94小池儿>: 怎么感觉长得像你女朋友[害羞]]
shierersix	男人要承担很多很多，一点委屈都要懂得不计较，一点情绪都要懂得掩饰，一些话都要选择不在意。 ​​​	[<原谅捧花的我盛装出席只为一个你>: 祝你和女票好好的 你一换头像我就要紧张半天[委屈],<Leslie_Emily>: 你女票知道你那么爱她吗？,<你喜欢熊还是熊猫>: [男孩儿][女孩儿],<sobadokay>: 哈哈 你为什么喜欢吹包,<冯一朵儿>: 你的这些“都要”，看着好难过。,<JoeKUANNNNNN->: 回复 @centstrive :私信我嘛 行不,<JoeKUANNNNNN->: 回复 @centstrive :[挖鼻][挖鼻][挖鼻][挖鼻],<centstrive>: 回复 @JOEKuan金倫 :在我心里,<JoeKUANNNNNN->: 你多高啊哥哥 还有女票呢？说下可以吗[爱你][爱你][爱你][爱你],<荔何江>: 你倒是多秀秀你女朋友呀 旧微博删了赶紧发新照片,<霄小盆友>: 好想知道你多大了？[拜拜][拜拜][拜拜]不要告诉我才二十[doge],<黑鹤__1998>: 所以这样才能和媳妇过一辈子[思考][doge],<Persistent-sun>: 唉～你女朋友像韩国妹子，好看！你的眼睛特别空,<黑鹤__1998>: 所以这样才能和媳妇过一辈子[思考][doge],<本浩叔>: 回复 @centstrive :那就说“你愿意嫁给他吗？”“我愿意。”“你愿意娶她吗？”“我愿意。”两个人说“我愿意”吧！ @centstrive,<centstrive>: 回复 @晨露煮血 :我女朋友声音当然好听啦哈哈以后找个机会。,<本浩叔>: @centstrive  你能让我们听一下你的声音吗？我一个初中生声音有什么好听，那是青春的声音[阴险][阴险],<本浩叔>: 回复 @centstrive :不会哦(´-ω-`)，我觉得人好看声音就好听，想必你的她也是。,<大哥的女人不是我>: 两个人在一起，笑容比眼泪多就对了[呵呵],<centstrive>: 回复 @晨露煮血 :我怕会把你吓坏啊 哈哈,<本浩叔>: @centstrive  你能让我们听一下你的声音吗？,<Seve7n__Han>: 祝幸福[鼓掌][鼓掌]看你们秀恩爱莫名其妙的觉得特别好[星星][星星],<hakhunnie>: 回我你们会更幸福[吐舌头],<一只小呆兔>: 祝你们一直这样幸福！]
shierersix	补上删掉的照片[嘘] ​​​	[<臭惠惠呀>: @赖嘉璇  好像黄嘉义,<Noeuuux>: 回复 @Eban7 :我也！[怒骂],<ssomito>: @假大元  我要整容,<独一无二的妖妖灵>: 回复 @MonSTeRldd :我也看了一圈 只有这组照片有点像,<MonSTeRldd>: 回复 @-象象酱- :[呵呵]去他微薄看了一圈,<独一无二的妖妖灵>: 回复 @MonSTeRldd :最后一张也有点像,<MonSTeRldd>: 第一张像  @-象象酱-,<Chenerz_>: 长的好妖啊 @centstrive,<兀生余>: 哈利波特[喵喵],<淮南枳北>: 回复 @茧尸 :敖犬[心],<淮南枳北>: 池昌旭即视感[耶],<HHHouhui-->: @计小薇2015  第一张像男票啊,<____张莹y>: 长得好像我男神[doge],<-Kooi>: healer[眼泪][眼泪][眼泪][眼泪],<Tztcan>: 回复 @凯蒂君o :en,<瘦十斤真难>: 回复 @L汤紫婷 :可帅就是了[思考],<Tztcan>: 回复 @凯蒂君o :是啊,<美美cammi>: 第一张像陈冠希吧。。,<瘦十斤真难>: 第一张像池昌旭啊啊啊[抓狂][抓狂],<茧尸>: 回复 @三尸游 :很像敖犬 昨天就把他微博翻了 他女票比他好看,<三尸卍>: @茧尸  最后一张,<琬啊>: 回复 @兯厸厸 :像！,<阮什么啦>: 回复 @玦妜 :我有加他INS~,<玦妜>: @阮又萌  好看,<是M淼>: 像昌旭欧巴吗 @仧妧  神似啊,<是M淼>: 好像池昌旭欧巴啊,<桥都麻袋袋>: @不忍心再欺哄但愿你听得懂,<xxKexin>: @i王钰  我觉得这个人好像池昌旭,<小暖流shallow>: 回复 @centstrive :呃……被博主逮住了……还是帅的好嘛[嘻嘻] 大脸盘没下巴的女汉子嫉妒一下罢了,<centstrive>: 回复 @小暖流shallow :。。。。别这样说= = 我也不是娘们啊。。,<小暖流shallow>: 回复 @_Ursister_ :有点像池昌旭，但是池昌旭xi比他男人！,<小暖流shallow>: 回复 @_Ursister_ :呃。。。。这男的好精致。。。这双眼皮，这尖下巴,<_Ursister_>:   @小暖流shallow,<白油油Y->: 求app！[害羞],<喜感妹claire是来得及小姐>: 怒赞第二张！！！,<Lyce->: 这是什么软件[星星眼],<三儿三儿三OvO>: 前两张像霸道总裁,<狮狮虎_>: 幻想你弟弟长大的样子 @祝琳玉哟  [害羞],<-LYY啊>: 这是什么软件[害羞],<shiTcAke>: 你不露点还有什么意义,<Hiinggg>: 回复 @centstrive :Sunshine boy [doge],<centstrive>: 回复 @SHEEP-- :没开,<烟台生活频道>: 就我一个人觉得像汪东城吗,<GAOXR->: 回复 @葵葵酱醬xi :不是我的菜,<葵葵酱酱xi>: 回复 @GAOXR- :[嘻嘻]哪里都帅[doge][doge][doge][doge],<Hillary_lll>: 不想看你，看你老婆[呵呵],<GAOXR->: 回复 @葵葵酱醬xi :哪里帅,<葵葵酱酱xi>: @GAOXR-  妈蛋！！帅哭！！,<-糖不吃小姐_>: 眼睛虽很漂亮，可是眼睛没神，有点斜视,<Hiinggg>: 开眼角[doge],<水果味的Ay>: 各种韩国正品化妆品 减肥药有防伪标签  阿九团队QQ 2291648560,<衣领和她的袖子>: 好帅[泪][泪],<_SupErTing_>: 我总觉得戴眼镜很像哈利波特]
shierersix	嘴巴那么毒的人 心里一定很苦吧。 ​​​	[<十英里-miles>: 有些人就是这样，见不得别人漂亮 ！,<一粒草莓er>: 好喜欢你们 要幸福,<霜茫劫>: [呵呵]说不苦是假的,<real__xnf>: @早晚有一天被吴亦凡帅死的芋头,<热心市民小99>: 就好像嘴巴毒就会很幸福似的,<Ling阿玖>: 没有照片[哼][哼][哼][哼],<noooooooora>: 没皂片[哼]差评[挖鼻屎][挖鼻屎],<小吴网红>: 只能用恶毒的语言来弥补心里的不平,<boss方->: 给她们块糖吃[偷笑],<平和岛西子>: 感觉像人生哲理，马～,<centstrive>: 回复 @Lilly李芸婷- :别难过[偷笑],<王艳君>: 有的人天生就是这,<Beyonce-Venuslyt>: 刚刚结束和男闺的电话 嘴里说让他不要考我们学校 心里难过的要死了 一直在哭,<kisslovexx>: 丑人多作怪波是真的,<用户0506_>: 那是他们嫉妒你们[呵呵][doge],<妖妖12345abc>: 不发照片伐开心→_→]
shierersix	[害羞][害羞] ​​​	[<宇宙超级无敌小阿睿>: 没有女朋友的照片  差评[害羞],<撸猫老阿姨>: 没有女朋友的照片,<萌死朕->: 我猜是yx发的[衰],<阿媛summer>: 美腻了[好爱哦],<XxXx_Xx->: [哈哈][哈哈]]
shierersix	昨天在朋友圈发不长痘很开心，结果当天就长了三颗，今天又长了[拜拜][拜拜] ​​​	[<SSuper灬>: 怎么那么倒霉哈哈哈哈,<MOMOt_>: [哈哈][拜拜],<eorr_>: 这个很灵验的，不信你现在再说一次,<俄罗斯白人孟>: 可怜的娃[悲伤],<别叫我醒>: 看来根本停不下来呀,<玉煜的猫咪呢OwO>: 我也长了两颗[抓狂],<Hey_Summerbaby>: [拜拜]我前几天说我很久没生病了 结果…,<是1个男孩子>: 我不仅不笑还不会去赞的,<iivbabe>: 总觉得有一个诅咒.无论你笑谁长痘…你明天就长了[绿叶][绿叶],<貓力海了鮮>: 你要是买次彩票估计也可以这么涨！[抠鼻屎],<恍略略>: 哈哈哈哈哈哈哈哈哈哈哈哈哈哈哈哈哈哈哈哈哈哈哈哈哈哈哈哈哈哈哈哈哈哈哈哈哈哈哈哈哈哈哈哈哈哈哈哈哈哈哈哈哈哈哈哈哈哈哈哈哈哈哈哈哈哈哈哈哈哈哈哈哈哈哈哈哈哈,<孙童心_Poli>: 哈哈哈[偷笑][偷笑][偷笑],<xxxibghada>: 哈哈哈哈哈哈哈哈哈哈哈,<LiLi姐HOLD住>: 我也是这样[哈哈][哈哈][哈哈],<-michi-go->: 生理期前[拜拜][拜拜],<蜜桃味的鸡涌>: 哈哈看见你发Gif了,<Rndjdddd>: 要你说[拜拜][拜拜],<女人皆>: 乐极生悲的节奏阿 哈哈~]
shierersix	不要伤害一个爱你的人。 ​​​	[<123321任竹潇>: 爱是相互的。没有伤害之说,<冷香沉醉>: 你伤害了很多爱你的人吧？呵呵,<我们现在去日内瓦>: 最难得的就是真心的感情,<陈阿嫘>: 不爱就要果断拒绝对吧]
shierersix	表白节[偷笑] ​​​	[<_不如就让我去>: 回复 @哈嘍你好我是因你而在的春阿春 :嗯 我今天跟肖雅他们去的一家腰子粉蛮好吃,<哈嘍你好我是肖雪>: 回复 @所以你不值得愛 :眼线好黑！眼睛蛮想炎亚纶的。。额。。都挺像的 [脸红],<_不如就让我去>: 回复 @哈嘍你好我是因你而在的春阿春 :比炎亚纶帅其实……,<哈嘍你好我是肖雪>: 回复 @所以你不值得愛 :对！！！我刚才想跟你说的！！！好像炎亚纶！！！！[拜拜][拜拜][拜拜],<_不如就让我去>: 回复 @哈嘍你好我是因你而在的春阿春 :我觉得…… 有点像炎亚纶 所以 璀璨的型吧 ？,<哈嘍你好我是肖雪>: 回复 @所以你不值得愛 :太。。那啥了吧！我喜欢傻一点的那种！我去视奸这个人的ins了 [呵呵],<_不如就让我去>: @哈嘍你好我是因你而在的春阿春  发现一个帅哥 我觉得是你的型 或者璀璨喜欢 ？,<酱果->: 第一张嘴巴怎么回事！！！,<-ppphhh>: 我萱你 摸摸大[睡觉],<徐杨zoe>: 回复 @Jooaryeo :请问男神微信多少？,<-michi-go->: 你都不回复的，表白有什么用？top[嘻嘻][嘻嘻][嘻嘻],<-michi-go->: top[爱你][爱你],<xxxbdrgn>: 爱老虎油[害羞],<恍略略>: 宣你！你宣我吗！,<oosbae>: 我特别讨厌你 哎呀  很讨厌！！,<lzffff_>: 纽扣系上[抓狂][抓狂][抓狂],<silverrr_>: 你的黑眼圈让我想到了冬天早晨的一批学生,<无糖模式>: 愚人节都没人表白的人一定是太丑了[拜拜],<我是你的宝宝金水>: 能不能不要拼图呀！右边的那张想拿过来做壁纸[爱你][爱你],<骅Sama>: [悲伤]男神我手机丢了 玩不了微信了,<躺赢不是美滋滋>: 做窝女朋友，不然窝就是你男朋友[偷乐],<清凉册>: 弱弱的问一句，你是化妆了哈？,<Kerraineee_>: 我想抽你[挖鼻屎][挖鼻屎][挖鼻屎][挖鼻屎],<苏九九Teamo>: 回复 @我想变成一首情歌 :[害羞][害羞]【熊抱】,<ooooooonedya>: 回复 @熊酥叔 :[鼓掌][鼓掌][鼓掌]当然啦,<苏九九Teamo>: 回复 @我想变成一首情歌 :[害羞][害羞]虚，这是个秘密，我太高我造的,<Eeeeeta>: 男神你宣我吧[嘻嘻],<隽妹儿->: 收到很多人的变白了吧,<ooooooonedya>: 回复 @熊酥叔 :我知道  我不是因为你帅才爱你  因为你高  两米,<苏九九Teamo>: 回复 @我想变成一首情歌 :来呀来呀，我可是大帅比[偷笑],<ooooooonedya>: 回复 @熊酥叔 :[阴险][阴险][阴险][阴险]come  baby,<苏九九Teamo>: 回复 @我想变成一首情歌 :我宣你,<ooooooonedya>: 我讨厌你[阴险],<kisslovexx>: 快表白哦[抓狂],<一个两个三个四个五个_>: 你什么表情[挖鼻屎][挖鼻屎][挖鼻屎],<Bomyee>: 我喜欢你[爱你],<Guapo__>: i love u,<dsdhnn>: 我喜欢你很久了[呵呵]]
shierersix	猜我在干嘛[阴险][阴险] ​​​	[<半脸姬>: [拜拜]除了装逼还能干嘛,<杨丹澜>: 第二张脸也好好看[大哭],<长岛冰薄荷>: 在抠痘痘[阴险],<玲琅美肤>: 不管你在干嘛，很帅,<我们现在去日内瓦>: 自毁双目[嘻嘻],<Crystal护肤代购>: 正品鞋专卖店 @-Plum潮品-   这几天我不赚的卖！！！[悲伤][可爱],<出售一只屌>: 自拍[挖鼻屎]我猜对了,<xxxbdrgn>: 你要变身吸血鬼吗？[偷笑],<王呀楠>: 手好漂亮阿[爱你],<玲琅美肤>: 在比划你巴掌大的脸吗,<戴盖子的瓶子不是好猪>: 在傲娇自己的脸好小，而且手还好看！,<xxx刘77xxx>: 自毁双目 [晕],<听说我找到男朋友了>: 一看就知道你在偷偷的看我[偷笑][偷笑],<枉懵>: 用你的舌头在舔手掌,<GN丶S>: 手漂亮[泪][泪][泪],<Eeeeeta>: jd的手好好看[爱你],<怪我就是小怪>: 挠头 [纠结][纠结],<Eeeeeta>: 在秀你脸小[眼泪],<琉殇118>: 显示你的脸有多小，还可以展示你的手,<陈阿嫘>: 发神经吗[呵呵],<敌对>: 你的手好美[泪],<-michi-go->: 自拍[挖鼻屎][挖鼻屎],<_六爻>: 哈哈  2B青年欢乐多吗？？[爱你][爱你],<姜威哦>: 你怎么只有四根手指！,<草泥马的你最可爱>: 手。。。。说不出口。哈哈哈哈哈哈哈,<_请给我场雨>: [打哈气][打哈气][打哈气][打哈气][打哈气]你在干嘛呀～,<我們之间-1994_144>: 在毁容在作死在不要脸,<lzffff_>: 自拍啊你傻[亲亲][亲亲],<XuYyyJie>: 你在想我[抱抱],<Lady-之>: 测试手的大小[挖鼻屎]]
shierersix	祝大家新年快乐[微笑] ​​​	[<-熊怡->: 第一张眼睛像刘德华 发型换个,<屌逼轰轰的一手大姐大>: 第一张  可不可以  在萌一点。,<晓涵_Han>: @LoKI鹿鹿  ,<喜感张豆腐>: 回复 @你站在人家嗯嗯上了 :请问D在何处。。。话说五官长得有点像我一小学同学的瘦白版[奥特曼],<小么小儿郎7777>: @左手五只鸡   @加油的小鸡跑得快   @Kylin-Chang   @汪汪汪汪汪汪汪汪神马来的  我寻着上条微博寻来了这个微博，这个汉子好屌，拍照角度更屌,<逼你生>: 超喜欢你这种双眼皮大大眼睛大大的男生:D[可爱],<丷SAADIYA丷>: 你跟冯铭潮好相似吖[酷],<尹儿大脸>: 回复 @centstrive :[思考]主要是表情没到位！嗯………[挖鼻屎],<centstrive>: 回复 @Triste_七爷 :有啥子问题,<bambooshanglock>: 发型还是动车上拍的那张最适合你了，相信我没错的，现在的发型显老,<梦大大大大大王>: 这么帅你妈知道嘛！！[哈哈][哈哈][哈哈]    @手机用户19931027  超嗲有木有,<clara就是克拉>: 新年快乐～关注一下你敢吗,<seeivy>: 新年快乐 @Jcwlwl,<一米七三怎么了->: 新年快乐 啦啦啦,<麦某某>: Baby,新年快乐[心][心],<何文也>: ins里看过[馋嘴]不发新照片吗？,<love芳児>: happy new year。,<EROISN->: 新年快乐[呵呵],<祝我晚安好梦>: 好笑西瓜头[笑哈哈],<美吕子->: 帅爆胎[闭眼][闭眼]快乐新年[花痴][花痴],<蕭yeah>: 最后一张不要太可爱[眼泪],<Celeb少女馆>: 新年快乐啊[哈哈][哈哈][哈哈][哈哈],<AngelTAnQ>: 你也要快乐噢[太开心],<凯与轩>: 哇你好像唱大戏的,<李俽苡>: yeah[得意地笑],<XTMXY>: 好帅好帅[哈哈]花痴,<娜吒___>: 新年快乐  么么哒,<Wwk廖宇婷>: 新年快乐~有红包吗！！,<珂爷STUDIO>: 看起来不开心啊[嘻嘻]]
shierersix	微博都快淡忘了[哈哈] ​​​	[<猫和玫瑰-yyz>: 帅的[喵喵][喵喵],<___Konie>: 回复 @左中王子 :他是谁,<左中王子>: @___Konie,<张园园啊>: 第一张李敏镐 刘德华 陈冠希啊,<AmorSH_>: 第一张像李敏镐[不好意思],<Jianglinhann>: 回复 @SUMMERXBBBBBB :快认真睡[懒得理你],<SUMMERXBBBBBB>: 回复 @Jianglinhann :失眠啊啊啊,<Jianglinhann>: 回复 @SUMMERXBBBBBB :你不是睡了咩,<SUMMERXBBBBBB>: @Jianglinhann  男的随便整整就不错,<MyhJin>: 然后这微博我也发过[眼泪],<MyhJin>: 第二张还像top,<Sssssssssi__石童鞋>: 帅的来。。。。。[偷乐],<地主家的傻甜甜>: 好高冷的眼神，有一种被藐视了的赶脚，操，我还觉得好帅，我是肿么了？？,<_来十个肉串儿>: 回复 @centstrive :贴吧啊，我说你长得像我男神！,<-michi-go->: 第二张好象top[good][good],<Xerlai>: 好像arron啊啊啊啊啊啊,<centstrive>: 回复 @_我说hey-李李李欣欣悅 :什么东西？,<_来十个肉串儿>: 第四医院院长！！！我昨天才在贴吧说你长得像我男神，今天就在微博再次偶遇！！！ [脸红] [惊恐] [惊恐],<小小小CXC>: 你那么帅。你家里人知道吗,<闪耀的光芒_>: 请问你用那款软件搞得？,<普林西丝__>: 你长得很像刘德华,<臆病少年>: 这b整过，开过眼角,<刘不错liu>: 回复 @yyyyyiA :和微博名一样,<一二一二唷>: 回复 @刘大倩倩 :他ig多少,<刘不错liu>: 我看见你instagram了。,<Maxbb阿>: 不会忘记你[可爱],<祝我晚安好梦>: 大哥你网站好了没有[酷],<木水佩佩>: 好像内个叫什么来着。飞伦海里的一个成员！,<Brave_ZJ>: 有点美啊[骷髅],<胆小胆小鬼吖>: 我就看看[害羞][害羞][害羞]帅得逼我说话[哈哈][哈哈][哈哈],<centstrive>: 回复 @Wss闪哥 :煞笔。,<Wss大闪闪>: 那就别上来骚了[挖鼻屎],<Dora凉凉>: 哎呦喂，好帅，终于有帅哥看了,<玫瑰三愿->: 永远记得你[可爱][强壮],<冷香沉醉>: 以后多发，年轻时多拍，以后就老了 [哈哈][帅],<一只柚子www>: 不造一直没舍得取关吗[害羞],<香蕉妹-Sy>: 太帅了哈哈哈。[得意地笑],<Sunshine-goldxx>: [向右][向左]]
