twing	進入結局週 #乘胜狙击# ​​​	[<杜文亭wendy>: 千门七杰还差一个Win姐,<米琪Meichii>: 很好看呢[花痴][花痴]可惜時間過得太快，各種的不舍得[可憐][可憐] 嘻嘻， 第八張相，還記得那瓶綠茶嗎？[嘻嘻][嘻嘻],<Y怡kin1528>: [爱你][爱你][爱你][爱你][爱你],<韓米YO>: 好期待大结局，支持展鹏，支持成胜狙击,<美紅最喜歡聽歌>: 好喜欢看乘胜狙击[鼓掌][鼓掌][鼓掌]]
twing	丁子峰又來啦，今次用新形象出現。@毛舜筠 #八时入席# ​​​	[<蛋糕盒儿>: 表情好乖啊[挤眼],<blanche_bb>: Terri 哥[haha],<喜樂小藝EstherLee>: Mo姐好靚！榮榮好帥！🤗🤗這畫面簡直好看得犯規！[太开心][太开心][亲亲][亲亲][亲亲] #八時入席#,<T_Fanny豬_T>: [花痴][强][鼓掌],<carrie_晶>: 昨天才看了刚出场的一集，好看,<卡咪朵>: 期待这一集！[good]]
twing	馬文泰己死高天鷲能繩之於法嗎？#巨轮II# ​​​	[<strength1995>: 三合会头目马文泰被人拔走维生仪器 抢救后证实死亡 哈哈哈哈[馋嘴],<CcMm_Leung>: 生要见人，死要见尸，我先唔信你玩完了，听晚见[怒],<hayley·>: 泰哥[doge][傻眼],<D-勒>: 马强变坏了[黑线],<Vicoll>: terri哥唔好死住啊!,<小queenqueen>: 其實我以為你死的消息系徦㗎,<梁偉斌MaGgxX>: 马文泰这个角色演得好,<Carol-思>: 肯定没事，一定系大宝假装打伤阿信，叫警察对外说死了,<吴雪贞贞贞>: 肯定可以 坏人要有坏报,<vaninomi>: [淚][淚][淚][淚]點解一晚要帶走峰峰同Terri,<梦云云云>: 之前看《爱，回家》演的是善良，现在演的有点接受不了。但是演技很好，加油[鼓掌][鼓掌][good][good],<JustineWONG黄瑜雯>: Terri不可以死 你还要出庭指证高天鹫 唔可以给他逍遥法外,<潮叽叽945>: 马文泰来了，快逃，我怕怕[吃惊]演的真好[嘻嘻][嘻嘻],<张国荣你在何地->: 演的好好[haha],<史提芬007>: 剧透一下吧[眼泪],<时待EK>: 包包爸爸 你演的坏人可以再坏一点点[doge][doge]]
twing	有人估到我戲中識業，重有同小小的關係嗎？#八時入席# @毛舜筠 ​​​	[<T_Fanny豬_T>: 榮榮，你要好好照顧我哋最愛嘅毛姐呀！期待你們嘅劇情。[给力][给力][给力][心][心][心],<miaomiao露珠阳光小草>: 更喜欢短发的你[嘻嘻][嘻嘻],<米洛君-Massie>: 我哋決定撇低邦主了[喵喵],<一地瘋葉凌亂ing>: 前度？未来式？柴可夫？,<毛毛蟲小a>: 小小的追求者出现了[色][鼓掌],<喜樂小藝EstherLee>: [偷笑]其實自從知道妳會參演就已經估到[眼泪]help！作為臣小党的我今晚要叛變了[大哭]！職業嘛，我估係律師或者醫生[羞嗒嗒]好想即刻飛去未來某天的八時入席看看榮榮與我毛姐的精彩合作呀！[色] #八時入席# #好想睇古曉臣呷醋呷到高血壓# #賞賞妳終於可以報仇啦# @毛舜筠  [眼泪] ,<心心KAM>: 包國仁的節奏嗎[哈哈],<七落索>: 怎么感觉好像是个“艺术家”呢……[偷笑],<鄭爽爽Ss>: 更新太慢。不过瘾。,<吹泡泡的米虫>: 刚刚脑袋晃过一屋老友记[哈哈],<人生如reve>: 不看到名字，绝对不会和马强联想到一起。[吃惊],<嘉木叶Apple>: 啊啊啊啊啊开心[doge]醒了竟然刷到荣荣微博！还是和我mo姐同框！！！！,<琦异果一枚>: 荣荣是打算带小小私奔吗？[色]私奔吧！私奔吧！[哈哈][哈哈][哈哈],<Yanest_Cheung>: 哈哈[开心] ，荣哥把小小带走吧[嘻嘻][嘻嘻][嘻嘻],<嘉木叶Apple>: 啊啊啊啊啊啊啊啊啊啊啊啊醒了竟然能刷到荣荣微博[doge][doge][doge],<畢打natnat人>: 咁夜都要開~辛苦啦[爱你],<毛舜筠國際影迷會>: 荣荣想载小小私奔吗？！[doge] #毛舜筠#   #八时入席#,<小君Ho>: 之前透露过小小当年....是跟你有关系吗？,<后知未觉的皓>: 又帅又man～你要带小小去哪儿丫[害羞],<小君Ho>: 前度？不可告人的过去？,<GUAN_喵了个喵喵喵>: 助理，同埋司机，，[偷笑],<篮雨夏>: 荣荣太帅了……你一定是小小的忠实粉丝吧[酷][酷][酷]哇咔咔，给小小当私人司机[害羞][害羞][害羞]你要带她去哪里]
twing	真係好友回家嘅感覺！#愛回家之八時入席  http://t.cn/RtQOQlw ​​​	[<六-个六>: 欢迎加入八时入席,<Hei兒ACKOffPedder>: 包公~终于同“”赏赏“”有情史哈哈哈,<罗棉花>: 哈哈哈哈哈，还会是以前害羞的包公吗？  http://t.cn/Rt8VaKG,<若兰水意>: 可以和你吃饭吗？包公是来抢细姐的么？,<生命影响生命爱的小窝>: 来了，来了，小小的前任来了[鼓掌] 邦主加油呀情敌来了。,<愛戲劇的雙子座>: 回复 @吾乃之乎者也 :遂你所願！,<_陸大胖胖胖>: 好期待！！！[羞嗒嗒][羞嗒嗒],<魔女Christy>: 期待你回家[鼓掌][鼓掌],<貴婦Tiffany>: 出现啦~~~~~~~~~~[耶][耶][耶],<吾乃之乎者也>: 求演Mo姐前任！！,<失落書>: [鼓掌][鼓掌][鼓掌],<怪咖李某人>: 可以和你吃飯嗎[嘻嘻],<H_黄丹妮>: 期待～[马头]壮呢？也会出现吗？[色][色][色],<琪琪16月6日晴>: 啊啊啊啊啊啊啊太棒了！！！超级期待！！希望不是客串，要常驻[眼泪][眼泪][眼泪][眼泪],<honey熊小宝>: 马强你要回归吗？,<Ka君>: 真的嗎?[鼓掌][鼓掌][鼓掌]一集定長期先[阴险],<tweetviasina>: 活久见系列 8年前包公 这次呢,<Channnnnnnnnnnnnnn_n>: 真的好期待，会系D咩故事咧～[哈哈][哈哈],<Fairylee啦啦啦>: 好期待[鼓掌][鼓掌][鼓掌],<在西海岸流浪的八爷>: 你回来啦！！！！！！！！！,<七落索>: 请让邦主多吃点醋，变大醋埕，多谢！[笑cry][心][爱你],<晨曦-欣怡>: [鼓掌][鼓掌][鼓掌][鼓掌][鼓掌]家人回家咯[鼓掌][鼓掌][鼓掌][鼓掌],<琦异果一枚>: 当然可以啦[哈哈]把小小带走吧[偷笑][偷笑],<喜樂小藝EstherLee>: 啊啊啊終於來了！ 「可以和你吃飯嗎？」當然可以！[偷笑] 好好奇Mo姐 @毛舜筠  和妳飾演什麼關係呢？[羞嗒嗒]到時見！ （激動到手震[大哭]）,<昕喵_Adele>: 啊啊啊！！！好期待！！！,<Looisy>: 徐荣恭子[嘻嘻],<EnoTsui>: 好嘢!!!!!超期待!!!!等你[心][心],<毛舜筠國際影迷會>: 好期待[鼓掌][鼓掌][鼓掌] #毛舜筠#   #八时入席#  120集 可以和你吃飯嗎?,<ting--Wong>: 正呀[花痴][花痴]好期待,<不蔓草>: 可以和你吃飯嗎?,<yan希的江南小水龟>: 我们这边都看不了]
twing	多謝大家對愛回家的支持！終於到大結局了，後會有期。 ​​​	[<gem123_75126>: 看到结局篇想[泪流满面],<xinwingkids>: 超级不舍，好想继续睇马家[泪][泪][泪],<Lucky-s-x>: 追剧好几年了，大结局了，还是有些不舍，大赞（爱回家）,<心XXX心>: 最后点样稳翻BB？,<请叫我空空白>: 舍不得，这次真的是结局,<Rachel-S-L>: 马强一定要翻黎， #爱回家#,<leung娟娟>: 好不舍……四年了,<Rallo罗罗>: 期待会有像爱回家那样可以陪我4年的剧,<司丹尼>: 唔捨得马家[悲伤],<xx的小可爱>: 马强 不大结局好不好[泪],<天空的一朵小云>: 就这样结束了，好不舍得,<叶nana8816>: 温馨的马家  永远的爱回家 [爱你],<Hey_Reyan>: 真的好舍不得你们！！！！充满爱的马家[马头],<凤丫头的梦想岛>: 从头追到尾 竟然结束了,<chacha_1>: 知道有结局的一天，陪伴了我4年，好不舍的。每一集都会告诉我们一个故事学到很多，好感激爱回家，更喜欢你们每一个爱回家的演员。不说再见~,<亼赱茶凉__>: 不舍得…追了四年的剧集,<方莉莉C>: 真希望系愚人节噶特辑～听日又可以继续追下去～继续体爱回家,<我的锤锤被占用了>: 今天突然想起来看，竟然大结局了！！！不舍！！！[泪],<funny小娴>: 真的不舍得啊[泪][泪][泪],<Jan-梁>: 不舍得你们，四年了[泪],<Csally>: 好舍不得[泪][泪][泪],<MikoYam>: 舍不得舍不得，点算啊,<大宝焦>: 马家真系我梦寐以求既家庭生活,<K-Cheung_>: [泪][泪][泪][泪][泪],<gill__30>: 在世间　遮风挡雨　有一种爱  从六岁到八十也不更改  任我飞天空海阔前望将来  寒或暖　有笑容可一可再.[心],<gill__30>: 四年了[心][淚流滿面][淚流滿面][淚流滿面],<香港代购馆-叮叮物语>: 好唔舍得你哋[泪],<SaiKit世傑>: 回复 @林漪娸 :好钟意你哋屋企嘅氛圍,<双鱼的沙子>: 爱回家。虽说天下无不散之筵席，但是陪伴了我四年，真的非常不舍。,<不羁的风ask>: 再见爱回家！再见！唔舍！,<WaitingForSRS>: 四年了，《爱回家》真的大结局了，不会再拍了…如果是愚人节多好，我真的接受不了……,<-靖雯儿->: 最珍贵的一直在家 常回家看看[爱心]️马强[强][强]不舍得你们,<生完气回过头会后悔>: 明明平时好少追噶 但是原来都不知不觉四年了 今晚体到大结局居然有点鼻酸[泪],<猪猪瞄S>: 舍不得你们啊[泪],<雨晞晞雨>: 就这样大结局了？真系吾舍得马家的欢乐！,<徐韵仪XuYunYI>: 刚看完[泪]不舍,<nikki-he>: [泪][泪]次次翻到屋企一定回一家人睇爱回家,<林不换>: 好不舍得，一看就是四年多啊,<哈喽喂喂喂喂喂>: 做乜吾拍够一千集架,<小馨滴blog>: 四年，995[心],<牧羊特>: 谢谢这4年有你们的陪伴 [大哭][大哭][大哭],<Rachel-S-L>: 其实爱回家已经成为我每日的一部分了[泪][泪][泪],<林漪娸>: [伤心][伤心],<YvonneLai0902>: 好唔捨得[淚][淚],<小小逗逗儿>: 为啥看不了700的啦，最近才有时间续追,<Lica鎵>: [悲伤][悲伤]太唔舍得啦。。。,<Zanahaa>: 毕竟看了四年[泪],<HG桐tong>: 好舍不得马家，好有爱的一家，让我感动，超级喜欢爱回家,<niss77>: love u all[爱你],<你是我的生命i>: 为什么每次评论都没有人赞我呢,<LiKian_Chung>: [泪][泪][泪][泪][泪][泪][泪][泪][泪][泪][泪][泪][伤心],<梓豪siufay>: 終於要完，最唔捨得馬家[悲傷][悲傷],<T_Fanny豬_T>: 後會有期[给力][心]]
twing	終於等到你回來了[泪]！大家等著看好戲！[嘻嘻][赞]@毛舜筠 ​​​	[<爱吃糖的蜘蛛>: 怀念《毕打》的日子,<Jenny_50105>: 看到你演的那么多的电视剧，真的好好看，这是嫂子吗？真好看，她也是演过好多电视的。,<苏叶莹莹>: 哇！！毕打自己人之后，包公和殷赏再合作！！！好期待啊！！！！,<PostcardLove>: 嘻嘻这句话让我想起了毕打自己人,<Phoebebeebeee>: 八時入席八時入席八時入席！！！[抓狂][抓狂],<T_Fanny豬_T>: 等著睇您們的好戲。[花痴][强][鼓掌],<CatLau涅槃>: 快回来[泪]等着看[泪][玫瑰],<ssiant>: 回复 @LYT林彤彤416  的赞:[鬼脸二][月亮][月亮][月亮],<umBrELLa_LJ_9>: 有冇欣欣先？[泪流满面][泪流满面][泪流满面],<umBrELLa_LJ_9>: [泪流满面][泪流满面][泪流满面][泪流满面][泪流满面][泪流满面][泪流满面],<朱少>: 演技高超，包国仁，裘俊，马强！都入木三分！,<心心KAM>: 包国仁同殷赏[偷笑][偷笑],<愛戲劇的雙子座>: 雖然有許多好角色等著你 @徐榮twing  但客串玩下，同毛姐 @毛舜筠  顛覆一下以往的關係，可有趣了,<畢打natnat人>: 榮榮聽到大家有多希望你在嗎[偷笑]客串幾集好嗎[嘻嘻],<kukeybear>: 毕打自己人得拍档,<Sukiloveyoga>: 包国仁！狗俊！这两个角色完美演绎！,<邹小歐>: 啊啊啊啊啊毕打[太开心],<ssiant>: 回复 @小如如64030  的赞:[鼓掌][哈哈][给力],<ssiant>: 回复 @小如如64030  的赞:[给力][鬼脸二][心],<ssiant>: 回复 @-mamMal  的赞:[鼓掌][心][哈哈],<玉公子_>: 包公 老总！！！！！！！ 挂住[心],<sarah不加V了>: 加入加入加入！！[抓狂][抓狂][抓狂],<MmsS_DJ>: 哎呀呀~~~包国仁＆殷赏,<我的木鱼SUNSHINE>: 两位再合作！！！！,<Vivian_Yao>: 你也加入啦，考虑下下。,<琪琪16月6日晴>: 最爱的毕打[爱你],<做稻草人的向日葵>: 真的很喜欢毕打自己人，社长和老总是最经典的一对,<为你祈祷PY>: 好开心！等了几年终于等到了！！！,<ssiant>: 必須要加入！[给力][握手][good][心],<ssiant>: 毛姐，我還在每天咀嚼你演的井橋，今天你和明醫生光明正大在一起！期待祥毛再度世紀演出！ @毛舜筠   @黎耀祥Wayne  [good][给力][鼓掌],<Peter无敌918>: Love you[爱你][爱你][爱你],<Joanne米飯>: 毛姐[good][good][good],<Y怡kin1528>: 期待两位再合作[鼓掌][鼓掌][鼓掌][鼓掌][鼓掌],<毛毛蟲小a>: 荣荣不在很可惜吖！不过仍然支持你的决定[强壮],<名字应该可爱一点儿>: 加入[大哭][大哭][大哭][大哭],<LI咕li咕>: [鼓掌][鼓掌][鼓掌][鼓掌],<reiakiryu>: 公主的爸爸果然係處境劇專業戶[偷乐],<BMOJO>: !!!!!2016好！,<一猪还有一猪笨>: 哇噻 厉害了！！！,<时待EK>: 天天天蓝 毕打 赞,<Charlene愛Aimee>: [太開心][太開心][太開心][太開心][鼓掌][鼓掌][鼓掌][鼓掌]好耶,<honey熊小宝>: 哇！怀念毕打自己人！爱你们！]
twing	拿著這集劇本的心情真難形容！ ​​​	[<绵羊头头的浪漫逃亡>: 我还是最爱裘俊和包国仁[飞吻],<泰美韩美妆购>: 追咗你D马家几年啦～好唔舍得啊[泪],<荔枝FM主播-张泽奇>: 三年了，风风雨雨和马家一起度过！当听见995是最后一集的时候，我们一家都哭了，因为有感情！马家伴随着我们度过了三年，三年中，马壮，马强，马虎，马柔，劳丽嫦，马子仁，马子妮记忆深刻！这部剧是用心去感受的，用爱体会的！感谢马家，感谢《爱•回家》剧组！陪伴三年不容易！《爱•回家》拜拜！！,<平生一顾至此终年tk>: 回复 @sonia198010 :不客气的 重温的感觉简直好棒了,<Seliyer>: 回复 @洛塔非于 :谢谢你噢[大笑]，这部剧追了超久！,<平生一顾至此终年tk>: 回复 @sonia198010 :复制这条信息，打开[向右]手机淘宝[向左]即可看到【 tvb电视剧 爱回家 黎诺懿 林丹港剧 国语 系列】  http://t.cn/RG6O2b3  [钥匙]淘口令 [钥匙]  别人推介这家买的 微信转的 目前看着还挺好的 就是清晰度不高 但是有已经很满足了,<晶晶Daisy_>: @ELF施静怡  想哭,<Seliyer>: 好难过。爱回家  是陪伴了我好久的剧，从初中到大学。依旧爱。,<Seliyer>: 回复 @洛塔非于 :请问哪里可以看爱回家第一集？？,<我老大系阿宋>: [抓狂]咁快又结束了？等你地下次回归！,<竹林轻风青青绿草声>: 你的演技杠杠的[抢到啦][哆啦A梦花心][good][good][good],<阿西西西r>: [泪]偶尔回来也是回来啊。舍不得。我喜欢的你，你，你。,<泊泊lz>: 结束啦 @愛回家編劇組   @冼翠貞  告诉我这不是真的，一部剧走过了整个大学时代，突然选好结束了，总觉得少了点什么,<掐架专用小马甲>: 马家结束后就没看了，后面听说还有有马家人的戏份，但挑不出来，所以全都没看。追了好几年的剧，就这么虎头蛇尾的结束，不知道说什么，对tvb越来越失望了。,<Tear-Yx>: 唔好啊 我追佐甘多年,<遇见-同>: 我看到这个心情更难形容,<澳門進口商品代購>: 不想结局，一直追看到963集了，想一直睇落去[淚][淚][淚][淚][淚],<VENUSMC>: 家好好cute！！唔捨得馬家[大哭][大哭],<平生一顾至此终年tk>: 回复 @pakhooong :买的 找了好久都没找到,<cephyrah-潮楼2013>: 我唔接受马家唔再出现！,<pakhooong>: 回复 @洛塔非于 :还有第一集吗？？,<温柔的妹纸啦啦啦>: @QvElaine ：如果结局有翻壮如恋几好，等佐1000集啦，最后话加个新人同马壮感情戏，接受唔到咯！编剧，写甘多配角都有happy ending点解就冇壮如恋[喵喵]赞我俾编剧睇到 #马壮Alex在一起#,<平生一顾至此终年tk>: 现在又重新第一集开始看 只喜欢有马家时的剧集 弃剧了好久 马家回归之后才又开始追剧 好舍不得～无论怎样 看到你们的剧真好 爱马家的每一位～[爱你][爱你][爱你][爱你][爱你][爱你],<米枼梓>: 结局，哦no，我的生活又少了一份看电视的乐趣了吧！,<日出凤凰夕照白泥7102>: 马家刚刚回归就要结局了吗[泪][泪][泪][泪][泪][泪]心碎 [心碎] 呀，原以为马家回归是一个新的开始，没想到居然就要结局了[泪][泪][泪][泪],<Hcc_0>: 终于大结局[微笑],<圆圆不想再圆了>: 才知道原来马家好是你的女儿啊，真的好可爱好漂亮的，爱回家从第一集开始看到现在，要结束好舍不得。,<小包子_hk>: 終於⋯⋯終於大結局[哈欠],<黄家彦->: 不要结束～看了几年了 没有了就会感觉少了什么[泪],<M丶Tremere>: 点解唔可以同外来媳妇本地郎一样一直咁拍落去[悲伤]唔舍得咁快就要大结局了都未睇够[悲伤][悲伤],<天才少女-也>:   为什么为什么咧。,<shelly333baby>: 不舍得！真心部舍得,<lthy952>: 深感不捨[悲伤][泪],<小恩子哇>: 哎~~天下无不散之筵席~,<哈囉樂園>: 希望之後有 愛.大家 。 繼續有徐榮公子睇,<莹月mua>: 原本以為TVB終於識做啦識穩返馬家返黎拉收視啦點知馬家迴歸冇幾耐就要結局[泪][泪][泪][泪][泪]好唔睡觉饿的arr！！,<FAMA_HangYingKwan>: 結束之後 那麼八點檔是什麼,<Cammy的天空>: 不可以、不可以、不可以。。。。大結局呀！[泪][泪][泪],<ggggEM-wing>: 爱回家，呢部剧可能是陪伴我数十个开心嘅日子，每次打开电视机，都係8點左右，完佐5會在去睇任何野，一眨眼[鬼脸二] 愛回家已經係900幾集啦，好5捨得，希望佢繼續陪伴,<传说中De七七>: 995有什么寓意吗？,<本_->: 谢谢。令我懂得好多好多道理。讲真。真的有种……[泪][泪]谢谢，感激这个家。[悲伤],<虾jiao妹>: 结局[吃惊]1000集啦！都唔差果五集,<XxuanZoey>: 为什么[崩溃]为什么[崩溃]为什么[崩溃]舍不得，舍不得，舍不得 #爱•回家#,<tommchan>: 回复 @_電視電影精_ :網友：衆多觀衆期待的劇情，我估吾會出現！,<_電視電影精_>: 唔捨得馬家，馬家好 #徐心怡# ！[泪][泪] 期待壯如戀，查李施！[可怜][可怜]  #愛．回家#   @愛回家同路人   @愛回家創作組2015   @TVB官方微博  ,<若我忘记时光_>: 好不舍得[泪]追了几年，从第一集到现在，一集都没落下,<PI-Chan-5>: 马家一直做下去，我一直坚持睇！唔好走[泪],<肉肉在此>: @我是森碟咯   @温润如肉,<Sun_shine_sun_shine>: 真心的喜歡看愛回家，不捨得馬家呢[泪流满面],<JC_小微summer>: 從2012年5月份開播，就一直看到現在....喜歡馬家一家人。快要真正的大結局時、終歸不捨得。,<刘奶奶给牛奶奶的榴莲牛奶>: 不舍得 我爸最喜欢看的]
twing	徐生，生日快樂，心想事成！@徐榮twing ​​​	[<MUSIMONTSUI>: 徐恭子生日快乐[蛋糕][蛋糕][蛋糕][蛋糕][蛋糕][蛋糕],<晴天_Eva>: 生日快樂，心想事成 事業一帆風順,<糖炒板栗子xixi>: 男神生快~[羞嗒嗒],<-Tup-sun>: 生日快乐[蛋糕]]
twing	阿榮~~生日快樂[蛋糕][干杯][鼓掌][鼓掌]@徐榮twing ​​​	[<TFBOYS-王俊凯b>: 生日快樂吖！[蛋糕][蛋糕][礼物],<溢样别致的年华>: 生日快乐[蛋糕][蛋糕],<T_Fanny豬_T>: 榮榮，祝你年年有今日，歲歲有今朝！[蛋糕][干杯][微笑]  http://t.cn/RLHOgbM,<是啊嘉芯来着>: 生日快乐[握手][夏天公主][鲜花][蛋糕][礼物],<陈zzzzc>: 生日快乐！马强～]
twing	不解釋。 ​​​	[<小阮and小丘>: 还是不能长过《真情》，804有意思吗？,<Cammy的天空>: 強烈反對呀！[抓狂] @徐榮twing,<芊芊爱美丽lovely>: 怎么结束了呢？每天看都成习惯了。,<學習怎樣笶>: 點解要咁喎[悲伤]咁以後我地追乜啊 @徐榮twing,<曖堡堡>: 舍不得啊[伤心]现在每天都看,<-Xikunxi->: 超级无敌舍不得！！！,<Panna-_>: 不要！！！一直陪伴着我三年的 #爱回家# 要剧终了我接受不了[泪]  每天看已经成了我的习惯～从大二开始，毕业到工作，我已经把你当成生活中的一部分，迷茫时从里面得到答案，难过时从里面寻找快乐！你们可都是我的亲人啦[悲伤]舍不得你们每一个[心][心][心],<LI咕li咕>: 走到这里不容易804[悲伤][悲伤],<小馨滴blog>: [淚][淚][淚]804、The Best！ // @徐榮twing :一直把最好的帶給大家到804。,<一粒儿蛋粒儿>: 第一集到现在，没一集落下的，到时得多舍不得[泪],<-M1a->: 追佐两年了好唔舍得[泪],<phuongtran1>: Yes,＂爱.回家＂is the best ever[鼓掌][爱你]好唔捨得呀，事頭[悲伤][悲伤],<芒果小姐派>: 已经习惯看爱回家了，不要停[悲伤],<囧MOMO囧>: 会舍不得你们 @羅天宇Joey   @李豪leo   @郭少芸   @黎諾懿LOKYI   @林師傑Auston  期待新剧再见[手掌] [爱心]️你们！谢谢你们陪伴我这么些年！ // @徐榮twing :一直把最好的帶給大家到804。,<Queenie小蛮腰>: 好怀念，这么快就结束啦 // @徐榮twing :一直把最好的帶給大家到804。,<NO1215oo>: 不要吧好舍不得，一直这么演下去吧,<Faye40>: 不捨，史上最好嘅是頭，阿爸，仔，二佬，老公，朋友......各種好！supper 好男人 [大叔],<NYoneee>: oh no[伤心],<nicole111333>: 捨不得！喜歡《愛回家》！,<小小一朵茉莉花lily>: [悲伤]不舍得啊“强哥”，每天看一集爱回家已经是两年多的习惯了，有时候睡觉前看一集爱回家有一种被治愈的感觉本来心情不好但是看过之后可以开心的睡，不过还是一样喜欢你们，有新的剧一定要告诉我们喔，一定会支持，加油荣哥！,<闪闪星空2013>: 不舍得啊，[泪]应该能一直写下去的，每天这么多故事，永远都说不完的。。。[爱你],<Almajiangsong>: 舍不得，舍不得，真心舍不得[眼泪][眼泪],<Patsy魚蘆>: 真的嗎？不捨得哦！在這邊（加拿大），我每日都追睇！[抓狂] // @徐榮twing :一直把最好的帶給大家到804。,<W----susan>: 不会吧[泪][泪][泪],<ADA伊伊m>: 谢谢，陪伴了两三年的。,<卤薇>: [泪][泪]不舍……,<小君Ho>: 除了真情，睇得最耐就是愛回家了。,<幸福女人Ruby>: 陪伴时间最久的港剧~ // @徐榮twing :一直把最好的帶給大家到804。,<Jin挚爱>: 要剧终啦？[泪][泪][泪][泪][泪][泪]，想一直看下去，追了几年的剧了，舍不得！,<裸泳的爱疯>: 感谢陪伴两年多 @徐榮twing]
twing	平時大家都忙,很難得跟這兄弟飯聚,今天談談近況說說未來開心! ​​​	[<MonstersU_55769>: Thanks for sharing [嘻嘻][嘻嘻][嘻嘻] btw, Kenneth [愛你][花心][親親][親親][親親],<爱龙柏的笨笨>: Kenneth[爱你],<小溪Rain>: 一點開，原來喺馬明，一興奮,<小倫倫Jay2u>: [偷笑][偷笑][偷笑]終於出來看太陽的馬明,<Judy悟晴>: [哈哈][哈哈][哈哈],<紫LingCat>: [偷笑]多謝徐生令我地見到馬生。。。馬生快開劇了~~~得閒出來松一松，行步路都好鬼輕鬆。。。[爱你][偷乐]// @善緣知音 : 嘩馬萌萌好久不見鳥。。。你最近點吖！？ @MonstersU_55769  [太开心],<小星0914>: [嘻嘻][哈哈],<时待EK>: 两个都喜欢[鼓掌][鼓掌][鼓掌][鼓掌][鼓掌][鼓掌][鼓掌][鼓掌][鼓掌][鼓掌][鼓掌][鼓掌][鼓掌][鼓掌][鼓掌][鼓掌],<毛毛蟲0213>: 哈哈哈，PO多幾張相啦。。。。馬生休息甘耐就無出現甘耐。。。今日天色陰沉，但見到馬生就變明亮啦。。。。。[亲亲][嘻嘻]暢所欲言，兩人繼續向前！,<泊泊lz>: 马国明~~[害羞],<毛毛蟲0213>: 嘩馬萌萌好久不見鳥。。。你最近點吖！？ @MonstersU_55769  [太开心],<T_Fanny豬_T>: Enjoy[微笑],<9Adonis>: [赛马]家人 [哈哈],<niss77>: [鼓掌][鼓掌],<biu_biu___>: 右边那个。。。马国明？。。。,<四年XBack>: 都喜欢！！！！！！,<辛玛>: [爱你]事头很帅哦]
twing	最後一天旅程了。 ​​​	[<Sunshine小柠檬>: 老闆[吃惊][吃惊][吃惊][吃惊][吃惊][吃惊][吃惊][吃惊][吃惊][吃惊][吃惊][吃惊][吃惊],<T_Fanny豬_T>: 終於完成自己想做的事，可喜可賀。[强][鼓掌][开心],<Jin挚爱>: 要开心喔！[哈哈][哈哈][哈哈][嘻嘻][嘻嘻][嘻嘻],<靜怡Triangel>: 回来之后继续 爱回家,<elsielow>: Very fast! Short road trip,<RicardoJY>: 終於回來了[鼓掌],<粘豆逗>: 帅呆了l[好爱哦][好爱哦],<能姑娘大头下雨不愁>: 马强，能不能不留这么长的胡子啊,<vaninomi>: 香港見～[呵呵],<团小雅duck>: 很快就结束啦啦啦,<貴婦Tiffany>: 好好享受最後一天的鬍鬚[哈哈][哈哈][哈哈]回來為了連戲，需要剃掉了吧[嘻嘻],<宝贝亦辰>: 这样更有男人味了,<Vicky-Klose>: 以为要去一个月来着…]
twing	終於開始一千公里的遊途了！ ​​​	[<傻仪猪B>: [大笑][大笑]旅途愉快,<T_Fanny豬_T>: 環島遊嗎？祝旅程愉快及平安！[爱心],<包包好鵬友>: Add oil [拳头],<Ginnie晓莹>: 哇！这个梦太酷啦！从哪里到哪里啊！,<phuongtran1>: 事頭, have fun and be safe[给力][耶],<烈女Chris姐姐>: 小心啊！祝旅途順利:-)  ,<还是爱你2012>: 多发点照片哦[鼓掌],<立立爱游花园>: 会不会哂到变黑人,<Catherine-OU>: [强壮][强壮],<温暖仍在>: 原来就是追这个梦，好赞，good]
twing	假期正式開始，去做一件多年來一直想做的事情，多謝家人支持和劇組遷就。 ​​​	[<柠檬-san>: 啊强，玩的开心点,<JustOhmToey>: 去边都好，enjoy your trip＆顺风,<snwm>: 事頭, 好好享受, 萬事小心! [可愛],<徕茴>: 对呀，去哪？～哎，我也很烦，工作真的很烦，多到做不完。。。也想给自己放假，可是不允许！,<陳李張黃黎胡林>: @徐榮twing  去睇北極光？,<張達倫>: 萬事小心呀！Have fun!,<秋秋大仙>: 强哥旅途快乐，一点都不介意多看几集査李施~,<冼翠貞>: 旅途愉快！記謹玩樂之餘，都要小心安全！[酷],<RicardoJY>: [偷乐]旅途愉快,<natnat畢打人>: 支持[强壮][强壮][强壮]順風[祈祷][祈祷][祈祷]平安[爱心][爱心][爱心],<郭少芸>: Strong ma 我們愛你！[心][心][心][心][心][心] 一把年紀、青春有限、時日無多、去圓40歲前的夢，多浪漫的趕腳！,<T_Fanny豬_T>: 祝旅途愉快及平安！[飞机][呵呵],<貴婦Tiffany>: enjoy your trip!,<_懂得珍惜生活才精彩>: [带着微博去旅行],<momojames23>: 爱回家里看不见你了咩,<DearestElephant>: 一路平安玩得開心～,<LI咕li咕>: 旅程顺利[给力][心],<Bongie>: take care!,<小野嘟>: 旅途愉快[鼓掌][鼓掌],<phuongtran1>: 事頭, have a nice and safe trip[ok],<lxdan508>: 二佬，玩得开心D，嘻嘻···,<cat7115_yeah---惡魔貓貓>: 玩得開心點，記得post靚相呀！,<JOJO821>: Have a nice trip [飛機][飛機][飛機],<Joyce_格格strive>: 放假多久啊？8.17会回来的吧？？？,<十五樓的牛牛>: 马强，旅途愉快[愛你],<包包-康仔麻麻>: 事头，去旅行吗？,<牛背上的鄉下仔>: 旅途愉快呀，马强[干杯][赞啊][笑哈哈],<顔家熙Sam>: 強哥，你去邊阿！]
twing	各位觀眾我有韓劇Feel嗎？[哈哈][哈哈] ​​​	[<专养兔子的桃子公主>: 太有了 [嘻嘻],<LI咕li咕>: [哈哈][哈哈][哈哈][good],<T_Fanny豬_T>: [强]徐大人有禮。[傻笑],<Super_Yue努力中>: 徐荣公子偶吧[做鬼脸],<枫陌-斌60>: 有眼镜应该会更帅！,<Miss汉堡>: 有小小，但唔似咯[哈哈],<MissShawYa>: 超有feel 大人思密达！[偷笑][偷笑][偷笑][偷笑],<蔡淇俊vin>: 痴埋大鬍鐮仲有feel[嘻嘻],<Eva-痛并快乐着>: [江南style],<WinnieJayy>: 閔大人？[哈哈][哈哈],<RicardoJY>: 搞邊科啊？事頭[哈哈],<phuongtran1>: So cool ,  事頭[耶][爱你],<FlameFashion_JOYCE>: 絕對有[嘻嘻][哈哈][哈哈],<笑脸阿修罗>: 爱回家要穿越了吗？,<cat7115_yeah---惡魔貓貓>: 徐大人....你今天要到哪裡出巡？[嘻嘻],<黄意洁YeeKit>: 有！[good],<offpedder_HUAN籽>: [神马]回事？？？？？[哈哈],<叶凯敏Gary>: 加油[微笑]加油[微笑]加油[微笑]加油[微笑],<MikoYam>: 太好笑了[哈哈][哈哈][哈哈],<JOJO821>: 當然有[哈哈][哈哈][哈哈],<uchiyama0614>: 有 你可以去演大长今2的男主角了 [花心],<Y老饼_>: 还像一休里的和尚,<侬帮吾关特>: 有有有，太有了，哈哈,<痴心刺猬>: 太有啦！[哈哈],<TsingHei_>: 歐巴！ 拍緊咩？,<世界如此险恶你要内心强大>: [哈哈][哈哈]有！,<上官King>: 韓到不得了！！~~,<Pchan_AK>: 岷大人[哈哈][哈哈],<Bongie>: 绝对！帽子的feel,<GyuHyun1988>: 這是要劇透嗎？？？[偷笑]]
twing	三人在服裝間勿勿經過也不忘拍照，還有指定動作。@楊怡TaviaYeung @楊明Mat  ​​​	[<Ta家姚敏敏>: 一13期[耶][耶]虽然各有各忙  不过友情依旧。[拳头][噢耶][噢耶],<akimd>: 哈哈13期的你们加油，好喜欢你们做戏，加油[good][good][good],<Lovingthesun>: 13期！[給力][給力][威武],<Jezz__>: 十三期的你們相遇了[哈哈][哈哈][哈哈],<vvvvvvvvo_o>: 13期感情真系好好[鼓掌][鼓掌],<倩忻BB是楊怡FANS>: 指定動作⋯十三[哈哈][哈哈],<杨明Mat>: 來也匆匆去也匆匆[哈哈][哈哈][哈哈],<TYthelcg>: 十三期真是好friend,<Kaka_Chong>: 走確是匆匆經過！！[嘻嘻][嘻嘻],<葡萄小海fayR>: 回复 @小野嘟 :她们感情一直很好的。,<小野嘟>: 回复 @葡萄小海fayR :嘿嘿 我估就是这意思 [哈哈][哈哈],<葡萄小海fayR>: 回复 @小野嘟 :她们三个都是13期训练班的。,<WLF_CherryTYK>: 13期藝訓班~ [花心][陰險][鼓掌][偷笑],<Kathy仔->: 13期好耶 13期的同学几时先聚会啊 好久没见晒聚会相片啦  @楊怡TaviaYeung   @徐榮twing,<cm静雯>: [爱你][爱你],<貴婦Tiffany>: 真是好Friend来滴~[good],<喂乱up咩>: 13人，夜戲順利啊....[酷],<怡居-楊怡國際總站>: Yeah~十三期[真V5]！,<鄭世豪TVB>: 十三[good][ok],<痴心刺猬>: [给力][给力][给力],<低谷的迷糊小姐>: 哈哈，咩意思呢？？,<大花痴C淇>: 13期嘅穿越[偷笑][偷笑][偷笑]]
twing	放假日想著做什麼活動有提議嗎？ ​​​	[<名井南本南>: 睡觉算不算活动？,<LI咕li咕>: 事头，来佛山玩下[来][来],<权权BB02>: 好男人好老公的典范[good],<罗小葵>: 玩得开心。。。。[抱抱],<iamsylar>: 其实我也很想知道，特别是我现在天天假日。,<iamsylar>: 来北京玩啊，我做芝麻酱花卷和炸酱面给你吃。,<mumutong大栗>: 你同王宗尧好默契！两个都po咗张札车相，仲问day off做乜好！[哈哈]不如你哋试吓做friend啊。哈哈~,<fatcat快活自由人>: Get a nice book to read in a beautiful cafe[给力]]
twing	@郭少芸  ​​​	[<Z-xiao兮儿>:   @郭少芸   蘑菇蘑菇好靚哇[花心][花心][花心][花心],<林曉曉曉莉>: what happen？孻姑在生悶氣？背景好假哦！可婚紗美人更靚！,<cat7115_yeah---惡魔貓貓>: 嘩！！！靚到呢！！！[花心],<娟毛Memory>: 哇，好靓啊！@～郭少芸 高贵！～,<9Adonis>: 哇哇哇哈哈哈哈哈哈，向日葵天使！]
twing	祝陳豪陳茵微百年好合！永結同心！@陳茵媺Aimee  ​​​	[<zic__>: 诚心招聘淘宝兼职人员，即日结算，多劳多得，绝不拖欠，买东西红包支付，不需要自己的流动资金,很安全。  上班/上学、兼职两不误、每天只需2-3小时的上网时间（具体时间由您自己掌握）, 需要的可以私信我或加我QQ:334987447. 来自话题 #陈豪#   http://t.cn/zH8Ezr5,<sosoyee>: #陈豪#  人不够全呀..同祝[可爱] 详情: http://t.cn/zH8Ezr2,<夕荞_倩文>: 爱回家剧组好有爱啊 来自话题 #陈豪#   http://t.cn/zH8Ezr5,<我的名字你的姓氏__>: #陈豪#  为图转，《爱.回家》演员 [爱你] 详情: http://t.cn/zH8Ezr2,<---Felix---L>: 粉我者必粉，谢谢[可怜] 端午节快乐 来自话题 #陈豪#   http://t.cn/zH8Ezr5,<MMMMMeow_>: @_SeVi_  是不是伤心了。。 来自话题 #陈豪#   http://t.cn/zH8Ezr5,<開膛手貓貓仔>: [心][心][心][心][心],<甜心Baby幽>: 喜欢看爱回家[爱你],<笨蛋sora酱>: 终于拉埋天窗啦~ 来自话题 #陈豪#   http://t.cn/zH8Ezr5,<绿乔>: 爱回家剧组很喜欢aimee哈~~ 来自话题 #陈豪#   http://t.cn/zH8Ezr5,<空空涛Abner>: #陈豪#  转发微博 话题详情: http://t.cn/zH8Ezr2,<Lin-洁娜>: 祝福 来自话题 #陈豪#   http://t.cn/zH8Ezr5,<庄牛奶_>: @叶口十_xYz  来自话题 #陈豪#   http://t.cn/zH8Ezr5,<少女老冯>: 祝福 来自话题 #陈豪#   http://t.cn/zH8Ezr5,<Crystal_me>: #陈豪#  马家[心]同祝福~~[心][心] 详情: http://t.cn/zH8Ezr2,<泡沫咖啡控>: // @偏不偏執得狂Elliott :  #陈豪#  恭喜啊！真是百年好合了哟！ 详情: http://t.cn/zH8Ezr2,<Coral0003>: #陈豪#  好快啊，仲以为拖个357年又会分手添，祝福 详情: http://t.cn/zH8Ezr2,<张小鹿>: #陈豪#  马家人的祝福 详情: http://t.cn/zH8Ezr2,<未来慢>: 祝福~~~ 来自话题 #陈豪#   http://t.cn/zH8Ezr5,<kangsukkkkk>: #陈豪#  恭喜啊！真是百年好合了哟！ 详情: http://t.cn/zH8Ezr2,<一只小狗蛋儿_>: 这是在拍爱回家的时候 来自话题 #陈豪#   http://t.cn/zH8Ezr5,<Soumns_天天天蓝>: #陈豪#  祝福祝福，要永远幸福开心哦[鼓掌] 详情: http://t.cn/zH8Ezr2,<尘仔哥哥>: @廖碧儿Bernice  来自话题 #陈豪#   http://t.cn/zH8Ezr5,<HELLO黄大少爷>: #陈豪#  祝福~~睇好你哋~~~[心] 详情: http://t.cn/zH8Ezr2,<咩Su咩咩>: 好有爱哦 来自话题 #陈豪#   http://t.cn/zH8Ezr5,<ltq-琪琪>: #陈豪#  呜呜呜，感动，终于浮出水面了 详情: http://t.cn/zH8Ezr2,<柯温儿>: 爱回家～～超有爱的[心][心],<MAOcicipopo>: #陈豪#  [花心]黑白配 详情: http://t.cn/zH8Ezr2,<mor_wing>: #陈豪#  恭喜陈豪了~ 详情: http://t.cn/zH8Ezr2,<沙沙沙沙沙丁鱼>: #陈豪#   @像傻了一样   @我有一只小馋猫  嗷，No！！！孩子们，还记得那年我们一起看的读心神探里面的那个笑的很甜的妞么，男猪脚的妹妹的 那个…她竟然是陈豪的老婆[衰] 详情: http://t.cn/zH8Ezr2,<Sylvienos>: #陈豪#  转发微博 话题详情: http://t.cn/zH8Ezr2,<_Yexiaohui>: #陈豪#  哈哈一定要百年好合 详情: http://t.cn/zH8Ezr2,<星星相希>: #陈豪#  爱回家 祝福他们[喜] 详情: http://t.cn/zH8Ezr2,<Crystal柳飄飄>: #陈豪#  哈哈，反應真快～ 详情: http://t.cn/zH8Ezr2,<楊大宀菇凉>: #陈豪#  你们这一群人老温馨了。 详情: http://t.cn/zH8Ezr2,<無凡婚礼定制>: #陈豪#  [悲伤]喜欢的TVB男女演员竟然结婚了，恰巧的是一个是新郎一个是新娘，更巧的居然是同一张结婚证！！.......瞬间，我更相信爱情了！[cai庆祝][cai飞吻] #無凡婚礼定制#  详情: http://t.cn/zH8Ezr2,<巨响声学科技>: 共振音响是现最潮，最劲的潮流音响！让你的桌子放声高歌！[话筒][赞]在登陆  http://t.cn/zHT618x  或关注+转发  @两位好友  就还可参加更多优惠活动！[礼物][威武] 来自话题 #陈豪#   http://t.cn/zH8Ezr5,<海淀薰衣草香味>: #陈豪#  转发微博 话题详情: http://t.cn/zH8Ezr2,<黑色_的人>: #陈豪#  啊，恭喜恭喜~ 详情: http://t.cn/zH8Ezr2,<瓜皮宝宝cherry>: #陈豪#  [心][心][心]又一对有情人。祝福！！！！ 详情: http://t.cn/zH8Ezr2,<晴天你大爷-TVXQ>: #陈豪#  转发微博 话题详情: http://t.cn/zH8Ezr2,<冷艳高贵正确桑>: #陈豪#  [心] 详情: http://t.cn/zH8Ezr2,<情绪是一只猪>: 爱回家！~ 来自话题 #陈豪#   http://t.cn/zH8Ezr5,<琴兮Flora>: #陈豪#  表示这个反应好快啊！！！同祝福！！！ 详情: http://t.cn/zH8Ezr2,<PJY不在地球>: #陈豪#  [围观]恭喜恭喜 详情: http://t.cn/zH8Ezr2,<深宅小女人MO>: #陈豪#  转发微博 话题详情: http://t.cn/zH8Ezr2,<叶小橘stary>: #陈豪#  爱回家班底。。。 详情: http://t.cn/zH8Ezr2,<卷毛水水水>: #陈豪#  情比金坚！永结同心！！！大家都来祝福吧！今天必须刷mee屏！ 详情: http://t.cn/zH8Ezr2,<熊仔这个名字好>: #陈豪#  这不是爱回家么。。 详情: http://t.cn/zH8Ezr2,<爱别离IBelieve>: #陈豪#  爱回家，每次看到这幅画面我都内牛满面 详情: http://t.cn/zH8Ezr2,<Linebee>: #陈豪#  居然。。。结婚。。。了。。。 详情: http://t.cn/zH8Ezr2,<贺婷婷yo->: #陈豪#  转发微博 话题详情: http://t.cn/zH8Ezr2,<番薯儿FanSi>: 爱回家剧组吗？ 来自话题 #陈豪#   http://t.cn/zH8Ezr5,<名牌手表加微信kylinwatch>: #陈豪#  在此停留2分钟，给您一个舒适的心情和您的爱车一个4S店般的享受  http://t.cn/zH88KVd  详情: http://t.cn/zH8Ezr2]
twing	飯後馬家各自有娛樂。 ​​​	[<漠然Jessie>: [哈哈][哈哈][哈哈],<14號仔阿柯>: 回复 @Fly围脖 :還未呢。。。。怎啦[偷笑][偷笑],<北海大头虾DIY烘焙屋>: 回复 @14號仔阿柯 :咦...你买了黎诺懿这期的周刊没？,<骏VS少>: 看了资料才发现你原来演过公主嫁到的宝叔，演技高，完全不认识，不过时装剧的你挺好的，更帅，一直在看爱回家，这部剧颠覆了我对TVB很多演员的形象，挺好,<14號仔阿柯>: 回复 @Fly围脖 :最大得益昰我們[哈哈][哈哈][哈哈],<北海大头虾DIY烘焙屋>: 回复 @14號仔阿柯 :嘻嘻..牺牲小我...娱乐大众...呀...,<北海大头虾DIY烘焙屋>: 回复 @yaoxueru :哈哈...还真是这么一回事...娃哈哈...Q[哈哈],<罗宋汤purple>: 木偶哥，去参加中国梦之声啦~！,<大君XD>: 不ㄧ樣的興趣啊！[嘻嘻][嘻嘻],<兔子专吃四叶草>: 一直在追 爱回家，你的表演越发成熟稳定，加油。,<--Shirly--Mai--->: 你身为一家之主..就应该组织下饭后活动啦·！！,<貴婦Tiffany>: 子仁很愛美！[偷笑]夠專業！,<莉娜英巴斯_>: 哇 子仁好贪靓啊,<拂晓卿然>: 老闆，你細佬在呼喚你哦，去看一下吧。,<糊涂喔喔>: 哈哈，片子太好看了，这几天一直再追。想当初《同事三分亲》里你演的裘俊一开始真的很让人讨厌（不过后来也改观了），现在在《爱回家》里的角色很担当有威信，不得不说你的演技真棒！,<惠2306婷>: 各各都在享受!! [笑哈哈][笑哈哈][笑哈哈],<韓伊小舍>: 喲...睇真滴 @黎諾懿LOKYI  同大Sri兩姿勢一個樣，唔話距地系兩父子真系無人信[偷笑]而拉姑同子仁噶二郎腳一個模樣...[哈哈],<唐文龍Michael>: 公司地鐵站？點解我未去過？,<羅天宇JoeyOfficial>:   @羅天宇Joey  Um。。。[嘻嘻][酷],<14號仔阿柯>: 你既娛樂就係偷影佢地[偷笑][偷笑][偷笑][偷笑],<LI咕li咕>: [哈哈][哈哈][哈哈][哈哈]事头在偷拍当娱乐[偷笑],<cat7115_yeah---惡魔貓貓>: 哈哈哈！Oil Ma 勁呀！,<郭少芸>: [神马]自娛？似你玩我地多d! 噗！今次某人成功避過 strong ma 偷怕訓覺個樣！得瑟 ing.  睇下邊個衰左？[抓狂][抓狂][抓狂][抓狂][抓狂][抓狂]  @徐榮twing   @黎諾懿LOKYI   @羅天宇Joey,<阿锅锅用绳命在扑街>: 爷孙仨姿势一模一样的哈哈哈尤其碎觉的俩父子[偷乐],<沒有遺失的懷念>: 飯後馬桶也能自娛]
twing	祝@佘詩曼Charmaine 生日快樂！心想事成！永遠美麗！ ​​​	[<时机Timing>: 哈哈， 很喜欢你的 爱回家。 你也快乐啊,<佘迷Libby>: [爱你][爱你] #佘诗曼528生日快乐# [蛋糕],<小蔓爱糕富帅>: [蛋糕][蛋糕][蛋糕][蛋糕][蛋糕][蛋糕],<貴婦Tiffany>: [蛋糕][蛋糕][蛋糕]  @佘詩曼Charmaine,<T_Fanny豬_T>: 早晨！[太阳]祝你今日一切順利及愉快！[给力][爱心传递],<T_Fanny豬_T>:   @佘詩曼Charmaine  祝妳生日快樂！心想事成！永遠美麗！身體健康！[蛋糕][鲜花][干杯],<cat7115_yeah---惡魔貓貓>: 排隊祝生日快樂！[蛋糕][蛋糕][蛋糕],<9Adonis>: 同祝同祝，期待你们再合作拍戏哈,<娟毛Memory>: 事头都来祝福了[鼓掌],<只有静默没有喧嚣>: [鼓掌][鼓掌][鼓掌][鼓掌][鼓掌][爱心传递][爱心传递][爱心传递],<为酱_我把桃花切一斤>: 荣荣你也快乐！！！！！]
twing	運動日騎單車，這裡景色如畫！ ​​​	[<Panna-_>: 香港有这样山清水秀的地方？？,<揚州月光>: 好喜欢这样的风景，山青水秀绿草如茵…[爱你],<氧与茉莉>: 好靓的风景！休息的时候来美丽的地方太舒服了。,<Frey125>: 我也喜欢这个运动[嘻嘻][嘻嘻],<張漢斌vincent>: [可爱]香港有這樣美的地方嗎？,<uchiyama0614>: 好悠闲呀[爱你],<LI咕li咕>: 好健康既运动[鼓掌][鼓掌][鼓掌][鼓掌],<Angry-lily>: 好靓[微风][微风][微风],<毛毛蟲小a>: 照片拍得好有feel[照相机][鼓掌],<T_Fanny豬_T>: 嘩! 個景真係好靚呀! [心]一家人單車樂，還是和徐C奶兩個呀?[偷笑],<娟毛Memory>: 幸福啊事頭[蛋糕]生快噢,<牛排和滑板>: 难怪身体很强壮[嘻嘻],<FlameFashion_JOYCE>: [嘻嘻][给力][给力]正！,<Magpul_Kevin_Tsui>: 好靚wor，邊度黎架？]
twing	早晨現在開工，中午宣傳見。 ​​​	[<貴婦Tiffany>: 早晨~！怎麼沒什麼看到昨天的照片，分享一下吧~,<黎小宝T_T>: morning~,<小野嘟>: 事頭早晨 中午見,<陆少夫人>: 老板 早啊 精神抖擻[太阳],<慕容芷澜>: 事头，<<爱.回家>>加集了，恭喜你们哦哦。我们一定会继续支持的，祝越来越顺利！,<李皮皮在梦游了>: Strong Ma!![强壮][强壮],<WLF_CherryTYK>: 早晨！[嘻嘻] c u later~[酷],<地狱葬魂曲>: 早上好 荣 少 好心情走起！~,<LI咕li咕>: 早晨，事头[爱心传递][爱心传递],<renxinru99>: [打哈气][打哈气][打哈气]工作顺利哦！,<JJYY叽叽哇哇>: [打哈气][打哈气],<阿锅锅用绳命在扑街>: 早晨！(o´ω`o)ノ ]
twing	大家早晨！ ​​​	[<sheshou861>: 啊，帅爆镜啊！ 荣荣早晨！[爱你],<指尖在跳舞charlotte>: 早晨[爱你][爱你][爱你][爱你][爱你],<陈雯欣Vicky>: 早晨噢！[哈哈],<世界如此险恶你要内心强大>: 回复 @肉肉de懵尛柔2013要幸福 :荣少早晨[太阳],<貴婦Tiffany>: [太阳][太阳][太阳],<_CindYxt>: [打哈气]joe sun,<T_Fanny豬_T>: 榮榮，早晨[太阳]祝你今天一切順利及愉快![给力][爱心传递],<方小熊熊熊熊十三控酱星人>: 徐荣哥哥、早晨！,<栢齡Claire>: 早[困]zzZZzZZZ,<皮皮皮皮皮_>: 早～[太阳][太阳][太阳]爱回家加集加集～[haha],<Daysisi迪迪>: Good morning strong ma[太阳][太阳],<毛毛蟲小a>: 事头，早[微笑][向日葵][向日葵][向日葵][向日葵][向日葵],<圈兒OO圈兒>: 好耐未见到咁大头嘅包公啦～[偷笑]早晨*^O^*,<集才华与美貌于一身的Daisy>: 事頭  早晨[太阳],<HLKR---在韩店主代购>: 早啊，吃早点了吗,<喵先森啊>: 真喺好早啊[嘻嘻],<娟毛Memory>: 早晨strong  ma[咖啡],<Selvelynlai-tvb黎龄忆>: 早晨, 祝你工作愉快! [微风][微风],<小先生niania>: 早啊，荣哥[嘻嘻],<懵柔剁手中>: 早晨！[嘻嘻][嘻嘻][嘻嘻]]
twing	很高興可以和@赵雅芝 一起拍廣告，謝謝芝姐的一番鼓勵，希望在有機會一起共事。 ​​​	[<丹or蛋>: 哎呀！！！老板嘞！！！！！呀呀呀呀，帅哥靓女！！[bm可爱],<你见不见zyz>: 拍广告？什么的？,<恋芝缘13>: 芝姐怎变得好小好小捏[偷笑],<严紫卿>: 是包公和芝姐呀！// @赵雅芝_Angie :  #赵雅芝# // @QZ_爷奶 : @赵雅芝  快拍戏，快拍戏，快拍戏!,<陆不过->: 嘿我芝肿么又在工作捏。都不休息的咩。不过依旧很美就是了。[花心][花心][心],<angieadam阿颖>: 广告里的关系不会是夫妻吧？[偷笑]// @夏鱼儿现森 : 都想要跟女人共事，好安逸// @L_培丫頭_3 :这人看着好眼熟 // @成都_小茶 :啊啊啊。馬強跟芝姐拍廣告？？什麽廣告啊？？ // @冰兒Sunny :显得好娇小玲珑喔~[花心] // @边度有Fei :转发微博,<河妖妖妖不妖>: 包公，你跟偶芝姐在拍什么广告呀？期待哦！,<angieadam阿颖>: 什么广告// @今生唯爱赵雅芝 : // @天涯芝音后援会 :这是什么广告呢？[思考],<uchiyama0614>: 保养的真好[爱你],<大雅芝堂>: 好美丽的女人[给力],<白衣周>: 这是什么广告啊？还有你要好好照顾芝姐呦！,<春眠花觉晓>: 回复 @小帆-kd :发型可以做的嘛，长发挽到后面，正面看视觉上是短发，看侧面应该就看出来了,<QZ_爷奶>:   @赵雅芝  快拍戏，快拍戏，快拍戏!,<果果宝贝6>: 美人粗现鸟...,<angie沐熙>: 美到爆了。。。。。,<银子伊人>: 這是神马时候啊？？？,<两闪亮晶晶>: 你把芝姐衬得好小啊哈哈,<小帆-kd>: 今天的？她怎么前两天都不是这个发型,<桔子小猪猪>: 拍的什么广告啊???,<眯眯眼溜太阳>: 包公，太帅气了！继续加油，等着看你更多好片,<lele-丫头>: 美美的，我好想你啊[泪],<文艺小喵喵>: 2013逆天有爱 各种想不到的交集,<我是青儿你是谁>: 这。。什么时候的// @咖啡丶Rene_Angie : [疑问]我想知道这是今天的????,<鸭子的女神要排队到长安>: 赵雅芝秒杀一群人··我被电得晕乎乎··,<云恋Angie>: 求解答。。。[思考],<自食其力底气足>: 请问哥哥，我家芝姐这是在哪里拍什么广告啊？？AKD没有发布行程啊！,<smile-angie>: 芝姐[gst耐你][gst耐你],<芳子雅Anne>: 今天在香港拍的吗？能不能在放点美照啊,<文艺小喵喵>: 我家合影姐粗现了耶[耶][耶]好娇羞哟,<主任家的饺子皮>: 这是什么时候的啊？？今天的？？zz出现了！！,<文艺的馨>: 真去深圳拍广告啦？,<她掰了半个包子>: 今天？什么广告？、、、,<王-2-楠>: 博主，请问这照片是今儿拍的吗？,<夏小鱼属鱼>: [心][心]这个颜色的衣服很少见哦,<Angie姚小呆>: 这又是什么广告啊？？？还有，那个美女，你能不这么羞答答的吗····,<迭贰>: 俊男配美女，亲，看好你哦,<大队长芝钰娃娃>: 这是今天刚拍的广告么？[思考],<冰芝诗>: 芝姐啊！原来拍广告呀，怪不得今天米有更博。[太开心],<YSHB0315>: 最近在看毕打，，然后就看到乃与我小ji姐合影[哈哈][哈哈]我ji姐真心美翻了。,<我是王木木的lin>: 又有合影[偷笑],<Angie-693>: 什么广告呀？芝姐真美，这衣服也很称芝姐哟,<潇萧Angie26443>: @赵雅芝  好漂漂亮哟 ，这是什么广告啊,<月笛Yy>: 好美好美~~~// @Jackie算什麼 : 转发微博,<芝亲挚爱>: 芝姐拍的什么广告啊,<扛起赵雅芝就跑的雨雨姜>: 芝姐，新广告，哈哈，大爱你[许愿],<Zeonkgagi-未生>: 神马广告！？？[兔子][兔子][兔子],<T_ripped>: 这是什么广告阿[挖鼻屎],<Angie馨梦瞳>: 这是什么广告呀？,<莊園-興福>: 其实，我还是想八卦的问一下~什么广告~而且，我也想让她鼓励我啊~,<Zeon津>: 整多几张喇 哈哈哈,<CAROL_YING>: 支持！[good][爱你],<晒晒sai>: 哇。白娘娘还是这么漂亮啊，荣哥看起来好嫩啊丫]
twing	愛•回家如加集數大家想加多少呢？@只是兩蚊 ​​​	[<曾经是天使>: 永远，不会很贪心吧？[馋嘴],<CeCi_Chin>: 越多越好~好喜欢看[太開心],<Mona_Wong2012>: 加到子妮都生埋仔。。。。,<集才华与美貌于一身的Daisy>: 肯定系愈多集愈好噶啦！！系咪真嘅要加集呱？,<兰兰的云>: 无限期，一直拍下去，非常非常非常喜欢看！！！,<浮尘_5157>: 挺好的片子，支持加集数~~！！,<明芝我心>: 多多益善！[嘻嘻],<卜一卜占一占>: 一于加到一万集啦[心][心][心],<常守桑>: 之前听说只有120得现在已经235了！,<phuongtran1>: 加集越多越好[太开心], trible trible [ok],<jess23>: 一直拍下去......,<疯小马爱吃胡萝卜>: 拍下去，一直一直。[哈哈][哈哈][哈哈][给力],<ymckmc>: 加到每個人都有愛回家為止[爱你],<JOEY超仪>: 加到执到宝上市[偷笑],<po主是小透明>: 一路落去呀[花心],<我是胖胖胖胖蓝猫王>: 荣少，请问：[疑问]执到宝是电视城的一个布景店还是真存在的，真存在的话，在哪涅[哈哈]，很好奇里面售的东西。,<uchiyama0614>: 加到你60岁为止！然后你就可以退休去环游世界享受晚年啦[嘻嘻][嘻嘻],<我最愛AARON>: 你地3月2號係我地景林邨拍愛回家，星期一咁快有得睇啦！好期待，[嘻嘻],<喵先森啊>: 再加300集啊唔该[偷笑],<冭駭子滊>: 越多越好啊[嘻嘻],<Lynxeq>: 好多好多，多过同事三分亲，多过毕打自己人！,<天蓝中的忘忧草>: 希望一直加下去，最好可以加到永遠啦，嘻嘻嘻~ [嘻嘻][嘻嘻][嘻嘻] 不如先加到500集? [呵呵][给力][给力],<梁家琪_>: [围观][嘻嘻][给力][偷笑]我希望一直加，不要停…我[心]《愛回家》所有成員…,<糖心蛋宝宝>: 一直加加加[火箭][火箭][火箭],<Cicc詩>: 加油. 加多多多.... 美好结局[贊][心],<steven16zc_191>: 越加越差~见好就收吧,<ac20335>: 唔好停呀唔該[可憐],<我周咪咪>: 每天晚上都有[赞][赞][赞][赞],<娟毛Memory>: 想加1000集，或者1万集也行！～,<iamsylar>: 越长越好了，最好多多马强的戏就更好了！,<鍾情-NICE>: 長拍長有[嘻嘻],<Ivan-ho>: 起碼1000越長越好,<请jiao我女王大人么么嗒>: 不停的加，超过潮州人的记录,<鼎鼎有大名>: 我要看大团圆结局。。。。。否要加到否否烧烧~300够了~,<兔逊喵喵>: 你和媳妇还在分房睡啊？,<兔逊喵喵>: 也是，天下没有不散的延席。拍到小姑和汤圆生了小宝宝。不过，为毛我觉得马老三和清清不像谈恋爱啊？反而对他和尹德如有感觉些。,<兔逊喵喵>: 最好一直都拍下去，真是好看啊。,<OhMANNNN>: 不停不停地加 沒有尽头 一直一直拍下去,<車匙仔>: 加到大家都變老...[偷笑][笑哈哈][得意地笑],<阿2222222222222>: 我想一直一直拍下去，不過天下無不散的，希望能拍到600[嘻嘻],<轻音系Scourgify>: 永远一直拍落去啊！[爱你],<Daysisi迪迪>: 雖然我想一直拍落去，不過天下無不散之xx，但求做多一年，加到500集都好丫[嘘][赞],<ryu宠>: 加多一年？！好多线有排写啦，起码，加到年底啦！！,<蓝海熔铸>: 直到荣哥攞视帝[嘻嘻],<素衣小小度母>: 1000,一周七日陪伴我。,<M家的兔仔砸>: 象新闻联播那样一直播下去吧,<Doreen小屋>: 一直拍下去吧，我的精神食粮舍不得结束啊，都感觉是身边的人发生的故事,<sheshou861>: [嘻嘻]各条线都是刚刚展开，再加二三百集一点问题都没有,<猫boomshakalaka>: 加到五百集吧[偷笑],<夏季恋语录>: 在加300集一点都不过分！好多故事都没展开还有好多可以续！！！,<我系黄小豆>: 带给大家很多正能量，希望能一直演下去啊[可怜],<niss77>: 当然希望可以一直拍下去～,<BearStillfar>: 目前先加到600集吧，就是你戏份太少了，害得我要回去看同事三分亲里面的你。。。,<YE-秀>: 一直演下去，已经是生活的一部分了！,<SssbbbinNn>: [哈哈]必须加！！！！！！]
twing	多謝老闆娘送贈的錶很喜歡！@memoireflash @FlameFashion_JOYCE ​​​	[<呼噜呼噜胖的女汉子>: 点解已家PPS唔更新爱•回家，[抓狂][抓狂][抓狂],<kuku海绵球球>: 爱回家里面没胡子啊，不是还在拍吗，那是不是后面几集里面会有胡子？好奇。,<小野嘟>: 留些少鬍鬚更加型渦,<ztnh>: 比电视上帅么[花心],<14號仔阿柯>: So smart,<9Adonis>: 有款有型，人同表都是！,<niss77>: [花心]这帅哥是谁啊！！,<WLF_CherryTYK>: WOW...So COOL~ [酷][贊]]
twing	愛•回家的從前。 ​​​	[<MM加油>: 回复 @phuongtran1 :你也喜欢他阿？[蝴蝶结],<cat7115_yeah---惡魔貓貓>: 榮少，這張相好好Feel！,<cat7115_yeah---惡魔貓貓>: 真的很有感覺呢！喜歡....[愛你],<郭少芸>: 好鍾意呢張相  @徐榮twing   @黎諾懿LOKYI,<phuongtran1>: 回复 @MM加油 : I agree,<iamsylar>: O(∩_∩)O~有点错乱了,<MM加油>: 还是现在马强好看！[蝴蝶结],<最爱熘肥肠>: 我丹爷好年轻啊， #刘恺威#  快来看你爹地！,<Kristy梁暐昕>: 睇下我地一家人幾開心[哈哈][哈哈],<貴婦Tiffany>: 又有回顧以往的戲碼啦？期待咯~ ,<单皮杰>: 打柴哥，你好哦，我很喜欢你的，我妈妈也很喜欢看你的电视，你演的打柴哥她很喜欢的,<LOVE_劉先森>: 在丹爷旁边的是威妈吗？？[思考] #刘恺威#,<歪歪糖zzZ>: 点解都好似纸板人甘嘅？,<之之小屋>: 求马强年轻版演员的姓名,<爱车车的小轩宝Tony>: 回复 @冰冰系double-ice :马强和马柔都这么小怎么会有子仁和子妮啊~,<冰冰系double-ice>: 有没有愛•回家的现在？ @徐榮twing  这个家还有阿嫂，子仁子妮,<W_Y_LamLam_7>: 前傳~！[偷笑],<Summer的夏天不怕热>: 幸福美满啊[爱你]]
twing	不知什麼講大家自己估下發生咩事！@郭少芸 @黎諾懿LOKYI ​​​	[<9Adonis>: 发生的事就是。。。笑场了！[哈哈],<貴婦Tiffany>: 發生什麽好笑的事？兩人穿錯衣服了？!![嘘],<嘟嘟颖琦>: [嘻嘻][嘻嘻][嘻嘻]求真相。。[哈哈][哈哈][哈哈],<cat7115_yeah---惡魔貓貓>: 真相是....兩個拍劇太累睡著了，卻給你抓到？[哈哈][哈哈][哈哈],<奋斗constance>: 喜欢马壮的衣服。。。,<名井南本南>: 打错字了吗？不知什么讲？,<uchiyama0614>: [疑问][疑问],<唐小猿>: [吃惊][思考][思考],<Emily小蕾>: 孻姑和侄儿睡在一起了。]
twing	看慣了自己帶眼鏡，看見沒眼鏡的自己有點不習慣。[呵呵] ​​​	[<最爱yss>: 是有点不习惯，但是还是很不错[嘻嘻],<開膛手貓貓仔>: 很帅 O(∩_∩)O哈哈~,<瞌睡帮帮主>: 毕打和天晴不是都没带嘛〜不过戴不戴都很帅！加油啊荣哥！,<琦异果一枚>: 還是一樣型[嘻嘻],<biu_biu___>: [偷乐]哈喽，复制人那段笑死了~~~,<bon107>:   2個look都ok呀!,<貴婦Tiffany>: 我也有點不習慣[哈哈][哈哈][哈哈]帶眼鏡斯文多~不帶比較Man[耶],<T_Fanny豬_T>: 有眼鏡就穩重可靠，沒眼鏡就帥[帅]些呢![嘻嘻],<chirs_zyp>: [哈哈]喜欢强哥,<呼噜呼噜胖的女汉子>: 帅！！[嘻嘻][嘻嘻],<Kitying_Lei>: 之前香港队来我地学校 见过你踢波 五戴眼镜的look一样型仔,<专养兔子的桃子公主>: 都一样靓仔[可爱],<EX慢吞吞星人>: 唔带无甘咁老积~~young好多啊~~哈哈~,<Miyako_慧欣想吃鳳爪壽司>: 戴不戴眼鏡都靚仔！[偷笑][偷笑],<小小小Bi>: 戴唔戴眼镜都一样甘靓仔[酷][呵呵],<NTJNL>: [偷笑]马强look很喜欢~,<主持人--梦萱>: 哈哈，我还认识[哈哈]]
twing	[傻笑][祈祷] ​​​	[<HUANGA1JIA>: 哈哈哈哈哈可塑性 大大的,<T_Fanny豬_T>: 榮榮, 繼續努力加油, 支持你呀![赞][鼓掌][给力][爱心传递],<101_GDVIP>: 正在看《爱 回家》,<Catherine-OU>: 用心一定有回报，加油,<JJYY叽叽哇哇>: 加油！徐生。[赞],<永远是自己的Queen>: 加油。[气球][气球],<方小熊熊熊熊十三控酱星人>: 徐榮哥哥、你肯定能上一線的！可塑性真的很高[爱你][爱你][爱你][爱你]我愛死你啦！求回復、,<NTJNL>: [鼓掌][鼓掌][鼓掌]]
twing	祝大家新年快樂！心想事成！ ​​​	[<人笙若只如昀朵丶kkw>: [太开心]新年快乐[太开心],<NaomiPhoebe>: 祝老公新年快樂[心],<蔡誌恩Vincent>: Happy CNY!!,<mliiiu>: 新年快乐[嘻嘻],<RayX要YuriAS>: 新年快乐[礼花][礼花][礼花][礼花][礼花][礼花],<JadisonW>: 新年快乐！[发红包][发红包][哈哈]]
twing	大家知道我們為什麼這様穿嗎？[嘻嘻] ​​​	[<車匙仔>: 因為下雨了...,<Catherine-OU>: 下雨了吧[哈哈],<吕小鸭子_babyduck>: 好冷的樣子，別感冒了噢。要去乾嘛呢,<洋务大牙z>: 因为你们在玩冲浪，是不是？,<EnoTsui>: 我凈系知道徐生好型啫[害羞],<Wendy___wendy>: 因為太凍,吾夠衫?[围脖][温暖帽子]哈哈!!亞力你好![给力][给力],<Q-HoooDiie_>: 雨中BBQ[汗][汗],<盧明華Moon>: 不知～[思考][思考][思考][思考][思考]]
twing	新一年祝大家身體健康！心想事成！ ​​​	[<徐榮網tsuiwingdotcom>: 徐生，我地都祝你心想事成同心想事成！[鬼脸二],<WLF_CherryTYK>: 榮少，新年快樂！祝你事業更上一層樓！[嘻嘻],<cephyrah-潮楼2013>: 大家甘话，祝你做的每部戏都收视爆棚！！爱回家加至一千集，哈哈,<秀外慧中周芷若>: 也祝你事业节节高哈哈哈,<_CindYxt>: happy new year!,<cat7115_yeah---惡魔貓貓>: 榮少，我也祝你新年快樂、身體健康、心想事成！,<chokelly2_LFz3>: happy new year[做鬼脸][做鬼脸][做鬼脸]每晚都撐馬强[赞][赞]]
twing	同阿爸去新界買桃花，希望下年行大運。[哈哈][哈哈] ​​​	[<徐榮twing>: 回复 @栢齡Claire :唔怕重未開。,<徐榮twing>: 回复 @紫魂仔 :對呀！[嘻嘻],<徐榮twing>: 回复 @一颗智齿DJ想取一个很长的名字 :[哈哈][哈哈],<徐榮twing>: 回复 @iamsylar :成你貴言[哈哈][哈哈],<徐榮twing>: 回复 @璐小跳 :Thx!,<徐榮twing>: 回复 @原味-薯片 :是呀！要keep fit.,<徐榮twing>: 回复 @schneeyip :[大笑],<徐榮twing>: 回复 @4猫1狗 :謝謝你的支持！,<徐榮twing>: 回复 @修生养性品味人生 :知道是那個台嗎？,<CAnnnno>: 乜咁快拍新年果部分啦？,<wongwingho>: 呵呵，可否偷偷透漏下你呢张相付眼镜是乜品牌的，有时候特写看到蛮好质感的。谢谢先哈。,<牛排和滑板>: 肯定红运当头啦[嘻嘻],<Guardian_adelheid>: 從馬家父子表情看，應該買不到心頭好吧;),<千寻达达>: [爱你]因为你 令到我又翻睇同事三分亲  演得好好! @徐榮twing,<愿此生荼荼无人相负>: 好严肃啊！[可怜],<栢齡Claire>: @徐榮twing  咁早就有GA喇??咁未到新年米開哂囉[黑線],<紫魂仔>: 咁快拍新年某啲戲份?[呵呵],<乌鸦小姐嘞>: [嘻嘻][哈哈][嘻嘻][哈哈],<一颗智齿是卧底摩羯座的天蝎座噢>: 老是想到徐荣恭子[哈哈],<iamsylar>: 我见徐居士面带桃花，来年必大运也。,<璐小跳>: 喜欢你的每一部剧[爱你],<原味-薯片>: 荣哥瘦了呀！ @徐榮twing,<慕容芷澜>: 希望<<爱.回家>>加至500集，而且内地电视台也购买左，希望也能红遍大江南北！！！[给力][给力][good][good][good][鼓掌][鼓掌][鼓掌][鼓掌][懒得理你],<小璇_Leung>: 送比細佬啊，細佬甘靚仔都仲未有女朋友喔[偷笑],<毛毛蟲小a>: 行桃花運？[哈哈],<9Adonis>: 末日买桃花[哈哈],<lingqiu静qq>: 愛回家突破3000集，[耶],<_CindYxt>: 强哥好孝顺！[悲伤],<donaldducktin>: 点解只见人，唔见D桃花嘅？！,<4猫1狗>: 几年前看天天天晴第一次注意到你 觉得你用心揣摩角色 之后便一直留意你的表演 觉得你演戏很有功底 爱回家里面也很棒 希望以后能有更多适合你发挥的剧本和角色 让更多的人欣赏到你的表演才能 加油[呵呵],<cephyrah-潮楼2013>: 系啦！！下年一定行大运，拿大奖，赚大钱！！,<cephyrah-潮楼2013>: 我睇紧爱回家，呢几日PPS唔知点解睇唔到，家阵先稳到另一个网站可以睇添！！正啊！！补返呢个星期个几集先！！！！徐少，冬至快乐啊！！,<D调可乐>: 咁乖仔，千万不要过继比人地啊~~]
twing	放假日正好可以為舊傷患作治療。 ​​​	[<牙籤Binnie>: 什么时候能痊愈哇，痛不痛啊？[泪],<9Adonis>: 马强要更强壮！！！,<慕容芷澜>: 拍古装戏落得的隐患吗[耶][ok],<麻瓜长腿Momokooo>: 你真是勇敢啊。。哈哈哈,<大笑姑婆梁小姜>: take care 啊,<Gary經紀人>: Get well soon,<milujute睡丫>: 咦，会痛麽？事头,<鍾情-NICE>: 電療嗎？舊傷有咗幾耐啊···,<青林卓玛>: 不容易啊。注意身体！,<MissCherieFu>: 陰公[泪]祝早日康復[心],<TA家beak挚爱三岁半>: 事头 take care lar ~]
twing	勝保計劃終於失敗了，但他只是為了大清著想才有此舉，並非大奸大惡之徒，請繼續支持大太監。 ​​​	[<语嫣小筑>: [给力][给力],<po主是小透明>: 啊啊啊啊 系唔系之后剧里你都唔会出现了啊 哎呀 撑你啊啊啊,<藍澤方_蒸糕>: 其实站在他的角度,也没有错,哈哈,只是太冲动了,<大侠张无寄>: 哈哈哈 似的似的 而且他忠于六亲王 只是人和人的想法不罢了,<fish皓皓>: 支持~[给力][给力][给力],<慕容芷澜>: 会的，继续支持《大太监》也会继续支持《爱回家》的，加油[给力][ala加油]马强。祝愿你也有朝一日获得最佳男配角！！！！[鼓掌][鼓掌][鼓掌],<呆梨是冠军>: 演的真心好，特別給力！,<9Adonis>: 胜保大人[威武],<嘉李Jane>: 明白的 但是却始终抵不过人家  勝保冲动 但是对王爷忠心耿耿 对大清至死不渝  您演绎的好好[good]]
twing	大家早晨。 ​​​	[<双下巴薇薇>: 早晨，新既一天新既开始[爱你],<罗宋汤purple>: 荣哥，早~！在看爱，回家呢。。。,<徐榮網tsuiwingdotcom>: 早晨徐生！食左早餐未？,<_wwtIng>: [花心]早啊，徐榮恭子~~[偷笑],<麻瓜长腿Momokooo>: 老板，早 我也开工了,<你煮到我的手啦>: 早晨，荣哥哥[哈哈][哈哈],<御星娛樂文化RayWong>: 早晨 , 徐大哥,<毛毛蟲小a>: 榮榮早晨[太阳][心],<幸好在我心>: 强哥早呀[江南style],<安大爷>: 老马早~~~~~~~~~~]
twing	八點正「愛回家」八點半「天梯」兩種不同的演繹希望大家喜歡！ ​​​	[<Guardian_adelheid>: 放寒假時有很多劇等我~支持一下吧：）,<我周咪咪>: 追完愛回家，在追天梯，一定無錯過[给力][给力][给力],<啫喱bbb>: 今晚趕唔切看了，要上堂[泪][泪][泪][泪][泪],<平淡但当中有你已经足够>: 晚晚都坐定定睇架！// @徐榮網tsuiwingdotcom : 仲有十分鐘就開始啦~,<徐榮網tsuiwingdotcom>: 仲有十分鐘就開始啦~,<H--Ray>: 怎么会有这么帅的大叔,<指尖在跳舞charlotte>: 哇，准备回家看[爱你][爱你],<小小乡里>: 喜欢爱回家中的你,<冰冰系double-ice>: 两剧皆留意[赞][赞][赞][赞][赞]“馬强”继续加油哦！,<wow-solo>: 支持，祝大哥拿视帝,<粟璐>: 超 [心]爱回家呀~[做鬼脸],<朱凯林成>: 哈哈！！一样甘支持二佬！！,<飞过海的天秤座>: 《爱回家》超级好看，一定继续支持。《天梯》期待中。,<WLF_CherryTYK>: 支持支持~ [good],<青林卓玛>: 天梯要开始放了？我准备攒到一起看,<HC贺儿>: 真火啦 呵呵呵 加油加油]
twing	「天梯」九月十七號晚上八點半首播，請大家多多支持！ ​​​	[<月野兔Rabbit>: [鼓掌]好淳朴！,<徐榮網tsuiwingdotcom>: 每日直落個半鐘～ 愛回家＋天梯 [給力][給力],<安哥兆兆>: 嗯，我打算追了！// @毛毛蟲小a : 一定支持[得瑟],<030pengpeng>: 演技很好，支持，请加油[good],<Norika憲香>: 都幾吸引下喎，一定會睇,<啫喱bbb>: 支持[赞][赞][赞][给力][给力][给力],<cat7115_yeah---惡魔貓貓>: 明晚八時【愛‧回家】，八時半【天梯】，榮少跟你有個約會，到時見！[嘻嘻],<语嫣小筑>: [给力][给力],<落单De小候鸟>: 支持添哥，也支持荣荣同学，加油,<哈囉老婆婆>: [耶]............,<Vicky小琪_>: 绝对支持!!! 天梯这部戏好想看啊！ 因为好想知道这个故事[贊][贊] 好正！！,<谜伱呂皇___哈哈哈>: [good][good]一定支持,<清晨暮秋>: 很是期待~支持支持~// @鄺穎雯 : [鼓掌]一定支持呀！,<Michelle_LCY>: 支持[good],<EX慢吞吞星人>: 哇~~好纯朴啊~~[围观]支持支持！！！！,<Joy_zhou>: 总算等到了，一定一定要支持！,<毛毛蟲小a>: 一定支持[得瑟],<ChuJaiWilson>: 一定支持[给力][给力]]
twing	古裝聖地「天下第一洞」外景。@黎諾懿LOKYI @羅天宇Joey ​​​	[<Fiona尼萌萌>: 壮 @黎諾懿LOKYI  的动作跟表情亮了,<毛毛蟲小a>: 髮型很不錯[嘻嘻][good],<懒人icy>: 马壮 @黎諾懿LOKYI  的动作跟表情亮了，剧情是跟几位uncle去踏青吗？都是男人哪！  @无时无刻想旅游的兔小k-emily,<halograce>: 四位老戲骨好型[good]你們也不錯[嘻嘻],<cat7115_yeah---惡魔貓貓>: 你們沒有熱壞吧？,<Yerinni>: 這是今晚的"愛_回家"嗎?[思考]]
twing	馬強換了新眼鏡，你們覺得可以嗎？ ​​​	[<时待EK>: 你咁後生考慮過當家的感受嗎？,<milujute睡丫>: 嗯嗯。。不错呀！,<颜色不一样的我我>: [哈哈] 什么样子.都喜欢...,<狗的后腿儿>: 没有以前看着朴实,<扭计猫>: 刚开始见演爸爸演丈夫有点牵强,也许没有演过这样的角色,所以开头演技比较生硬,不过现在越来越自然喔,<Zzzz小摩>: [耶][耶]很正！,<小禾靳>: 你不是走帥氣路線的。所以……………………戴什麽都好看[偷笑],<徐榮網tsuiwingdotcom>: 之前果副成熟d....呢副型呀！,<乐琦0627>: 从《同事三分亲》开始知道你，非常喜欢你的表演。,<颜色不一样的我我>: 那个眼睛是有镜片的吗 我看着感觉没镜片,<Zfengh>: [good]好衬！,<吃太多会被杀掉哒>: 靓仔啦~[哈哈],<颜色不一样的我我>: [哈哈]   可以呀]
twing	同馬國明一起做訪問！還是穿自己球隊的球衣！[good][good] ​​​	[<2Hommin>: 帅[花心][花心][花心],<点点大魔王啊啊>: 看到型男每次都流口水啊。。。。。,<阿宝的吃货娘>: 我最爱的两个TVB男人[花心],<臭婊子贱货廖小雪爱喝可乐的猫>: 他为什么不开微博呢,<jc_jc92>: [可爱][可爱],<9Adonis>: Chok! Chok!,<yanki_concert>: 兩位踢足球非常勁的好兄弟[爱心][强壮][强壮]期待訪問[微笑]]
twing	一家人淪落街頭！[悲伤]@蔣家旻Angel @郭少芸 @羅天宇Joey @黎諾懿LOKYI ​​​	[<WLF_CherryTYK>: 我今日都係 MK 呀!!!!!!!!!!!!![抓狂][抓狂][抓狂],<cat7115_yeah---惡魔貓貓>: 你們一家人怎樣了？哈哈,<yvue兔>: 很喜欢看爱回家~ support u,<赤子泥潭>: [哈哈][哈哈] 加油啊 温馨地一家人！！！爱 回家越来越好睇了！！！！[嘻嘻]]
twing	馬家三兄弟的大哥馬健出埸啦！ ​​​	[<寂寞喔耶喔耶>: 大佬同二佬係twins？ [哈哈],<N_末Er>: 看你的发型，好像年代戏,<此账号已停用z>: 哈哈哈哈。真系好“似样”喔,<钩沥馋榆蜕_872>: [一千粉[缌] = [8] 元 [秋秋] 11⑥18582①1]
twing	在「心戰」中殺手雖然己死，但還是會出現的，請密切留意！ ​​​	[<happysasa>: 啊哦~那不是“惊”喜？！期待,<江欣燕-欣欣>: [惊恐]好驚啊！,<always分裂X>: 包公你怎么变得这么凶残[怒][怒],<LoveQ大家樂>: 以回忆出现?以梦出现?还是变成了楚荞的心魔?,<娱乐顽童吉卜力>: 你不要再出现了，吓人，哈哈哈哈,<超級無敵小佳佳Kris>: 今次好有发挥！[good],<被嫌弃的NANA>: 可惜看得是删减版，听说有你用刀插脖子的戏份,<芸青yUnqing>: 加油！第一集的開場非常的精彩。[赞][赞],<vivian_文>: 演技更上一层楼了！期待期待你再次出现在心战中！[哈哈],<維尼Win>: 好期待呀!!!!,<TM_Lingling豬_TM>: 我會繼續[給力],<-Sherwin->: 不要剧透啊[抓狂],<上官King>: 不是吧！```唔通當時死唔去，定係會喺陳豪嘅潛意識出現呢！~？,<刀仔VS锯大树>: 老戚能看中的人，演技都是那么的好~~~~,<黎小宝T_T>: 再出场会是心魔吗?,<鄺穎蚊>: [噢耶]哇！我中意吖！！[給勁],<鹿菲菲小lu>: 很恐怖哎 包公!,<張達倫>: 徐大哥！變態殺手好出色呀！支持支持！更上一層樓！[给力][给力][神马][神马][鼓掌][鼓掌],<毛毛蟲小a>: 一出場就被你震撼到了[good][good]，會再出場是不是作為maggie的心魔[思考],<Floriandsay>: 你太厉害了•••看第一集的时候，你演的真是太逼真了•••不禁让人汗毛竖起来了,<Joker-Journey>: [吃惊]大胡子徐荣！,<我周咪咪>: 这个造型挺吓人的[害怕]]
twing	今天放假可以帶我的愛駒去換一換零件，讓它有最好的狀態為我服務！yeah! ​​​	[<超市大佬>: 荣哥加油！做戏方面请对诺懿多加提点[呵呵],<我周咪咪>: 放假好好放松休息[眨眼],<出生摔到脑>: 你部咩来的？换咩零件吖？,<milujute睡丫>: 哈哈，期待爱回家[熊猫],<google_sir>: 荣哥，好好享受假期，我就惨了，今天一上班就遇上凶杀案！,<看我的大大白眼>: 好man啊[飞吻][飞吻],<茵_123>: 好型好chok啊..好喜歡<拳王>啊!!,<honey_miax>: 哈哈，型紧的你啊！]
twing	經過十三小時的拍攝長途賽！馬強和馬壯己「無電」了！@黎諾懿LOKYI ​​​	[<浩气荡幽谷>: 还有力气发微博!!!,<wow-solo>: 包公 微博为啥有2个？第二个不用吗,<岸上的xing在努力>: 加油 马家两兄弟,<9Adonis>: 马上充电,[哈哈],<natnat畢打人>: 你地唔係應該又強又壯加咩[偷笑]點會無電加[思考][嘻嘻]回家好好休息[抱抱]支持你[愛你],<儍儍啲村>: 包公加油 我睇好你]
twing	今天是「愛•回家」第一天廠景，早餐中。 ​​​	[<winglicath>: bonjour! bon appétit! [嘻嘻] 祝你拍攝順利！,<出生摔到脑>: 我都有件你呢D3啊！,<栖呱XiccY>: 期待爱。回家！！！！,<WendyChan85>: Good!順順利利![good],<小李软软>: 是在哪里拍噢，徐生身材巨好。,<Magpul_Kevin_Tsui>: 我今日都有返工，arm arm同老豆響cafe corner食完早餐！,<芸青yUnqing>: 徐生早晨啊！開場順利。呵呵。[贊],<快樂的分享Nicole>: 徐生早晨啊，期待爱回家！[呵呵]]
twing	在杭州西湖遊玩，非常美麗的景色！ ​​​	[<RayX要YuriAS>: 杭州人民欢迎你[哈哈],<虞窘窘>: 哇哦。来内地了，习惯吗,<夏木00>: 西湖真的是很美的！好好享受那里的阳光、春风、美景吧~,<毛毛虫0305>: 哈哈，说去就去，行动派[good],<Zeon津>: 哎喲 杭州很美的 好好玩,<爱阿豹纹的灰姑娘>: [花心]在杭州哦,<芸青yUnqing>: 無想到你咁快就去到杭州。呵呵,<ei算罢啦>: 今天不用敢戏吗?愉快.,<此账号已停用z>: 估唔到你甘早去到。[哈哈],<华旗旅行社>: 杭州美景盖世无双，奇花异遭草四个季的清香~[嘻嘻],<琦异果一枚>: 這幾天回暖了 正適合春游 好好享受吧,<凤的諾言>: [害羞]去附近太子湾公园玩玩,<凤的諾言>: [挖鼻屎]赶紧去围观,<清晨暮秋>: 玩得开心啊，多点转转杭州啦,<WendyChan85>: 西湖十景有冇遨遊哂呀？[嘻嘻],<Law_loyis>: 横店拍戏顺便去玩啊,<在地同行PC_Dee跳躍飛騰>: 坐船基本走马观花 我上次就上当了,<安徒生的小尾巴女王>: 我家門口  可以偶遇[挖鼻屎][挖鼻屎][鼓掌][鼓掌][鼓掌],<猫嘉菲>: 欢迎来杭州~~~杭州就是有点热啊~~~玩的开心点奥~~~,<鄺穎蚊>: 越來越型了！玩得開心啲啊！[親親],<徐端端真的奔三了>: 晚上有音乐喷泉！~超级赞~~！,<Lily-喵酱>: 我今天中午好在说想去西湖散步]
twing	補發@毛毛蟲小a 送來的禮物相。 ​​​	[<uchiyama0614>: 哇！！好有心的fans 包公多吃点 长胖点 咔咔咔咔[嘻嘻],<一小条鳗鱼>: 一眼就看到泡椒凤爪[花心],<阿衡儿>: 祝贺重庆的泡椒凤爪漂到香江。。。 裘俊哥爱吃，下次去HK给你带点哈！！,<花痴小孩有糖吃>: 回复 @毛毛蟲小a :[偷笑][偷笑],<毛毛蟲小a>: 回复 @花痴小孩有糖吃 :还好啦！我全塞进箱子拖去的[哈哈],<花痴小孩有糖吃>: @毛毛蟲小a  哈哈，字母真是没少拿啊，辛苦了~~,<9Adonis>: 哈哈  有友泡椒鳳爪  我們這裡的特產 你們吃會不會覺得辣！,<纠结星人氵>: 回复 @兆兆最怕女兽人 :不准跟我说一样的话,<安哥兆兆>: 小a昨天才说去看你不然我们肯定给你和AIMEE准备礼物[嘻嘻],<毛毛蟲小a>: 多吃點水果！因為都很新鮮，是我自己挑的，不知道你中意吃什么，就多挑了几种[嘻嘻],<南半球的Kelvin>: 很大收穫！[饞嘴][good],<安哥兆兆>: 恭喜a总。。。。,<半仙Chan>: 你也中意食泡椒凤爪呀[笑哈哈],<纠结星人氵>: 其实我都想给你带礼物的 但是小A决定太仓促了= = [好囧] 等下次有机会试试武汉的特产啊[笑哈哈],<小李软软>: 裘先生，多发推^_^ ]
twing	新劇的造型可以嗎？ ​​​	[<闹闹AUV>: 太斯文了，比毕打里还斯文。。。。,<小白真无敌>: 是很OK [偷乐],<悟饭的爸爸呀>: 不错。。似乎是主角吧,<纠结星人氵>: 期待！加油！[兔子][兔子],<9Adonis>: 新情景剧新斯文造型！头次见！[花心],<茵_123>: 可以呢..好似阿sir,<鍾情-NICE>: 愛·回家演員大部分我都鐘意// @晴同家人劇迷會 :  #《愛‧回家》造型#  徐榮[good],<晴同家人劇迷會>: #《愛‧回家》造型#  徐榮[good],<好好好立克>: 有啲似烈哥啵！！,<bon107>: 掂，斯文look.,<Dayo_ChloEEE>: 畀嗰good你!![贊],<方小熊熊熊熊十三控酱星人>: 亲爱的 是老师嘛？,<蛋挞伊娃>: 眼镜仔~~[嘻嘻]斯文好多了,<九日的Helios>: 好斯文！[花心],<-小宇宙->: 一开这打扮 不是坏蛋 就是个木讷的人,<WLF_CherryTYK>: 唔知你今次做角色呢？[思考][思考],<Amber叶子>: 好有老豆的感覺耶~ 這次出演什麽角色呀？,<huairen88>: 哎呀~老了好多呀,<毛毛虫番茄>: 我想起了天晴中阿龙的爸爸~~~,<K-e-N-J-i>: 今次真係徐榮公子了！,<LK_SUNG>: 哇！和之前很不一样啊。惊喜！[嘻嘻],<唐文龍Michael>: Nice, 踏實！,<mo-cat>: 好四眼鬼，好可爱啊]
twing	祝大家新年快樂！心想事成！ ​​​	[<WLF_CherryTYK>: 祝你身體健康! 事事順景! 龍年几大運!!!,<nancymc>: 祝新年快樂..工作順利.身體健康,<CAROL_YING>: 龙年大吉、龙马精神！,<幸好在我心>: 荣少，恭喜发财，万事如意[福到啦][大红灯笼],<toyomico>: 榮少新年快樂 恭喜發財！！耶耶 要乜有乜！！[嘻嘻][心],<EX慢吞吞星人>: [bobo拜年][toto拜年]]
twing	祝大家中秋節快樂！心想事成！ ​​​	[<謝茜嘉薇>: 中秋節快樂呀裘生﹗ 這幅相片構圖好靚，功夫茶、菱角、芋仔、火龍果...仲有朱古力月餅,<Guardian_adelheid>: 榮少中秋快樂!我也要吃雪糕月餅[饞嘴] [呵呵],<芥末陈朵朵>: 看到芋头了！多食点啊！,<夢幻_玲>: 中秋快樂，諗起前年的畢打，舊年的天晴,<泰Roi好>: [晕]菱角[馋嘴]]
twing	參加「誰家杜頭無煙火」拍攝。再次飾演裘俊感受深刻！ ​​​	[<姚小茵Hi>: 一直都好中意你  因为你好靓仔,<nancymc>: 真係懷念裘俊的深情,<原味儿奥利奥>: 已经不流行奶油小生啦！现在未来都是真正男人的天下！你一定是今后tvb的一哥！,<孙小美美美>: 啊啊啊 有裘俊！！！好期待啊,<halograce>: 期待他們的新作品, 更加期待你同marco gary都會在其中[呵呵],<每当变幻时分>: 回复 @iamsylar :[泪]是啊。挽泪。,<iamsylar>: 回复 @Amada_Wong :不怕,他有C奶,也有我们!,<琵琶呀琵琶>: [心]支持你！！！ ,<Cindymoo>: 真的很喜欢这个团队诶！从同事开始一直有追看喔！加油！[花心],<廣東歌與露宿者>: 回复 @徐榮twing :毕打2！！！！！！！！！！！！！！！！包公！说到做到啊！！！！！！！！！！！[high][high][high],<纠结星人氵>: 回复 @徐榮twing : 毕打2！！！！！WOW  淡定不能啊！！！！[欢欣鼓舞][欢欣鼓舞][欢欣鼓舞][欢欣鼓舞][欢欣鼓舞],<maggie_0309>: 加油呀~你應該唔記得我啦~其實我地之前過嫁啦~係舊年3、4月到係台灣酒店見過嫁~~覺得你真係好nice~好好人仲好好笑tim~所以你要加油呀~support you~~,<凌水昆>: 超级喜欢你演的裘俊,<manflying>: 嘩好掛住你[哈哈]我等睇你出場啊裘生[心][心][心],<峻博妈妈>: 回复 @徐榮twing :有空我截图给你看！还有就是你客串过好多次医生……不经意在电视里看到你客串的角色，我就激动半天！感谢你带给我这么好的角色演绎，让我知道在当下社会里，仍然有真爱存在！,<霹雳火嗲>: 裘俊！！！你家公主呢？！！！欣欣向荣啊啊,<峻博妈妈>: 回复 @徐榮twing :297集你们终于在一起！我哭好久！为裘俊和戴安娜高兴！之前戴安娜被绑架，在医院你把钥匙还给戴安娜，一个不愿还一个不想收，但却不得不还，不得不收，心痛！之后一直就关注你：女人不易做里你客串出狱重新做人的青年，无考不成冤家里你客串记者对戴志伟提问，骗中传奇里你客串清朝官员,<missyaak>: 王爺噶造型好型啊~~~,<罗卜希饭>: 我爱裘俊！！！！！！！！！！dianna呢！！！,<徐榮twing>: 回复  @峻博妈妈 :多謝你！這角色把我這個演員也感動了！,<natnat畢打人>: 回覆 @徐榮twing :[委屈] 可以代我們勸勸她嗎?[淚] 我們每一晚都在微博上高呼:我要畢打2"的`不只是我一個..[冒個泡] 而是所有畢打迷都好希望畢打有續集的!![咆哮] 包公呀[抓狂],<琦异果一枚>: 我都好想要畢打2[泪],<峻博妈妈>: 我当年被你演的俊哥感动，哭好多次，我还专门为你写过文章，深情的裘俊！,<宝视觉摄影-TOM>: 转发此微博:恭親王你终于出现了。// @徐榮twing :大家的留言都看了，多謝你們的愛戴，請繼續支持「同事」「畢打」「天晴」「誰家」這個創作團隊，期待他們的新作品。,<徐榮twing>: 回复  @毛蟲natalie :有冇畢打二就要睇我阿姐啦！[傻笑],<纠结星人氵>: 十扑wow~~~四部都有追[鼓掌][鼓掌][鼓掌]狗俊包公阿龙~现在又是狗俊了[偷笑],<跃小堂>: [太開心] 真的很中意你们 「同事」「畢打」「天晴」「誰家」一直都追着看呢,<manni-shanshan>: 好鐘意睇你演包公[偷笑],<我的貓弟弟程小花>: 转发此微博:这四部剧受到我身边所有白领的一致好评,加油,裘进!// @徐榮twing :大家的留言都看了，多謝你們的爱戴，請繼續支持「同事」「畢打」「天晴」「誰家」這個創作團隊，期待他們的新作品。,<natnat畢打人>: 他們的新作品會是畢打2嗎[抓狂] 包公呀!!我要畢打2![抓狂],<老西永远是对的>: [抓狂] 包公啊，我们都好想要毕打2啊！！！// @徐榮twing ：大家的留言都看了，多謝你們的愛戴，請繼續支持「同事」「畢打」「天晴」「誰家」這個創作團隊，期待他們的新作品。,<李平Jason>: 你会一路长做!!??? 太好了!! 中意你!! 支持你!!!,<CAROL_YING>: 支持！// @徐榮twing ：大家的留言都看了，多謝你們的愛戴，請繼續支持「同事」「畢打」「天晴」「誰家」這個創作團隊，期待他們的新作品。,<幻奏的天使>: 好像服务生哦// @徐榮twing ：大家的留言都看了，多謝你們的愛戴，請繼續支持「同事」「畢打」「天晴」「誰家」這個創作團隊，期待他們的新作品。,<每当变幻时分>: 怎么办？好爱他丫。徐荣大爷~~~我爱你~~~虽然你已经有C奶了~~但是我还是爱你！！！！！]
twing	參加「誰家杜頭無煙火」拍攝。再次飾演裘俊感受深刻！ ​​​	[<花痴小孩有糖吃>: 毕打2！！耶耶！！[耶] // @Caroline奋斗ing ：包公。。還有我。。我也要畢打2.// @毛蟲natalie ：回覆 @徐榮twing :[委屈] 可以代我們勸勸她嗎?[淚] 我們每一晚都在微博上高呼:我要畢打2"的`不只是我一個..[冒個泡] 而是所有畢打迷都好希望畢打有續集的!![咆哮] 包公呀[抓狂] // @徐榮twing,<毛毛虫番茄>: 毕打2~毕打2[抓狂],<Carolinecccc>: 包公。。還有我。。我也要畢打2.// @毛蟲natalie ：回覆 @徐榮twing :[委屈] 可以代我們勸勸她嗎?[淚] 我們每一晚都在微博上高呼:我要畢打2"的`不只是我一個..[冒個泡] 而是所有畢打迷都好希望畢打有續集的!![咆哮] 包公呀[抓狂] // @徐榮twing :回复  @毛蟲natalie :有冇畢打二就要睇我阿姐啦！,<jinheejae>: 有型[good],<WendyChan85>: 官仔骨骨!巧型Y,<徐榮twing>: 大家的留言都看了，多謝你們的愛戴，請繼續支持「同事」「畢打」「天晴」「誰家」這個創作團隊，期待他們的新作品。,<JoleneMa>: 還是覺得"同事三分親"最好睇！！！,<natnat畢打人>: 裘俊!miss you so much[愛你],<后知未觉的皓>: 既然是多年后的裘俊~应该带上宝贝儿子亮相么~~~so cute baby~~~同事、毕打、天晴~太多太多美好回忆了！！！有这些就够了[可爱],<KittyWingai>: 好型仔[酷]，真係好掛住裘俊[爱你],<牛大福>: 今天很帅哦  [鼓掌],<lucifer_在异乡为异客>: 转发此微博:[鼓掌][赞]// @簡慕華Rachel :靚仔左喎![花心],<iamsylar>: 看这身装扮，应该是后裘俊时代的戏了。好期待啊！加油啊！,<yanki_concert>: 很懷念[鼓掌] 第一眼的感覺真係好裘俊,而不是徐榮~ 支持及期待,<Carol車佬>: 這角式又翻生了, 真好,<Sherry小泡泡>: 喜欢『同事』～也喜欢大哥和包公,<Joanne_羅惠韻>: 型 [心] [鲜花],<紫韵心香>: 不喜欢裘俊，喜欢包公,<cat7115_yeah---惡魔貓貓>: @徐榮twing  啊！你再次飾演裘俊，實在太令我激動了[抓狂] 一看到這個名字，腦海裡霎時湧出了很多的片段，想起了戴安娜和裘俊之間的甜、酸、苦、鹹，尤如打翻了五味間般、讓百般的滋味全上心頭...很高興能再見到「裘俊」，他是如此令人難以忘記...同樣一直看著你的轉變、進步...期待你精彩的演出。,<素兒yan>: 好期待呀!!!!!!!!!![太开心]  好掛住裘俊呀!!!![泪] ..下... 會係接住擁有千億皇國的裘俊時代?! or 返回忠於diana ge 八千公 裘俊時代呢?![思考],<冲上元宵叶>: 系「灶头」啊俊哥~那看到武纪勇的钟国栋'是不是会鸡冻番?[傻笑]// @簡慕華Rachel :靚仔左喎![花心],<囧MOMO囧>: 转发此微博:很喜欢裘俊和戴安娜的爱情哦！加油。。。,<小楠nikol>: 好怀念狗俊和戴安娜哦~,<定姜>: 點解可以連接到既?,<陳囧兒>: 巧型喔[鼓掌][鼓掌][给力][给力],<滅絕師奶欣_鹽水舐豬腦>: 咁戴安娜会唔会出现？,<阿锅锅用绳命在扑街>: 好帅！！！！！！！！// @小小壹 ：毕打混搭谁家吧！ // @簡慕華Rachel :靚仔左喎![花心],<靜怡Triangel>: 恭亲王还是挺帅的哦 !,<簡慕華Rachel>: 靚仔左喎![花心],<上官waner>: 再翻演？？？第几集啊？！！,<愛說冷笑話的wing>: 好想念裘俊啊[呵呵]  還有diana,<张小草爱发春>: 那会和勇少再次见面啊[偷笑],<熊猫猪M>: where is ur body guard? [偷笑],<redmittens>: great that you are reprising your role!,<心里话填埋场>: 无烟火只看了50来集，没有你的情景剧 少了很多味道。加油,<如来正法上海闻法点>: 俊表哥又回来了!,<miki08189>: 回复  @嘉駿Leslie :好明顯佢用緊倉頡, 唔覺意緊錯咗"火"同"木".,<老西永远是对的>: [挖鼻屎]裘俊复出了？ // @移民水星的薄荷 ：[太开心][偷笑] 为毛木有戴安娜 @21的术术  // @evayee22 ：啊啊啊？？？？？？啊啊啊啊啊啊啊啊！！！！！！ @谁家灶头无烟火剧迷会,<April羊羊羊>: 喜欢看你的处境剧!! 会和diana一起出演吗,<阿拉小P_希希妈>: 我滿喜歡他的！畢打自己人！ // @我說小雞_你說快跑 : 酒江十二坊里也有他的// @我媞一朶婲 :好有型噢！,<dorchan>: [害羞] 咁有冇diana呀,<蒋君梅天天向上>: 有在追哦// @我媞一朶婲 ：好有型噢！,<Katrina_SQ>: 喜欢你在「毕打自己人」里面的包国文！包公[吐舌头][吐舌头][吐舌头],<嘉駿Leslie>: 荣！是*灶* 不是 杜啊[偷笑],<oyn8>: Cool! 期待!,<潘鷖骛>: 非常期待！！！！,<琼脂_Jean_s>: 好耐無見過呢個Look 啦，哈哈，期待…,<为酱_我把桃花切一斤>: 啊！！谁家里也是演裘俊呀！！！欣欣会跟着出来演戴公主么？？,<纠结星人氵>: 转发此微博:狗俊重出江湖？？？？？？？[花心][花心][花心],<胡大牙>: 嘩嘩嘩~~~~~好鍾意裘俊呀~[花心] wahaha~~果時我成日翻睇架~~]
twing	廣告拍攝中，估下是什麼產品？ ​​​	[<霍健邦Kenneth>: 转发此微博:賣型男,<毛毛虫番茄>: 剃须刀？男士洗面奶？……,<李平Jason>: 太明显了吧... ,<KittyWingai>: 好型仔，我估理財？[思考]]
twing	今晚五皇爺常寧出埸啦！紫禁驚雷！密切留意！ ​​​	[<iamsylar>: 当然密切关注了，我们大家都和五福晋一样耐心等待呢。,<子小-_-JOHN>: 我很好奇为什么五王爷比皇上和福全都老呢。。// @黃日華 ：V5V5V5,<RayX要YuriAS>: 等好耐拉哈哈哈[嘻嘻],<青菁草堂>: 转发此微博:一直在关注。很好看的一部电视剧。,<糖姬坷嘚>: 头上的好像避雷针...[哈哈],<所裕>: 今晚五皇爺常寧出埸啦！紫禁驚雷！必须留意！,<兜兜Cyan>: 乃终于要出场了！！~~~[淚] 铺垫了10多集，终于可以露面了啊~~~五福晋终于不用天天念叨了···,<Kennady其斤三原>: 包国仁，哈哈……刚在看呢……,<徐榮網tsuiwingdotcom>: 終於等到五王爺出場喇.....期待[大笑][大笑][大笑],<鄺穎蚊>: 常寧終於出場了！！等到我……開心吖！[太開心],<Carrie微博>: 你终于要出场了，等得我都快睡着了！！,<Tunii_Vinna>: 咁今晚升2點la~~ya~=],<方小熊熊熊熊十三控酱星人>: 好MAN噢 ！！,<張智軒Russell>: [ok][ok]]
twing	大家的生日祝福全部收到晒！多謝！[飞吻] ​​​	[<小小小瑞子ray>: 生日快乐~同13期~,<楊怡TaviaYeung>: 转发此微博:小榮生日快樂，身體健康[干杯][干杯],<iamsylar>: “过了12点已经是37岁了，还是傻乎乎的。”呵呵，还记得是哪里的台词吗？,<KittyWingai>: 徐生，生日快樂！[蛋糕][礼物]祝你事業更上一層樓，同徐師奶繼續恩愛[飞吻],<yanki_concert>: 好久不見~徐生,祝你生日快樂! 工作開心,健康[心],<黎小宝T_T>: 徐生生日快樂啊！祝你家庭美滿，演藝事業再創高峰！,<Tunii_Vinna>: 生日大大大快樂=],<baragaraxxx>: Happy birthday[蛋糕],<小二哈啊小二哈>: 生日快乐···[蛋糕] 幸福快乐,<Lizac>: 转发此微博:祝你生日快樂[蛋糕][礼花][礼花]賺多多[钱][钱][钱][钱]仔仔醒爆，幸福快樂[开心][微笑][傻笑],<wtfunk>: 生日快樂 [蛋糕],<之昂皈依Y先生>: 生日快乐。[蛋糕] 演番滴好戏被我哋睇。[乐乐],<ZitaChow>: [蛋糕] 生日快乐！祝事业更上一层楼！身体健康！开开心心  ！[心] ——最紧要拍多D好戏比大家睇吖~[鼓掌] [心],<愛說冷笑話的wing>: 生日快樂啊[嘻嘻]祝你心想事成[呵呵][呵呵][呵呵],<徐榮網tsuiwingdotcom>: Happy Birthday~[蛋糕],<陳少邦Bond>: 我都未喎，生日快樂[鼓掌][鼓掌],<靜儀林林>: 我未講喎!生日快樂~~~[蛋糕],<恋上_五月>: 还差我一个哦，生日快乐！礼物拿来！,<林鳳玲>: 徐榮公子，祝你生日大快樂！全家滿幸福![爱你][心][蛋糕],<纠结星人氵>: 生日快乐！！！！！[爱你][爱你][爱你][蛋糕][蛋糕][蛋糕],<陳家豪KAHOC>: Happy Birthday,<王致狄>: 生日快樂[蛋糕]!!!!!!!!!!!!!,<王小糊_Sharon>: 生日快乐哟[太开心],<Nightingale_Ching_Yeung>: I am late,anyway Happy birthday...[礼物][蛋糕],<苗吧_孤寂单寞>: 生日快乐……[鼓掌],<李雨陽>: 我未講呀,生日快樂~,<carolyip>: HAPPY BIRTHDAY,<宋丑丑-DoubleUglySong>: 裘俊，生日快乐！,<9Adonis>: 哥儿，生日快乐喔,<琦异果一枚>: 生日快樂[蛋糕],<老西永远是对的>: [蛋糕] [蛋糕] 包公生日快乐！,<陈逸轩97>: 阿龙，天天天晴好有趣，有续集吗,<RayX要YuriAS>: Happy Birthday！,<CharmedLV>: I wonder who's older, you or me? [偷笑] Were you in the morning or afternoon? [害羞] Happy B-day!,<小蟑螂要减肥>: 我都系今日生日 同喜啊 包公,<Vanessa_daesung>: 包公, Happy Birthday！,<李平Jason>: 包公!!! 生日快樂!!!!!,<不要和陌生人说话莫>: 生日快乐呀包公~！裘俊~！]
twing	紫禁驚雷七月二十五日號首播請多多支持！[强壮][强壮][强壮] ​​​	[<nightkitten>: [花心] [愛你],<CAROL_YING>: 转发此微博:支持！[赞][赞],<張松枝>: 哇！哇！哇！威武得你個樣吖！,<ZitaChow>: 终于可以再次见到你啦~[干杯],<toyomico>: 回覆 @徐榮twing :啊哈哈..多謝復我!!我系欣榮fans 系聚會見過~~[嘻嘻],<徐榮twing>: 回复  @Insk泪 :[鼓掌][鼓掌],<徐榮twing>: 回复  @蕃薯Sasa :[祈祷],<徐榮twing>: 回复  @WendyChan85 :看了你便知。,<Sinclair__>: 回复 @徐榮twing :[给力] 我们等着哈,<徐榮twing>: 回复  @红毛猩猩支持国货 :我也不知道！[瞌睡],<徐榮twing>: 回复  @cric樱桃肉丸子岳 :多謝！,<徐榮twing>: 回复  @跃小堂 :[强],<徐榮twing>: 回复  @徐榮網tsuiwingdotcom :Yeah!!!!!!,<dorchan>: 回覆 @徐榮twing : 多謝你回覆呀, 喜歡你由裘俊開始 [心],<徐榮twing>: 回复  @iamsylar :[可爱],<徐榮twing>: 回复  @cctung :多謝！,<徐榮twing>: 回复  @iamsylar :[强],<徐榮twing>: 回复  @TerenceWong王若龍 :係皇爺。,<鄺穎蚊>: 回覆 @徐榮twing :[害羞] 好開心吖！多謝你回覆吖！,<徐榮twing>: 回复  @红毛猩猩支持国货 :多謝支持！[强],<徐榮twing>: 回复  @鄺穎雯 :[傻笑],<徐榮twing>: 回复  @ray唔giou :[强],<徐榮twing>: 回复  @神游小太阳v :是的。,<徐榮twing>: 回复  @dorchan :[强],<徐榮twing>: 回复  @健忘的小金鱼 :[强],<WendyChan85>: 一定!角色忠定奸?呵～,<Sinclair__>: 不知道什么时候大陆地区播出,<跃小堂>: 这次是王爷咩？虽然看不到~但是还是支持下[可愛],<徐榮網tsuiwingdotcom>: 一定支持！[开心][大笑][开心][大笑][开心],<iamsylar>: 回复 @TerenceWong王若龍 :偷笑，哼╭(╯^╰)╮。是爱新觉罗·常宁，顺治爷的五皇子。不过我知道，荣哥什么角色都能诠释的非常好，当模特也肯定超棒。,<toyomico>: 撐撐!!!榮少!!!!!,<iamsylar>: 全力支持恭亲王。,<TerenceWong>: 你做太監嗎？[偷笑],<Sinclair__>: 好喜欢你演的戏 支持你哈,<神游小太阳>: 已经在宣传了么？]
twing	己有差不多十年無去南丫島了。 ​​​	[<欣欣向荣ilz2009>: 哟，我也在同一个地方照了,<Sinclair__>: 回复 @徐榮twing :在看《同事三分亲》，觉得电视剧中的你和Diana的感情，实在太幸福，羡慕～～[兔子],<恋上_五月>: 回复 @徐榮twing :不好意思，我都打错字了[偷笑],<徐榮twing>: 回复  @红毛猩猩支持国货 :多謝！,<徐榮twing>: 回复  @蔡誌恩Vincent :Thx!!!,<徐榮twing>: 回复  @蘑菇都要宅出來的麥麥 :[大笑],<徐榮twing>: 回复  @我家小丙 :又唔覺多貓喔。,<徐榮twing>: 回复  @DanTo :多謝！,<徐榮twing>: 回复  @跃小堂 :[大笑],<徐榮twing>: 回复  @香港的Wing :[大笑],<徐榮twing>: 回复  @Dakinis :[开心],<徐榮twing>: 回复  @恋上五月wen :[微笑],<愛說冷笑話的wing>: 转发此微博:玩得開心d,<何偉業>: 唔該買啲手信番嚟！[偷笑],<我家小丙>: 聽講南丫島有好多貓, 是不是真的 ? 咁熱 [太陽] 貓都唔現身囉 !,<安徒生的小尾巴女王>: 前几天南丫岛回来 可没把我累死。。。,<蔡誌恩Vincent>: Have fun!]
twing	包公和大哥！他也是拳壇高手呀！ ​​​	[<Miyako_慧欣想吃鳳爪壽司>: [偷笑]包公，大哥，好掛住你地啊~,<jasminejoy>: 都係鐘意裘俊和武纪勇多D 哈哈,<LUV三米>: 這張包公同義海豪情里的大佐好像誒……,<姿欣Yan>: 巧懷念包公同大哥!!,<卡西利亚盖>: 转发此微博:裘俊和武纪勇,<坐忘峰里>: 这二位又让我想起同事里的急冻双雄那集，好有爱，呵呵，我是说友爱…… #欧锦棠#,<Handelababy的日记>: 又见到大哥，好开心啊,<放羊_星小星>: 看起来更像 裘俊vs武纪勇[嘻嘻] 怎么近照都是留了胡子的，剧情需要？,<毛毛蟲小a>: 包公同大哥[可怜] ，好miss你哋啊，miss毕打[亲亲],<車你个头_Cherry>: 嘩哈哈哈~ 包公大戰李小龍!!,<EnoTsui>: 转发此微博:啊！包公同大哥！好掛念畢打！[泪][泪]！阿棠顯的年輕了很多!!,<纠结星人氵>: [赞]WOW  你们都是高手！！！]
twing	估到另外兩個是誰嗎？ ​​​	[<Hi_冰镇西瓜>: 马国明？唐诗咏？？？,<Carrie微博>: 马国明、李诗韵，不要以为这样就认不出你们几个，小样··,<維珍妮亞珍珍撈>: 係唔係馬明同姚子羚?[偷笑],<易涤>: 马国明和李诗韵吗？,<靜儀林林>: 男0既係馬國明,女0既...真係估唔到![偷笑],<jocelynchan>: [兔子] 袁偉豪和。。。？？]
twing	心戰拍攝中殺手造型。 ​​​	[<shawmag>: 型！ 這套劇究竟有幾個殺手？,<AlbeeChen>: 好期待＂心戰＂[傻笑][傻笑]希望拍完趕緊播，不要拖太久[睡觉][睡觉]加油啊！！[强壮][强壮][强壮][强],<李施嬅selena>: 呀哥你係唔係去錯廠呀？快d返來探呀妹啦！,<tOSui2>: cool man~~型呀! btw著多件衫呀!]
twing	今日去做兄弟，不過這個造型去總是怪怪地！ ​​​	[<Minnie_l>: 傳說中的怪叔叔....,<唯唯anna>: 唔係呀,呢個造型幾型呀[帥],<妤糖果果>: 好喜欢你们2个的戏~~,<好好好立克>: 似係去讲数嘅：嗱！开门利是就冇喇，命就有一条！边个姊妹中意就攞去喇！,<代购团001>: 你在天天天晴的剧里演得实在很好。把“阿龙”的角色演活了。,<陳一茜>: 转发此微博:成個大人物咁款，不錯哦！ // @何俊軒 :型！,<搞搞震搞事組LaiB>: 转发此微博:史上最有型兄弟！[强],<MaY蔯>: MAN得济…哈哈…,<Miss黑白灰>: 哇。。。好型啊。。。,<若然JY>: Luv ur new look!,<小天蝎呀小天蝎>: 我觉得好型lor!,<RayX要YuriAS>: 哈哈哈好似大佬wo...,<我家小丙>: 個造型似去講數多d (開門利是) , 人家喜事, 俾多d笑容啦 ! [嘻嘻],<TM_Lingling豬_TM>: 不只不怪，還是英俊'[嘻嘻],<朱慧敏Queenie>: 转发此微博:不怪不怪!很好看。你們今日玩得開心啊!,<刘小小a>: 確實有啲怪，好似海盜,<一枚生活家>: 赤柱除了有野猪，今早又有野人出没！民众小心！哈哈哈哈,<大大大橙小姐>: 哈哈哈哈哈~~~~型gar其實都幾~,<何俊軒TVB>: 转发此微博:型！,<睡不醒de洛克咸鱼>: 转发此微博:你是去打架的兄弟，不过你留胡子还是蛮好的～,<9992_嬲>: 榮少 有D似去打银行噶哦~,<啫喱bbb>: 呢個造型幾好！=D]
twing	繼續為東華練習，不過今天鼓手缺席。 ​​​	[<ignore19>: 系啦···· // @毛舜筠 :細佬：你啲鬚留得越來越有型, cool man[good],<我是剩余时间乐观症患者>: 很man，喜欢你！！嘿嘿……加油,<姚澜>: 一水Ibanez嘛，后面的好像还是rg550,<小糯米elaine>: 荣哥，这个造型[偷笑] 好man ~,<毛舜筠>: 細佬：你啲鬚留得越來越有型, cool man[good],<乔乔1121>: 胡子是真的吗？好有型~~,<徐榮網tsuiwingdotcom>: 加油加油...!!!! 期待徐生你地既演出~!!!,<睡不醒de洛克咸鱼>: 转发此微博:胡子好性感～,<嘉駿Leslie>: 请替我跟所有人say hi ， thx]
twing	這個裝連自已都驚！ ​​​	[<徐榮twing>: 回复  @徐榮網tsuiwingdotcom :老實講都幾嚇人架！,<徐榮網tsuiwingdotcom>: 是香港海洋公園Halloween的宣傳片~,<Amber叶子>: 回复 @徐榮twing :好急，睇唔到，究竟個video喺咩來嘅？,<梦中太有缘>: 徐荣恭子，这个是在哪。好吓人吖,<徐榮網tsuiwingdotcom>: 回覆 @徐榮twing : 驚唔驚?? 恐唔恐怖??,<徐榮twing>: 回复  @徐榮網tsuiwingdotcom :值得一去。,<cqy1989caelynyin>: [吃驚] 拍什么戏呢？,<某芦某>: 吓到我了。。。。。,<徐c奶>: 好恐怖....驚驚驚驚驚,<維珍妮亞珍珍撈>: 呀龍做咩變左做隻鬼?!好驚呀!!!![生病],<徐榮網tsuiwingdotcom>: 徐生, TVB.com果個video都好嚇人~!!,<胡桂綾>: 我嚇到打嗝[驚恐],<徐榮twing>: 想睇全部片段上tvb.com啦。,<江欣燕官方影迷Blog>: 唔係丫~ 幾好睇呀~~XDDDD,<Amber叶子>: [泪] 這個裝····萬聖節嗎？都沒看出是徐生···好驚好驚,<在地同行PC_Dee跳躍飛騰>: 你搞乜啊~~~？,<哈鲁DE宝酱>: 哇！！好驚嚇，看著你越來越進步，勁吖徐榮公子,<摇滚的鱼头>: [偷笑] 演技越来越厉害，支持，天天天晴每天都看。,<9_9V>: 嗚...我要定驚茶!!!,<H_晶晶晶晶晶>: Nono~~~~[衰],<珊珊Christine>: 搞咩咁睇唔开吖~~]
twing	再見了龍福! ​​​	[<It-is_nothing>: 要不要这么感伤呀。。。唔。希望看点见到你。哈。,<天天写封封写满>: 我都是中意袭俊l,<苏有财>: 天晴这么快就拍完啦，还以为会跟毕打一样睇足一年呢,<Godzillaau_哥斯拉>: 榮少..... 裘俊... 包公... 阿龍都是你這四年來帶給大家的角色... 謝謝你在處境劇時段替大家帶來那麼多歡樂回憶~~~ 在以後的演藝事業中... 還請繼續努力!!!,<徐榮網tsuiwingdotcom>: 唔捨得阿龍呀!!!,<CharmedLV>: You were superb in this show.  It was amazing to watch you these past 3 years from 同事，畢打 to 天晴 and seeing you master each role and bringing it to it's fullest potential.  Wishing you much success in upcoming endeavors.  Will be watching for you! [鼓掌],<MeiKaKa>: 再見啦呀龍再見啦糖蓮子,<江欣燕官方影迷Blog>: 冇得返龍福, 得閒去下六福補返數~~XDDD,<ZitaChow>: 啊龙  再见  期待你新剧！！]
twing	新劇的其中一個造型，夠凶狠嗎？ ​​​	[<我家小丙>: 簡直係想殺人 !,<关皮皮63>: 够凶狠，何时在拍情景剧啊？,<啫喱bbb>: 你成個人都好OK架[嘻嘻],<ryiewb>: 还好拉，在加点表情就OK,<某芦某>: 回复 @徐榮twing :造型很英气啊~加油拍~[good],<范彩兒>: 回复  @徐榮twing :關注[微笑][微笑][微笑],<陳家豪KAHOC>: [强][强][强],<Amber叶子>: 求徐生在新劇中戲份多多~~~咁就精彩啦[握手],<闪钻女王_Joanna林健>: wow，，so man！,<徐榮twing>: 回复  @Sarah芦芦 :劇名還未定。,<徐榮twing>: 回复  @MeiKaKa :這些劇情暫時不能透露！,<MeiKaKa>: 回覆 @徐榮twing : 吓....係忠..咁使唔使死呀 ?,<楊鴻俊Jacky>: 回覆 @徐榮twing :yesyes~~~btw~~你仔仔好可愛呀~~~睇電視叫人唔好打你~~~hahaha~~~,<Amber叶子>: 回复 @徐榮twing :五王爺~~~驍勇善戰吧？[good],<徐榮twing>: 回复  @楊鴻俊Jacky :係呀!不過好彩天氣開始涼。,<ChoYin>: 徐生, 五皇爺會唔會好似<讀心神探>既守業咁... 俾人害ga?...,<徐榮twing>: 回复  @香港搞事組chiky :就係要唔似先好嘛！,<楊鴻俊Jacky>: 你痴so好睇喎~~~~good~~~好man~~~不過辛苦d~~~,<江欣燕官方影迷Blog>: 忠ge五皇爺會唔會俾人陷害??,<徐榮twing>: 回复  @JELLY仔 :Ok架！,<徐榮twing>: 回复  @范彩兒JENNI :Hi!!!,<徐榮twing>: 回复  @KKwhy :是的。,<徐榮twing>: 回复  @MeiKaKa :錯了是忠的！,<kkwhy>: 材叔的清装新剧吗？,<MeiKaKa>: 睇你個款好似係做奸人喎...,<范彩兒>: This is 彩兒：）,<朱CaCa>: 徐生，你在天天天晴做得好好啊，看得出你好比心機去演活阿龍呢個角色！比心機啊！,<徐榮twing>: 回复  @Amber叶子 :本王是五皇爺常寧！,<啫喱bbb>: 徐生~你呢個造型好英~![good],<蔡KarKar>: 點解有d唔似你ge?,<Amber叶子>: 大將軍？快報上名號~~~[思考],<江欣燕官方影迷Blog>: 你個狠樣.....XDDDDDD,<徐榮twing>: 回复  @徐榮網tsuiwingdotcom :是皇爺呀！,<容甄甄>: 好有殺氣呀[驚恐],<减肥中的小叮当>: 还不错的啊，挺有型的……,<全全小乐>: 还是最喜欢你演的裘俊,<徐榮網tsuiwingdotcom>: 呢個是什麼造型.. 將軍.!?,<雲風有信>: 鬍鬚再多D顯得更奸~,<WinkiL>: 够啦！唔使囖刀，眼神都可以杀死人啦！[嘻嘻],<sawadiika>: 正氣多於兇狠.(我覺得).,<維珍妮亞珍珍撈>: 夠呀!!不過眼神可以再凌厲D!]
twing	亮燈儀式上遇見Aimme仔同我新劇的妹妹李詩韻。 ​​​	[<忘掉_自己>: 加油啊~你同甘多個靚女影相 羨慕呀,<熱血態度PHY撐AimeeChan>: 估唔到阿龍原來唔知可兒叫咩名...哈哈... @陳茵媺Aimee  ....[哈哈],<徐榮網tsuiwingdotcom>: 徐生, 新劇係唔係聽日試造型.??,<夢幻_玲>: 天劇就快結束了，好唔捨得你地啊！]
twing	經典既組合~因為他們已經好少一齊出鏡了~可以同佢地一齊合作~好開心!!! ​​​	[<方良積克>: 我們都是看妳們長大的~!,<accircuit>: 430穿梭機呀!! [酷],<阿比LoLo>: 转发此微博:哇，谭玉瑛喔,<shawmag>: 430不老傳說！,<潘鷖骛>: 我的童年......,<NgGle_bf>: 又是中秋~想起joyce, 想起賞昇, 該不會親不下去吧[哈哈],<嘉駿Leslie>: 啊小荣，你最近好吗？,<Amber叶子>: 譚玉英同埋張國強？？？？一看就知是中秋嘅戲嚟~ 好期待好期待！近排我中意寶叔添~[心],<周蓁蓁>: 最近在看天天天晴，阿龙真是好好人,<周蓁蓁>: 为什么是经典的组合？有什么典故？,<曹永廉Raymond>: 我最尊敬的演員。,<凸凸凸凸凸凸凸凸凸凸凸羼>: 好懷念既430穿梳機呀[圍觀] ~~(笑),<Tunii_Vinna>: 終於播啦，好yeah，等左咁奈，有啦有啦！p.s.其實譚育英''姐姐''依稱呼都有點兒=='',<kennywukk>: 嘩嘩....仲有區艷蓮呢[太开心],<jessjessssy>: 中秋剧目？！ // @LING豬ofTeresababe :到底他們是甚麼關係呢？？,<平淡但当中有你已经足够>: 一定留意劇情！你將個角色演繹得好傳神啊，加油！！,<黎圆>: 皇家经典 http://t.cn/5Uoqh,<cpchan_yk>: 回覆 @徐榮twing :一定會留意!!好期待呀!!,<夢幻_玲>: 回复 @徐榮twing :第幾集啊？,<misslau>: 你无论演什么角色都驾驭得很好，天天天晴又一突破，赞！,<Sica>: 恕我愚昧，请问是什么组合？,<徐榮twing>: 係天天天晴既劇情~敬請留意!!!,<徐榮網tsuiwingdotcom>: 430穿梭機? 期待呢一集既天天天晴.,<cpchan_yk>: 譚玉英姐姐呀!!係邊一集呀??好期佢地既演出。睇後面的佈景,應該係中秋節喎^^,<LK_SUNG>: 谭玉瑛~~~~?[圍觀],<大大大橙小姐>: 正吖！！谭玉瑛姐姐~,<小黑哟哟哟>: 这是在演什么剧啊,<尐王囝R>: 乜嘢節目有譚玉英姐姐啊？？~~,<妖风妖妖灵>: 唔?依個喺天晴嘅戲?今晚嘅天晴好好睇啊~XD阿龍好可愛~,<Godzillaau_哥斯拉>: 嘩嘩嘩!!!!!! 真係我細細個就睇喇~~~ btw... 是天晴嗎??,<NicoleeeeTvT>: 哇~~~譚玉英姐姐啊~~[花],<哈鲁DE宝酱>: 徐荣公子！！哈哈，喜欢你这个角色,<chancyril>: 真喺好經典啊~~~,<l蜗牛ee>: 发型帅的无懈可击啊~~~哈哈哈]
twing	得閒用微博，包唔會卸膊 [嘻嘻] ​​​	[<夢幻_玲>: 回复 @徐榮twing :多謝你啊，麻煩你幫我地轉告下我地一班蟲永遠會支持她同天劇的所有人的，我地只希望距開開心心啊，我永遠愛距的！[爱你],<糖糖家的小吸血鬼>: [哈哈]家下喺咪玩緊造句遊戲呀？[嘻嘻]徐公子好！,<Amber叶子>: 得閒用微博，白水當酒喝！,<徐榮twing>: 回复 @夢幻_玲 :MO姐好好~不用擔心.,<CAI_ZAI>: 得閒用微博,直落牛頭角,<Danny_菲菲>: 得閑用微薄.轉達憤與怒 // @徐榮twing :得閒用微博,無錢唔使度. // @趙永洪Raymond自加v :(轉別人好句)得閒用微博，唔係開嚟托.得閒用微博，單車變摩托 // @李啟傑 :得閒用微博 , 證明有脈搏 // @林淑敏Mandy :得閒用微博，咖啡落糖唔落 //,<夢幻_玲>: 徐榮，打擾你了，我很擔心MO姐，幾日都沒有她的消息，她點啊？唔該你啊！[爱你],<谁的Marsha>: 得閒用微博，醜女都變索。]
twing	無意中搵到一張好珍貴既相片! ​​​	[<香港小维妮>: 火舞黃沙好好看,你們都非常的辛苦.,<梅话说的gigi>: 原来你也有拍火舞黄沙吗？,<忘忧草草草草草>: 如果再清楚点就更好了。嘿嘿。。。收藏先。,<油条世界>: 我就看见中间那某人了,<芒芒芒芒芒芒芒芒纸>: // @梦境海蓝 :火舞一班[心] // @沙沙漠漠沙沙 :嗯围观，围观， // @暖暖Maggie凍凍 :这应该是火舞时候的吧······[哈哈]小月月···[花]还有我亲爱的监制师父[花]  // @美丽琪迹 :[爱你]中间有个很眼熟的靓女啊[太阳] ps：大家要有秩序“围观”哈,<ARDJ-梦境海蓝-LOVE>: 火舞一班[心] // @沙沙漠漠沙沙 :嗯围观，围观， // @暖暖Maggie凍凍 :这应该是火舞时候的吧······[哈哈]小月月···[花]还有我亲爱的监制师父[花]  // @美丽琪迹 :[爱你]中间有个很眼熟的靓女啊[太阳] ps：大家要有秩序“围观”哈,<梗罢liao>: 转发此微博:嗯围观，围观，,<芊蔚Ling>: 转发此微博:会长啦,<证券市场红周刊>: 呼呼~~火舞黄沙~~一口气看完的[嘻嘻],<瓶子瓶子_WISH>: 保持队形～ // @美丽琪迹 :[爱你]中间有个很眼熟的靓女啊[太阳] ps：大家要有秩序“围观”哈,<邵美琪美丽琪迹影迷会>: 这么珍贵的照片 多谢！[花]要是再清楚点就更好了[嘻嘻],<Mirror静>: 哇~这是一部经典的电视剧~  阎家铺的男人和女人~,<霹雳妹>: 好珍贵～多谢分享。,<豬杏仁>: 烈哥,之前電視仲見到佢  完全唔覺得佢已經走左.....好掛住佢,<粗线条LL>: 呢張圖真系好珍貴呢~！多謝分享。。好懷念火舞,<Amber叶子>: 回复 @徐榮twing :我想知道，黎姿在哪裡，看了好久都不確定···,<Christy姬絲蒂>: 應該係拍火舞黃沙時影o既，唔怪得個個塊面都曬到紅哂啦！[哈哈],<TVBforever>: 很喜欢，谢谢你分享啊，大爱戚sir,火舞黄沙，耶！,<徐榮twing>: 04年拍火舞黃沙~在銀川逗留左50幾日~,<碧痕红泪>: 这不是火舞时的大合照吗？好怀念哦！！,<糖糖家的小吸血鬼>: 這是在拍火舞黃沙的時候么？我看到了陳豪耶~~確實很珍貴的說~,<Amigo嬿嬿>: 这应该是什么电视剧的所有成员吧,<堅強的泡泡沫>: 好似好內世紀咁，幾時的事啊？,<H_Grina>: 我看见大BO和阿MO了。,<sehseh>: 火舞黃沙! [太阳],<the_clara>: 火舞黄沙的时候吗？？[呵呵],<kellyusky>: 拍火舞黃沙個時咖？？？,<天生快活怀集人>: 包公：是不是拍《火舞黄沙》的时侯照的大合照啊？[花],<kissjessica_>: 几时的....好多粒星窝..,<史黛拉同学>: 难道是火舞黄沙？]
twing	終於~攞到v啦!! ​​​	[<篮雨夏>: 恭喜嗮，龙少！？龙少在天剧点称呼我家乔乔靓神啊！？,<盈盈木雪>: 恭喜你啊，包国仁！[嘻嘻],<花开幽幽紫>: 恭喜晒……係了，透露D新剧嘅消息喇！！*^o^*,<江欣燕官方影迷Blog>: 恭喜晒~~~[太陽],<Venus爱喵星人和汪星人加狸狸>: 恭喜晒!!~加油啊!![花],<碧痕红泪>: [花]哈哈恭喜嗮~,<Jimmywah>: 恭喜哂,那就不用跟MARCO1樣自加V了,XD,<Hins-HK>: 恭喜您呀 !!!,<谁的Marsha>: congras, 可以不用加「自加v」了,<jessie_car>: grats!!!,<-猴子Monkey->: 恭喜晒~！！！[干杯]]
twing	分享图片"我的新寵物" ​​​	[<姿欣Yan>: 原來係戲中竉物...咁大隻龜驚驚哋,<徐榮twing>: 回复 @Taihung大熊 :其實係我戲中既新寵物~haha,<張國洪_大熊>: 大佬榮~又有新嗜好?,<復氵舌尐雞寶>: 冇咗欣欣，不知天天天晴中，你與邊位靚女系一對，到時我一定集集追~加油，徐榮恭子~吼吼~[哈哈],<Danny_菲菲>: 巴西龜咪？ [嘻嘻],<娃兒evava>: 咁大隻咁既! 咩品種??,<復氵舌尐雞寶>: 吼吼~我都有養龜龜~巴西龜~]
twing	努力熟讀劇本中~~~~ ​​​	[<青雨_Crystal>: 加油加油~~[太阳],<YukiYeh>: 好期待看到新作品!!加油!!:),<maxmass>: 加油加油！！期待新剧~~,<小乱是怪咖>: 哇 。。。。好想睇啊！加油！,<天天写封封写满>: 希望早日睇到..加油,<鈴鈴鐺>: 咁快已經有埋第9集劇本!加油背劇本[花],<珍珠绿茶1248>: 几时有得影啊。。。。[抓狂],<ryiewb>: 好期待听说有200集啊,<從不知1897>: 加油啊~就嚟有得睇啦~,<wxnderlust>: hehe add oil la! :) Cant wait to watch it~~,<吴玮瑶>: 期待这部新剧，我很喜欢毕打中间人这部剧，也喜欢你演的包公，哈哈,<謝謝龍>: 期待啊!!努力!!!,<維珍妮亞珍珍撈>: 加油呀!我期待緊你地既新劇呀!<3 P.S又係<不能說的秘密>?!XDDD,<壞人菲安>: 加油呀!!! 徐榮.....徐小爸~,<芋頭ManDD>: 好嘢啦，似乎又係处境剧啊，可以日日都见到你哋套戏啦，希望快d播啦，哈哈，拍剧加油~~,<jasminejoy>: 近來番看同事同畢打...好掛住你同欣欣d對手戲[傷心],<misslau>: 好Lu，你o地一班“潮”人又可以将我留番系电视机前面Lu~  ^_^,<哇系敏敏>: 不能说的秘密~~~,<篮雨夏>: 又有不能说的秘密！？ // @momo虫佑藤君 :转发微博。,<顾小菇>: 看得我心痒痒，能不能翻开啊,<Tunii_Vinna>: 加油呀！套劇仲未改番個靚靚名lo=='',<晓晓爱晴天>: 这么晚还在努力啊，辛苦。,<爱阿豹纹的灰姑娘>: 謹記MO姐教訓：遵守時間，熟讀劇本,<月亮說月亮>: 嘩嘩嘩!你一爆就爆4集既名...@@ anyways...加油! 徐榮^^,<嘟jean>: 我想问你们拍了多少了。。。暑假还会再拍吗,<Hackerboyboy>: 加油！我和媽咪等住睇！,<傅诗忆Easy>: [哈哈]加油加油，喜欢裘俊也喜欢包公，不知道这次有没欣欣呢？,<源逝雾雨>: 加油！期待你的新角色,<小怡Phoebe>: 感覺大過天會唸起「有Feel唔系大曬噶~！」不能說的秘密~~經典！！！加油！！！！[花],<Harr_yn_Hiu>: 是處境劇來的嗎？  每一集都有唔同名[呵呵] Look forward to it! :),<eeeee_easy>: 啊啊啊啊啊，好啦，继比打自己人之后又一新作，期待期待啊！！！要知道我已经好耐无睇过电视依样野！！！,<kissjessica_>: 几时出街啊..好期待呢..,<姿欣Yan>: 加油...唔識睇你D稿!!,<H_晶晶晶晶晶>: 这个是新戏哦~~~,<jessjessssy>: 加油加油！！我们等着看三天 你们的精彩演出呢··支持你们,<杜子Michelle_To>: 點解D名字同畢打有異曲同工之妙嘅...,<爱阿豹纹的灰姑娘>: 又是不能說的秘密？哈哈！還有什麽秘密呢！徐榮，快D開蠱啦！,<coolriver>: 包公 怎么不去弄个V 呢,<Amber叶子>: 徐生加油~看到每一集的小标题，又想起追看毕打和同事的情景。期待你更多的惊喜~,<某妞强烈求转运>: 超級期待！~~~,<BaobAo_K>: 果D咩红蓝系米讲果场要着咩衫吖.?,<9_9V>: 加油丫...一目十行...yeah!,<JLandy>: 加油!! 期待你的演出[呵呵],<冰雅鈴>: 这些数字代表什么呢？！这个不能说的秘密让我想到毕打里面不能看的秘密！,<維尼Win>: 好想快d有得睇你地呀~!!!!!,<堅強的泡泡沫>: [爱你]又有不能看的秘密啊！ 唔知是邊個同邊個秘密呢,<SD愛社長>: 這劇本的每集劇名~~好有想像空間![太陽],<娃兒evava>: 好想快D 有得睇呀!!!![抓狂],<jessie_car>: jiayou!! looking forward to it!!!!,<Godzillaau_哥斯拉>: 加油呀!!!! 大家都在等新劇呢!!! ^^,<Charlene愛Aimee>: 回复 @菇徒13號 :6月14日喇~]
twing	各位~早抖啦!![月亮] ​​​	[<agent_scully_343>: 徐榮恭子 你黎左啦？ yaaaaaayyyyy,<徐榮網tsuiwingdotcom>: 徐生, 快D去拎返個V喇...,<MYee_敏>: 包公,你终于来了,男子组齐人啦,哈哈[嘻嘻],<稀米>: 包国仁！你终于来了啊。哈哈，我超喜欢你呢，你很有喜剧天赋的，支持你[哈哈],<史黛拉同学>: 最近在看毕打，有新片吗？,<萱萱Sagittarius>: good night!!!,<陈敏之>: HiHi Welcome to Weibo la![太阳],<sawadiika>: hv a nice dream!!,<jessie_car>: goodnight!!!,<Kaynao>: gdnight!,<kissjessica_>: good night!,<SassyCake黃瑩>: GOODNITE ↑↑,<HC贺儿>: 占到沙发，会不会有奖嘞，嘻嘻，关注我～,<小小壹>: 呀。。。 晚了点点。。 晚安]
twing	開張大吉!!!!!YEAH!!!請即留言!!![嘻嘻] ​​​	[<維珍妮亞珍珍撈>: 恭喜哂!終於係微博見到你喇XD,<復氵舌尐雞寶>: 徐榮恭子!等咗你好耐![哈哈],<Ritagaga>: 請問徐榮恭子寫真集哪裡買  我可是畢打的忠實台灣觀眾,<jessie_car>: hahah!!! welcome 包公！！！,<丁丁Rain>: 啊啊啊!终于来啦！北京的朋友欢迎你哈哈！Marco的号召力还是很大的哈哈哈,<程颖曦>: 徐荣恭子，欢迎你啊~ 想知道你係《天》同边个有感情线，哈哈~,<Villayan>: 留個腳步[哈哈],<boeytingting>: 大大聲，拍爛手掌咁歡迎徐榮公子（恭子）加入微博！好嘢！你終於都嚟啦！！！[哈哈],<李綺雯>: 留言!!! [嘻嘻],<YukiYeh>: 哈哈~~恭喜你囉!!徐小B很可愛~(亂入),<細細粒JY>: 歡迎歡迎........,<刘小奔>: 包公包公~叫埋堅姐來吖~好鍾意睇畢打啊!你要多D上來玩啊~,<芭芭芘>: 恭喜,你的努力我一直在看,加油!,<fkadb>: welcome =),<象象籽>: 赵生帮你宣传的唔错喔~,<食并>: 開左...要KEEP住上黎玩下~坐下~睇下~又UP下~[嘻嘻],<SD愛社長>: 包公包公包公...........,<徐榮twing>: 回复 @何偉業 :ADD左啦~!! ^^,<momo虫子旋>: 欢迎欢迎，毕打快全了~~[哈哈],<某妞强烈求转运>: 我依家睇紧毕打啊！~~~[呵呵],<momo蟲阿阮>: 包公都来了啊，看来自己人越来越多,<蚊蚊Wendy>: 欢迎徐公子！！！几时来北京呀？哈哈~~,<Elaine子凌凌>: HelloHello徐公子！,<某妞强烈求转运>: Oh~Yeah！~~~徐榮公子快滴申"V"啦！~~~~~,<Kayyyyyyyy_>: 嘩！終於都來喇！多D更新喇,<菇sam小姐的何菇过分美丽>: 欢迎欢迎 ~终于迎来了徐荣公子~[哈哈],<何偉業>: 徐榮公子！偉業呀！add 我啦！,<Wingeee果然还是太甜了>: 马来西亚的朋友欢迎你XDD,<碧痕红泪>: 哇包公你终于来了啊，哈哈潮童们人越来越多了，快先去加V了,<angie290>: 加中文名吧~~~,<娃兒evava>: Hi徐榮恭子！放你的寫真上黎俾大家看看[哈哈]!,<邪嵐>: 我終於等到你了~好感動！(拭淚),<该爷无法咸湿>: 深圳网友发来贺电,<盧明華Moon>: 包公關注你了,也關注我吧~[嘻嘻],<江欣燕官方影迷Blog>: twing~~ XDDDD 好型wor個英文名~XDDDD,<绝望_Iris>: hello~~用中文名吧,<人生是場永無止盡的戰鬥此號已封>: 歡迎徐榮恭子[哈哈],<牵条金鱼去散步>: “畢打'的TX們以後可以來微博開會了~~[嘻嘻],<Carol走不出框框的傻小孩>: 赶紧来留个言……哈哈……欢迎一起织围脖……最近在拍什么戏啊……,<搞搞震搞事組LaiB>: 終於都呼喚咗你"徐榮"恭子來啦~ 歡迎歡迎~~[哈哈],<Isabellak>: 徐生，加上中文名喇~方便大家搜索loi~叫天明或者敏之幫手攞V喇~~welcome to weibo~,<Chiu螃蟹>: 阿姐都欢迎你…我也热烈欢迎你来围脖…,<岛岛飞>: 欢迎啊。。。。。,<貝貝贔贔贔>: 嘩！！！終於來喇~~~等咗你好耐喇！！！,<Amber叶子>: 也可以自加V先[嘻嘻],<Mirror静>: 徐荣大哥~我们可是家门哦~呵呵~,<素兒yan>: 回覆 @tsuiwing :　呢度有：　 http://weibo.com/pub/verified,<江欣燕官方影迷Blog>: 學raymond 自加V~~XDDD 自自下就有, 幾勁抽~~XDDD,<Sica>: Hi~徐荣~你好~,<喵瞄眇妙-Rachel>: 欢迎！你要加中文名啊！内地粉丝唔识你呢个英文写法噶,<lilian_cri>: 支持你呀！真開心在微博見到你！,<胡定欣nancywu>: 你整個"V"手勢....[胜利]....咪有囉!!!!,<lin_cc>: 徐榮恭子～～哈哈哈～～幾時有寫真可以睇啊？,<Raymond趙永洪>: 回覆 @tsuiwing :請加中文名方便搜尋,<江欣燕官方影迷Blog>: 搵Joyce或者raymond幫拖~~ 再唔係搵敏之~~哈哈,<請叫我田一甩>: 徐榮恭子來喇！！[哈哈],<徐榮twing>: 回复 @Elvinalism :點攞V呢?,<徐榮twing>: 回复 @趙永洪Raymond自加v : 多謝多謝~新手上路~多多指教!]
