wxh812218675	软妹子 和 女汉子的区别[允悲] ​​​	[<不当中医要种西瓜>: @杨口羊口羊口羊,<暴走田丹丹>: 回复 @Panda-TOG :我很清醒[doge][doge],<Panda-TOG>: 回复 @暴走田丹丹 :你要清醒点，🙄,<暴走田丹丹>: 回复 @Panda-TOG :左边才是我[笑cry][笑cry][笑cry],<Panda-TOG>: 回复 @暴走田丹丹 :右边如你,<暴走田丹丹>: 回复 @Panda-TOG :你想表达啥？[doge],<奶牛喝了咖啡>: 回复 @牛奶喝了咖啡w :你是软妹子[可爱][可爱],<榴莲小安>: @大志Zzzzzzzz   笑死我啦哈哈哈,<养团子的神秘少女>: 回复 @丸子亦湘 :笑尿,<Hinkyce>: 回复 @二萌是大太阳 :哈  可能女汉子是猴子派来的[笑cry][笑cry],<丸子亦湘>: 哈哈哈哈哈 @养团子的神秘少女,<二萌是大太阳>: @Hinkyce  笑史,<WW-B-WW>: 回复 @会发光的包子姑娘 :哈哈哈哈哈哈,<会发光的包子姑娘>: @WW-B-WW,<c_x嘻嘻>: 回复 @a丿Ray苗 :啊,<a丿Ray苗>: 回复 @c_x嘻嘻 :时而1时而2,<Guo冰冰冰冰冰>: 回复 @小小玉lu :哎呀哎呀哎呀…VS 滚！[笑cry],<超级吴迪大宝宝>: @杨思思思思思思思思    @徐佳琦BABE      小白狗"怕怕怕怕怕……"   柯基"什么鬼，我去你妹子的！",<不吃苦瓜的丝瓜>: 回复 @我叫一只桃子 :哈哈哈 仿佛看到了我自己,<我叫一只桃子>: @不吃苦瓜的丝瓜  我是真的想出了声,<heresomegoing>: @跳舞的男子随意啦,<谈个棉花吧>: @张偲琦的老公戴蒙老爸   hhh,<执着李帅>: 回复 @库塔房的小蘑菇 :软妹子,<Aioyfool>: 回复 @芹菜不吃肉w :你是女汉子我知道,<Liv-Chan>: 回复 @湖畔生 :我是第二个[doge],<-崔艺霖->: 回复 @倾-睐 :哈哈哈哈哈哈哈哈。,<倾-睐>: @吃货小透明spy    @-崔艺霖-    @玫瑰旅店,<库塔房的小蘑菇>: @执着李帅  [费解]我是哪一个？,<君儿kunbe>: @Sono6ee,<艾宸漪>: 回复 @陆十一一 :哈哈,<娄艺潇是小仙女噢>: @哎哟嘿这是要搞事情啊  [笑cry][笑cry][笑cry][笑cry][笑cry],<Guogey_>: 回复 @黃詩妍x :哈哈哈 1跟你好像,<刘思凡喵>: @小小小毛驴君  哈哈哈都是哪种狗,<老狗一只233>: 回复 @sl白泽 :[允悲],<sl白泽>: @老狗一只233,<小史家的林_阿姨>: 回复 @王二小放驴 :第一个给你微信回复  神相似  走,<王二小放驴>: 回复 @小史家的林_阿姨 :我觉得第二个好笑[噢耶],<小史家的林_阿姨>: 回复 @王二小放驴 :[二哈]第一个笑死我了,<王二小放驴>: @小史家的林_阿姨,<GBB句号>: 仿佛听到了一声 “滚”,<赵木辛宏>: 回复 @管胡闹 :[摊手][摊手][摊手],<管胡闹>: @赵木辛宏  [二哈][二哈][二哈]萌死我了,<动霸tuAAA>: 回复 @天霸aaa :第二个,<--小老鼠的小叶子>: 回复 @是有多闷啊 :前面这个是我，后面这个是你～[嘻嘻],<昊昊先生NY>: 回复 @cccccherlee :第一个好可爱,<cccccherlee>: @昊昊先生NY  哈哈哈哈,<喝麻了脸烫心是冬天>: @懒得细腻  这就是我和你的差别[摊手],<现现X>: @Cindy_LzZ,<湖畔生>: 回复 @Liv-Chan :你退什么呀？喂！说你呢[二哈][二哈][二哈],<才不是小仙女阿>: 回复 @杨咩咩是我的啊啊啊 :哈哈哈哈哈哈第二个！很强势！,<小鹿小鹿几点啦>: @才不是小仙女阿,<雨_hehe>: 回复 @幽了个蝶蝶蝶 :不要狡辩了，这就是你的日常[doge],<幽了个蝶蝶蝶>: 回复 @雨_hehe :胡说！！！我这么攻？！！,<雨_hehe>: @幽了个蝶蝶蝶   看到p1就想到我们世界大总攻[笑而不语],<陌陌想要成为一条会飞的鱼>: 回复 @在伦敦街角等一个人咖啡 :[允悲][允悲][允悲][允悲]]
wxh812218675	日渐脱发的我。。。[允悲][允悲][允悲]cr:黄濑濑濑濑 ​​​	[<RAVEN_HX>: 回复 @蹦咔脆丶丶 :怎么会[爱你],<L大尧>: 回复 @你喜欢星星还是月亮 :哈哈哈哈哈 放屁！！！！[打脸][打脸][打脸],<wuli_杨壮壮>: 回复 @Teddy_Twink :逐渐脱发的大头[允悲],<最初的黑与白Leo>: @只有可爱的人才能看到我  怎么这么像你哟,<蹦咔脆丶丶>: 回复 @RAVEN_HX :屁，不是我，你不爱我了[丘比特],<渡她->: @Ale鎏白  [二哈][二哈][二哈],<没有牌面的瓜皮>: @笑笑_孙亚龙   色友们在哪里[并不简单],<清冽途尝>: @辅助快跑_我掩护   [doge][doge][doge]爸爸,<Teddy_Twink>: @wuli_杨壮壮,<坐喵>: 回复 @urnot小黑 :滚滚滚滚滚滚 我打洗你！！,<7-SEAS>: @曹承衍的大表哥   哈哈哈,<IG_Slaim>: @PITD亚洲虐待博士组织,<你喜欢星星还是月亮>: @L大尧  是不是你。。。。。。。,<琳同学在肆无忌惮地玩小号>: @PITD亚洲虐待博士组织  是你吗？,<京城鹿少爷->: 最后就是最终的我了[允悲][允悲],<给你三颗痣_>: @-允浩说我考试一定成功耶耶耶,<傲娇秒睡小公主>: @Palette哇,<锄禾花生酱>: @Ale鎏白   [并不简单],<我是霜美丽呀>: 回复 @liuliu2333 :哈哈哈哈，那恐怕是要秃,<liuliu2333>: @我是霜美丽呀   或许 我？？？？,<陳玛莎>: 哈哈哈哈哈 @你不准跟我说话,<一CAT>: @__ydan  哈哈哈哈哈哈哈哈哈哈哈哈哈哈,<小透明默默地萌着>: 是个红毛丹吗？？？,<Underxontrol>: @JeonHye]
wxh812218675	致爱豆～ ​​​	[<鹿柒小奶包包>: @wu世勋-EXO,<陪伴寶貝們成長的瀅瀅>: 我當親弟[doge],<徐even耳语中飞走蝴蝶>: @TFBOYS-易烊千玺,<住在美瞳星的少女>: 回复 @住在美瞳星的少女 :[心][心][心],<filoli_>: @杨洋icon   [女孩儿],<吧啦扒拉_>: @GDRAGON_OFFICIAL,<Twinkle斑马斑马>: @努力努力再努力x  [二哈][二哈][二哈],<这糖老甜了x>: @努力努力再努力x   听见没[笑而不语],<淺笑rc19>: @Ting散落一地的忧伤   看看]
wxh812218675	夏天的你 ​​​	[<怪物新人拿拿>: 回复 @热心市民王女士的微博 :[二哈][二哈][二哈],<Dyy_zyxxxx>: @黄程程LIANG  哈哈哈嗝[污],<pursue的N次方>: 回复 @不会飞的Yellow猪 :看，这只猪真像你，一样傻,<不会飞的Yellow猪>: 回复 @pursue的N次方 :死胖子,<魅力非凡旭旭>: 回复 @Clannad-你曾在的季节 :就当夸我了[笑cry],<木木木小敏>: @hehe-aaa    @佩佩爱高数    @刘LGP   [doge][doge][doge],<pursue的N次方>: 回复 @不会飞的Yellow猪 :突然想养一只猪，取名叫。。。。[馋嘴],<闲居凡尘>: @明湖居客   你好可爱ớ ₃ờ,<pursue的N次方>: 回复 @不会飞的Yellow猪 :那你嘞，不是这样的吗？[挖鼻][挖鼻],<抵因>: @_段一八五   就是你,<沐白公子>: 回复 @金金金金cs :你,<超婊哥->: 回复 @西俞 :是只有艾润,<金金金金cs>: @沐白公子  [猪头],<亟亟哟->: 回复 @小加菲猫的apple派 :又想骗我养猪系列,<刘康妮Wa>: 回复 @娆玑 :[鄙视][鄙视][鄙视],<Clannad-你曾在的季节>: @魅力非凡旭旭  夏天的你[喵喵][doge],<王大乐乐大王>: @zcMelbourne  是我,<艾伦囌>: 回复 @西俞 :是aron没错,<西俞>: @安隆大魔王   @超婊哥-   @艾伦囌,<-kikikiko>: 回复 @小艾是个水星人 :不！是你,<简单的简单菇凉>: 回复 @正在奋斗的吴三岁 :[笑而不语],<和你说晚安听到了吗>: 回复 @三个傻瓜ing :对呀哈哈哈哈哈哈,<Andytsgu>: @irsc  第三张是不是和你一摸一样[喵喵][喵喵],<爱勿离May_>: 回复 @小小酥妹May :卧槽 这不是咱俩吗,<小艾是个水星人>: @-kikikiko  你,<圈养简妮>: 回复 @Echococonut :[白眼],<七十二个优点>: @Seven-twentyone,<三个傻瓜ing>: 回复 @和你说晚安听到了吗 :我去 这不是你吗[二哈],<咸辛的心上熊么么儿>: @only1903,<南方温暖北微凉>: 回复 @章多多d :[白眼]哼,<-Deadsea>: 回复 @一只熊本Bear :这是你,<要开心起来嗯>: 回复 @_理智剁手少女_ :对啊对啊,<一只野生仙猫>: 回复 @红烧浇头酱肘子 :如果非要排序的话那就是西瓜芒果火龙果[喵喵],<红烧浇头酱肘子>: 回复 @一只野生仙猫 :你喜欢吃西瓜还是草莓,<一只野生仙猫>: 回复 @红烧浇头酱肘子 :不要怀疑,<红烧浇头酱肘子>: 回复 @一只野生仙猫 :我哪有这么可爱,<正在奋斗的吴三岁>: 回复 @简单的简单菇凉 :[笑而不语][笑而不语][笑而不语]我想到了你@  我的上一条猫的微博，咋办，我也试试,<王裂枣>: 回复 @小耳朵Morris :自己怎么会变这么胖[泪][泪],<被遗忘的W君>: 我服我服我服~[允悲],<小几啦>: 你们 @粒粒Cli   @八月的阿熊   @好人啦啦啦呵呵呵   @来自音乐生的怨念  无疑,<安袖吖>: 回复 @小嘘嘘咯 :来 我喂你[甜筒],<小嘘嘘咯>: 回复 @安袖吖 :没人喂我冰淇淋哎哟喂,<Sweettty->: 回复 @一粒小草莓- :滚犊子,<糖醋小排骨赛高>: 回复 @_MonacoSen :[二哈]略略略,<方子剑>: 回复 @zoeyhung :是你,<名称过短>: 回复 @像是豆包不是豆包的豆包 :纳尼,<a薛之谦的双下巴>: 回复 @_韩檬檬 :这不是你吗猪猪,<安安安佩林>: 回复 @勿语limit :是你！,<方几呀->: @不要把艾邑念成AY  夏天的你[兔子],<一只小芒芒>: 回复 @我脸肉肉的很可爱 :哈哈哈要是你你会舒服得弹起来的,<你这是什么表情不高兴可以吃屎>: 回复 @euxiur_ :吃之前还要掏出手机算个热量的我,<錢嘉璟>: 回复 @半盅好酒 :不不不,<半盅好酒>: 回复 @錢嘉璟 :就是我不理你你不理我,<_MonacoSen>: 回复 @糖醋小排骨赛高 :你也是[哼][哼],<Silence大黑>: 回复 @今夜搏死吃龟鱼 :几时喂过我吃冰淇淋[摊手],<_alittlevivian>: @hiccupo_o   你被偷拍了,<甜味厕所串串>: 回复 @阿楚姑娘_____ :你他妈 小仙女小天使的微博在艾特我！[怒骂]]
wxh812218675	胡建人：是金子早晚会 花光的。 ​​​	[<小金鱼-杰伦>: [允悲][允悲],<蔡雅茜->: 回复 @想做一个合格的铲屎官 :真的是福建人，去吃吧,<想做一个合格的铲屎官>: 回复 @小来哥的迷妹- :你看啊，一群老铁想让我们搞分裂，我随口一提吃人他们就贼有劲，你放心，我们和和睦睦的不吃,<二院精神科墙塌了跑出的重症患者>: 回复 @想做一个合格的铲屎官 :我哪知道！[允悲][允悲][允悲],<乌龙茶三分糖加波霸>: 回复 @摸鱼的XXD :我穷的原因！,<小来哥的迷妹->: 回复 @想做一个合格的铲屎官 :啊哈哈哈,<心_到海>: 不是所有福建人都有这种口音的好吗[挖鼻],<长腿布利我的爱>: 回复 @凄冬日 :[二哈][二哈][二哈],<摸鱼的XXD>: @乌龙茶三分糖加波霸,<梓怫渐渐将我掩埋>: 回复 @浮云95675278 :拉黑就拉黑，歧视同性恋啊？！,<Rose吕>: 回复 @jcynh :[摊手][摊手],<肉包来俩不>: @影子中的黑先生,<滿樹如嬌爛漫紅>: 回复 @小来哥的迷妹- :咦？哼不会说成"风"吗  http://t.cn/Ro3TAhU,<想做一个合格的铲屎官>: 回复 @二院精神科墙塌了跑出的重症患者 :我不会是吃错人了吧[费解][费解],<Erins洁轰轰轰>: 回复 @HyukHae小二 :[眼泪][眼泪][眼泪][眼泪][眼泪][眼泪][眼泪],<高三的苏苏呐>: 大家不要模糊焦点[蜡烛] 保姆的确罪该万死[蜡烛]但是绿城集团 事发当时 物业不给力 不组织救援 反而阻止舅舅上楼救人[蜡烛]消防栓没有水 水压又不够 导致消防员没办法灭火救人 今天已经第10天了吧 没有出来安慰家属 没有出来还原事实真相 自己的责任只字未提 绿城 某些高管以死谢罪都不为为过,<要做冷漠的一只狗_>: 回复 @路飞小哥带我走 :九牛二fu[喵喵],<二院精神科墙塌了跑出的重症患者>: 回复 @想做一个合格的铲屎官 :胡建人是清淡的？？？各种好吃的喂养啊！香味应该很浓郁啊！,<-玩泥巴抓泥鳅>: 回复 @一只不灵 :哈哈哈哈哈,<鬼局大大>: 回复 @小来哥的迷妹- :发发发发发发嗝,<莹小丸子233>: 回复 @婧小多多多多多 :hahahahahahaha,<路飞小哥带我走>: @要做冷漠的一只狗_,<想做一个合格的铲屎官>: 回复 @二院精神科墙塌了跑出的重症患者 :很清淡啦~,<Yangxinu->: 回复 @-动感光波逼逼逼 :叼叼叼 俺可以花光你们胡建人的金子 [太开心],<浮云95675278>: 回复 @梓怫渐渐将我掩埋 :你在营销号下面刷这么………的话，不怕被拉黑吗[坏笑][坏笑],<二院精神科墙塌了跑出的重症患者>: 回复 @想做一个合格的铲屎官 :[污][污][污]场面太血腥，没眼看！不过我想知道啥味道！[笑而不语][笑而不语][笑而不语],<颍川陈>: 回复 @想做一个合格的铲屎官 :[失望][委屈][悲伤],<想做一个合格的铲屎官>: 回复 @颍川陈 :[笑而不语]你可走远点啦怕吃不够待会,<颍川陈>: 回复 @想做一个合格的铲屎官 :瑟瑟发抖看着你吃老乡[doge],<想做一个合格的铲屎官>: 回复 @小来哥的迷妹- :老哥第一开心吗[笑而不语],<想做一个合格的铲屎官>: 回复 @Sarielsie吃不吃 :热评第一稳了,<想做一个合格的铲屎官>: 回复 @颍川陈 :这不来了吗[喵喵],<想做一个合格的铲屎官>: 回复 @二院精神科墙塌了跑出的重症患者 :刚刚磨好刀[污][污],<想做一个合格的铲屎官>: 回复 @夏风兴起 :在厨房了,<不能潇洒的甩留海>: @我们去抓水母吧-,<-Wangmy>: 回复 @_睦晨_半半ling :又黑胡建人,<HyukHae小二>: @Erins洁轰轰轰  哈哈哈哈哈哈哈哈哈哈哈哈,<白齐i>: 哈哈哈哈哈哈哈没毛病 @岩栖谷隐Gu,<夏风兴起>: 回复 @想做一个合格的铲屎官 :好吃吗[doge],<獨角獸仙女_>: @Amanda-  [允悲],<小浪浪真瘦>: 回复 @猫斯拉大大 :焚森酸痛[二哈],<老友与酒1889>: 回复 @極小柒 :[眼泪],<guoguo君>: 回复 @Bird_guo :那你发不了光了。你是石头🤓,<Bird_guo>: @guoguo君,<请叫我女王大人好吗>: 回复 @Mo_Christine :乐死了乐死了,<二院精神科墙塌了跑出的重症患者>: 回复 @想做一个合格的铲屎官 :楼上的胡建人好吃吗？[允悲],<Mo_Christine>: @请叫我女王大人好吗   @Zzzzz大欢哥  哈哈哈哈哈,<二院精神科墙塌了跑出的重症患者>: 回复 @小来哥的迷妹- :为了让楼下的发现你，热心的给了你10001个zhan！[允悲],<二院精神科墙塌了跑出的重症患者>: 扎心了！胡建人zha瞎他妈说大实话！[允悲][允悲][允悲],<Endlesssss丶rain>: @jyojyo酱,<酷酷的老李呀>: 回复 @jubifa :[笑cry],<Leonieeeeeeeee>: 回复 @Guardevoir :此处应该让油松念出来哈哈哈哈,<PchyTong->: 回复 @zjx116 :没有啊 我起来上个厕所继续睡[doge],<zjx116>: 回复 @PchyTong- :哈哈哈哈  你起的是有一点儿早啊]
wxh812218675	你女朋友不讲道理的样子[微笑] ​​​	[<徐大夫不偏执>: 回复 @Blueblueee_ :[泪][泪][泪],<爱做梦的我呀>: @_但行好事_莫问前程0,<XLiao-W>: @一年改一次姓名  哈哈哈哈哈哈哈哈哈,<排骨炒饭>: 回复 @M李小芯 :不是，我是男子,<M李小芯>: @排骨炒饭  这不是你么？,<南漂的邵年>: @ma小七style,<yuryaaa>: @Lee2H1ChA0,<自然卷Oliviaaaaa>: 回复 @JasperCheung18 :系咁噶啦[喵喵],<呐zi咩>: @CSU_soon   哈哈哈,<一发儿r>: @JiaoHaiQI  本命表情包,<JasperCheung18>: @自然卷Oliviaaaaa  [doge],<不止会卖萌>: [笑cry][笑cry][笑cry][笑cry],<丨学哥丨>: 回复 @Lindsay_刘梦婷 :[男孩儿][抱抱][抱抱][抱抱]我想你在我身边耍无赖，我怀恋你掐我，咬我,<LIU_TIAN11>: 回复 @zZ小明同学丿 :我不管我不管！[摊手],<Lindsay_刘梦婷>: @丨学哥丨  [doge],<家有娇妻张三岁>: 回复 @张三岁_3A87 :对没错每个都是你,<Blueblueee_>: @徐大夫不偏执  揍是这样,<zZ小明同学丿>: @LIU_TIAN11   是你[摊手],<杨口羊口羊口羊>: 回复 @不当中医要种西瓜 :是我本人吧,<张三岁_3A87>: @家有娇妻张三岁  [允悲][允悲][允悲],<不当中医要种西瓜>: @杨口羊口羊口羊,<uanuan_47650>: 回复 @奶牛蛋蛋哇哇 :路人，这波情话我给满分，厉害了,<CR7V-L>: 回复 @奶牛蛋蛋哇哇 :我女朋友什么时候不讲道理过？[馋嘴],<玛丽莲-小可爱>: @蹦蹦蹦z   你喜欢的狗,<奶牛蛋蛋哇哇>: @CR7V-L  [doge],<就不让我好好叫77>: @没有故事没有糖,<就不让我好好叫77>: 这个才是你呀哥哥[并不简单],<兔先生的胡萝卜缨子>: 最后一张真是……[二哈],<阿婆真的好矜持>: 哈哈哈哈哈哈哈哈哈哈,<小时候天空很蓝你陪着我>: 图片评论  http://t.cn/RoYewAT,<_DUZHEN>: @福尔乌鸡汤  [二哈][二哈][二哈][二哈]]
wxh812218675	是我！[微笑] ​​​	[<OrangEAndMoRE>: 彭于晏想试就试哦,<白鸡国国王>: 是时候学学化妆这个邪术了,<七冬秋夏春>: 那我想问问，不会化妆的   还有救吗[允悲],<救赎-9>: @阿庸Desert  *,<经笔书生>: @ji_aaaa  是你,<-这糖很甜>: 自信来了挡都挡不住[doge]]
wxh812218675	什么样的女生最招同性喜欢[微笑] ​​​	[<端木蕾->: 大概是我长得丑吧     同性相斥老是发生在我身上,<船长小鹿1094>: 23489我会不会太不要脸了[doge],<年华轻奢>: 看成什么女生最招同性恋喜欢。。。,<小公主收割机>: 完全是我本人啊[污],<噜甲噜胖_果肥肥>: @妹子拖拖  [微笑],<lilyRoxanne>: 仿佛看到一整个自己[二哈],<Sylvia丶Z>: @cemetery-chen   难怪这么招你喜欢,<Real_元气yu>: 胖胖女生……谁的故事缺少胖子呢[挤眼],<Stephanie_0121>: 5我做不到[doge],<LAWUPO>: 哦[微笑]不招同性喜欢照样是单身狗[摊手],<住在美瞳星的少女>: 回复 @住在美瞳星的少女 :♡,<住在美瞳星的少女>: 美瞳100/4副,<诸葛我服>: 立即推，不存在[笑而不语][笑而不语]]
wxh812218675	情侣cp头像[笑cry] ​​​	[<兴玉呀>: 回复 @洁琼GNAUH :拒绝,<Ramey_>: 你智障你傻缺[笑cry],<洁琼GNAUH>: @杨星月lemon    @兴玉呀   送给泥萌,<借清茶一盏pamper>: 好糊差评[拜拜]]
wxh812218675	心情不好的时候你会做什么？ ​​​	[<这不是神经质嘛>: 回复 @甜的果子 :憋一会 就 [喵喵]自己想通了,<草莓奶攻>: 嗑青宇糖 #青宇#   http://t.cn/Ro4iWdJ,<大白兔奶糖来一箱>: 吃糖[哆啦A梦开心],<桃花里_>: 回复 @一只胖妖精制造的泥石流 :灯光师！！不要每次都要我来提醒你！！,<桃花里_>: 吃甜食[doge]补充肾上腺素,<南巷凉风->: 回复 @一只胖妖精制造的泥石流 :水土不服就服你,<等风来赏花开>: 听悲伤的歌 越悲伤越好[二哈],<S-Oklahoma>: 吃 [嘻嘻][嘻嘻][嘻嘻],<CH哟哟>: 睡觉，睡一觉就好了,<Cccccclovely>: [挖鼻]除了吃，我还能做些什么。,<十年_青听烟宇>: 一个人独自呆着。吃东西。发泄或者喝点酒[摊手][摊手],<麦兜的冬天_>: 一个人静静的呆着,<wskadngef>: 逛超市，再买堆吃的,<Zzq_aries>: 一个人哭[二哈],<有人说我不乖诶>: 欢迎来到王者荣耀,<神偷废柴>: 看着喜欢电视剧，自然睡[挖鼻],<倩阿倩_>: 听歌然后听到想哭[摊手],<师傅说我是小萝卜头7>: 我也不知道怎么办 就是不好[允悲][允悲],<一只酷喵Yu>: 删东西。[允悲],<_片寄_凉太_>: 打王者，见一个坑货骂一个,<让你难忘的只是你对我的遗憾>: 买点零食，一个人吃着吃着就好了,<-粉红小鳄鱼>: 唱唱歌打打王者啊  http://t.cn/RoUdTmc,<KarmaDream>: 静静待着，不说话,<Cherish-J_Cri>: 不开心→吃→胖→不开心,<杨光年ly>: 撸一发[并不简单],<中二少女苏柠儿>: 吃屎[doge],<juyong_>: 就任他不好，过一会就好了,<进击的烟烟桑>: 打王者 可是有时候是越打越气 [二哈],<怪味路>: 买她家的衣服โ๏∀๏ใ @一个贩卖少女心的小铺]
wxh812218675	还有其他手势的吗？ ​​​	[<牛阿傍和丑脸>: 图片评论  http://t.cn/RoUhZCl,<柠檬十七2016>: 图片评论  http://t.cn/RoyswBd,<思奔于柔情江湖的公子陈>: 图片评论  http://t.cn/RoyFaFS,<吃个瓜嘛>: 回复 @六日啵啵啵啵啵啵 :无印良品,<饿尔多思啊>: 图片评论  http://t.cn/Royem3R,<六日啵啵啵啵啵啵>: 不谢[并不简单]  http://t.cn/RoygiAv,<写故事的仙女>: 图片评论  http://t.cn/RoygVnx,<司业草>: 我也想发图的，奈何我不是会员,<葱馅的饺子>: 有  http://t.cn/Royd1cl,<ply等风来>: 图片评论  http://t.cn/RoydmQK]
wxh812218675	配个字吧～ ​​​	[<渣浪为啥我改不了昵称>: 你个坑逼，我要单排,<胖死的仙女>: 给我的鸡儿放天假吧[二哈],<贫道不猥琐>: @Rafael-Nadal,<君复予文>: 🙃  http://t.cn/RoZAM7Y,<白白特白->: 说好做彼此的天使呢,<榜仔很忙>: 别拉我，吻我[doge],<__烟树>: 我不上学[皱眉],<Cherry婷子->: 不去吃饭 我要减肥,<Nemo小曦>: 又骗老娘上床，老娘不去！,<同福客栈掌柜佟湘玉>: 冬天的四级你还要再考一次....我不！！！,<ANDSHERLOCK>: 我妈不让我跟傻子玩儿,<抽象是一种情绪DSeye>: 我不要去跑步[跑]！！！,<fhhjggf>: 喵: 我不跟你上床,<Heyzhangni_>: 不去不去 不去喝 除非是皇家礼炮,<无限的阳光FOREVER>: 走开，我不要和你走。]
wxh812218675	如何优雅的吃面。。。（转） ​​​	[<徐梦梦梦晓->: 回复 @106FXsherry :最后剪掉的那么短怎么夹上来[二哈],<叽里呱啦哈哈哈2>: 回复 @ZZZZZENGYI_Mua :我没圈你这个吗[嘻嘻],<我是你的小玫瑰哦咿呀咿呀呦>: @我愛你之天下  [笑cry][笑cry][笑cry][笑cry]真干净,<ALLLOSTSTARS>: @我可能是个假的杨舒雅    @--TjGw--,<106FXsherry>: @徐梦梦梦晓-  只有这样才吃同一碗面[喵喵],<一粒哆肉>: 回复 @_LIuYuChI :喜欢,<姜多多少少>: 回复 @鹿芦duangduang :卧槽 有没有考虑过面的感受,<大怡子_>: @叽里呱啦哈哈哈2  哈哈哈哈,<天音酱是什么酱>: 回复 @小羟基_OH :哈哈哈哈哈哈哈哈哈哈绝了,<小羟基_OH>: @天音酱是什么酱,<1vvvvan>: @KaI_Bob,<二郎神神神神神_>: 回复 @老木木木木木莹不长胖 :太实在了，就是[剪刀]️有点脏,<江雪玲->: 回复 @半生瓜瓜皮 :哈哈哈哈笑死我了[拜拜],<喵喵喵的陈>: 惊不惊喜意不意外[二哈],<猫大仁仁仁>: @卖家具的大熊猫  哈哈哈哈哈哈哈,<满嘴尖牙狮小薇>: 好疼[二哈][允悲],<小怪兽zhai>: 回复 @_MQ____ :我左手用剪刀估计没他剪的辣么整齐[摊手][摊手],<逗逗逗逗云>: @爱云云云云   哈哈哈,<LeenaYu>: @yifeiii__   哈哈哈哈哈,<鹿芦duangduang>: @时间静止术   好棒哦,<老木木木木木莹不长胖>: @二郎神神神神神_,<江與圖>: @王阿花GONE  哈哈哈哈哈哈哈哈,<南杨州谦夫人>: To……Tony老师？Tony老师是你吗[脸红],<峰哥开心快乐人>: 那剪掉的零碎几根怎么办，最后肯定还得 咻咻的吃掉[doge],<舒呀涵>: 回复 @-乐殊 :牛逼阿哈哈哈哈,<饭饭的小情绪很多>: @只要快乐就好啊   @EMILY_mfrong   @啦啦啦啦啦啦几鹅,<我要去东大>: 图片评论  http://t.cn/Ro7vtya,<友好善15>: 哈哈哈哈哈哈哈哈哈哈哈哈哈哈哈哈哈哈哈哈哈哈哈哈哈哈哈哈哈哈哈哈哈哈哈哈哈哈哈哈哈哈哈哈哈哈哈哈哈哈哈哈哈哈哈哈哈哈哈哈哈哈哈哈哈哈哈哈哈哈哈哈哈哈哈哈哈哈哈哈哈哈哈哈哈哈哈哈哈哈哈哈哈哈哈哈哈哈哈哈哈哈哈哈哈哈哈哈哈哈哈哈哈哈哈哈哈哈哈哈哈哈哈哈哈哈哈哈哈,<_LIuYuChI>: @五百斤刚刚好    @林深时见鹿海蓝时见鲸梦醒时见你,<挠心猫ovo>: 66666666666666666,<_MQ____>: @小怪兽zhai  你get到了吗,<啦啦啦zzzzzzZ>: @蘭-雅-茹   @張紫薇薇_   @akuma豆芽   @周暁七   @KanaNishino-,<牛阿糕>: 哈哈哈哈哈 @DuanXQ_,<别对我说没有未来l>: 别人：智……智……智障！？,<姜暮烟_>: [允悲][允悲],<rng偷edg冠军>: @小暮冬z   @啥啥啥w  哈哈哈哈哈哈下次带一把剪刀]
wxh812218675	一组凶残的表情包 ​​​	[<王淼昕>: 回复 @Mr_SuperWu :哈哈哈哈 你没有了,<温哥华现货>: [奥特曼][奥特曼] @加拿大服装师may,<午夜怪异事件簿>: @躲在角落听LeslieCheung,<有了我你就不能喜欢其他的猪了>: 一直觉得这个跟你长得一模一样 @圆少的头号粉丝,<啊芝士黄油>: @不bu4是的  [喵喵],<崴脚王子>: 回复 @珍珠樾 :………,<-凳等燈->: 回复 @FairyJessica :妈卖批，吓得老子赶紧裹住了小被子[摊手][摊手][摊手],<FairyJessica>: @-凳等燈-  哈哈哈哈哈哈哈哈哈哈哈哈哈哈哈哈哈哈哈哈哈哈哈哈哈哈哈哈哈哈哈哈哈哈哈哈哈哈哈哈哈哈哈哈哈哈哈哈哈哈哈哈哈哈哈哈哈哈哈哈哈哈哈哈哈哈哈哈哈哈哈哈哈哈哈,<你说我该起个什么名字1>: @老白听了要尬舞,<LY_JZZ>: @胡志远1996,<今眠呀>: @Tiger阿啊啊啊,<Rebirth-大欣>: 回复 @i吴侬软语 :太血腥,<你说我下流吗>: 回复 @rng偷edg冠军 :nbx,<雷_Lemon>: @水格-  [笑cry],<求而有得>: @WuChengY,<狗找瘫>: @柚子葡萄柚子茶    @喝酸奶舔瓶盖的小可爱    @恶魔的走猫,<大程序猿>: 回复 @胖丁不是胖可丁 :太凶残了 疼,<小仙女就要酷一点>: @Anze-Hero   [微笑][微笑][微笑][微笑],<山大王hahaha>: @我家璐璐爱吃草莓  [doge],<i吴侬软语>: @Rebirth-大欣  [doge],<今天锻炼了吗_>: [笑cry][笑cry],<诸葛我服>: 千杯引尽，玉茎重生[污][污][污],<什么都没有也有人叫啊>: 有点痛怎么回事？,<Liz_suan>: @Lin_hhhhhh]
wxh812218675	玻尿酸鸭[微笑] ​​​	[<小透明vvl>: @阿越越越了喂丶  美不美,<嫉意>: @吴Seeya   你看这都是网红 你还说丑 辣鸡,<鹿小鹿打了强吻它的马小马>: 回复 @蘑菇长了蘑菇 : @蘑菇长了蘑菇,<特提斯>: 回复 @丹儿的男神是蜡笔小新 :哈哈哈哈哈我姐的头像,<一只萌会懵>: 回复 @渔鱼于宇之歌 :啊呀又蠢又逗的哈哈哈哈哈,<J贾大大>: @YiHem_郑闹闹   @牛油果舒克_,<LU_LELE>: 回复 @尕V抖抖手 :也太萌了把,<李蔓杨>: 回复 @六指婷QAQ :waaaaaa相亲他！,<Summerkwai夏陌言>: 回复 @eunhae季小叙 :好可爱啊！我存了两张这个,<Yarom>: 回复 @AurtinKowk :？？？？[摊手],<AurtinKowk>: @Yarom  是你本人,<娴娴噜>: 没毛病 我从鹦鹉兄弟爬墙过来 [ok][ok][ok],<XzG-Dragon->: 回复 @HyeHeong :哈哈哈,<HyeHeong>: @XzG-Dragon-  侧脸那张可爱,<芦巍很淡定>: 回复 @JasmineSAMA :是的。来来，搞一个。,<桔梗橘子酱>: 回复 @LSJ爱创意生活 :[doge][doge][doge],<私人兆赫->: 回复 @番茄与维他柠檬茶 :可爱[二哈],<_维他柠檬白茶巛>: 回复 @46区最最最最最暖萌的小师弟 :人家是鸭子[并不简单],<李小煩>: @Kitty凶猛   @只想退休的老李   @丫丫大牙,<赫宰家的PLUTO_>: @Hibinopeji  戴眼镜的那只,<eunhae季小叙>: @Summerkwai夏陌言,<46区最最最最最暖萌的小师弟>: @_吃橘子不吐葡萄皮巛  我以为这是鸡[doge],<饼饼桃几>: 回复 @派大俊俊 :哇!为什么微博不可以,<派大俊俊>: 回复 @饼饼桃几 :qq可以哦,<饼饼桃几>: 回复 @派大俊俊 :我想和你换这个超可爱的头像但是你肯定不会同意所以不用了,<Lee_学霸是我>: 回复 @鱼儿游啊游啊游 :我的新宠,<派大俊俊>: 回复 @饼饼桃几 :你想干嘛呀,<下饭橙>: @软加温   @刘全有的迷妹,<鱼儿游啊游啊游>: @Lee_学霸是我   是这些鸭子吗？？你的同类,<刘雅茗你是吃可爱多长大的吗>: 回复 @蘑菇君爱吃banana :谢谢你你真好,<尕V抖抖手>: 来吧 @LU_LELE  斗图,<青禾ss>: 回复 @E丨PsyCongroo :你疯了吗,<不悠特福女士>: @LHS_1913,<小__兔儿>: @阿舒-葱花香菜一小把   哈哈哈哈哈哈,<不知道要怎么办呢>: 回复 @荔枝早早 :有点可爱,<脸红与娇嗔>: 和你长得真像 @唯爱_25750,<番茄与维他柠檬茶>: 可爱哈哈哈 @私人兆赫-,<万岁少女的电子花车>: 回复 @茶壶奶奶你好哇 :明明如出一辙，是你的自拍[喵喵],<茶壶奶奶你好哇>: 回复 @万岁少女的电子花车 :哈哈哈哈哈哈[doge]像个p[哼],<yida微微>: @培寳张蓓蕾   像不像饺子,<朗多多>: @mii1iio,<_155cm>: 回复 @H张筱小辉h :[并不简单],<H张筱小辉h>: @懒懒Princess_  你们队伍[偷笑],<今天锻炼了吗_>: 哈哈哈啊哈哈  有毒[允悲],<米奈阿酱>: @沒有魚丸也沒有粗麵   哈哈哈哈哈好可爱啊啊啊[允悲][允悲][允悲][允悲],<儿子要是长得不像我你就完了>: 哈哈哈哈哈来收图啊 @DAY6朴再兴吧,<蛋蛋总裁绵羊兴-->: @渺小渺小渺小  哈哈哈哈哈哈哈哈哈哈哈哈,<菇凉姓曲>: @托马斯的小火车0   @墨川河畔   @指间轻阳  [笑cry][笑cry][笑cry],<LightUnicorn-Niki>: 为什么叫这个名字,<手机有毒快放下>: 回复 @手機有毒快放下_ :我本来还想换它做头像的[二哈],<-NamNam>: @阿赌赌赌修炼脑洞中]
wxh812218675	望周知！ ​​​	[<WANGSHUTINGS>: 回复 @W-王敏mmmm :我靠 厉害了[喵喵],<V0100003>: 每个厉害的小姐姐都关注下[并不简单],<小仙女最牛掰>: 回复 @--菠萝哥 :请问 这话 是在对我说吗[微笑],<Arrow酱油小姐>: 回复 @涛涛613 :不不不了，只带小姐姐,<socrazylulu>: 没啥  取关你了   恶心的观点,<薇姐S>: 神他妈带，哪儿有人能带的动我，全部是代打的好吗？[二哈]  http://t.cn/RSBOgEW,<红果果果敖笑而不语>: 胡说！！我黄三都是自己拼了命打上去的[并不简单][并不简单][并不简单],<抽风长颈鹿>: 回复 @吃藕一族 :还是单排好,<用户5203854430>: 这算啥我儿子带的我[微笑],<行者辰龍丶>: 找个小阿姨带我上王者[并不简单][并不简单],<涛涛613>: 回复 @Arrow酱油小姐 :你要是能带我排位，命都给你啊。,<W-王敏mmmm>: 回复 @WANGSHUTINGS :六连胜[喵喵],<原来是望舒啊>: 照你这个说法，也别跟让段位高的男生带你呀，他们不知道带了多少妹子[二哈]  http://t.cn/RSBK2Ou,<千声随>: 自己玩得段位高还不想被男的坑[哼],<月圆悦凉>: 回复 @Arrow酱油小姐 :厉害的小姐姐，点个赞～,<平静的湖面sayno>: 前方一排取关女生[微笑][摊手],<______________丶Hy__________>: [二哈]现在游戏都很简单容易上手啊。真别把女生想的这么弱好吧。只能说部分女生有这样的行为。不能以偏概全。,<raBbiTTem-轩>: 别跟段位高的男孩儿谈恋爱 因为你不知道他曾经带过多少女生上分！,<工藤吹>: 回复 @Forshadow_3 :你说的一点都对,<Forshadow_3>: 回复 @周杰伦迷妹呀 :一定有人再背后带你[失望],<工藤吹>: @Forshadow_3  段位高的男生呢？,<以为你会在眼前3>: 回复 @Grasumer :我也是一个人打上来的 别人都说哪个男的带的阿[摊手][摊手],<以为你会在眼前3>: 回复 @TagundNachttt :笑,<WANGSHUTINGS>: 回复 @W-王敏mmmm :周知[喵喵],<以为你会在眼前3>: 回复 @树袋熊Cara :就是阿,<因缺思丁He>: 女大神也有的好不好！！！,<Nirvana_awa>: 百分之九十排位是单排打的 很艰辛,<嗑嘉尔>: 单排上的铂金 渴望被带[微笑],<噼里啪啦_咚咚咚梓>: “你看那个女的、职位爬到这么高肯定是睡出来的。那个女的，开的豪车肯定是干爹送的。那个女的，年轻漂亮又有钱，不是被包养还是什么啊？”,<罗青啊>: 妈的老子单排上好吗[微笑],<bibo再来一碗儿>: 66666666,<Karry_divinity>: 回复 @萍萍超人要走上坡路 :我独立掉分🤓,<鲜奶橘>: 铂金4一个人单排上去的[微笑],<丷桃子>: [摊手]单排钻石，,<Y洋谦玺>: 回复 @爱吃巧克力的鹿小姐 :哈哈,<给我吧唧一口吧>: 回复 @Grasumer :求带[doge],<给我吧唧一口吧>: 这个微博下面有好多高玩妹子[doge][doge][doge],<hag周子君>: 神经病啊，我都是单排的好吗[微笑],<迷鹿的英雄>: 老子凭自己本事打上去的,<houyunna>: 滚 就我男朋友一个人,<-NaturalRoll->: 各位王者小姐姐能带我上分不[羞嗒嗒],<张良的女朋友>: 我不一样，我是他们代打的🙃,<W-王敏mmmm>: @WANGSHUTINGS  [摊手][摊手],<纯白如他>: 这么恶意的玩笑真的很恶心哎,<Lu_花柒>: 博主三观真的正[拜拜],<栗子熊饼_>: 老子单排上的分 [微笑]屌癌？自己上不了分 还没人带就这么酸,<你一百种样子>: 不存在的 连王者也带不动我 我只能双排匹配 单排排位[并不简单][并不简单] ,<Arrow酱油小姐>: 全部单排，望周知[拜拜][拜拜][拜拜]  http://t.cn/RSBZzLY,<兰hong刘>: 回复 @树袋熊Cara :现在这个社会越来越说不清楚了,<参商参商不可依>: 单排上白金 队友太坑给弃了 我看女的玩的都不错啊 坑的好像大部分都是...,<光子owo>: [哆啦A梦吃惊][哆啦A梦汗][哆啦A梦汗]乖乖就算有男生带着上分怎么了？？,<陈少同學丶>: 神经病[二哈]会打游戏的妹子又不是没有，况且这游戏这么简单,<Jinlx_>: 真不好意思都是自己打的[拜拜][拜拜][拜拜],<顾亊心>: @CNNNNNnn-,<萍萍超人要走上坡路>: 回复 @Karry_divinity :大哥向来独立上分[并不简单],<_cc_晨>: 回复 @颖颖要减肥要恋爱 :靠自己的知道吗,<李白大人快吃药>: [微笑][微笑][微笑]为什么男生都喜欢找我solo  ？？？？]
wxh812218675	说的是你吗？ ​​​	[<Airbert的心清澈透明>: 回复 @哎呦不错哦的橙子君 :敢？,<比较小的小橙子>: 屁！给我发一排句号的人我是要拉黑的！ @Airbert的心清澈透明,<送人头小公举>: 那我的一个好友每次回复我都有三个。。。我岂不是要把他宠上天？[doge],<微晄>: 回复 @逆咣D :你怎么不吃点[大便],<逆咣D>: @微晄  嗯…………,<同福客栈掌柜佟湘玉>: 我弟[允悲][允悲][允悲]经常回我一个句号,<海龙4932>: 。。。。。。六个点表示不服,<__肉脸蛋妹妹__>: 哈哈哈哈哈，好气喔，但还是要感恩,<荼儿了了>: @就是BRIGHT  这...这样哦...hhhhhhhhh[并不简单],<雷阿囧>: 回复 @雨滴rainDU :。。。,<薇姐S>: ...这种算嘛🙈,<你喜欢星星还是月亮>: 哈哈哈哈哈就是这个理]
wxh812218675	每天的我。。。 ​​​	[<-YJ_ro>: @JHS-MiaMiaaaaaaaa,<不苦也不甜的维C>: 回复 @在花果山上种榴莲 :算上我一个[允悲][允悲][允悲],<宝剑和咩咩>: @迷路之于鹿mio,<farawaytowalk>: @排排排排酱  哈哈哈哈 你哇,<是谭谭啊>: @唐婉莹Nerve,<我的名字叫紫霞>: @柠檬滚过来   哈哈哈哈哈哈哈哈是我没错,<袭敏>: 不是我，不是我，不是我[污][污][污],<葱苗在成长>: 每天的我从昨晚熬夜的时候就在心里默默的想  明晚一定不能再熬夜了  以后都不能再熬夜了  结果此刻的我还是一副生龙活虎的样子[doge]我也很是绝望啊[允悲],<鰆鱼>: 今天不会了 毕竟明天中考 加油[加油],<专业代购瓜子>: @不知哪块小饼干  哈哈哈,<吃得饱饱的钱包鼓鼓的>: 回复 @姜尚恒 :+1,<s昊阳>: @可爱到炸裂的过气小仙女  哈哈哈哈哈哈哈,<蠢萌蠢萌的卫白>: 是我[允悲][允悲][允悲],<姜尚恒>: @吃得饱饱的钱包鼓鼓的   是我[二哈],<昵称shengmegui>: @雾锁深秋    @主君最爱的大太阳   没错就是我们[doge],<Wallace手中的SK-II>: 哈哈哈哈哈哈哈哈  是我,<在花果山上种榴莲>: 拖延症晚期＋懒癌晚期[微笑]我的时日不多了[拜拜],<_阿高高高>: 没错说的就是我 懒癌晚期患者[微笑],<月芽星空围脖>: @Joe_Tin   @Seaper_Liu   @暖暖遇见六只羊   @_小月兒半   @六只羊的黑糖喵星人  [笑而不语][笑而不语][笑而不语][允悲][允悲][允悲][笑cry][笑cry][笑cry]每天的我,<我是小肥妍啊_>: @Catherine_夕染  [二哈],<熊本熊表情包>: [允悲]是我！间歇性壮志凌云，持续性混吃等死。。。]
wxh812218675	你会吗？ ​​​	[<Mr_Pan要向前看>: @风景不好aaa  哈哈哈哈哈哈哈,<我凭什么迁就你>: 巧了 一个都不会[摊手],<王大喵Vivi>: 回复 @有小酒窝和大长腿呀 :最后一个[允悲][允悲][允悲],<啵怡宝>: 回复 @Meowjam :明天给你比丁丁[哆啦A梦汗],<LMIMHAOSHENJIARONG>: 只有第一个会[喵喵],<有小酒窝和大长腿呀>: @大眼睛和小长腿   @王大喵Vivi,<篸覯纍dei>: 哎呦喂看把你能的比个丁又能咋[doge],<攒星>: 第一个会[doge]  http://t.cn/RSmDUTs,<勋味儿浪>: 哈哈哈哈hhhhhh[喵喵],<橙子是长腿小可爱>: 丁丁比你大[doge][doge]]
wxh812218675	夏天专用情侣头像~ ​​​	[<我就是麻瓜呀>: 回复 @头戴小红花er :Should we use ？Baby,<陪我疯吗郝坚强>: 回复 @urnotzyr_ :[笑cry][笑cry][笑cry],<咸鱼樂苦多>: 回复 @眼睛很大看左边 :都是你哈哈哈哈哈哈,<我的名字叫紫霞>: 回复 @柠檬滚过来 :可以啊  下次就换这个啦[doge],<趣多多耶>: @壹枚滚石  [二哈],<BatWayne>: 回复 @June_ZT :[奥特曼],<草丛中的大马猴>: 回复 @齐天大倩 :走啊,<June_ZT>: 回复 @BatWayne :亲爱的，笑点在哪里,<逃走的小幺鸡>: 回复 @逃走的大幺鸡 :卧槽你 @我干嘛 [微笑],<難自渡iop>: 回复 @Wan9bo1996 :换起来啊,<哈哈杏仁鹿>: 回复 @不羁的鹿包 :好啊好啊,<最帅的刘大女神>: 我用过[允悲][允悲][允悲][允悲],<F_NINGER>: 回复 @笑哪吒呦 :不用可丑,<小宋-Shelsun17>: 回复 @夜猫子与白猫子 :[二哈][二哈][二哈],<MasaYume丶丶>: 回复 @虐鼠达人斯金纳 :[污][污],<孙华文同學>: 回复 @大宁凝柠寕 :[哼],<齐天大倩>: 回复 @草丛中的大马猴 :来啊,<逗比又碎碎念i>: 回复 @LX战警_萌蛋欣 :我不要！我不黑！[怒],<不羁的鹿包>: 回复 @哈哈杏仁鹿 :来用啊,<笑哪吒呦>: 回复 @F_NINGER :你和小徐用,<BatWayne>: @June_ZT  哈哈哈哈哈哈哈哈哈哈,<老铁cgl>: 回复 @Evanesce_SY :给我化妆,<摘麻瓜的晨晨晨晨晨阳>: @SX默空明  红红火火恍恍惚惚,<CrownXback_>: 回复 @_花-哥_ :不～～有点黑[允悲],<TheWheelsBreakTheButterfly>: 回复 @Cathysjs :[笑cry][笑cry][笑cry]来用,<Monster_Guy>: 回复 @三点出逃 :……,<Cathysjs>: @TheWheelsBreakTheButterfly  我不行了哈哈哈哈哈哈哈哈哈哈哈哈哈哈哈哈哈哈哈哈哈哈哈哈哈哈哈哈哈哈哈,<_花-哥_>: 回复 @CrownXback_ :[doge]你想用吗哈哈哈哈哈哈哈哈哈哈哈哈哈,<柠檬滚过来>: 回复 @我的名字叫紫霞 :[二哈]宝贝我要带花的,<草丛中的大马猴>: 回复 @齐天大倩 :[二哈]要一起用吗,<齐天大倩>: 回复 @草丛中的大马猴 :哈哈哈哈哈哈哈哈哈哈哈哈哈哈哈[二哈],<shsbxywbdh>: 回复 @酒消残意与君曰三生共与 :没有情侣 886宝,<缘分天小空>: 回复 @洪荒巨兽陆喜乐 :[二哈][二哈][二哈],<菠菜君2333>: 回复 @馮馮馮馮馮_YAN :[强],<饼干妹妹->: @阳光宅男111   哈哈哈哈哈哈哈哈哈哈,<喵喵喵OvO喵喵喵>: @laurel悦  送你和你老公,<我的名字叫紫霞>: @柠檬滚过来   哈哈哈哈哈,<F_NINGER>: 回复 @笑哪吒呦 :我可白,<蒋嫒a>: 回复 @蒋嫒a :🤔,<蒋嫒a>: 回复 @Serenity170 :如果你有这样黑我就和你用[挤眼],<我系一碌木>: @你比五环少四环  这个！！！,<王等等呢>: [哈哈] @A你跑哪去了呀,<做一个吃不胖的瘦子_Gym>: @请叫我肖先生201603  [哈哈],<疯掉的羊c>: @橘生淮南枳生淮北66069,<MS_SLi>: 回复 @小小小小小小妹儿-Cammi :哈哈 [爱你],<小小小小小小妹儿-Cammi>: 回复 @MS_SLi :够了[拜拜],<MS_SLi>: @小小小小小小妹儿-Cammi,<登啊登登登>: @nNnNn97,<相信我蝙蝠侠绝对是最帅的>: 回复 @爱困妹谦酱 :很贱,<未知IQ人>: 回复 @可爱肖哥886 :哈哈哈，好的，蟹蟹传送,<虐鼠达人斯金纳>: @MasaYume丶丶,<得了上學恐懼症的黑殿>: @CcHhRrIiSsTtIiNnEe,<笑哪吒呦>: @F_NINGER,<Ellie_彤兒>: 回复 @D大学士 :丑得过你？[二哈][二哈][doge],<D大学士>: 回复 @Ellie_彤兒 :太丑[喵喵]]
wxh812218675	真有这种操作？ ​​​	[<站住打劫棒棒糖_>: @我的蒙奇奇萌得不像话   🙊,<轻描淡写丶Amor>: 倒是来个高清的图呀,<Bigger七>: ？？？？？？？？？,<我凭什么迁就你>: @只迁就张玲   哈哈哈哈哈哈哈哈,<Xback_艺兴的小公举>: @哇哈哈哈哈哈哈哈哈哈哈哈哈哈哇    @YMVJIQPL    @莫里森总能看透一切    @困困的doge   [doge],<想要钱和你>: 丁丁是什么？？[污],<要小心心不辣>: 污仙女  http://t.cn/RSObWki,<一粒哆肉>: 回复 @_LIuYuChI :卧槽？？？,<_LIuYuChI>: @林深时见鹿海蓝时见鲸梦醒时见你,<肥肉你从哪里来的>: 丁丁好短[偷笑],<littleeat>: @Superbear-Lean   @Pina-啵啵扎,<美少女_哪吒>: @河东乐哥  哈哈哈哈哈哈,<我可是小仙女誒>: [摊手][摊手][摊手][摊手][摊手]]
wxh812218675	一组摸头杀~ ​​​	[<夜猫子与白猫子>: @小宋-Shelsun17,<OWH快到我怀里来>: @HZX我到你怀里去   [挖鼻][挖鼻],<Liz_suan>: @Lin_hhhhhh,<Foreordination_丶>: 回复 @Sundara丶 :你是最棒（pang）的,<夏_Summer_D>: @有果的安拉拉_genesis,<烤鸡翅真的很好吃>: (｡･ω･｡)ﾉ♡,<Sundara丶>: @Foreordination_丶   收图[太开心],<aka_3vJ>: 回复 @Lena_怎麼可以這樣 :摸不到 老婆太高,<威斯布鲁晗>: @武汉地区专业召唤法师,<Lena_怎麼可以這樣>: @aka_3vJ  [污],<Nonesuch_EC>: @幸好我还在你的世界里   乖乖的喔,<-蓓的三次方->: @我的滑板孩w   黑(´･ᆺ･`) 摸你脑壳]
wxh812218675	在你身边一定有一个这样的朋友！ ​​​	[<fhhjggf>: 我，秦始皇，打钱。,<我家有个丰同学>: @无眉少女爱吃肉  [喵喵],<为一身江南烟雨覆天下>: 回复 @世界第三小仙女 :哈哈哈哈哈哈哈,<依1的专属小幸福>: 回复 @花花魅族 :哈哈哈哈哈哈哈哈哈哈哈哈哈哈哈哈哈哈哈哈哈哈哈哈哈哈哈哈哈哈哈哈哈哈哈哈哈哈哈哈,<王珏不是王王玉->: @点个胡椒酱  毫不犹豫,<花花魅族>: @依1的专属小幸福,<攒劲为了2017亚巡>: @红泥小火炉four,<Colin要攒钱去旅行>: 回复 @才会如此迷人 :哈哈哈哈哈哈哈哈说的你不是这种人一样,<It--ggggggirl>: @赵俊益的益是赵俊益的益,<才会如此迷人>: @Colin要攒钱去旅行  哈哈哈哈哈哈,<世界第三小辣鸡>: @为一身江南烟雨覆天下,<天一不是个好孩子>: @z美宝宝啊-    @独家纪艺,<小小媛Phoebe>: @Montreal200  我就是,<了嗷老日喂瑞>: 回复 @奥利奥泡牛奶o :一丢丢[允悲],<奥利奥泡牛奶o>: 回复 @了嗷老日喂瑞 :[微笑]你内疚吗  http://t.cn/RS9lV6f,<了嗷老日喂瑞>: @奥利奥泡牛奶o,<行者在吾>: 回复 @粒子黄 :[嘻嘻][嘻嘻][嘻嘻],<旷空间>: 回复 @潘比安哦 :哈哈哈哈哈哈哈哈哈哈哈哈哈哈哈,<粒子黄>: 回复 @行者在吾 :智障,<行者在吾>: @粒子黄  生活都是快乐的,<小母鸡炖奇葩>: 他们是:哈哈哈哈哈哈哈哈哈哈哈哈哈哈哈哈哈哈哈哈哈哈嗝。。。。,<出门被车撞了吗>: @旷空间   @神人爱赢钱,<-梦里姑娘->: 哈哈哈哈哈哈哈哈哈哈哈哈哈哈哈哈哈哈哈哈哈哈哈哈哈哈哈哈哈哈哈哈哈哈哈哈哈哈哈哈哈哈哈哈哈哈哈哈哈哈哈哈哈哈哈哈哈哈哈哈哈哈哈哈哈哈哈哈哈哈哈哈哈哈哈哈哈哈,<淺笑rc19>: @Ting散落一地的忧伤]
wxh812218675	最近有什么烦心事？ ​​​	[<我喜欢舒服>: 回复 @我喜欢舒服 :快倒闭,<我喜欢舒服>: 店里生意不好，老板对我的脸比黑豆还黑。[doge],<木一只子夜>: 看见你烦[二哈][二哈][二哈],<YYYYyyQ7>: 回复 @eyeseyeseyes_ :看到你的评论专门回来赞你[嘻嘻],<奈之若何_>: 每个月都是还款账单,<君清家的乖狗子>: 回复 @究究1811 :笑死,<婧婧_Chen>: 除了没钱之外就是…我被班狗盯上了，班狗这东西甩都甩不掉[摊手][摊手][摊手][允悲],<温哥华现货>: [委屈][委屈] @加拿大服装师may,<但愿此生不再深爱谁>: 喜欢同事不敢说[挖鼻],<我心悦你nia>: 谁有敬业福[doge],<bling木杉文武>: 考试不知道结果和努力是不是成正比，焦虑中,<刘阿漫啊>: 明天考试 懒的做小抄[摊手],<Xback_艺兴的小公举>: 对象突然不理我了,<红彤彤的小柿子>: 不敢拉屎，怕饿。,<分享潇哥日常的微博>: 在闹分手[生病],<奥易森华人衣橱>: [可爱][可爱][可爱] @加拿大服装师may,<小鹿的鹿鹿鹿儿>: 没想到友情这么脆弱[摊手],<师七>: 直播间没人气 [微笑],<御膳房王大厨>: 严重缺钱[哼]买房子没钱,<晚安专辑>: 没有烦恼过得很好，因为不想浪费时间糟蹋自己的心情，就算身处难境也要苦中作乐，愿与这世界共勉。,<锐包呀>: 爱豆被黑到体无完肤[摊手],<落凉子>: 5.31号刚分手[微笑],<冰冰冰冰奶>: 职场有贱人 好难受,<薛四一>: 大概是穷吧[允悲],<张良的女朋友>: 今天特别烦。。。,<七寻鹿子>: 四级考试[摊手],<鹿鹿鹿宝的假夫人>: 瘦多了走路有点飘,<Neinei武灵蓉>: 回复 @遇蕊 :哈哈哈加油,<细流阿>: 想要生活过得去？,<九九九九九灵w>: 喜欢的人不喜欢我[微笑],<神经病人的自我幻想>: 不能去旅游，快一年了等这个等那个最后竟然哪也不能去,<金吉拉小姐>: 儿童节都过了，也没收到想要的祝福,<顶级吃瓜吃肉群众>: 要考试了，喜欢的人要毕业了,<阿全zz>: 不知道怎么向女孩子表白,<Cccccclovely>: 回复 @不爱笑的老子 :冷雨夜我最喜欢的一首歌曲,<黄西柚的LU>: 要高考了，和男朋友分手了，咋办？[摊手][伤心],<不爱笑的老子>: 回复 @Cccccclovely :六一快乐  http://t.cn/RSMOG0S,<Cccccclovely>: 回复 @不爱笑的老子 :[doge]单身汪，开心不起来,<eyeseyeseyes_>: 没有可以烦恼的事 也是一件烦心事,<杨_Cat>: 没钱的时候以为是穷才没有对象…拼命考证换工作努力挣钱，现在税后过万，有了三四线城市一套房纸，还是一样没女朋友…92年一年又一年…心开始慌慌张张了……,<就这样-任性了>: 被换岗[衰][衰][衰],<hi_鸡涌的小跟班>: 我宝南韩第一背锅王,<不爱笑的老子>: 回复 @Cccccclovely :开心啊 为什么不开心啊,<究究1811>: 还记得11年抢的盐吗 我家还没吃完[doge],<Cccccclovely>: 回复 @不爱笑的老子 :[白眼][白眼]一点也不开心,<遇蕊>: 下个星期的夺命八百米,<JIEJIE-ZENG>: 霉了一个星期了，事事都不顺心,<嗨呀死鱼>: 数学及不了格[伤心],<你才是攻>: 要考acca了[泪],<不爱笑的老子>: 回复 @Cccccclovely :知道了,<不爱笑的老子>: 我想黄家驹了[委屈][委屈],<ssssss151714>: 论文不过[doge]]
wxh812218675	女人，要对自己好一点~ ​​​	[<1227mini>: 要想减肥，薯片就得吃黄瓜味儿的！,<走路带风的大西瓜->: @Only_冷暖自知,<张澈丨>: @Neverlandxxx  喝酒的时候在里面加几颗枸杞,<_______Jst>: 回复 @沅沅沅污沅老板 :含一会就热了,<沅沅沅污沅老板>: @_______Jst  [污],<霖酱L>: 回复 @Xback_艺兴的小公举 :是啊哈哈哈,<我是随随啊>: @_泡面头大妈誓要减到一百斤,<Xback_艺兴的小公举>: @清香薄荷味儿    @霖酱L   没毛病啊🙈,<my大belly>: 回复 @YJIANG9 :哈哈哈哈哈这个666啊,<故事还长o0O>: @BIUbiu鹿han   [允悲][允悲],<奥易森华人衣橱>: [good][good][good] @加拿大服装师may,<YJIANG9>: @my大belly  哈哈哈哈哈哈哈哈哈哈哈哈哈哈哈,<VictorEnjoyLife>: 回复 @辣椒精精精精儿 :牛,<那些个分不清>: 回复 @ULittleAIRPORT :瞎打,<喵还是爱着狗仔的>: @喵咪老大的狗仔  [doge],<叫我葛大大吧>: 回复 @XNZZDN :不喜欢红枣口味[笑cry],<吴山居的粽子>: @是秦大不是秦大大,<lee_nash881204>: @恰是那一颦一笑的温柔   [笑而不语][笑而不语][笑而不语],<醒醒不怪>: @Faded1003   给你指点几招[doge][doge][doge],<昵称匮乏人士>: @阿鹤的小草帽   这个就是内个的全集[doge],<辣椒精精精精儿>: @fanny黄子欢   @fanny黄子欢,<辣椒精精精精儿>: @VictorEnjoyLife,<LY_JZZ>: @胡志远1996,<于二狗的小资生活>: 回复 @爱吃地瓜的老姑娘 :[doge][doge][doge],<糖炒板栗没有糖>: 回复 @兴宝大大 :放嘴里多暖一会 化了就不凉了[笑而不语],<他与满天星>: 回复 @收听浓烟下的诗歌电台彡 :然后身体越来越不好[微笑],<_哼哼哼哼哼尐曲_>: @茶深深深  快看！,<于二狗的小资生活>: @爱吃地瓜的老姑娘  宝贝儿，给你指点几招,<兴宝大大>: 难道不是这样么[允悲] @糖炒板栗没有糖,<XNZZDN>: @叫我葛大大吧  试试，哈哈,<卖美瞳的小二嘎>: 回复 @卖美瞳的小二嘎 :喝。,<卖美瞳的小二嘎>: 今天和奶茶 心疼痛经的自己买了红豆奶茶（冰的 艾玛老爽了[doge][doge][doge]）,<陳玛莎>: 哈哈哈哈哈哈哈哈没毛病[笑而不语] @你不准跟我说话]
wxh812218675	日本网友在路上拍到一只熊本熊在开跑车....真是个土豪啊~​ ​​​	[<查理与死亡骑士>: 回复 @一只小狗的微博 :[眼泪],<Corgizzz>: @川大王俊凯  [哆啦A梦吃惊][哆啦A梦吃惊],<一只小狗的微博>: @查理与死亡骑士,<雅逸_Annabelle>: @要起飞的超人  哈哈哈超可爱,<-Fri27>: 日本通常是右舵的。。,<AAAZLYN->: 回复 @YooooooooQFZ :哇哈哈,<-Diamondprox>: @Mustang纪文芮v,<鸟它_它它它它>: @AAAZLYN-  owo,<超级话题>: #熊本熊# 已升级超级话题了呦，快来看看吧。下次进来发帖有机会被更多同好看到和交流哦~~戳→ → #熊本熊#,<是谭谭啊>: @子谦大魔王i   你开车,<我还是喜欢三文鱼>: 你熊 @丁丁丁丁丁小墨  [挖鼻][挖鼻],<您尊敬的父亲>: 日本不是驾驶位在右边吗,<x2ice>: 回复 @x2moe :稳,<那只爱吃猕猴桃的猴子>: 部长开车还摆拍危险啊,<饿昏的考拉>: @kaka董小姐,<施于>: [doge]略屌的熊本,<夏木桃子mikoko>: @浅川樱Crystal  哈哈哈哈哈哈妈的,<浅瞳_Starry>: 回复 @WangWang怡然 :老司机诶🌚,<WangWang怡然>: @浅瞳_Starry  厉害坏了,<Hei__Chong>: 回复 @Bunny-re :[摊手][摊手][摊手]绝望,<Bunny-re>: 回复 @Hei__Chong :[喵喵]我是丽水下雨天游泳去了,<Hei__Chong>: 回复 @Bunny-re :和你一样[允悲],<LengSiLin_>: @生锈的紫青宝剑,<-Czon>: @没错是张涵啊   @Rruuuuul,<QwiDeng->: 没想到你是这样的熊[doge],<这半生痴情煞多>: 好吓人啊[眼泪][眼泪][眼泪][眼泪],<此昵称已被小仙女注册>: [允悲]就这个体格？？？坐的进去吗？？？？怀疑？？？,<截胡阿呀喂>: 未成年不是不允许开车吗[皱眉],<Bunny-re>: 回复 @Hei__Chong :[doge][doge][doge]熊本也过六一度假去了,<欧炎昌>: 能不能专心看路[二哈],<Hei__Chong>: @Bunny-re,<京城鹿少爷->: 卧槽[允悲][允悲][允悲][允悲][允悲],<一只喜欢哈哈哈的小可爱>: 哈哈哈厉害了我的哥[笑cry],<大梦一场的王大可先生>: RWB [哆啦A梦吃惊],<Tmd宋心瑜>: 自己开自己的痛车[二哈],<偶像是熊本大大>: 公务员明目张胆公车私用！！！！]
wxh812218675	你怎么还没睡？ ​​​	[<三四一十二er>: 回复 @吃饭睡觉饭爱豆 :我也是,<丶丶烫了个发丶丶>: 可能是醒在别人的梦里吧,<CHEUNGJH>: 刚被所谓的好男友[微笑]指着鼻子骂了我一顿，现在气的根本睡不着,<是不是你魔羯小爷>: 单纯的 觉睡多了,<pingjiet>: 修仙打游戏[二哈],<从未放弃喜欢你>: 等喜欢的人回消息,<诸侯林>: 因为手机他睡不着[摊手],<嗳L彤L>: 因为中了叫手机的毒,<薇姐S>: 回复 @吃饭睡觉饭爱豆 :这个兄弟睡不着是应该的...,<薇姐S>: 没有...生活[草泥马],<李Bbbbbbk>: 手机不好玩吗？为什么睡那么早,<一支盐酸肾上腺素>: 因为你没睡啊嘿嘿嘿,<画99->: 和男票出去旅游 刚回学校[doge],<风都把你吹到梦里>: 寝室的蚊子[允悲],<流-萤-滢-萦>: 荨麻疹，很痒，睡不着,<hun__deer>: 我在修仙[允悲],<卡门是只猫>: 6个g的流量必须今天用完[摊手],<CH哟哟>: 我挺困的了，就是固执地不想睡,<盖世心猩>: 给寝室的小公主准备六一的小惊喜[笑cry],<ariesinging>: 下午睡多了，现在睡不着,<四儿就是九分之四十>: 被自己喜欢的人表白了 现在是真的 根本睡不着🙈,<Cowff>: 写作业写到深夜，准高三！[二哈],<元气喵少女>: 肚子饿[doge],<一只奥茨玛星人>: 想吃黄焖鸡米饭[失望],<TYccejoof>: 刚完事 睡觉( @￣ー￣ @),<细菌-虾米>: 晚上喝了几杯茶，所以[泪][泪][泪][泪],<带拉格朗日余项的平衡二叉树>: 一直在思考，我为什么还没睡[二哈][二哈][二哈],<李李大溜>: 刚看完高能团少年,<再不认真学习你就考不上一中了>: 我也不知道啊[笑cry][笑cry],<表白楼下烧烤摊>: 刚四黑完[doge],<在Ta身上流着浪漫血液>: 巧了，还有这么多人没睡[摊手][二哈][doge],<唯品卉h>: 跟老叔约好5点去早市，怕起不来,<抹茶被偷了>: 刚才睡太久了现在睡不着了,<李蒜勋Tong>: 因为想你[害羞],<-彭于晏的小老婆->: 手机太好玩 不舍得放下[摊手],<超爱布朗熊的琳琳>: 白天睡多了[摊手][摊手][摊手]]
wxh812218675	大家来玩个游戏吧~ ​​​	[<饶琦qi>: 回复 @你好我是橙汁儿 :爱你多,<Yuer_au>: 回复 @一盒低脂高钙的蒙牛 :不想走哈哈,<一五七一八三>: 为什么还可以上床不能和好,<---本间芽衣子--->: 回复 @柚子ivy :因为还爱着,<---本间芽衣子--->: 回复 @爱大喵的小寒同学 :你,<---本间芽衣子--->: 回复 @C_柚子茶 :因为还爱着，酷不下去了,<---本间芽衣子--->: 回复 @Leocardia98 :没有，换了,<DonotBeTooSerious>: 回复 @---本间芽衣子--- :这就是他的语气,<---本间芽衣子--->: 回复 @cherexi :因为我没有很爱你,<---本间芽衣子--->: 回复 @一五七一八三 :先是沉默，然后淡然一笑,<---本间芽衣子--->: 回复 @薇姐S :我就没离开过王者,<---本间芽衣子--->: 回复 @一直可爱到炸的汪 :如果时光能倒流,<---本间芽衣子--->: 回复 @DonotBeTooSerious :我什么时候不爱你了,<不仅要温柔更要有能力GGHG>: 回复 @A周禹希 :瞎说，你都不了解情况,<GGGao_YYYu>: 回复 @A周禹希 :分手了还玩暧昧 什么鬼[摊手],<A周禹希>: 回复 @GGGao_YYYu :反正现在的感情都暧昧,<生姜可乐和香蕉牛奶>: 回复 @周一禾q :还在妈咪的肚子里，要等我啊,<来自星星的阿珍619>: [悲伤][悲伤][悲伤][悲伤],<你好我是橙汁儿>: 你是爱自己多还是我。,<张倩的耳朵>: 回复 @一盒低脂高钙的蒙牛 :哈哈哈哈哈哈哈哈,<静系Couch薯仔怪>: 回复 @宣旨吗皇上 :累了～我只是想你在乎我多一点～发现真的没有然后了,<静系Couch薯仔怪>: 回复 @s张歆歆 :我也在等你开口,<静系Couch薯仔怪>: 回复 @大镇镇可爱多 :不要说这种话，我们都知道不可能,<南哇楠>: 为什么你突然就不理我了,<鹿小白turbo->: 回复 @表情站 :谁啊(๑❛ᴗ❛๑)哪个呀[doge],<我是你200601>: 能不能别先给给我希望，再让我绝望,<刘甜LiUTiAN>: 你还想我吗 我挺想你的,<爱晒手的京墨>: 回复 @_梅有钱_ :我凭本事劈的腿你凭什么要骂我，老实对男人来说可不是褒义词,<爱晒手的京墨>: 回复 @又晞 :因为你没她活好,<爱晒手的京墨>: 回复 @大镇镇可爱多 :不可以，你活太差了,<爱晒手的京墨>: 回复 @六角淡菜 :当然是因为你比不上她所以我想她了啊，你没看欢乐颂应勤吗？,<爱晒手的京墨>: 回复 @SHhhh阿久 :没有，她比你活好,<爱晒手的京墨>: 回复 @W-wuwu :我的良心美滋滋的哦,<爱晒手的京墨>: 回复 @hickey琪1 :我原本以为你活好的,<爱晒手的京墨>: 回复 @养熊基地 :因为老实人会吃亏,<爱晒手的京墨>: 回复 @表情站 :你难道不是应该选择原谅我吗,<爱晒手的京墨>: 回复 @不想上师父的妹妹不是好徒弟 :就是寂寞想看下能不能约上你打一炮,<爱晒手的京墨>: 回复 @一盒低脂高钙的蒙牛 :爱过,<Kiukiu-Kwan>: 回复 @DonotBeTooSerious :你是谁,<Kiukiu-Kwan>: 回复 @六角淡菜 :锭煲唔锭盖，得闲做下爱,<GGGao_YYYu>: 不想在一起干嘛最后还说喜欢我啊[摊手],<卓卓卓卓君然>: 回复 @一盒低脂高钙的蒙牛 :我在想...今天晚饭吃什么,<我想你不要走>: 我为什么会觉得你是喜欢我的？当面问你，被你否定之后还这么觉得[笑cry][笑cry],<舒放菌>: 回复 @一盒低脂高钙的蒙牛 :终于完成了多年夙愿[泪],<C_柚子茶>: 回复 @真空机芯- :昂~,<真空机芯->: 回复 @C_柚子茶 :那就走吧～你还有你的明天[心],<还不抱我等啥呢>: 你能不能像当初说的一样喜欢我对我好我不求别的我希望你好,<C_柚子茶>: 回复 @真空机芯- :一开始是我对不起他，所以他说攒够了失望就走了,<真空机芯->: 回复 @C_柚子茶 :说明他很渣，配不上你,<C_柚子茶>: 回复 @真空机芯- :这两件事相隔不到24小时,<C_柚子茶>: 回复 @真空机芯- :然而他和我分手后第二天又和她在一起了[doge],<真空机芯->: 回复 @Corrosive_ :哈哈哈哈哈哈哈,<真空机芯->: 回复 @C_柚子茶 :因为想告诉前任，我还是在意你关注你的,<咖啡因治不了五月病>: 回复 @不想上师父的妹妹不是好徒弟 :备胎多一个也是好的。]
wxh812218675	恩，这个可以！ ​​​	[<chan_nicola>: @草图君   你的图?[哆啦A梦汗],<我家鹿贝贝LH7>: 我的手机壁纸，上班遇小人时看看[允悲],<星星的眼睛LH7>: 那确实  http://t.cn/RSzik5H,<是宝宝郭呀>: 回复 @隐身乏术a :我老公哈哈哈,<高雅的路灯花v7>: 是长生啊[doge][doge][doge],<隐身乏术a>: @是宝宝郭呀  你家鹿晗[允悲],<勋勋家的女票一枚>: 转发微博  http://t.cn/RSzJxdA,<你离开了南京从此没有人he我说话>: 回复 @亓岁_ :嗯！莫生气！,<我家兔子有个主角光环>: [憧憬]// @透明deer : 配的文字也很有道理了// @有意思的虾条达令 :// @LW珍琦 :  #鹿晗# #鹿晗代言欧舒丹# #鹿晗择天记# 哈哈哈好！,<我是疯十三>: 图片评论  http://t.cn/RSzxpTJ,<淘小T小淘>: [good][good][good],<M时间不会说谎>: 是的可以 @M鹿M,<bubu0520>: 是我们长生院长！欢迎关注周一至周四晚十点湖南卫视择天记！下周大结局啦[憧憬] #鹿晗择天记#   #鹿晗#,<蛋巴巴巴巴>: 世界如此美妙，我却如此暴躁，这样不好，不好[并不简单][并不简单],<晗777777777777777>: #鹿晗择天记#    #择天记#    存了,<TianMei欣儿>: [并不简单][并不简单][并不简单]长生知道吗,<COUNTINGTO>: 是长生啊！请关注每周一至周四晚10：00湖南卫视播出的《择天记》！[哈哈][哈哈],<爱说真话的坏孩子>: 默默存了图[允悲],<一鹿相随1990420>: #鹿晗#    #鹿晗择天记#   [good][good][good][good][good][good][good],<青藤_西瓜院首>: 翩翩君子啊[兔子][兔子][兔子],<Shirley缪缪>: [并不简单][并不简单]所以下周一到周四晚上10点约个择天记？[并不简单][并不简单]最后一周，不要错过,<vvvvv李白>: 莫生气[并不简单],<亓岁_>: @你离开了南京从此没有人he我说话,<俺就喜欢他>: #鹿晗#   #鹿晗择天记#   #鹿晗陈长生#  wow  非常可以 [并不简单][并不简单]  @M鹿M,<LW珍琦>: #鹿晗# #鹿晗代言欧舒丹# #鹿晗择天记# 哈哈哈好！,<牛阿糕>: @璐清goddess,<哔哩哔哩小黄鸭>: @Y-元气少女-X,<这半生痴情煞多>: @PelMaSoKyi,<偷吃猫粮的劲仔小鱼干>: 帅气[并不简单],<我是方美眉>: 鹿晗哥哥[害羞][害羞][害羞]]
wxh812218675	当你妈问你钱都花哪儿了，应该这样做： ​​​	[<博宇yang>: 回复 @Pandora爱紫薯 :不少钱！我的肉都是钱堆出来的,<Pandora爱紫薯>: @博宇yang  哈哈哈哈哈哈哈,<正义真>: 回复 @Mandy_xxxx :正解,<Pandora爱紫薯>: 噗哈哈哈哈哈哈哈哈哈哈哈哈[笑cry],<MtM1N>: 回复 @iiifkk :不是我[微笑],<丶健忘动物>: @敏敏爱吃鸡   哈哈哈哈笑死,<iiiiiam酥>: @陈_同学  哈哈哈哈,<Melrose_blvd>: 回复 @黄桃树莓酱 :我今天还在打肿脸充胖子，装作很有钱的给我妈妈买了好吃的,<细数繁星闪烁细数此生风波>: @东海中爱李赫宰的章鱼    @温明明0207    @傲娇的小岳岳-   哈哈哈哈哈哈,<困兽哒>: 回复 @程铮人儿 :哎哟，媳妇你不胖,<程铮人儿>: @困兽哒  呜呜呜,<leisure-lehe>: @小学生的智障学姐,<阿井要去露宿满洲里>: @ZnhaiJIn   @王一坨-Dan   @商茶越  哈哈哈哈哈哈哈哈笑死,<Justin-Rossoneri>: @小歆儿uuu  [二哈],<大脸喵环儿>: 回复 @名字是Hazel :哈哈哈哈哈哈笑醉了,<樱桃蓝莓酸奶牛>: @Tuki的hunhan   @Melrose_blvd   @I披着狼皮的羊O  哈哈哈哈哈,<朵朵白色的小蘑菇>: @嗨我是你的小可爱呀,<壹枚滚石>: 回复 @趣多多耶 :哈哈哈哈哈哈哈哈哈哈,<-YinHsiao>: 我妈不会信的，她只会剁了我的手,<TheBaroness>: @simlivenow,<Sunny_晴->: @盖欣欣__charm,<趣多多耶>: @壹枚滚石  [笑cry][笑cry][笑cry][笑cry][笑cry]是你,<懵圈小太阳>: @时光恰恰恰好  [doge][doge]有道理,<吾乃蚩尤>: [哈哈][哈哈][哈哈][哈哈][眼泪],<陈什么菲_>: 哈哈哈哈哈 这是我这些年所有的积蓄！！]
wxh812218675	[污][污][污] ​​​	[<布莱克肥啾啾>: @Rainy阿雨呢,<我是柔柔的好棒棒>: @我是棒棒的好柔柔,<Keepfaith_瑾>: @希衡prayer,<樱井树里>: 回复 @朋友一生一起狗 :妈呀,<方展宇>: 回复 @Estrild :你的舌头在哪里,<目前只想上岸>: 这条微博是来虐狗的吗？[白眼],<赵小刀14736>: @小狗腿14736,<KokutouMikiya_>: @Luminosity7,<zyymzz>: @凉白开120503  [doge],<不跟陌生人说话的超人>: 回复 @六六仙女 :好啦，给我好好学,<广铅>: 回复 @真巧嘿 :厉害哦,<六六仙女>: @不跟陌生人说话的超人,<Aabout_哇yo_ZGDTX>: 我的妈啊，不敢转，悄咪咪 @衒儿,<薇姐S>: 跟小姐姐的日常  http://t.cn/RSPhaXw,<谭艳玲x>: @大涵涵_madman   @灯火阑珊-何必急于看到那个人,<噗嗤小hui>: 回复 @桑雨蝶丫 :[污][污][污][污]wuli污蝶～,<Tecsploit>: @澹台教主  系统自动at。。。[笑而不语],<一捧带叶子的胡萝卜>: 这也太污了[污],<真巧嘿>: @广铅   [污],<洋锅锅的围脖>: @下午茶呗   😋,<酱肉菜菜君>: @LeeKuoer-  [偷乐][偷乐],<小清新_薇>: @hayato1101_鼓手  [doge],<OneAlor>: [污][污][污]]
wxh812218675	想减肥的我！！！ ​​​	[<中医王唱>: @SuMuQin,<半夜睡醒会饿的胃>: 传送门 @小刚几,<风也不会笑>: @Stephanie-1204,<单单单单单单单单眼皮>: 回复 @余生不用你指教- :共勉,<可乐煮泡面>: 每天晚上的我……最后就是，来锅拉面吧……[拜拜],<余生不用你指教->: @单单单单单单单单眼皮  是我,<Andy呆>: @YvnMiiseen,<马圪垱村生产二队队员>: @鵺爪  你别忍耐，该吃吃[doge],<一见心安丶>: @我们这一家_luiz航建国前已成精  我要减肥,<池洛樱>: 回复 @Supercell_ryo :不是，我不听,<DL的迷姐>: 回复 @小笨偶尔很机灵 :哈哈哈哈哈，坚持坚持，一定坚持,<Supercell_ryo>: @池洛樱 [哆啦A梦吃惊][哆啦A梦吃惊][哆啦A梦吃惊]是你,<一只非典型冰糖鱼>: 回复 @小笨偶尔很机灵 :哈哈哈哈哈，坚持坚持，一定坚持,<超美小黄鱼>: @一只非典型双鱼   @DL的迷姐  [doge]一定要 坚持[并不简单],<妳想要我叫什麼才接受>: 回复 @超爱布朗熊的琳琳 :來！我們聊聊[并不简单][并不简单][并不简单],<超爱布朗熊的琳琳>: 回复 @妳想要我叫什麼才接受 :信啊信啊[doge][doge],<妳想要我叫什麼才接受>: 回复 @超爱布朗熊的琳琳 :我說我願意幫妳 妳信不信？  http://t.cn/RMTfZip,<狗砸她爹>: 回复 @W玉婷_ :控己我寄己[并不简单],<W玉婷_>: @狗砸她爹   你的写照,<我也是banana呀>: 我不减肥 肉肉爱我  http://t.cn/RSvRHYC,<超爱布朗熊的琳琳>: 回复 @giggity丶 :[眼泪][眼泪][眼泪],<我今天要疯狂>: @kkkxuan-,<giggity丶>: 回复 @超爱布朗熊的琳琳 :忍[加油],<超爱布朗熊的琳琳>: 回复 @giggity丶 :[喵喵][喵喵]求帮助,<giggity丶>: [doge][doge][doge],<超爱布朗熊的琳琳>: [摊手][摊手]每次都控制不住我自己]
wxh812218675	谁还不是个小公举了咋的 ​​​	[<杨小牌>: 回复 @小窗的出其布意 :哈哈哈 你哪里来的乱七八糟的,<小窗的出其布意>: 回复 @鲜的每日猫 :今日最好笑！！,<该减肥了提莫>: @惊起西风冷楼阙_,<酥皮蛋挞->: 有点可爱[挖鼻],<清风是过客>: 回复 @Beyond_PKK :他这么可爱,<爱吃灌蛋饼>: @Embasan,<Beyond_PKK>: 回复 @清风是过客 :忽然好想吃螃蟹阿[馋嘴][馋嘴][馋嘴],<__empathy>: @wing仙森  想养，不吃,<成都盼达用车>: #成都盼达用车#  你满满优雅的吃樱桃吧~反正我晚上有樱桃味的螃蟹吃了~~~[憧憬][憧憬][憧憬],<大允同学炒鸡喜欢格格blue>: 回复 @豆沫儿豆 :[羞嗒嗒],<豆沫儿豆>: @大允同学炒鸡喜欢格格blue   @电竞第一琨,<您秋怡>: @淋泽萝拉   @我不是lqy   @pibomb  哈哈,<我在终点处等你>: 回复 @iiiiipu_ :妈个巴子🙄,<路二千>: 回复 @露袁 :我屋头的螃蟹也是这么吃虫的,<鲜的每日猫>: @小窗的出其布意  你,<iiiiipu_>: 回复 @我在终点处等你 :吃完好上路,<一只小狗的微博>: 回复 @熊本熊表情包 :偶遇熊本,<吴吴芸>: 回复 @Xml熊 :哎呦我去,<Xml熊>: @吴吴芸  萌死我了,<鱿鱼咬铁板>: @铁板咬鱿鱼  [二哈],<雨逸小小>: 回复 @书已落辉 :螃蟹有许多种类 不是只有煮熟的会变红 有蓝色紫色红色and很多颜色的螃蟹,<曹桁的桁>: 回复 @国民少女酱 :我吃螃蟹也这么细致,<想不起来叫什么昵称啊>: 回复 @Laven_Leung :淑女,<萌了个喵z>: @star-HYJK   @freedom姗,<小猫座的杰尼龟>: @日天受到了冷漠对待   哈哈哈哈哈哈,<王乃乂>: 回复 @BabyMikoCC :[可爱][馋嘴],<張茜雅是誰->: @Karl__-   @WENCHUNLV,<山山大王就是我>: @Decade_1993  啊啊啊啊啊我也想吃樱桃🍒,<劳资就是无敌>: @TeAmo-qiu,<吳伈儀>: 吃饱了就收拾收拾下锅吧[喵喵],<胖苏家的胖米>: @sangita,<童王星Teenstar>: 为什么突然萌生了一股养螃蟹的冲动？[允悲],<书已落辉>: 所以这螃蟹为什么是红的？熟了嘛？[二哈][二哈][二哈],<李狗北啊哈>: @李Luka  [摊手][摊手],<不明用户189688>: @不明飞行物AEL  哈哈哈哈,<啊啊啊啊我要起飞了>: 回复 @啊啊啊我要掉下去了 :加配料呢,<啊啊啊我要掉下去了>: [眼泪] @啊啊啊啊我要起飞了,<柒十天>: 超级优雅[美甲]🏻[美甲]🏻[美甲]🏻,<Sakurababy01>: 过一会还不是要把它给煮了,<紫云路292号>: @不知名阿猫   想吃这个螃蟹。。。,<G7的阿唯>: 回复 @忧郁菇xx :可爱 想吃[爱你],<忧郁菇mio>: @G7的阿唯  妈呀太可爱了,<Fishinair_94>: 回复 @2017渣浪吃枣药丸 :养个螃蟹当宠物，挺好的[哈哈],<只是雪纳瑞太爱李倩_>: @飞呀飞呀呀呀呀呀,<Cheng惠贤>: @全圆佑的小老婆,<萌哒哒的软妹子>: @Aom-am哒   。。。养只螃蟹吧,<网瘾少主>: 螃蟹：最后一顿了慢点吃[二哈] @Molsan,<2017渣浪吃枣药丸>: @CYNRICCHAN   @Dwight丶102   @Fishinair_94   @欲揞禅香,<明懿安张祖娥皇后美嫣儿>: 喜欢吃樱桃味的螃蟹,<孟叔叔永远的小仙女>: 回复 @疯轻晕淡 :哈哈哈哈哈哈哈哈哈我滴妈可逗死我了！！！乐的累死我了！！！！,<Laven_Leung>: @想不起来叫什么昵称啊,<篠寒Hyoukakimi>: @林--sunny,<要小心心不辣>: 回复 @两个西y柚  的赞:西瓜[西瓜]……吃完了没有,<隔夜可乐没有气>: 可爱！！ @你快别吃了吧,<-pabinana->: 回复 @iam蔡小葵 :哈哈哈哈哈哈厉害了,<iam蔡小葵>: @-pabinana-]
wxh812218675	简直太形象了~[笑cry][笑cry][笑cry]（ 炒鸡爱打游戏） ​​​	[<Excaliiibur>: @Formulazhang1,<枣早和>: @Kasaharayuki,<佩佩菇凉_覀v覀>: @国服最强孙悟空,<我与自己的日常>: 这不是我[doge]拒绝,<卜沿颖y>: @我是阿通吖   🌝,<波多野瑾怡>: @swYeet-,<m99a->: @Occupationx,<Wzl72097>: 回复 @-棃岛倾空- :[眼泪][眼泪][眼泪],<-棃岛倾空->: @Wzl72097]
wxh812218675	见过很多猪，还是你最可爱~ ​​​	[<短粗胖的小怂货>: 回复 @仰望--------------静 :我最可爱[可爱][可爱][可爱],<仰望--------------静>: @短粗胖的小怂货,<TongTong_Wan>: 回复 @So_咚叮咿 :[可爱][可爱][可爱],<chen老巢958>: 回复 @ins_tagram :[怒],<So_咚叮咿>: 回复 @TongTong_Wan :不知道该高兴还是该难过,<大概是易只浪货>: 回复 @渡边由纪吃蛋饼 :是你,<渡边由纪吃蛋饼>: @大概是易只浪货,<WanGLuuuuu>: @-霍英俊-   快来看你的写真,<元气少女注孤生>: @进口挖掘基  是你,<-噜v->: 回复 @-LIBRAA- :heng,<-LIBRAA->: @-噜v-  [爱你],<-LIBRAA->: @揚揚揚社長  [爱你],<哒哒dadaZhao>: 回复 @哒哒dadaZhao :还是你最可爱 @兰蓝澜依旧,<校历>: @黎梓雨呀  是你,<hei-祖传黑>: @逗比的驼两岁  小香猪,<-Biubiubiboom>: @霸道总裁  不要打我,<pig-敏>: @pig衍  是你的骚猪吗[二哈][二哈],<绅士婧>: @_Tandice   小猪仔儿,<兰蓝澜依旧>: 回复 @哒哒dadaZhao :可怕,<ins_tagram>: @chen老巢958  是你 全是你,<Wyyy-E>: 回复 @又又-运气特别顺心态特别好 :[二哈][二哈][二哈],<我家只有盆>: 回复 @-何妨是你 :[doge][doge][doge] 这不是我们一家好几口,<请给我大碗>: @亿人患  [doge]快来看全都是你的自拍,<小花fa生mm>: 回复 @描木野空 :你现场学！别这么叫,<描木野空>: 回复 @小花生mmm :哼哼,<你仍是我的少年i>: @艾泽拉斯c  说你呢[猪头],<FromLostPlanet>: @SNH48-冯晓菲,<又又-运气特别顺心态特别好>: @Wyyy-E  你最可爱[猪头],<OVERBOART>: @CAT7hy   诶 全是你照片啊,<小花fa生mm>: @描木野空  是你,<RG-鑫僵僵>: 回复 @权世界姜只胜下腻裴我__hh :[费解][费解][费解][费解],<权世界姜只胜下腻裴我__hh>: @RG-鑫僵僵  是你,<马力练懵逼>: 回复 @白白啦_ :[喵喵][喵喵][喵喵][喵喵][喵喵][喵喵]猪[猪头],<ymhuihui>: @布侦探  安利你  http://t.cn/RVWnvCK,<就酱吧_bye>: @马力练懵逼  真真的～[噢耶][噢耶],<史上不知道第几梅吹>: @-眞果粒  是你,<丹丹酱2333333>: 哈哈哈 @我陪你走的璐你不能忘,<木子王木木呀>: @Biter五五开  [二哈],<莊湘榕>: 图片评论  http://t.cn/RaQNJcr,<taste潇洒>: @铭铭是只大兔几]
wxh812218675	祝福首页的小仙女们～ ​​​	[<少糖去冰加珍珠>: 希望考试能过[祈祷],<颖颖要减肥要恋爱>: 减肥成功，财源滚滚and告别单身！！！,<飞呀菲菲c>: 小仙女收下祝福了，希望告别单身[眼泪][眼泪],<我想不到更好的昵称了>: 收下祝福[鼓掌][鼓掌][鼓掌],<雨锁红楼>: 如愿以偿[求关注],<一切都要好起来H>: 收下祝福了，谢谢,<画99->: 小仙女收下了你的祝福[污]]
wxh812218675	你的王者荣耀队友们： ​​​	[<游浩贤同学>: 回复 @好几吧炫酷 :关键是这二逼老师还拍视频，看这AV画质手机还没学生的好吧,<阝可力口其斤>: [眼泪] 有人在偷笑，老子手机防水的。呀哈哈哈。。,<天宝宝天>: 这校服好像是广西玉林的技校,<彡隔壁老王>: 是时候买个小米6了[并不简单],<王晓锋Cool>: 应该买个7p 防水,<当年的我叫小飞侠>: @小RR棒棒哒  我们的队友,<三月落林>: 回复 @网易阴阳人手游 :阴阳人我靠哈哈哈哈哈哈哈哈,<鱼大一好条>: 我默默的打开水龙头洗了洗我的索尼xp[doge][doge],<大东子nice>: 回复 @我先睡一觉 :就事论事！没收手机是正确的，但手机为学生家长的财产，她无权力毁损他人手机！,<法力无边洞虚期鹦鹉>: 回复 @欺男霸女的李村长 :从青铜到白金，你经历了多少渣渣？从粉嫩到紫黑，你经历了多少摩擦,<欺男霸女的李村长>: 回复 @法力无边洞虚期鹦鹉 :图片评论  http://t.cn/RaEGXrW,<职业装逼选手>: 嘛批没有学生谁特么带我上王者[摊手][摊手][摊手],<法力无边洞虚期鹦鹉>: 回复 @欺男霸女的李村长 :你不陪我撸我自己有何乐趣,<欺男霸女的李村长>: 回复 @法力无边洞虚期鹦鹉 :中国建设不需要你,<法力无边洞虚期鹦鹉>: 回复 @欺男霸女的李村长 :我已戒撸,<2682_>: @Ryan_drgn  [嘻嘻],<寂地sue>: 回复 @程达也 :专科能算高学历？[doge],<阿呆的幸福时光018>: 回复 @我先睡一觉 :老师这么做很对？？？很服气你的思想。。,<阿呆的幸福时光018>: 现在的中国老师真当自己是神仙了？？叫学生干嘛就干嘛就算学生犯了错也不应该剥夺破坏他们的死人财产吧，对现在的中国老师真是无语如果一个老师没有好的素质麻烦辞职不要再给学生一个错误的观点了,<程达也>: 回复 @寂地sue :那么问题来了  专科和一本二本不都是大学[摊手][摊手][摊手],<寂地sue>: 回复 @程达也 :这不是废话，没有绝对的事。任何群体都可能出坏人但是概率差多了。高学历的犯罪率远低于低学历的犯罪率，承认不？,<程达也>: 回复 @寂地sue :别偷换概念没意思的   事实就是学历高的不一定是个好人  没读过书的不一定是坏人,<逍遥哥哥_ET>: 回复 @夜光失眠 :尊师重道，尊师在前边，既然你们固执的以为不尊重老师是件可有可无的事情，还讲这么多干嘛，散了[摊手],<PEACEMINOSME>: 回复 @风攻攻 :那还是谢天谢地了。,<真的超级想你啊>: 回复 @文质彬彬的烈马 :强词夺理呀你  谁脑子有病谁心里还没点数呀？,<心强丶>: 回复 @你江来是要付泽任的 :深水炸弹[doge],<夜光失眠>: 回复 @逍遥哥哥_ET :完全没有可比性。。。。,<大帅Clown>: 回复 @钮钴禄和珅 :我泡了半个钟。。。。,<风攻攻>: 回复 @Vincent-gyy :没理啊！我赔钱好不好？但你以后不要在我班里出现了。,<风攻攻>: 回复 @PEACEMINOSME :好啊！手机多少钱，我赔给你，请你以后不要在我班里出现！,<123我爸爸说>: 回复 @lesflyElcielo :那叫鱼雷,<HehE何何何何何>: 回复 @好几吧炫酷 :我们当年高中 进校门搜行李 路上保安看到了随时搜身 课间操时间学生在操场上待在班主任在教室里一个个课桌的搜 收到手机一般是当场摔坏或是泡开水 听说隔壁学校有期末把一学期收到的手机一锅烧了的,<第几眼意中人>: 回复 @_斯坦福橋一顆釘 :哈哈哈哈,<_斯坦福橋一顆釘>: 回复 @凤求凰琥珀蜜蜡工厂 : @第几眼意中人,<寂地sue>: 回复 @程达也 :所以呢？拿个例来定群体的性质？那你怎么不说监狱里大部分都是初高中小学文化的，公务员金融IT白领都是高学历的？,<走走停停的Catts>: 回复 @给我三国藤吉三个面子 :一群人在那酸i7不防水，真是笑了，没亲自用过就瞎下结论，我的i7在水里泡半个小时出来一点事没有不知道你们在那酸什么酸[微笑],<无下限的小童鞋>: 回复 @好几吧炫酷 :有些人真特么能扯淡，学校都不敢说玩手机就开除学生；老师有权没收手机，但没权利破坏手机。,<北区帅叔叔>: 太棒了 终于少了几个小学生,<JianNice->: 其实这是防水手机的软广,<Point-DD>: @SHIZICH3N  [doge][doge],<聊-你->: 回复 @给我三国藤吉三个面子 :这样丢进去，7防水级别不够啊兄弟,<tellmewhattodo丶>: 回复 @萧楚奇 :[笑cry],<忆往昔心似西江水>: 回复 @弹吉他的狗肉 :正确的做法是请家长讲清楚，家长不管的话直接放弃这种学生就行了,<忆往昔心似西江水>: 回复 @逍遥哥哥_ET :也就你这种弱智会自己自愿把手机丢桶里,<帕瓦衣>: 回复 @好几吧炫酷 :我们学校就是这样，老师发现玩手机就让你把手机游泳三天。,<好几吧炫酷>: 回复 @狐年狸月爱上你 :没有权利啊 谁说可以随便踢人了 踢人当然是不对的啊,<我真的是流星雨>: 三星索尼或成最大赢家,<Rinzle>: 回复 @网易阴阳人手游 :我靠差点以为官微跑出来了,<72的鸡翅膀>: 回复 @给我三国藤吉三个面子 :ip67级本来就可以在水下1米安全的浸泡30分钟。不知道争论些什么，防水又没说要在水下使用，iphone7又没打虚假广告有什么好黑的[摊手],<Hmily丨守>: 回复 @段博怀i :九年义务教育被你吃了？学校有权让谁走？校长有这个权利，但是他也要考虑影响]
wxh812218675	这是一条收集 玩游戏时吐槽 的微博[笑cry] ​​​	[<嗨呀好久不见>: 回复 @吴夫人_ :哈哈哈[嘻嘻][嘻嘻][嘻嘻],<吴夫人_>: 回复 @嗨呀好久不见 :[捂脸]我对不起他们,<不解风情的小白同学>: 回复 @我的名字好帅w :哈哈哈笑死,<Lemon冷沐1218>: 回复 @是小棉袄啊_ :我室友每天被我烦死，快要把我拖出去，从开始一直吐槽到结束,<三三个两两呀>: 回复 @Lemon冷沐1218 :我都是嘴巴上说说。哈哈哈。打字太累,<Lemon冷沐1218>: @是小棉袄啊_   笑哭我[允悲][允悲][允悲][允悲],<Meiouy0-0->: 回复 @普通小姐2 :级别不好  网速不好  配合不好也会送的好吗[摊手],<Meiouy0-0->: 反正没打好就是投诉[摊手],<Meiouy0-0->: 回复 @嘿呦牛宝宝 :不是故意送人头就算了  还被举报你恶意送人头  5分没了[微笑],<shadow_fairy>: 回复 @久雨新霁 :意思就是我们立刻就要赢了不到三秒，猪都能看见，没有反转，队友要投降认输[思考],<杨chen钰>: 回复 @鹿斑秋 :[二哈]好像是对基友不过真的有趣,<嗨呀好久不见>: 回复 @吴夫人_ :哈哈哈天真的小姐姐，你帮别人打了可以分经验和经济，但是击杀野怪的分的多[嘻嘻][嘻嘻][嘻嘻],<ZTMQ-_>: @我和我的玻璃心儿   遇到喷子怼回去[doge],<呼啦啦呼啦啦呼啦呼啦呼x>: @你是我心中的方茴,<一吃就长胖>: 回复 @湮水无情 :我就该告状的 哼很气,<shadow_fairy>: 一个满血的妲己身上带着孙膑的炸弹非往残血的鲁班身边跑，杀队友还是可以的[笑cry],<shadow_fairy>: 回复 @LllnYI :这种白痴怎么这么多，然后别人复活来把技能残血打主宰暴君的队友们团灭了一波了，我.....,<暴躁河豚>: 回复 @shadow_fairy :听不懂呵呵,<shadow_fairy>: 我特么还遇见一次我们都推到水晶了，对面团灭了，有人发起投降了，队友有毒，我当时也不去推水晶了必须打字说一下 @久雨新霁,<米其林三星盖浇饭>: 回复 @芭比没有大眼睛 :我就是玩的LOL，我没玩王者荣耀,<Sayadarling>: @呼啦啦呼啦啦呼啦呼啦呼x,<吴夫人_>: 回复 @嗨呀好久不见 :我真的以为是……我还经常看到别人快打死了就去帮忙……,<卷心蔓越莓>: @安静的简单爱Jay  哈哈哈哈哈哈哈哈哈,<妖精之道>: 回复 @我的大佬是仙女 :小辣[母鸡][二哈],<一只爱吃的雪梨球>: 人都被打死了 赵云还一直发起进攻[拜拜]从开局发到结束,<我的大佬是仙女>: 回复 @一个独立特行的仙女 :嚷嚷什么，小辣[母鸡],<湮水无情>: 回复 @一吃就长胖 :红红火火恍恍惚惚[哈哈]大乔小姐姐我来找你啦[挤眼]好在我排位没碰到骨骼如此清奇的打野小哥哥[污]他这么出轨不怕被大小姐打爆头吗[思考],<Leo_豆丁>: 回复 @芭楽噜 :好滴好滴[眼泪][眼泪],<Guxr_>: 你的手还好吗？不然为啥用脚玩？,<芭比没有大眼睛>: 回复 @米其林三星盖浇饭 ::哈哈哈，我和你说，玩lol就是必须回家才能买东西！导致我玩王者的时候，有段时间都以为回家才能买东西！！！,<芭楽噜>: 回复 @Leo_豆丁 :哈哈哈哈哈好叭[笑cry]这些颜文字都是我自己存进去的,<薇Rene>: 回复 @一堆哈欠 :哈哈哈哈哈哈哈,<Leo_豆丁>: 回复 @芭楽噜 :颜文字[眼泪][眼泪]上着课就打错了,<我就只是我自己的宝宝>: 回复 @若是薇凉 :[允悲][允悲][允悲],<蓝婷婷丶>: 第一次玩吕布的时候，打大龙[喵喵]大龙挂掉的时候家也没了[喵喵]队友最后一句话“吕布你家快没了”然后水晶爆了[污],<粪球滚下山坡的故事>: 回复 @葭吖o-0 :同是天涯被坑人,<待我长发及腰你上吊可好>: @C扣的   哈哈哈哈哈哈哈,<蛋丹单但淡>: 回复 @村口卖瓜的任小哥 :🙄🙄,<村口卖瓜的任小哥>: 回复 @蛋丹单但淡 :哈哈哈哈,<蛋丹单但淡>: 回复 @村口卖瓜的任小哥 :不是不是[允悲][允悲],<毛里求斯_肉腾腾>: 回复 @我的名字好帅w :我同事是个男的，他骂人总是，唉你这只猪真的是太可爱了（无奈脸），然后每次都被人感觉是个萌妹[偷乐],<村口卖瓜的任小哥>: @蛋丹单但淡  是你不,<良善妓>: 回复 @我的名字好帅w :哈哈哈哈哈哈哈哈哈哈,<小肥猫吖>: 回复 @粪球滚下山坡的故事 :[允悲][允悲]我遇见的是 敌方正在追他  我们全跑过去救他  结果他自己满血跑回家  留下我们被杀的一干二净[二哈][二哈],<-长寂->: 回复 @一吃就长胖 :是呀是呀hhh国服第一美,<J_SeungRi>: @Cccyay_  看评论,<奇异果西柚姜>: @芥末想养小狼狗   [doge],<芭楽噜>: 回复 @我的名字好帅w :别人的安琪拉 是我我就草泥马你管我[二哈],<就你长嘴了叭叭的>: 回复 @我的名字好帅w :哈哈哈哈哈哈哈哈哈哈哈哈哈哈哈哈哈哈哈哈哈哈哈哈哈哈哈哈笑飞了,<芭楽噜>: 回复 @Leo_豆丁 :什么排除法…,<瑞王府滴小透明>: 逃的過也是種本事,咱們來日再戰~告辭[允悲]// @熊本熊表情包 : 我凭本事逃的命，凭什么喷我卖队友？[笑cry],<Leo_豆丁>: 回复 @芭楽噜 :妹子这些排除法是哪里找的[脸红],<淼淼M_eeeeeow>: 搁那儿站着干嘛日柱子吗？跑那么慢你是个香蕉船啊！,<不知什么名字好-->: 回复 @我与自己的日常 :小姐姐求背景图[爱你],<淼淼M_eeeeeow>: 去你们妈的敢打本公主 我胸一甩奶四海……卧槽奶不住啊！撤撤撤！兄弟们保重！,<小玉如歌>: @realcrane,<差点失控了>: 我们开了三次团，廉颇（肉）没有一次进团，在上路带线带了800年，一个塔没推掉，我问他能不能参团一次，他说不能，他有自己的梦想。[拜拜][拜拜][拜拜][拜拜][拜拜]]
wxh812218675	贴吧看到的，假装自己有对象系列~ ​​​	[<子书萧榛>: @不负如来不负卿YOLO  [阴险],<恶魔的走猫>: 回复 @狗找瘫 :我恨不得打死你[并不简单],<牙齿不好吃>: @-橘子厶   @套路王小林,<梁太太的王先生>: @沉up  [doge],<狗找瘫>: @柚子葡萄柚子茶    @喝酸奶舔瓶盖的小可爱    @恶魔的走猫,<Funny-sir>: 回复 @青橙少年- :哈哈哈好,<青橙少年->: 回复 @Funny-sir :不发 打断腿,<Funny-sir>: 回复 @青橙少年- :绝对很诱人[喵喵],<青橙少年->: 回复 @Funny-sir :就服你 你到时候 不拍罗[doge],<Funny-sir>: 回复 @青橙少年- :下次吃了什么饮料，吸管留着发一波自拍,<这货是萝卜>: @小确幸yeyeye  我不厚道的笑了[哈哈][哈哈][哈哈],<青橙少年->: 回复 @Funny-sir :哈哈哈哈 大吸管,<Nostalgic--->: 回复 @AsunnyGirl_ :[ok],<AsunnyGirl_>: 回复 @Nostalgic--- :半个。,<Funny-sir>: 回复 @青橙少年- :哈哈哈哈哈哈哈 可以试试！,<Nostalgic--->: 回复 @AsunnyGirl_ :你想要多少,<青橙少年->: @Funny-sir,<AsunnyGirl_>: 回复 @Nostalgic--- :一片？？给别人以为我中毒了,<Nostalgic--->: 回复 @AsunnyGirl_ :下次给你种一片,<AsunnyGirl_>: 回复 @Nostalgic--- :[怒]你这人说话怎么这么直言不讳,<Nostalgic--->: 回复 @AsunnyGirl_ :想让我给你吸就直说，拐弯抹角的,<AsunnyGirl_>: 回复 @Nostalgic--- :[笑cry]我可不会给我自己吸,<Nostalgic--->: 回复 @AsunnyGirl_ :你想要？,<AsunnyGirl_>: @Nostalgic---,<我就是喜欢你不服你就亲我>: 学到了学到了[doge],<伊娴兒w>: [眼泪] @陳曾文299,<是丽娜>: @思牧憧憧耳东陈  哈哈哈哈,<瘋狂小人類Katharine>: @泳贤-  弱智,<无尾熊小姐·>: @高Gaoggg,<靓靓靓靓靓靓仔楠>: 还敢种草莓？难道你们都没看新闻吗？因为给女友种草莓口吐白沫[二哈]………,<双人徐单人青>: @布袋骆驼  ......你不是说想找个人假装种草莓吗.现在可以自行解决了,<chjxx>: @Ugreen-,<木一那>: @英奇是我   真的有唉,<身高一米九的前尤文成员>: 心疼了  http://t.cn/Rald3jF,<爱陈焱啊>: 回复 @陈焱啊 :哈哈哈哈哈,<又忘昨日心情>: 你对象嘴巴真小[并不简单],<陈焱啊>: @爱陈焱啊  叼,<马自制力差>: @Sleepingpill_  噗嗤,<橙子是长腿小可爱>: 试过了 没啥用[二哈][二哈],<何余歌>: 6666666666]
wxh812218675	小仙女自取～[微笑] ​​​	[<BLUEBELLay>: @叫我小仙女儿__  哈哈哈哈,<超级大大泡泡ooO>: 回复 @梨梨圆上枣o_O :我是大帅比,<难再来i>: @甲乙丙丁你你你   适合你的表情包[doge],<鸡儿梆硬>: @潘那个洁  小仙女,<清心cassie>: 回复 @Sandglass_Kee :[哈哈][哈哈]是我[喵喵],<小猫座的杰尼龟>: @日天受到了冷漠对待   不谢[思考],<Sandglass_Kee>: @清心cassie  [偷乐][偷乐][噢耶],<老吴家的小豆豆>: 回复 @梨梨圆上枣o_O :哈哈哈，可爱的,<ttttp111>: 回复 @Lsftairy :是，你来做一套那个表情我的小仙女,<彭惠媛吖>: 回复 @2Z2c2zY :已取[二哈],<Lsftairy>: @ttttp111,<XNZZDN>: 回复 @XNZZDN :你吗？,<对偶是仙女>: 回复 @Southxx- :谢谢[害羞][doge],<Southxx->: @对偶是仙女  [喵喵],<MrGao_0611>: @抓到夏目的猫咪老师  哈哈哈,<梨梨圆上枣o_O>: @超级大大泡泡ooO   @biubiu复biubiu   @老吴家的小豆豆]
wxh812218675	祝福看到这条的人[可爱] ​​​	[<婷子fighting要向前看>: 回复 @_crumble :哈哈最好是啦！心灵鸡汤,<积木_______>: 哎～不用你安慰我[二哈],<_嘟嘟1119>: @_杜杜1119   是你,<取名好烦EI>: 也许吧 在梦里吧[允悲],<一身勋味>: @-草莓酱酱酱_  [摊手],<奥易森华人衣橱>: [群体围观][群体围观][群体围观] @加拿大服装师may,<你是小变态啊_>: @你的小变态啊_,<又不是你的小仙女>: @Kusuri丶yubi,<_crumble>: @婷子fighting要向前看,<我实在想不出取啥名>: 回复 @黄佩瑜 :我怎么突然觉得我自己好悲伤[泪],<小呀小韵韵>: [心][心][心],<篁申甫>: 回复 @Lily丶莉 :爱你🙈,<锦锂大王>: 回复 @浅川樱Crystal :爱你[悲伤][悲伤][悲伤],<hmm懒得起名字>: @小女君子也耶耶,<某鹏欧吉桑z>: tan90°[摊手],<Shown_Z>: 回复 @小熊加加油 :么么哒爱你,<Kellylylyya>: 回复 @Lily丶莉 :[心][心],<hey大敬>: 回复 @信珂- :[张嘴][张嘴],<vvReader>: 赶紧的那个人可以出现了,<小熊加加油>: @Shown_Z  一定会的,<Lily丶莉>: @篁申甫    @夏塘风向东    @Kellylylyya   [鲜花],<信珂->: @hey大敬  我都找到了[心],<Seven-Syc>: 回复 @嘿-面码 :[爱你][爱你][爱你],<李喵喵的玺宝宝LYF>: 但愿不会太晚[心][心],<Pearlescent丶>: 好的[心][心],<嘿-伊丽傻白>: @Seven-Syc,<狗小狗叶子>: 哪怕晚一点，希望他一定来啊[太开心],<时光带走了很多也留下很多32725>: 放心爱你的人会慢慢慢慢慢慢慢慢慢慢慢慢慢慢慢慢慢的到你身边的。,<胖喜七>: @陈泓宇这下牛逼了,<look-cat-Meee>: @梁启铭2B音痴  找到了已经[兔子],<刘大夫人的张先生>: 回复 @lauhoS :metoo,<lauhoS>: @张骥先生  我已经找到了,<oh-vvv>: 那我最爱的怎么办,<Per-plexlty>: 回复 @萬吃吃- :嗯嗯   会有的[爱你][爱你][爱你][爱你],<绵羊在牧场>: 回复 @零霖霖霖 :希望在被父母逼着结婚的今年能碰见那个人,<菇凉姓曲>: 回复 @墨川河畔 :[兔子][兔子][兔子][兔子],<零霖霖霖>: @绵羊在牧场    @闻离-    @Amor_miooo,<墨川河畔>: 回复 @菇凉姓曲 :看到啦[doge],<一只北巷九命猫>: @隔壁美少女小王   @Dakotaaaa  ,<威廉姆森不成醚>: 谢谢 但愿可以实现 可以等的久一点,<萬吃吃->: @BB-Ferryman    @Per-plexlty   加油[挤眼][挤眼]会有的,<秦奴弋>: 回复 @刘靓靓_ :好,<刘靓靓_>: @秦奴弋   一定要让你看见！,<不愧是GOT7啊>: @blingblingshakalaka,<偷偷做个小号>: 好，谢谢你[憧憬],<秋阿秋呀_>: 希望在被父母逼着结婚的年纪能碰见那个人,<哎呀小土豆儿>: 愿真心不再辜负[亲亲],<Amico以>: [爱你][爱你][爱你]但愿如此,<系田系田>: 但愿如此[失望],<饿尔多思啊>: 但愿不会太晚[挖鼻],<咦_____>: 五十岁么[摊手]]
wxh812218675	开饭啦～ ​​​	[<江與圖>: @王阿花GONE  [拜拜],<最不神秘女嘉宾>: 回复 @Blue-Placebo-SOS :Lq,<Blue-Placebo-SOS>: @最不神秘女嘉宾,<花木花木爱文艺>: 图六表情最绝啦[笑cry][笑cry],<Fanya_33>: 回复 @_Helheim_ :忙到胳膊都抬不起来了！冲啊啊啊啊！！,<毛毛啊->: @肥兔子MC   @-小贝壳-,<喵还是爱着狗仔的>: 哈哈哈这个很强强无敌[哈哈],<_Helheim_>: @Fanya_33  冲啊啊啊啊啊啊啊啊！,<温哥华现货>: [真V5][真V5] @加拿大服装师may,<趣多多耶>: 回复 @壹枚滚石 :[害羞][害羞][害羞],<壹枚滚石>: 回复 @趣多多耶 :哈哈哈哈好好谢谢宝宝,<趣多多耶>: @壹枚滚石  收图]
wxh812218675	猫咪表情包，老婆版～ ​​​	[<葱灰沙豆>: 回复 @苏AM :亲亲你,<她从远方赶来Q>: 我想你了[爱你][爱你][爱你] @他从远方赶来,<他从远方赶来>: @她从远方赶来Q   学着,<李萌mmm>: 回复 @谷欠迷妹 :存了存了[doge][doge][doge],<xym是小王几>: @Mirsilence,<P-J-P>: 回复 @翙翙其羽_ :[微笑],<喔呦小仙女>: @fool不放弃,<泰米酱>: @hanz是流氓,<DaddyDarcy>: @ParXcam,<南方秋日>: @陈小贱要没心没肺的过每一天,<酒元步美>: @秦华洋74541   [笑而不语][笑而不语][笑而不语],<时飞的>: @要变瘦腿欧内酱  [舔屏][舔屏],<不能吃饱的小金鱼>: @Allen_ucas  二狗子做成表情包吧[偷笑][喵喵],<紅寶贝Vicky>: @沉着冷静的小逗比,<樱花妹>: @Superman阿冉,<奥易森华人衣橱>: [热吻][热吻][热吻] @加拿大服装师may,<XXYHJYY>: @JYYHXXY   你 收藏了,<GGG小霜要变苗条>: @蛋蛋蛋蛋蛋蛋君_  简直就是你的日常,<dvffgthjuiyjtfettef>: @fetteftjyiujhtgffvd,<Wow吧很有爱啊>: 谁的表情包最少，肯定是司马老贼啊！,<姚月DUT>: @喵喵超人是喜欢阳光的,<黎羽dhy115>: @Radiomy,<王国嵘>: @李大淳HA   [并不简单][并不简单],<大晶OTATO>: @土豆土豆TAT,<荒郊野冢>: 回复 @是咔咔啊 :[皱眉][皱眉][皱眉]老婆想你了,<喵还是爱着狗仔的>: 评论全是艾特对象的[摊手],<XKkkkkxxxx>: @camouflaging__,<pig-敏>: @pig衍  [爱你],<zHanGbAoU>: @原来是小跟班阿,<大米Emile>: 回复 @篸覯纍dei :[doge][doge]收藏收藏了,<廖疑琪>: @GoHome2333,<Lsftairy>: @ttttp111,<酒馆归人>: @辉煌的杰诺斯  快来收走,<篸覯纍dei>: @大米Emile  表情包！,<刚放凉的白开>: @老衲受了你这只妖精,<阿里娜Elena->: 回复 @大_J森_ :这是表情包…,<大_J森_>: 回复 @阿里娜Elena- :快去养猫,<曹楷辰>: 回复 @夜猫要长胖 :老婆 老婆 老婆 么么哒,<阿玛依萌小板娘>: 回复 @梅菲丝特大咸鱼 :保存！[并不简单],<飲鳩酒>: @此三金非彼三斤,<玳湫>: 回复 @你说你是四月 :拒绝，酷酷的我不需要这么可爱的表情包,<是一大只馨怡嗷>: @桑鶸并不熟悉西方那套理论   [doge],<King-航>: 回复 @是文静昂 :[ok],<我今年6岁了>: @Atlas__,<Moody_杨>: @凯Daniel   快收,<胖球要清肺>: 回复 @雪碧姊 :已保存！,<雪碧姊>: @胖球要清肺  [doge][害羞],<亚洲猩猩_西西>: 回复 @尹夏丹不是傻x :这不是我的日常么,<小黄小朋友啊>: @无敌暖男阿涛涛  收着,<小猫座的杰尼龟>: @日天受到了冷漠对待,<一枚匠子粒>: @镁镁四级不过不改名   想你啦,<李二姑娘Le>: @Sssssssy__,<SoulTaxol>: 单身狗觉得很喜欢你但不知道 @谁  [微笑],<10969毛线_九亿少女>: @Neet_Leo,<尹夏丹不是傻x>: @亚洲猩猩_西西]
wxh812218675	猫咪表情包，老公版～ ​​​	[<zyymzz>: @凉白开120503  [可爱][可爱][可爱],<老衲受了你这只妖精>: 回复 @海琴呐啊 :沉迷老婆美色[舔屏],<你眼中的来日并不方长>: @一一浮休  我用不到，都艾特给你好了[眼泪] [眼泪],<Lsftairy>: @ttttp111,<小HoneY儿>: 回复 @愚公爬山丶 :想要原图 打屎粑粑,<愚公爬山丶>: @小HoneY儿,<刚放凉的白开>: @老衲受了你这只妖精   来吸猫,<DonotBeTooSerious>: @被嫌弃的瓜子的一生,<熊猫村足球先生老鲜>: @璇璇太可爱了吧,<艾因斯高冷>: 回复 @JIZh- :哈哈哈哈哈哈哈哈二狗子,<Stranger-徐>: @CHERUB-BB,<王老吉雪碧加芬达>: 回复 @高孤独 :二狗子[笑而不语],<能biebie>: 回复 @嫣语莫 :求你求你求你求你求你求你求你求你求你求你求你,<小猫座的杰尼龟>: @日天受到了冷漠对待   你应该存这套,<一枚匠子粒>: @镁镁四级不过不改名,<李二姑娘Le>: 存了一套，可爱死了,<麋騼>: 回复 @come_in_peace :收了[偷乐],<come_in_peace>: @麋騼  送给你,<Chihiroes>: sway[兔子],<Chihiroes>: sway[草泥马],<-AbhorrEnce>: @-EnClasp,<Mmmmmmyuy>: 回复 @能biebie :求我,<Jasmine_Yinghe>: @爆炸气boom   我存这一套,<温柔被她唱成了歌>: @彼岸的她影影绰绰,<高孤独>: @王老吉雪碧加芬达]
wxh812218675	再也无法直面这些词了！[污] ​​​	[<逗逗逗逗云>: @爱云云云云   哈哈哈哈,<牛牻牻>: 别 .... 别开车 我营养跟不上[二哈],<超美小黄鱼>: 回复 @雅痞小黄鱼 :没话说[并不简单],<超美小黄鱼>: 又这样[摊手][摊手][摊手]  http://t.cn/RaMIWUo,<刘姝含要进ucla>: 🙈🙈🙈 @刘梦辫子扎歪了,<DonotBeTooSerious>: @被嫌弃的瓜子的一生,<小小先生_FAN>: 求求你给我的鸡儿当天假吧！,<Waiting粗面的鱼丸君>: @XerxesTheGreat泽克西斯  [偷笑][偷笑][偷笑],<真的十一点半睡觉>: 全部都读惹一遍[二哈]]
wxh812218675	要加入我们的学习小组吗？ ​​​	[<回忆专用奴良陆生->: @莫默陌寞末老爷_mo,<鱼丸呐->: @丁羽毛-   @青又青-  拿去,<雪球君胖来自闭>: @孙二蛋蛋-   来吧宝贝,<饿尔多思啊>: 实际上是：看书两分钟，玩手机两小时[doge],<多弗朗名哥的妹妹>: @我的可爱能当饭吃  图六猥琐小妮妮,<额骨头旁着天花板>: 废柴联盟哈哈哈哈,<璎旖>: @醒醒love考上,<猫殇阙歌>: @猫殇阙歌   我没有人可以at[允悲][允悲][允悲]，那我就at我自己吧[坏笑][坏笑][坏笑],<Miu_ing>: @Yun_ing,<-Monet的阿姨粉y>: @王星星是苏坡man,<愣小雅萌萌哒>: 到你这看下，希望你能快乐每一天^_^[可爱],<李二姑娘Le>: 需要啊[好喜欢],<XNZZDN>: 回复 @叫我葛大大吧 :哈哈,<叫我葛大大吧>: 回复 @XNZZDN :好的[好][好],<诸葛我服>: 污熊[阴险][阴险],<刚放凉的白开>: 回复 @汐雪5628279910 : @唐国主李煜    @宋徽宗赵佶官博    @大清王朝爱新觉罗弘历   你去翻他们微博,<刚放凉的白开>: 回复 @海琴呐啊 :我今天迷上了一对cp，还有小三,<红毛衣1988>: @卍鬼酱卍  [笑cry][笑cry],<汐雪5628279910>: 回复 @海琴呐啊 :哈哈哈  我明明已经在里面了[偷笑][坏笑],<刚放凉的白开>: @Limerence_nt    @汐雪5628279910]
wxh812218675	装逼公式！ ​​​	[<诸葛我服>: 博主为啥性别变了[阴险][阴险],<songzff>: 回复 @liuliutan :嗯多休息休息当意,<同福里的八宝鸭>: 快点来长知识[doge] @_PANG__,<TanGiN_Mayday>: 回复 @sweet_霖霖 :迷哥,<sweet_霖霖>: 回复 @TanGiN_Mayday :你是迷弟还是迷妹,<大胯叔>: 回复 @TanGiN_Mayday :得，大神[作揖]初一狗给您跪了[作揖],<稚昂仏蒽>: @官博你今天给我激活码吗,<大熊猫子丶>: 回复 @囧囧有神1983 :爱你,<TanGiN_Mayday>: 回复 @Swell就叫这名字了 :你也很厉害[爱你],<咕噜咕噜0818>: 今年考完研的我竟然已经不会了[拜拜],<小诺Eleanore>: 看到第三个有点方，学的高等代数好像都还给老师了……,<TanGiN_Mayday>: 回复 @sweet_霖霖 :迷妹好[微风],<Swell就叫这名字了>: 回复 @TanGiN_Mayday :你已经特别厉害了哥哥,<sweet_霖霖>: 回复 @TanGiN_Mayday :活捉五米,<liuliutan>: 回复 @songzff :肚子太疼了我回宿舍了,<TanGiN_Mayday>: 回复 @sweet_霖霖 :[偷笑],<TanGiN_Mayday>: 回复 @谢毛毛ii :[哈哈]你也是,<sweet_霖霖>: 回复 @TanGiN_Mayday :这个可以有[笑cry]壮哉我大五迷,<TanGiN_Mayday>: 回复 @sweet_霖霖 :[偷笑][偷笑]不会说我喜欢了十年,<songzff>: 回复 @liuliutan :的亏我看了一楼评论解释要不我都看不懂,<sweet_霖霖>: 回复 @TanGiN_Mayday :五迷就是这么棒,<明朗又酷>: 回复 @这只鹅蛋脸只有一个小酒窝 :我也是,<米缸婷子_>: 回复 @布丁蚊不叮 :我看不懂[生病],<onlySunnySHENG>: @cst_时光机是骗小孩子的   @钢草莓  [doge],<宇宙超級无敌小可爱啊的大宝贝>: 回复 @宇宙超級无敌小可爱啊 :撒子，需要你懂吗,<谢毛毛ii>: 回复 @TanGiN_Mayday :[二哈]你就是一个特别厉害的人,<宇宙超級无敌小可爱啊>: @宇宙超級无敌小可爱啊的大宝贝,<小睿仔wr>: @杜小诗BOBO,<宅女卡尔>: [二哈]// @TanGiN_Mayday :第一个tan90不存在，第二个x，y不同趋近方式，极限不同，故不存在，第三个行列式值为0，矩阵的逆不存在，第四个同理不存在。,<我是小奔啊>: 不存在的，都是不存在的[NO],<肥咦咦咦>: 回复 @这只鹅蛋脸只有一个小酒窝 :我也是[二哈],<TanGiN_Mayday>: 回复 @表情站 :么么哒[爱你][爱你][爱你],<表情站>: 回复 @TanGiN_Mayday :厉害了，跪舔,<TanGiN_Mayday>: 第一个tan90不存在，第二个x，y不同趋近方式，极限不同，故不存在，第三个行列式值为0，矩阵的逆不存在，第四个同理不存在。,<饮笑兰风>: @凉粉菌爱草帽   哈哈哈哈哈哈，不存在的,<如果我是超人实>: 回复 @Ashes_of_Dong :哈哈哈那是肯定不存在啊,<liuliutan>: @songzff,<YOLO想吃羊肉串>: @老实芭蕉的milk,<利马旅馆>: 为和学霸斗图做好准备[笑cry][坏笑],<_Maorro>: @_hebo  2、3、4都是什么意思,<次亚硫酸钠>: 每个答案都是“不存在”[二哈][二哈],<抹茶小仙女97>: 只能看懂第一个[眼泪],<是小段儿啊>: 回复 @-Echozr :高中老师没教你呀,<-Echozr>: 回复 @VeraDuan :滚犊子吧,<是小段儿啊>: 回复 @-Echozr :不存在呀  你傻呀,<咸鱼之星bulingbuling>: 为什么我是学数学的还是一脸懵逼🙃,<-Echozr>: 回复 @VeraDuan :所以你给我讲啊 理科妈,<是小段儿啊>: 回复 @-Echozr :这你就看不懂了吧,<Ashes_of_Dong>: @如果我是超人实  不存在的。,<认真的初学者不听国王扯>: 这些式子，在大学高数线代里面，结果是不存在的。,<-Echozr>: @VeraDuan]
wxh812218675	每当朋友给我讲笑话的时候[微笑] ​​​	[<喵喵貓老大>: 老白的表情充分代表我此刻心情[二哈],<吾在->: @chubiubiu    @毛文什么    @狒狒会飞废,<璐璐不是鹿鹿i>: 哈哈哈哈哈哈哈哈哈 是我,<许多积极>: @zaprays,<雯雯小小宝宝>: 回复 @阿阿阿嘣脆啊喂 :你也是的哈哈哈哈哈哈哈哈哈哈哈哈[偷乐][偷乐],<Linkio>: @故事是我编的但爱你是真的,<二两老友不要辣>: 回复 @-赵贱贱 :靓女，一起苏搅某？,<Oioioihhh>: @雯雯小小宝宝  哈哈哈是你！,<-赵贱贱>: @二两老友不要辣  这不就是每次我给你讲笑话的时候吗[眼泪],<-张诗桐>: @平g_   哈哈哈哈哈,<小小酥-laffy>: @183_Jerry  哈哈哈哈哈,<薛之橙之fun_>: 回复 @没饭要一直很开心ha :泥奏凯[哼],<没饭要一直很开心ha>: @薛之橙之fun_   🙃,<夏沫的微笑199603>: 回复 @M777鹿M :[二哈][二哈][二哈],<清心cassie>: 回复 @Sandglass_Kee :你不要黑我，明明狂笑不止的是你[白眼],<Sandglass_Kee>: @清心cassie,<ZPIAOLIANG_>: 我是那个讲笑话的[笑cry][笑cry][笑cry],<夏雪smilejoy>: @沙溢   说你呢[笑cry],<电竞王祖贤V>: 回复 @素人船子 :控几不住几己啊！,<綾裡sama>: 回复 @一梦无境 :哈哈哈哈哈哈哈哈哈哈哈哈,<BLUEBELLay>: 回复 @叫我小仙女儿__ :对对对 就是我呀,<叫我小仙女儿__>: 回复 @BLUEBELLay :我有吗[挖鼻][挖鼻]明明那个朋友是你,<你来了多久>: @綾裡sama  哈哈哈哈哈哈哈哈哈哈哈,<BLUEBELLay>: @叫我小仙女儿__,<镠汐>: 回复 @saisai是Zoooooeysi怪兽 :这不是我，债见[拜拜],<不就是个昵称罢了>: @樱叶两   老刘[喵喵],<M777鹿M>: @夏沫的微笑199603   没毛病，就是你[摊手],<素人船子>: 你 @CJJZS,<Aura_F>: @呼叫泡泡  [污][污][污],<itshersecretarea>: 回复 @白先平呀 :哈哈哈哦,<白先平呀>: @itshersecretarea   @EyescatchingGirlll,<ukinaaa>: @sU3TdlBg,<拼命考执照>: 回复 @长路漫漫唯玉作伴 :你就是掌柜,<saisai是Zoooooeysi怪兽>: @一粒m一一  就是你,<遇见谁的独白>: 回复 @长路漫漫唯玉作伴 :我不知道你想表达什么意思[拜拜],<HeartbeatSteady>: @Fate丿Tu,<风荡柳絮心飘零>: 官博在讲笑话？[挖鼻],<络宸_>: 韩寒会画画后悔话韩红,<周啾啾oIo>: @7__mmmmmmm,<猴崽子爱吃红烧肉>: 哈哈哈哈，太形象了！[笑cry] @天才ADAK,<我凭什么迁就你>: 哈哈哈哈哈  我就是那个朋友  哈哈哈哈,<覃什么_>: 哈哈哈哈哈哈！  http://t.cn/Ra5jQnQ,<酷酷的x涛啊>: 忍不住……哈哈哈哈啊哈哈哈哈哈哈哈，想想就觉得好笑，还组织语言啊，哈哈哈哈哈哈，反正很好笑[允悲],<山有沐兮沐有花>: 哈哈哈哈哈哈，我就是那个佟老板,<史京旻>: 我是那朋友本人[抱抱],<90年的金鹿鹿>: 哈哈哈 是我是我没毛病]
wxh812218675	“老婆，我游戏输了”“没事，多喝热水” ​​​	[<Piecesofmeoor>: 回复 @xo___ox :哈哈哈哈哈哈哈哈,<yuryaaa>: @Lee2H1ChA0,<保护我方沈时余>: “老婆，我被上司叫去谈话了” “没事，多喝热水” ​​​ “老婆，我没钱了” “没事，多喝热水” ​​​ “老婆，我的手办被小外甥砸了” “没事，多喝热水” ​​​ “老婆，我的车被撞了” “没事，多喝热水” ​​​ “老婆，我忘记接儿子了” “没事，多喝热水” ​​​  http://t.cn/RaGd3Fl,<幸好我还在你的世界里>: 回复 @苏墨绮是只随陈二萌一起疯的白羊 :小丫头片子你敢我就让你尝尝我的“恐惧”,<xo___ox>: @瑾凉桉  哈哈哈哈哈啊哈,<benabobess-shu>: @道呆纹  [doge][doge][doge],<肥肉你从哪里来的>: 哈哈哈解恨[鼓掌],<金白锦_>: @Amajor7,<覃什么_>: 喝你的热水去！[doge]  http://t.cn/RaGmr39,<我凭什么迁就你>: 哈哈哈哈哈哈哈哈   就问苍天绕过谁[笑cry],<悾伨Ln>: [笑cry]哎呦喂,<金兰儿->: 回复 @王坚强是坚强王 :流弊，大兄弟,<彼江闲QAQ>: @ZMXBL不负,<三三那座山>: 哈哈哈扎心了[哈哈],<冰糖雪梨小哥哥>: 哈哈哈哈哈哈哈哈哈哈哈哈哈哈哈哈哈哈哈哈哈哈哈哈哈哈哈哈,<blameback>: 哈哈哈哈哈哈哈哈扎心,<小贤早餐铺>: 回复 @王坚强是坚强王 :哈哈谢谢,<坚强王是王坚强>: 回复 @边儿贤 :一般男朋友总喜欢对女朋友说多喝热水，然后女朋友还击，也对他说多喝热水,<她就在我不远的地方>: 回复 @不知道的遥远的她 :吃惊  http://t.cn/RVTIi1V,<小贤早餐铺>: 回复 @王坚强是坚强王 :啥意思 没看懂啊,<她就在我不远的地方>: 看不懂，求解释[费解],<因砸嘴里的那个小拨片>: 哈哈哈哈哈哈哈哈哈哈哈哈,<Annie酱酱酱>: @考拉森森Annie  [笑cry],<坚强王是王坚强>: 天道好轮回，苍天绕过谁[笑cry][笑cry]]
wxh812218675	情侣头像？ ​​​	[<肖宝宝我要巴厘鲜果茶>: 回复 @赵粑粑我要喝蜜桃果茶 :帅,<赵粑粑我要喝蜜桃果茶>: @肖宝宝我要巴厘鲜果茶,<MelonPi22>: @Amnesia丶丶丶   [doge],<飞天小能豆c>: @-徐一fine,<你仍是我的少年i>: @艾泽拉斯c  [二哈],<崴脚王子>: 回复 @珍珠樾 :我是第一个,<夏洛特的梦网>: 回复 @岑岑岑岑丸子 :一个寒冷一个傲娇,<岑岑岑岑丸子>: @夏洛特的梦网  [喵喵][doge],<珍珠樾>: @崴脚王子   想要这个了,<来一个甜志龙>: @是爱你的凳凳啊,<杨杨羊来了>: @INGOLMJ   [doge],<张Dollar>: 回复 @__CoIr__ :微信还是QQ 你猫我狗 还是你狗我猫,<__CoIr__>: @张Dollar]
wxh812218675	扎心！[摊手] ​​​	[<1022ML>: 回复 @康大大大大大大大 :没毛病了,<年华轻奢>: 回复 @康大大大大大大大 :剧毒,<戈木社长>: @DrMeow_zy  [失望],<第几个400天>: 后者时间久了 也会腻吧[二哈][二哈][二哈]毕竟钱永远不够花 而漂亮的人很多 但这不是普遍现象 主要看人品[摊手][摊手][摊手],<不敌祢眉眼温柔>: 我整天无理取闹 把一个东北的糙汉子脾气磨的温柔到哭,<-沐离->: 这就是人要把自己变得更好的动力啊,<我叫邵斯文>: 真爱就是不管他送的iPhone7多丑，送的法拉利颜色多难看，你都会一声不吭的收下，不会介意。喜欢一个人就会喜欢他的一切，喜欢他开跑车的专注，喜欢他给你戴钻石项链时的绅士，就连他给你打钱的时候多打了几个0的粗心，你都会觉得无比可爱，人生就是需要这种平淡的爱情[doge],<麦冬Suuu>: 扎心了 扎出血来了[拜拜],<KWONGJIN>: 真爱就是，生活平淡,<爱狗的喵可>: 真爱？不存在的🙈,<Jennifer-懿斐>: 有钱有颜才是人生赢家[摊手],<WW地瓜酱>: 没钱的人送我名牌，我可能会怀疑他做了违法乱纪的事而担忧，还是带我去吃路边摊心里踏实,<HUSHUY>: 跟着自己的感觉走就对了。你爱他他带你吃什么你也开心啊。,<微微世界BBooBBa>: 扎了老铁[悲伤],<__东北大呲花>: [微笑]（坚强的微笑）,<梗梗耿耿>: 不过是见色起意，有机会放肆和没机会放肆的区别,<黄一二咯>: 放首trap来段rap,<用户4782>: 有钱做有钱的事没钱做没钱的事,<西施美男子>: 回复 @安伯斯与提妮c :哈哈哈哈哈，我们才是真爱,<Rry-睿逸>: 生活就是这样，人人都喜欢美好的东西,<幼发拉底格里斯河河>: 你告诉我什么是真爱,<你的嘴巴真甜_>: @刺猬田小姐  非常扎心,<贵圈李总>: 扎心了[doge],<Piker说>: 差不多百分之九十是这样吧，所以那十个里面的那一个你在哪里]
wxh812218675	撒一波狗粮~[笑cry]（转） ​​​	[<Piecesofmeoor>: 回复 @xo___ox :我有这个表情包哈哈哈哈,<xo___ox>: @瑾凉桉  你来你来！你家先生,<温柔被她唱成了歌>: @彼岸的她影影绰绰  要亲亲？没有[坏笑],<进进的懒懒>: 回复 @招财的井宝宝 :[爱你][爱你][爱你][爱你],<半糖少盐甜儿>: @我真是太可爱了科科  太特么适合你了,<君大宝儿->: @君大宝2号  嗨[污],<焦了个蕉>: @TanHaiyuu,<懒懒的废柴>: @进进的懒懒  [爱你][爱你][爱你],<墨夏凉安>: 回复 @骨骼清奇的小怪兽v :收,<故不念>: @故不念的小跟班  要亲亲,<Yeop_SimI>: @可以宠着你到老么,<Allyna->: @不羁就是不羁啊,<Miss_李大猫>: @水彩蜡笔和万花筒Zz  拿去治蓝朋友]
wxh812218675	贴吧看到的，太形象了！！！ ​​​	[<TIMEUNCLE>: 我方射手 这个小孩是什么段子来着,<绝情的张鹏飞>: @萌萌祁彬的小可爱    @妈的你最可爱,<康小康康花>: 哈哈哈哈哈哈~~~形象,<佩佩菇凉_覀v覀>: 笑死了 @国服最强孙悟空,<护草姐姐小怪喔>: [摊手][摊手][摊手]  http://t.cn/Ra7wVob,<我与自己的日常>: 哈哈哈哈哈哈哈我方ADC666]
wxh812218675	不忘初心[微笑] ​​​	[<熊本熊表情包>: 图片评论  http://t.cn/RXRMrER,<我喜欢舒服>: 想得美[doge],<你才不要逃>: 大晚上做白日梦[摊手],<小肥猫吖>: [doge]勿忘始终]
wxh812218675	每次玩游戏的我...（转） ​​​	[<SeeSawAz>: @夏天天吖  来给你,<杨捆鸡kun>: @Eternal怡yi,<Atropine_>: @坚定的单身狗    @诗酒趁年华吖_,<Sakura_23333>: 回复 @TANGJIAYU859 :[笑cry]我也玩不动了,<TANGJIAYU859>: 回复 @Sakura_23333 :话说我已经掉到黄金二了,<TANGJIAYU859>: 回复 @Sakura_23333 :等过了六七八最坑三个小时 我们来一把,<TANGJIAYU859>: 回复 @Sakura_23333 :心好累,<饮水思王源>: 回复 @小宇是我儿子 :啊哈哈哈哈哈哈哈哈哈哈哈哈,<别怕颠沛流离你还有我>: 回复 @一只呆杏 :怪我咯[doge],<Sakura_23333>: @TANGJIAYU859,<Yt回归仍是少年>: @换个名字你会不会找不到我  [二哈],<一只呆杏>: @别怕颠沛流离你还有我  哈哈哈哈哈哈哈感觉是你的真实写照,<巴洛克小公主>: 回复 @萝莉酱_ :别说了我要哭,<是张小洁呀>: 心态要好[微笑],<给我一个男朋友>: @皮蛋solo粥呀,<_锥家人_>: 哈哈哈你打王者的时候 @夏若萧影,<fufufu崽>: 哈哈哈哈哈哈哈哈哈哈哈哈哈哈哈哈哈哈哈哈哈哈哈哈哈哈哈哈哈哈哈哈哈哈哈哈哈哈哈哈哈哈哈哈哈哈哈哈xswl,<吃糖的小橙子>: 又是一个真实的案例[微笑][拜拜]]
wxh812218675	跟赵四约啪是一种什么体验？[拜拜] ​​​	[<爱金毛的二哈>: 回复 @仙女心事y :呵呵呵垃圾[微笑],<憨豆怒那工作室_>: 评论里那个说东北人的 我要说你们山东人都你这样儿山东群众们估计都不乐意 谁跟你一样儿啊,<仙女心事y>: 回复 @爱金毛的二哈 :地域狗[微笑],<Ps-妖>: 回复 @LayZXwenwen :无论哪个地方都有好人和坏人。不要因为一颗老鼠屎就以为这个地区全是老鼠,<诸葛我服>: 回复 @你比冬天还温暖 :水土不服就服你,<温温的微博dododo>: 回复 @LayZXwenwen :评论真逗了，东北人得罪谁了，坏的是人而不是某个地区的人[摊手],<保护我方貂蝉-Dc>: 回复 @你比冬天还温暖 :老哥 服哈哈哈哈,<很情绪化的吴小姐>: 回复 @你比冬天还温暖 :太缺德了～[笑cry][笑cry][笑cry][笑cry][笑cry],<Raymone_XF>: 这也能放地图炮？,<楞伽山人好伤心>: 我真的想不通：他连房费都不出，图个什么？,<只有二朵>: 回复 @你比冬天还温暖 :哈哈哈哈哈哈哈哈哈哈哈哈哈哈哈哈哈哈哈哈哈哈哈哈哈哈哈哈哈哈哈哈哈哈哈哈这他妈画面感太强了,<ForULTT>: 请问赵四是谁[摊手],<丶Humber>: 回复 @你比冬天还温暖 :稳,<美少女_哪吒>: 想了一下午，想不出来。。。,<你比冬天还温暖>: 不用动，光靠他抽抽就够了,<温柔Zzzzz>: 稳稳的幸福，肾宝片,<搜不到我搜不到>: 大概就是 人财两空[doge],<你的漾子s>: [摊手]你做什么了]
wxh812218675	就要这样秀恩爱[可爱]转 ​​​	[<壹仟km>: 回复 @汐炆 :怎么感觉自己被那个漫画里面的秀了,<我负责貌美如花好吗>: @我负责挣钱养家好吗  啾咪,<炼金术师诺贝尔>: 回复 @小盆友阿要辣油啊 :第七个图[哆啦A梦花心][哆啦A梦花心][哆啦A梦花心]就只有我一个人可以这样抱抱你...,<小盆友阿要辣油啊>: @炼金术师诺贝尔,<嘉爷___>: 回复 @顺Cyan :你说的哦[爱你],<kanne要消失一段时间>: @懒懒的余月是狮子座,<kkkxuan->: 回复 @我今天要疯狂 :哈哈哈哈,<我今天要疯狂>: @kkkxuan-,<傻sG_楞Lw>: @陳玛莎  么么哒[爱你][爱你][爱你],<陳玛莎>: @傻sG_楞Lw,<IMISSGU>: @Richar姜,<一声HonEy>: 回复 @chen东东东东东东 :不 每一张我都要[委屈],<粒子黄>: 回复 @深夜白头 :嗯哼 [飞吻][飞吻],<顺Cyan>: 回复 @嘉爷___ :哈哈哈哈哈 ok的,<chen东东东东东东>: 回复 @一声HonEy :你就是我家小公主啊,<一声HonEy>: @chen东东东东东东  你过分[怒],<我武功那么高qp>: @扎西的家609   不会宠人的大佬，你现在可以开始学了🙃,<鱼木寨狂傲僧>: @长乐坊混混   [二哈]我家盾盾,<不知道到底该叫什么>: 回复 @不要忘记我爱你LS :[心]嘿嘿嘿,<不要忘记我爱你LS>: 回复 @不知道到底该叫什么 :[亲亲][亲亲],<不知道到底该叫什么>: (ฅ>ω<*ฅ) @不要忘记我爱你LS,<6N的私房话>: 回复 @花店老板磊锅锅 :[喵喵][喵喵][喵喵],<blameback>: 回复 @我在天明亮的时候w :要护着我 把我宠上天,<粉色鲤鱼精>: 回复 @就爱赖鲤鱼 :么么哒,<情長也是安息·>: 回复 @Pousserr :么么啪[拜拜],<粉色鲤鱼精>: 回复 @就爱赖鲤鱼 :[害羞][害羞][爱你]爱你,<比小张同学脸还大的我w>: 回复 @吃了榴莲的美少女 :必须得,<OWH快到我怀里来>: 回复 @HZX我到你怀里去 :[白眼][白眼],<HZX我到你怀里去>: 回复 @OWH快到我怀里来 :[二哈][二哈][二哈],<花店老板磊锅锅>: 回复 @6N的私房话 :还要抱抱和举高高噻,<全世界最好的暖男>: 回复 @FunkinAwesome :好的～是我～,<XuWeiiiiFeng>: 回复 @Cassie呀呀呀 :[心],<青风爱衬衣>: 回复 @岳鑫宇- :小的明白[爱你],<攒劲为了2017亚巡>: @帮我想个可爱的名字,<故事是我编的但爱你是真的>: 回复 @Linkio :我就是这样的呀,<Cassie呀呀呀>: @XuWeiiiiFeng,<Linkio>: @故事是我编的但爱你是真的,<TinkyWinkyChan>: 回覆 @chichariQ :就是酱紫！,<6N的私房话>: 快夸我 @花店老板磊锅锅,<FuckYaAwesome>: @全世界最好的暖男啊,<张谓>: @VictoriaSYT,<张谓>: 回复 @VictoriaSYT :[二哈][二哈][二哈][二哈],<天枰座小小胖子>: 回复 @木子包kaylover :[偷笑][偷笑][偷笑]居然被你发现了,<木子包kaylover>: [喵喵][喵喵][喵喵]是不是你轩轩[害羞][害羞][害羞] @天枰座小小胖子,<进进的懒懒>: 回复 @招财的井宝宝 :[爱你][爱你][爱你],<blameback>: @我在天明亮的时候w   [二哈],<懒懒的废柴>: 回复 @进进的懒懒 :[兔子][兔子][兔子]那抱抱～,<进进的懒懒>: 回复 @招财的井宝宝 :那宠上天,<TINLUO>: 回复 @大八爷小管家 :🤗🤗🤗,<高Gaoggg>: 回复 @无尾熊小姐_- :[doge],<OWH快到我怀里来>: 回复 @HZX我到你怀里去 :哈哈哈你肯定不会这样说的,<HZX我到你怀里去>: 回复 @OWH快到我怀里来 :我家宝宝,<无尾熊小姐·>: @_高Gaoggg]
wxh812218675	这是一碗毒毒毒毒毒毒毒毒毒毒毒毒毒毒毒毒鸡汤。cr:热表情 ​​​	[<变瘦的小肉宝>: @Happiness璇子Delight,<W-99g>: @T_Chingfung_,<刘小熊儿>: @伯贤的圈外女友,<meow_ahah>: 回复 @果_lw :[失望],<万松_小松塔>: @落泪的阳光   @钧月Kaially  [笑cry][笑cry],<宇予缠>: @invierno_浮生若梦,<果_lw>: @hmilyswan    @meow_ahah,<不二嘚Alice>: 踢翻这个鸡汤[口罩][口罩],<炸雞1997>: 与收藏哈[二哈],<皮亚琴查的山坡上>: @著名网黄猫日   就是它啦[太开心][太开心],<安妮的喵>: 这个表情包只有猫日可以驾驭[喵喵],<是小可爱点点xi>: 笑不不不不不不不不不不不不不不不不不不不不不不不不出来]
wxh812218675	一组很可爱的表情包！萌化了～ ​​​	[<仰望--------------静>: 5 @短粗胖的小怂货,<Pa_paper_heart>: @TOKAKU__所谓羁绊真是好烦啊,<阿小邓邓>: @Sendirian,<爱吃柚子的豆小喵>: 想要第六张原图！！萌吐奶[泪],<LIYUE--indigo>: @Orange啾,<spadie>: @所长呀  本腐表情包！// @熊本熊表情包 : 卡哇伊~,<Lin_圈圈>: 回复 @blackieC :[眼泪]亲亲抱抱举高高,<违和>: @花错i  哈哈哈哈哈哈哈,<叫我葛大大吧>: 回复 @XNZZDN :我这一拳过去你可能会死[笑cry],<xxx_08181104>: @林姑娘的非正常,<blackieC>: 回复 @Lin_圈圈 :第一个[熊猫],<匆匆那年Luck>: 第一张是馒头耶～  http://t.cn/RXiNn57,<Lin_圈圈>: @blackieC,<tyl想改名字>: @wuli金逸潔,<SKinginginging>: 回复 @小圆眼镜 :哈哈哈哈懂我,<小圆眼镜>: @SKinginginging  收好不谢,<猫巷_zmq>: @Sqddd-Z  [哆啦A梦微笑],<Girlpower安娜>: 回复 @王春宇hello丶 :下次给你的小拳拳做个表情包[二哈],<王春宇hello丶>: @Girlpower安娜,<晚了个安小喵咪>: @吉吉吉吉吉阿c   @逍是逍遥的逍-,<Rererbecca>: @Elijahcapsparrow,<力拔山河兮盖世ovo>: @这个佐助有两把刷子,<却为美人赔江山>: @桃之夭夭慕之昭昭,<捌人开口索金玉>: 能发给谁呢[二哈]]
wxh812218675	千万别问女生这些问题！ ​​​	[<Fate水>: 回复 @Yyyy坚强小呵呵 :[doge]我能问哪几个,<殷sorry>: @太炙热_  [微笑][微笑][微笑],<脚踩添柏岚的初教院男神>: 回复 @冰美式喔 :这些问题我好像都问过你,<会遇见鲸鱼吗>: 回复 @不才小不二 :就是你,<不才小不二>: 回复 @会遇见鲸鱼吗 :[二哈][二哈][二哈]这锅我不背,<我是杨老大>: 回复 @我是你晨妹儿 :好像都问过[喵喵][喵喵],<Yyyy坚强小呵呵>: 回复 @Fate水 :哈哈哈,<谜之怂>: @你好金泰亨  [doge]不如趁此机会.....,<ChenChieh啊>: 回复 @贴心大浴袍 :[怒][怒],<阿嘎配苏>: 回复 @叫我故事洁 :不仅问了 关于最后一个问题还是想更了解 哈哈哈,<二院精神科墙塌了跑出的重症患者>: 哪个男的这样问我，分分钟让他跟弟弟说再见！,<站住打劫棒棒糖_>: 问这种问题的人简直神烦，还有就是劳资只画个眉毛，不叫化妆，我懒，我不想化妆，我化没化妆管你屁事，又不是给你看的！,<ChenChieh啊>: 回复 @贴心大浴袍 :哈哈哈.没事的啦.,<wuliwuli小火锅>: 回复 @MangoTree :雪明天不用帮我带pad了哈，我正在看任意依恋呢，迷死我了[色][色][色],<阿嘎配苏>: 回复 @叫我故事洁 :可是我还是问了两个[委屈],<MangoTree>: 回复 @wuliwuli小火锅 :[眼泪][眼泪][眼泪],<wuliwuli小火锅>: 回复 @MangoTree :哈哈哈哈，我都能想起他说这些话的语气[污][污][污],<MangoTree>: @Jessica赵小杰   @wuliwuli小火锅  陶岩是不是都占了,<山有沐兮沐有花>: 看我漂亮的回旋踢～,<ChenChieh啊>: @贴心大浴袍  [喵喵]从来不嫌弃我有没有化妆,<果冻小仓库>: @满小丫   @sigrid-nono,<你脑中的橡皮筋>: 你今天一见了我就说[拜拜]皮肤干，口红没画好，不生气才怪！ @宣星宇512,<咸拌面>: 回复 @酱油熊bear :[笑cry][笑cry],<白-驹->: 回复 @文台函 :洗洗洗了了了的的的,<有主角光环的少年>: 恰好都是我最爱问的话 [二哈],<吴小胖Maple>: 图三 我错了[委屈] @女足彭小白22,<不萌少女二三事>: @卡列冯  [微笑],<会遇见鲸鱼吗>: @不才小不二   仿佛看到了你,<Fate水>: @Yyyy坚强小呵呵,<虎牙虎牙会长长>: 我弟弟说我涂的口红是嘴唇出血[微笑],<姓廖的叫花子>: @咸拌面  你问的是.是不是该洗头了,<煜晴Raline>: 哈哈哈告诉你什么叫做易燃易爆炸,<Jun-Dec>: @JANY丶MaoFJ,<部长大人的能猫君>: @能猫君的部长大人   @梦腻腻   @努力的学酥泡   @星漆八 @南木木木木木木木木    @小超人是勇敢的战士   @洁___1   @爱琴海弥漫着淡淡滴伤 @亚纶_在潞上,<病属>: 你好像又胖了好多，不止一点 @小鸡炖蘑菇zsf  🙄🙄🙄,<Neymar的奇奇>: 看到这些，某些男生开始激动的拍打着轮椅[doge],<ii圆圆酱>: @曖小雨  [攤手],<-ideserveit>: @_孤巷里的猫   会不会被打死[doge],<IFeelLikeMolecularbiology>: @我们实验室的所有师姐师妹 // @熊本熊表情包 : 望周知！,<文台函>: @-白-驹-  你是不是该洗头了[闭眼],<酱油熊bear>: [二哈][二哈][二哈]]
wxh812218675	周末的我！ ​​​	[<DengSwag->: @大明湖畔的孙嬷嬷   @1997LiU-  我们属于前一个[污],<偏偏偏偏偏偏偏偏偏偏偏偏偏头痛>: @fy070031,<挚爱小宇的傻苞>: 生动形象[笑cry][笑cry][笑cry],<饿尔多思啊>: 瘫在床上开着电脑玩手机🙃,<李健华学长>: 你个憨包[摊手],<Mr_sLckyWevo>: @来个煎饼加肠不要葱,<uanuan_47650>: 要不要这么写实[泪],<徐浩怀里的小尹呀>: 为啥要如此形象[摊手],<港岛弟弟__>: 原来小编是狗[二哈]]
wxh812218675	最近的生活节奏！（转） ​​​	[<我和你只是路人甲乙丙丁>: 回复 @机智酱q :默默的保存了,<黃大玹>: 回复 @LaCanzone_ :哈哈哈哈哈哈,<BlessU-Chill>: 回复 @黃大玹 :[污]那天想给你看的就是这个,<黃大玹>: 回复 @LaCanzone_ :[摊手][摊手]不止一点点,<秦肖钰q>: @我和你只是路人甲乙丙丁,<靡泰>: @Jinpaka_,<hJjy侯大帅>: 我最喜欢的就是钱，越多我越喜欢，我要嫁给钱[doge][doge],<hei-祖传黑>: 是我[眼泪][眼泪]所以怎么都没有抽奖活动,<NiNoRtHb>: 回复 @Withthedreaming :好烦[捂脸][捂脸][捂脸][捂脸],<_阿高高高>: 回复 @盛黎歌 :哈哈哈哈哈哈哈,<馬小兌兌兌>: 回复 @woho你呀你呀 :哼,<云朵真好吃>: @Estelle-WW  [微笑][微笑][微笑][微笑]不能再写实了我去,<Aries_倩>: @唔系肥羅  [笑cry],<笙箫为博>: 没办法，我自己作的[挖鼻],<Withthedreaming>: @grandma永远平安健康,<denyxx>: @mj就只是mj,<婷婷矣_>: 回复 @quelamour- :好穷啊,<Withthedreaming>: @NiNoRtHb,<蛋蛋总裁绵羊兴-->: @Withthedreaming  哈哈哈哈哈哈哈哈哈哈哈哈哈,<来呀来哟>: 回复 @爱我小亲爱哒璐 :哈哈哈哈哈哈哈… 🙄说的我么,<凄冬日>: @长腿布利我的爱,<我是一颗爱吃肉的草莓>: @最爱希望的Cancer,<Freebana>: 回复 @顾亊心 :保存了,<顾亊心>: @iHeartX2   @Freebana  开开发给你麻麻,<盛黎歌>: 回复 @_阿高高高 :[摊手][摊手][摊手],<逆袭吧老婶儿_>: @不熬夜就改ID,<出出->: @sugarxxxt,<Xback_艺兴的小公举>: @落槿离慕桃花谢,<猫能小是我>: @Wushroom,<Scyss>: @卤卤蛋-akatetsu,<Scyss>: @卤卤蛋-karroy,<反派物>: @W一九九七   @张小赖学长,<破蛹而出的小公举要上天>: @罗媚雅要去挪威看极光,<Aliviaaaaa>: 求第一张无字的图！！！ @表情站,<__CoIr__>: @张Dollar]
wxh812218675	你经历过断网吗？ ​​​	[<L-Responsibility>: 一直偷隔壁的网结果人家回家关了电闸没网以为搬家了 没网没信号憋了一天 上班回来马上就去装宽带 结果刚装好正高兴隔壁就回来了,<竟然是荆然>: 就喜欢这种毒鸡汤。我干了你们随意。,<我是特差生>: 怎么那么多话[二哈],<Barbie虹>: 半年没用手机。发现也是多余的,<不褪色的曾经>: 不看手机，和看一天手机没什么区别，反正想收到的消息一直都收不到,<转身dw>: 回复 @阿龙爱发呆 :[哆啦A梦吃惊][哆啦A梦吃惊]说的好像你经常主动找我聊天一样,<阿龙爱发呆>: 回复 @转身dw :朋友也会发现呀，比如说我！,<C-Lovechen>: 突然就觉得全世界都在找我而我却收不到！！[doge][doge][doge],<奥易森华人衣橱>: [膜拜][膜拜][膜拜] @加拿大服装师may,<转身dw>: @阿龙爱发呆  我估计消失一个星期。除了办公室会问我为什么不登红圈，都没人发现,<雪点青山>: 每次寒暑假从学校回家，住乡下，没有wifi，信号2G，鬼都搜不到[拜拜]但是每天都可以十点之前睡觉，也不用抱着手机从早混到黑[可爱],<lzyxhh>: 卸载微博[doge],<你要滚>: 我能说不怕吗？通信狗，我有运营商核心机房到节点机房权限，还有什么搞不定的[摊手],<逸树>: 朋友圈今年就没发过！[拜拜][拜拜][拜拜],<UI7Ya-姬>: 每天在线也没人联系，呵呵  http://t.cn/R6FKlG5,<温哥华现货>: [有鸭梨][有鸭梨] @加拿大服装师may,<巴拉巴拉-beng>: 回复 @Anne_Fun :用不了一个月我就会疯[doge],<Anne_Fun>: @巴拉巴拉-beng,<我好像在哪见过薛之谦0717>: 就在昨天  WIFI断掉了[拜拜][拜拜][拜拜],<Au飞熊再生>: 别的没试过，朋友圈断一年已经做到了,<饿尔多思啊>: 有啊，大约两个月不上网，几乎每天10点半睡，少了很多乐趣，只能睡觉了[doge],<祖国的多肉zkj>: 你经历过断信号吗[拜拜],<我问太多了>: 不，还有在我爱人心里不是,<偶尔说说昔日r>: 我韩信一跳跳屏幕外去了 你试过么？🙄,<本仙女可萌可萌了>: 没网怎么活。[摊手],<暖野nuan>: @w汪小璇  你会发现自己也是多余的,<DonaldCoco>: 王者尝试重连n次 你问我试过吗[摊手],<glik_>: @绝望的番茄sky,<梦想就是和你一起睡>: 可是你有想过心情特别不好的人看到怎么办[拜拜][拜拜],<Di_Elaine>: [doge]扎心,<奶茶允Candy>: 哈哈哈哈哈哈哈哈哈哈哈哈,<桑雨蝶丫>: 用流量也要刷微博[喵喵],<Enchanted-Eric>: 扎心[doge]]
wxh812218675	看到当年的霸道总裁变成这样，心疼[笑cry] ​​​	[<吃饭睡觉饭爱豆>: 现在还能活跃在荧幕就很感激[爱心]️,<Y-jying_>: 这可能是个假明道[摊手][摊手][摊手],<CHEN慧chen>: 人会老这很正常，如果明道像刘晓庆那样我才害怕心疼⊙﹏⊙,<最爱亮男神>: 还我单均昊[泪],<卡门是只猫>: 回复 @Wasabi-p :别骂人[污],<Ao_Yn>: 还我单均昊，杜亚斯,<披着羊皮的粥16>: 你们这些坏银[笑cry]可以去看看我明现在的照片 @明道,<趁着会员多改几次名字>: 回复 @卡门是只猫 :你不是一个人！！,<肥辣>: @IndestructibleAce     @自嘲专用马甲,<-开心啊->: @若文_z  哈哈哈哈哈,<片寄人太>: 回复 @阿挽呀丶 :看成了啥,<胃痉挛都是活该>: 哈哈哈哈哈哈哈哈,<栖水水>: @wjyiiiii_  ？？？？？？,<-释樱>: 命中已注定是我太任性！,<苏宓1996>: [二哈] @离合可为   @YOUNG__DZ   @未婳,<轻抚你眉>: 回复 @阿挽呀丶 :看错了[doge][doge][doge],<我就是逗比怎么样>: 回复 @猫耳控的维尼 :我猜到了[doge],<猫耳控大人_>: 回复 @阿挽呀丶 : @我就是逗比怎么样  看错了一个字。。。,<宋宋宋宋姜>: 他自己直播的时候就有说不胖的时候就好看啊！！！还有！！五官还是帅的啊！！🙉,<YANGQIAN咩>: @哇塞原来是程晨   @SHIKE哒,<二绿_>: [拜拜][拜拜]看着最上面的假发我居然犯了密集恐惧症[拜拜][拜拜][拜拜][拜拜],<-大蒜>: 。。。。有什么吗，真无语,<一罐風>: 回复 @栩子17 :垮掉哈哈哈,<五毒教主梁老大>: @鱼丸粗面886  ？？,<元气少女缘结烊>: 回复 @阿挽呀丶 :我也看错了[二哈],<M萌洁M>: 我的茼蒿[悲伤][悲伤][悲伤]我的单均昊[悲伤][悲伤][悲伤] @咦帆   @瓜宝WHan,<吃尾槌的垃圾场>: 回复 @阿挽呀丶 :找到组织了 我也看错了,<LLLLlinnm>: 回复 @阿挽呀丶 :以为层主晚开夜车的我[打脸],<听大海告白的小乌龟>: 回复 @阿挽呀丶 :我以为就我看错了，还好还好[笑cry],<卡门是只猫>: 回复 @寶妹是个妖精-w- :污污污,<Elaine·Xiao>: 回复 @YOLO0219 :我。。。我。。恩。。我去你妈的！！！,<鹿特丹w>: 单均昊[doge],<三日公子>: @-Zoeeee-  单均昊[微笑],<蛋蛋总裁绵羊兴-->: @白画戈  哈哈哈哈哈哈哈哈哈哈哈哈哈[笑cry][笑cry],<咸鱼少女CarrotHe>: 回复 @ID王嘉尔 :明,<一碗猫_woo>: @VONAGERYEM,<iam果果_LeeYS>: 但我依然爱他[爱你],<ID娘口三三>: 回复 @阿挽呀丶 :哪个字啊,<瓜不甜不吃>: 这不是我的茼蒿！更不是我的单均昊！,<鹳半仙>: 明道：跟岁月闹别扭了，过站了也不提醒我[悲伤],<栩子17>: @Alienate  哈哈哈哈哈哈哈哈,<YOLO0219>: @Elaine-Shaw  你的单君昊[偷笑][偷笑],<寶妹是个妖精-w->: 回复 @卡门是只猫 :我也看错了哈哈哈哈哈哈哈哈,<诺贝尔文学奖永远得主>: 回复 @想当你怀中猫 :哈哈哈哈哈哈哈哈哈哈哈哈哈哈哈哈哈哈哈哈哈哈哈哈哈哈哈哈哈哈哈哈哈哈哈哈哈哈哈哈哈哈哈哈哈哈哈哈哈哈哈哈哈哈,<小母鸡炖奇葩>: 回复 @卡门是只猫 :你真污,<Sukidans>: 回复 @卡门是只猫 :稳！送你上去！,<卡门是只猫>: 回复 @阿挽呀丶 :恕我直言，我看错了一个字[污],<Mayira_Vin>: 噗哈哈哈哈哈哈哈停不住,<少女挽>: 哈哈哈哈哈哈哈哈哈哈哈这可能是假的明道,<猫妖小薄荷>: 哈哈哈哈[笑cry][笑cry][笑cry],<光怪陆离的少女梦>: 恕我直言，满屏都是他的脸...,<可妹韵儿>: u 哈哈哈哈哈哈哈哈,<楠嫂爱楠多i>: 哈哈哈哈哈哈哈哈哈哈哈哈哈哈]
wxh812218675	转给需要考试的人！ ​​​	[<白子婳>: @Sachi_張,<没再占用的冷姐昵称>: @要啤酒不要炸鸡,<小柴推文>: 回复 @小柴推文 :图片评论  http://t.cn/R6dEq3f,<小柴推文>: 前排前排前排前排围观！！！！]
wxh812218675	没毛病！ ​​​	[<王甜甜想要一只猫>: 回复 @吉页光翟 :扎铁了，老心,<温哥华现货>: [啦啦啦啦][啦啦啦啦] @加拿大服装师may,<吴一岁leo>: 回复 @叮噹hello :嗯，对于这种东西我更不在乎[摊手],<叮噹hello>: 回复 @吴一岁leo :这个，我还是很客观的，不会人云亦云，我有我的评判标准,<吴一岁leo>: 回复 @叮噹hello :昨天我看到这个了，本来想艾特你，实在不知道说什么好[笑cry]我竟无言以对……,<叮噹hello>: 回复 @吴一岁leo :所以这个说法有问题嘛，评论里很多人都不服,<吴一岁leo>: 回复 @叮噹hello :我讲真，同性基本都不喜欢我[摊手]按他这说法，我表示我是个烂人[猪头],<叮噹hello>: 回复 @吴一岁leo :你这是在骄傲[哈哈][偷笑],<吴一岁leo>: 回复 @叮噹hello :呵呵...我表示我很烂[黑线],<叮噹hello>: @吴一岁leo  显然有毛病，评论里有人不服,<梗梗耿耿>: 回复 @牙医婆子 :讨厌了啦[doge],<_老段->: 回复 @独行荆棘中 :搞不懂男生的想法[doge],<吃吃吃小朋友>: 说我吗[害羞]可惜我一个异性朋友都没有[笑cry],<MYoungN>: 回复 @Mustard_Zzz :没觉得… 反正我周围很少有姑娘会骂别的姑娘婊子之类的,<独行荆棘中>: 回复 @_老段- :我觉得女生了解女生，就知道在想什么，就算耍心机想得开看着也很可爱，但是男生，他们都在想什么啊[笑cry],<SieteHoras>: 回复 @猫小洺和布朗尼 :服,<_老段->: 回复 @独行荆棘中 :超级同意你说的，我有一个朋友总觉得和女孩子玩的好的都是比较有心机比较厉害的人，和男孩子玩不需要心机，但是我和男孩子超级不会相处，我也很无奈[摊手],<UAreMirale_>: 到现在六七年了关系好的女孩子还是那几个 这些小仙女都没有男朋友,<羊力的大仙>: 对对对对对！不能更赞同，不论男女，赢得同性喜欢和尊重是很牛逼的 @loadchr,<xxxi_ssOnOng>: 嗯 那我还挺棒的 [太阳][太阳],<深潜一步>: 对头// @猫小洺和布朗尼 :被很多异性欣赏的男孩不一定很好，但被很多同性欣赏的男孩一定很gay[doge],<__bogy>: @_JjZzxxn,<沁竹菲醉泪>: 回复 @激进狗贼 :说出你的故事,<梦情绘>: 回复 @Mustard_Zzz :没毛病，我被借我钱不还的女生背地里说成心机婊[二哈],<我凭什么迁就你>: 嗯，跟男孩子一样，被很多同性欣赏的男孩子一定很棒！[good]// @熊本熊表情包 : 好像是这样的！,<云帆-William>: @彭倩魚  是你[doge],<沉up>: 回复 @梁太太的王先生 :[二哈]没毛病   有瑕疵,<库玛2萌>: 啊 比如我卡宝// @熊本熊表情包 : 好像是这样的！,<uanuan_47650>: →_→→_→因为女孩子总是对女孩子更加苛刻，不过，被很多同性欣赏的男生不一定很好，因为很多人对好男人的标准不高，被很多异性欣赏的男生也不一定很好，因为女孩子有时候 [doge][doge]眼瞎,<听说傻狍子和奶包更配>: 回复 @Mustard_Zzz :就是因为这样，那些会被很多女生称赞的才会是很好的[二哈]毕竟能做到让不少女生喜欢，那就很成功了,<Ah_韻>: 比如我[挖鼻]// @熊本熊表情包 : 好像是这样的！,<过气网红迪丽胖玥>: 后面的同性要是t才对啊[心],<牙医婆子>: 回复 @梗梗耿耿 :比看见帅哥激动,<Brownie小洺>: 被很多异性欣赏的男孩不一定很好，但被很多同性欣赏的男孩一定很gay[doge],<DesignViki>: 网络上只要整得好看就会被人追捧啊[摊手]但是随便挖挖哪个网红都黑历史一堆,<一只做作的小肥羊>: 看到特别喜欢的小姐姐就把持不住啊！！╰( . •́ ͜ʖ •̀ . )╯ @吴所谓说她无所谓   @既初   @请赐我招风耳与雀斑  ,<刘苡辰喵>: 在女生小团体里越没有威胁才会越受到大家的欢迎吧,<-张诗桐>: 回复 @Mustard_Zzz :对,<梗梗耿耿>: 我现在看见漂亮小姐姐跟看见帅哥一样激动[doge],<这不是神经质嘛>: [doge]难怪那么多小可爱喜欢我,<可爱的腿毛哥>: 回复 @吉页光翟 :赞你,<Mustard_Zzz>: 并不这么觉得… 女生之间的嫉妒、八卦、团伙排挤……再好的女孩都会被议论成婊子,<独行荆棘中>: 跟女生相处比跟男生相处容易多了……我是女的[笑cry],<大长腿_connie>: @小长腿_Jenny  哈哈,<吉页光翟>: 这大概就是为什么女神身边总是围绕着一群女神的原因吧[摊手],<激进狗贼>: 当年我信了这句话 现在已经和她在一起两年了,<澄昔i>: 同理适用于男孩[二哈]]
wxh812218675	如何照顾好女朋友~~ ​​​	[<温哥华现货>: [纠结][纠结] @加拿大服装师may,<长腿布利我的爱>: @常旧女  丑就丑点，我瞎，不要紧[偷笑],<喵呜大白鲸>: @张伯先天下之忧而忧,<小飞哥d>: 回复 @佳宝小酸奶 :我比熊强[加油],<你说那然后呢呢呢>: @不停的瞎搞  哈哈 好可爱,<离鸢Rui_>: @隔壁小江南  你看看人家熊,<想吃却过敏>: @快来削我啊23333333,<今天有离梦想更近一些吗>: 事实证明你和 @熊本熊表情包  是一个人[doge],<-ZIly>: @lam_Ying莹  真爱,<果宝很瘦>: 好喜欢这期的表情]
wxh812218675	如果你妈微信经常不理你，就把这套表情包分享给她！！有毒！（转） ​​​	[<OldBobbi->: @Kukubing-,<HX_56>: 回复 @阿君QnQ :[笑cry],<liuliu2333>: @拂晓lll765,<Cassie呀呀呀>: @XuWeiiiiFeng,<Sssss-77>: 我妈永远跟我说看不见,<本白很忙>: 我麻麻会被吓到哈哈哈哈,<厉害了word谦>: 回复 @迷斯特_王 :我……不是……你妈,<网瘾少主>: 图片评论  http://t.cn/R6m6Aoo,<我凭什么迁就你>: 对对对 我就是这么找我妈妈的[笑cry],<迷斯特_王>: @厉害了word谦,<一盒鱼烧的小号>: [doge][doge]等用,<JANICETAM520>: 回复 @JeonGaa_Chan :应该弄成老婆,<Silence丨Satan>: @喂你别怕寂寞啊  [二哈],<狂咬菜根>: 有叫爸的吗……我妈秒回我爸万年不理[二哈],<JeonGaa_Chan>: @JANICETAM520,<Chenyuhangluuuuu>: 哈哈哈[偷笑].]
wxh812218675	情侣头像！？ ​​​	[<多肉牙医>: 回复 @冫京馨 :哈哈哈,<是一颗桃子>: @AsiLeng,<不愿透露姓氏的陈先森>: @蝶殇_yuly,<爱吃鸡腿的道德楷模姚女士>: 回复 @老干妈加醋 :大概就是 我有把你有洞,<老干妈加醋>: @爱吃鸡腿的道德楷模姚女士  老司机快给我解释一下,<AS--DuBan>: 回复 @哥是豬- :去哪呀[喵喵][喵喵],<哥是豬->: 回复 @AS--DuBan :出门左转不送,<来塔里找我玩>: @-TaNGPiNG  [污],<发光的瘦猴>: 回复 @可疑的人_ :老铁就你这资质必定是个公务员,<可疑的人_>: 回复 @发光的瘦猴 :稳稳的性福[doge],<发光的瘦猴>: @-内裤外穿小怪兽,<发光的瘦猴>: @可疑的人_  稳吗,<瘋妞kito>: 回复 @Nalita_女王大白 :我没她微博啊,<Nalita_女王大白>: 回复 @瘋妞kito :那你应该艾特她,<是7an喜哒>: @曹琪42197  啥意思,<瘋妞kito>: 回复 @Nalita_女王大白 :感觉好适合君君的cp头像,<Nalita_女王大白>: 回复 @瘋妞kito :……………[doge]没有对象,<瘋妞kito>: @Nalita_女王大白,<白花花的花花糖->: @当枫叶再红zy  我的妈哈哈哈,<蒙面橘子>: 回复 @杏杨是两棵树 :放心不会的,<杏杨是两棵树>: 回复 @蒙面橘子 :我怕被别人误会[阴险],<蒙面橘子>: 回复 @杏杨是两棵树 :你要和我一起用吗[喵喵],<么么卡西西>: 回复 @彤叔宠 :第二个适合我[doge],<85223674ccbg>: @么么卡西西  嘻嘻嘻第一个适合你,<西海岸的一颗鲸鱼>: @只是小号买买买   @桥本和音   @樊丹蕾--,<dear-me哎呀>: 回复 @杏杨是两棵树 :小火车开走了……,<逐野马之尘>: 回复 @一个臆想症患者 :哈哈哈,<灯火葳蕤揉皱你眼眉>: 回复 @少女的莓林 :噫,<逐野马之尘>: @一个臆想症患者,<杏杨是两棵树>: @蒙面橘子   @我长不高了ya   @ta不改名称我就不改名称-deng,<杏杨是两棵树>: @Lilian_G  hhhhhh,<不可理喻婷>: 回复 @YeMapossiRep9 :换吗[喵喵],<糖醋鱼儿_>: 回复 @山吹花开七八重- : @山吹花开七八重-  咦惹，你真的,<就是凯大大呀>: 回复 @小丸子爱吃牛肉面 :哈哈哈哈哈哈,<小丸子爱吃牛肉面>: 回复 @就是凯大大呀 :不要！,<就是凯大大呀>: 回复 @小丸子爱吃牛肉面 :给你试一下？要不,<啊啊啊啊啊小辛>: 回复 @啊啊啊啊啊小张 :我擦。。，变态，,<田方Zzzzzz>: 回复 @李天霸霸- :换撒,<反射弧超级长的少女秋>: @田方Zzzzzz,<阿丫吖奎尼同学>: 回复 @HelenRegal :污！！,<兴奋的小黄花>: @肖申克的大表叔  [阴险],<oh晴>: @--荆轲刺秦王--,<一只爱夏的萌>: 我是小纯洁[二哈][doge]老司机 @慵懒兮  ,<熊阿亨>: 回复 @夏阿咸 :好污，好稀饭[爱你],<夏阿咸>: 好阔怕 @熊阿亨,<林東宏z>: @Querida卓  [污]这个是啥啊,<反射弧超级长的少女秋>: 回复 @ang小妞儿 :诶卧槽 好想用！但是我不能让别人看到我的污[污],<ang小妞儿>: @李天霸霸-  第一就想艾特你[doge],<Daniel-YOY罒>: 回复 @watermelon鱼筱滢 :我艹 [笑cry],<watermelon鱼筱滢>: @Daniel-YOY罒  [doge][doge][doge],<我是太阳Zz>: 回复 @ZHA晶 :哦，以后不艾特你了,<ZHA晶>: 回复 @我是太阳0425 :要你个头]
wxh812218675	想握着你的手，对你说： ​​​	[<多肉-公主>: 回复 @李烨籇 :哈哈哈哈哈哈,<每天想吃karaage>: 回复 @菠萝菠萝岛 :[大笑]这手很形象,<和你说晚安听到了吗>: @每天想吃karaage  嗝～,<大魔王的小橘子>: 回复 @Zero先生不再见 :get[微笑],<Zero先生不再见>: @大魔王的刘小柯  快来收图了,<老几拐>: 回复 @uncoollin :你找打!!,<李烨籇>: 回复 @可爱-lili :[白眼],<樟井>: 回复 @苑咸鱼 :[拜拜]再见 自杀,<苑咸鱼>: @樟井  爹爹爱你[心][抱抱],<子瑩鴿>: 回复 @-Bennie :拉黑,<whyccii_>: 回复 @7hzzzzz- :你倒是吻啊！[怒],<该减肥了提莫>: @惊起西风冷楼阙_,<你要做一件晴朗的事er>: @Yolanda_wawa,<大壞蛋19701>: 哈哈哈！手手！ @王大锤的王小贱,<穷尽末路>: 回复 @及他忆他 :耶,<7hzzzzz->: @whyccii_,<--荆轲刺秦王-->: 回复 @oh晴 :你的猪蹄当然是我的了[doge]我都馋了很久了,<zc大宝贝>: @棒棒糖唐唐er  哈哈哈哈,<w1陈凤>: 回复 @www__Je :滚,<Porgy_>: @Susanad,<我不是你妈没时间爱你爸>: @Lei慕文  哈哈哈,<Juuun_nnnnn>: 回复 @王明轩_wyc :何必互相伤害  http://t.cn/R6TPFd9,<王明轩_wyc>: 回复 @全世界最好的巨蟹座 :放开我，拿我40米的大刀来！我要下厨弄道猪蹄子给你尝尝 [doge],<一只小迷妹呐>: @追风少年刘全有,<机智的捷哥>: @Wannnao,<涛粑鼻>: @小慧慧baby,<Juuun_nnnnn>: @王明轩_wyc  我一定要艾特你…我也不懂为啥我第一个就想到了你 [摊手][摊手][摊手],<土豆你个洋芋1>: @追风少年刘全有,<oh晴>: @-HUNGTANTUNG   @--荆轲刺秦王--  你的猪蹄,<_Cherry_T>: 回复 @岁月-Wu声 :[炸弹],<萧了个yao>: @难听也要尬舞  [doge],<阿斯匹靈少年>: 回复 @red-burn-meat :你的手[摊手],<red-burn-meat>: 回复 @阿斯匹靈少年 :[摊手],<阿斯匹靈少年>: @red-burn-meat,<我将变成一只萤火虫>: 回复 @姁老板 : @追风少年刘全有,<Ly__Lilies>: @Donovan宝多,<欧呜嗷>: 回复 @Deklamator :自杀了,<岁月-Wu声>: @_Cherry_T  [阴险][阴险][阴险],<陳-花花___>: 回复 @小司机大身材- :昂古,<及他忆他>: @雯叔Wesun  老婆,<国服第一倒钩狼你看我呀>: @追风少年刘全有   哎,<章多多d>: 回复 @南方温暖北微凉 :你要托打,<不想说话因为我hin酷>: @ZzzzzKaKa,<饿尔多思啊>: OK  http://t.cn/R6YfHds,<LISHIJIA_ToGether>: 回复 @应南浙 :图片评论  http://t.cn/R6YfSmT,<憨人应>: 回复 @LISHIJIA_ToGether :[微笑],<LISHIJIA_ToGether>: 回复 @应南浙 :你啥时候变表情包了[疑问],<憨人应>: @LISHIJIA_ToGether,<故事还长o0O>: @BIUbiu鹿han  [猪头],<喵与薛>: @追风少年刘全有  [太开心][太开心],<温医李元芳>: 回复 @原味豆浆i :图片评论  http://t.cn/R6YcaHv,<靖然大妹子>: @路飞是橡胶人诶,<小明你别跑啊>: @追风少年刘全有,<黄小豪要奋斗>: @刘家的鹿deer,<ShengP1ng>: @tmmqjnx,<6foot_7foot>: @追风少年刘全有,<这个ID的主人长得真好看>: @Ttoppp-]
wxh812218675	交友贴：留下你所在的城市，同城的互撩~~ ​​​	[<是你们露姐呀>: 回复 @_张伊琳 :我也在南昌而已,<Jinx_xxxxxxxx>: 回复 @是你们露姐呀 :咋啦,<我要闪现去撞墙>: 回复 @白岛以北 :[污][污],<是你们露姐呀>: 回复 @RoyIU_ :我也赣州滴,<是你们露姐呀>: 回复 @_张伊琳 :哇,<罗卜味的猪>: 回复 @香蕉皮Alex :mua,<香蕉皮Alex>: 回复 @罗卜味的猪 :看到江西的小仙女了,<潜移默化爱打句号>: 北京，92年，微博有照片,<偶然離開_>: 回复 @独孤狗蛋儿_ :小夜猫啊 明天不上班咋,<偶然離開_>: 回复 @独孤狗蛋儿_ :呀  还没睡呢,<独孤狗蛋->: 回复 @lI上 :我今天才看到[二哈],<偶然離開_>: 回复 @独孤狗蛋儿_ :哈 你这不怎么看微博呦[二哈][二哈][二哈],<Workaholic-YU>: 回复 @Ella_白小酱迷妹_ :这么近，不如出来聊[坏笑],<独孤狗蛋->: 回复 @lI上 :哎呦呦呦,<Ella_lovezwx_>: 回复 @Workaholic-YU :来呀[羞嗒嗒],<_一地鸡毛_>: 回复 @猛男酱酱 :南京哪儿呢,<PchyTong->: 回复 @白岛以北 :嘻嘻😬,<白岛以北>: 回复 @我要闪现去撞墙 :抓到一只同城[喵喵],<白岛以北>: 回复 @PchyTong- :抓到一只同城,<Arthas-H>: 回复 @ohhcony :[馋嘴],<Workaholic-YU>: 回复 @Ella_白小酱迷妹_ :撩啊,<MyAXin>: 回复 @_张伊琳 :我也是，有时间一起出来玩啊,<Jinx_xxxxxxxx>: 回复 @MyAXin :是的,<MyAXin>: 回复 @_张伊琳 :你在南昌哪里？市里？,<Jinx_xxxxxxxx>: 回复 @MyAXin :嘿嘿,<咦儿哟哎儿哟>: 回复 @金龙longer :可以，唱吧[doge],<金龙longer>: 回复 @咦儿哟哎儿哟 :忐忑也行[doge],<咦儿哟哎儿哟>: 回复 @金龙longer :RAP也可以，美声也行[思考],<金龙longer>: 回复 @咦儿哟哎儿哟 :哈哈哈，怎么唱[笑cry],<咦儿哟哎儿哟>: 回复 @金龙longer :唱出来就不绕口了[doge],<我叫田月>: 就没有北京海淀的吗！188！[可爱]北京海淀,<金龙longer>: 回复 @咦儿哟哎儿哟 :名字好拗口呀,<勇者之翼>: 回复 @Bella纬北 :约吗,<栾先生Six>: 1.我不是来约炮的；2.每个人都有两面性，都有一个不为人知的自己；3.现实生活中很多话题都没法去聊，比如性爱；4.生活中越是文静的人，对性爱的幻想越是 疯狂；5.和陌生的人聊一些内心深处的想法，也是一种放松自己的方法。[害羞]有同样想法的女孩子，如果愿意的话可以私信我。,<咦儿哟哎儿哟>: 回复 @金龙longer :Yes[可爱],<找图叔>: 回复 @卍丶丿 :原图已送达.  http://t.cn/R6n5vg2,<金龙longer>: 回复 @咦儿哟哎儿哟 :长沙[doge],<念去_去>: 回复 @范佩西ddgg :刺激的,<咦儿哟哎儿哟>: 回复 @MyAXin :距离不是问题，长沙市[doge],<一只小呆兔>: 回复 @艾荣星 : @找图叔,<一只小呆兔>: 回复 @想不到名字是什么 :榆林,<范佩西ddgg>: 回复 @妒世乖野 :哈哈 马上我得去常州了,<范佩西ddgg>: 回复 @正气少女丫 :刺激不,<妒世乖野>: 回复 @范佩西ddgg :还行吧 骑行可能是有点,<范佩西ddgg>: 回复 @妒世乖野 :海安到那边有点远[二哈],<妒世乖野>: 回复 @范佩西ddgg :[眼泪],<念去_去>: 回复 @范佩西ddgg :哇塞 玩偶遇么,<范佩西ddgg>: 回复 @正气少女丫 :那什么时候咱们市里偶遇一下[摊手],<念去_去>: 回复 @范佩西ddgg :学生狗表示只能在市里转[摊手],<范佩西ddgg>: 回复 @正气少女丫 :哈哈 我经常骑行过去[二哈],<范佩西ddgg>: 回复 @妒世乖野 :我也就骑行去过[二哈],<念去_去>: 回复 @范佩西ddgg :很近哦]
wxh812218675	游戏五黑头像[微笑] ​​​	[<王-WeiYing>: 回复 @-冯W- :no why[doge],<Wymest->: 回复 @一只Larry :哈哈哈哈哈哈哈哈哈哈走啊！,<啊ya->: @Bingo-颖   @几个怡妹   @言西早的谈  杀人,<-冯W->: 回复 @王-WeiYing :tell me why,<张开手来飞>: 回复 @haha林- :！！！傻子你不理我,<haha林->: 回复 @张开手来飞 :傻子,<张开手来飞>: 回复 @haha林- :秦屿一条街专用头像,<haha林->: 哈哈哈哈 很强势,<秋燕地震震醒了>: 回复 @阿君家会说话的喵 :完美,<Rasasana>: 回复 @好想吃草莓哟 :deideidei,<我和人类有点误会>: 回复 @Rasasana :哈哈哈哈哈哈不能得罪人民币,<Rasasana>: 回复 @好想吃草莓哟 :我认为没人敢举报人民币  乌鸡就用一百块那个,<我和人类有点误会>: 回复 @Rasasana :然后打得很烂就被举报了,<可爱翻天的小朋友>: 回复 @大响有话说 :我是一百,<Rasasana>: 回复 @好想吃草莓哟 :下次换这个头像,<我和人类有点误会>: 回复 @Rasasana :哈哈哈哈哈哈,<王-WeiYing>: 回复 @AAYLKU :是时候去下载王者了[笑cry][笑cry],<我是小仙女的猫>: 回复 @小仙女很喜欢她的猫 :智障,<Hi_莫云>: 回复 @LittleLittleGuo :来来来[二哈],<翠花爱吃鸡大腿>: 回复 @被偷走的时光机 :厉害了[doge],<周-圆圆>: 回复 @gillar-du :可以哈哈哈,<AAYLKU>: 回复 @王-WeiYing :走起哈哈,<-啾咪啾咪_>: @摸一凹喵爱椰奶  握草,<王-WeiYing>: 回复 @AAYLKU :绝对吓人[笑cry][笑cry],<喂呦告老师ii>: 回复 @abi_moat :wow,<给我个鸡腿>: 回复 @甜龙味熊猫 :哈哈哈哈哈拿去浪！,<甜龙味熊猫>: 回复 @给我个鸡腿 :高清大图哎 你很棒哈哈哈哈哈哈哈哈,<勤劳的码字工>: 回复 @GG-心痛中 :哈哈哈哈哈,<给我个鸡腿>: @甜龙味熊猫  [doge],<LittleLittleGuo>: @Hi_莫云  我要100,<小仙没有猫>: @我是小仙女的猫  哈哈哈哈,<PINK酱皮卡皮卡>: @DOG酱道格道格   @就就就就是LC  [doge][doge][doge]我先来五块的,<王千笑>: @龍鉉晓  很厉害[笑cry],<AAYLKU>: 回复 @王-WeiYing :全军出击哈哈哈哈哈哈,<张开手来飞>: @haha林-  傻子，推荐给你,<王-WeiYing>: 回复 @-冯W- :哈哈哈，不要用英语好吗,<hyoo94>: @MENGYU-子皿,<-冯W->: 回复 @王-WeiYing :wait you 好吗[doge],<王-WeiYing>: 回复 @-冯W- :等我有了新手机好吗！[doge],<木子悠夏>: @Dorom-暮沐,<GG-心痛中>: @宇宙第一挑食少女  感觉你可能需要,<-冯W->: 回复 @王-WeiYing :来来来我们3v3,<王-WeiYing>: 回复 @-冯W- :是时候把王者下载回来了[哈哈][哈哈][哈哈],<-冯W->: 回复 @王-WeiYing :哈哈哈，这一上去的压迫性,<王-WeiYing>: 老哥！稳！ @AAYLKU   @-冯W-  [哈哈][哈哈][哈哈][哈哈],<abi_moat>: @喂呦告老师ii  完美的五黑[doge],<蛋性>: 回复 @变态水龙头 :这个可以有🙈[眼泪][眼泪],<苍天呐赐我个学霸吧>: @LIMINHAO爱  你值100快,<平g_>: 回复 @-张诗桐 :毛爷爷吓死对方,<部长大人的能猫君>: @能猫君的部长大人   @梦腻腻   @努力的学酥泡   @星漆八 @南木木木木木木木木    @小超人是勇敢的战士   @洁___1   @爱琴海弥漫着淡淡滴伤 @亚纶_在潞上,<不要着灯oh>: @Sapphire-霄,<兔子伶kawaii>: 哈哈哈  http://t.cn/RiWHCXR,<老丑蛋今天英语进步了么>: 回复 @肥兔子变瘦兔子进行中 :搞一波么，辣鸡玩家认领了五元,<老丑蛋今天英语进步了么>: 回复 @Mia谷多吃肉 :你看didi都认领了五元]
wxh812218675	望周知！ ​​​	[<HMO1>: 我竟无力反驳[摊手],<梁太太的王先生>: 回复 @沉up :[爱你]我就知道你是爱我的,<沉up>: 回复 @老实敦厚的东北汉子 :这个锅我不背～,<梁太太的王先生>: 是吗 @沉up  ？,<逗逗逗逗云>: 说的太对了[摊手],<翟广燕>: [笑cry][笑cry]笑死,<温柔Zzzzz>: 对的，跟你没关系,<榴莲大毛毛>: [doge][doge][doge],<Estrild>: @方展宇     跟你没关系的]
wxh812218675	超可爱的要饭表情包，有毒！[笑cry][笑cry]cr:-夔州小流氓- ​​​	[<老敬小婷>: 回复 @大丝瓜一米八 :你也在逛微博好巧啊[摊手],<老敬小婷>: 回复 @大丝瓜一米八 :你发给我的[污][污],<大丝瓜一米八>: 回复 @橘小小酱 :6666,<风荡柳絮心飘零>: 前排[doge]]
wxh812218675	真的渣心了。。。 ​​​	[<柚子君很酷>: 回复 @本宫早已位列仙班 :私了,<本宫早已位列仙班>: 回复 @进击的多肉系柚子君 :求原图[笑cry][笑cry][笑cry]先谢过了,<荔枝碎大石>: 回复 @李可可人Er- :[笑cry][笑cry],<Seravita-墨语唯薇>: [笑cry][笑cry][笑cry]哈哈哈,<窘窘2jiong>: 扎心了老铁  http://t.cn/R69KHwK,<李可可人Er->: 回复 @荔枝碎大石 :哈哈哈哈哈好巧！这里都能看见你,<粥思肉>: 回复 @想响相见亦无事 :扎心了老铁,<清和昂驹>: 回复 @秘制yu摆摆 :图片评论  http://t.cn/R6KdMDM,<没有故事不喝酒->: 扎心了  http://t.cn/R6K1AGb,<OSH4_12>: 图片评论  http://t.cn/R6Kuhrd,<Busy_BZ>: 回复 @秘制yu摆摆 :图片评论  http://t.cn/R6KRs8y,<老婆饼里有老婆吗>: [伤心]  http://t.cn/R6KW9Qr,<你的旅行终年不遇>: 回复 @安伯斯与提妮c :[白眼][白眼][白眼],<网瘾少主>: 回复 @丸子吃不吃 :发不出去啦，明天发给你,<该好友与您宇宙第一好>: 回复 @是不是起名越长越 :图片评论  http://t.cn/R6KCLEI,<丸子吃不吃>: 回复 @一只叽腿子 : @原图君  拜托拜托,<槛外的人儿呐>: @该好友与您宇宙第一好   @zzz-zzzzzz-   http://t.cn/R6K9mCt,<已久Js>: 回复 @小小耳朵6 :扎心了,<稚昂仏蒽>: @官博你今天给我激活码吗,<Superbear-Lean>: @littleeat   @Pina-啵啵扎-,<鲸落12344>: 回复 @进击的多肉系柚子君 :来来啊来来快活,<你的输入法都不记得了>: 回复 @进击的多肉系柚子君 :[哆啦A梦微笑][哆啦A梦微笑][哆啦A梦微笑][哆啦A梦微笑],<CHENYUE-C>: 有没有想过那种用美食填充自己忧桑又空虚的人生，然后到夏天就差不多可以胖到200斤了。[二哈][二哈][二哈],<我是梁啾啾>: 回复 @一只叽腿子 :同款猫?[笑cry][笑cry]  http://t.cn/R6K5anD,<人生只有我痛苦吗>: 回复 @鱿鱼丝儿Ulrice :求原图，谢谢,<该减肥了提莫>: @你的旅行终年不遇  哈哈哈哈哈哈扎心了 希望给你找一个渣女,<Hypoc2isr>: 图片评论  http://t.cn/R6K4kqs,<表白楼下烧烤摊>: 回复 @一只叽腿子 :求原图   谢谢啦,<阿ber菲>: 回复 @秘制yu摆摆 :图片评论  http://t.cn/R6KA0dr,<林欠落>: 转发微博  http://t.cn/R6KZLHk,<颖州王祖贤>: [拜拜][拜拜][拜拜][拜拜][拜拜][拜拜][拜拜][拜拜][拜拜],<Liuuuu_Y>: 回复 @Luuuu_Biny :[惊恐][惊恐],<千层飞饼君>: @real__zzang,<姚莹baby>: [微笑]  http://t.cn/R6K7REx,<姚莹baby>: 回复 @一只叽腿子 :求原图,<cheesematcha倪>: 回复 @秘制yu摆摆 :你们4个人套路666哈哈哈哈  http://t.cn/R6K7ClO,<我怀疑你是猫系>: 回复 @一只叽腿子 :求原图[doge],<游大大大鑫>: 回复 @一只叽腿子 :图片评论  http://t.cn/R6K7VdE,<网瘾少主>: 回复 @游大大大鑫 :图片评论  http://t.cn/R6K7USO,<max硕2>: 回复 @Beauuuuuuuuuty_elwood :噗，好好笑,<游大大大鑫>: 回复 @一只叽腿子 :撞头像了[二哈],<小哓晓清>: 回复 @猫囤囤 :哈哈哈,<阿君家会说话的猫>: 回复 @秦作文- :[二哈][二哈][二哈],<秦作文->: 回复 @阿君家会说话的喵 :哈哈哈，我去,<饿尔多思啊>: 回复 @一只叽腿子 :求私信[飞吻],<看星星的小仙女>: 回复 @一只叽腿子 :求原图[爱你],<小腮红Echo>: 图片评论  http://t.cn/R6Kh0gy,<姚德周小迷妹vov>: 所以我还是安静的自己喝酵素瘦吧 渣男再见[微笑],<阿君家会说话的猫>: 回复 @秦作文- :[doge]求渣男是hong了吗,<秦作文->: 回复 @阿君家会说话的喵 :哈哈，我还没有胖的明显，求渣男[doge],<旅人windy>: 回复 @风趣幽默不是我 :好像没什么毛病[摊手],<假如我有一只狗子>: @旅人windy]
wxh812218675	遇见你，花光了我所有的钱，而你却还不认识我[拜拜] ​​​	[<洁琼GNAUH>: 笑煮说告辞的时候好帅[笑哈哈],<俞姑娘的喵>: 没毛病[眼泪] #俞飞鸿#  ,<榴莲大毛毛>: 唯滚解忧。[拜拜][拜拜][拜拜],<草荡漾路就像>: 追星[doge]]
wxh812218675	你的小祖宗正在等你，耐心只剩1%[微笑][微笑][微笑]（源自网络） ​​​	[<1996江南风>: @佳佳佳佳佳佳红,<_MQ__Hhhhhh>: 回复 @荷包蛋爱喝粥 :图片评论  http://t.cn/R6aCJve,<荷包蛋爱喝粥>: 回复 @_MQ__Hhhhhh :这套可爱[羞嗒嗒],<过了高数下改名>: 适合你，亲爱的[舔屏],<再遇亦难>: 回复 @yoonaaki :[doge]给给给,<yoonaaki>: 回复 @再遇亦难 :高薪？你搞反了吧 小伙子，你倒给我钱我才考虑下要不要让你来给我丰[抠鼻屎],<再遇亦难>: 回复 @yoonaaki :[doge] 小姐姐 请高薪聘请曾老师为你操作,<yoonaaki>: 回复 @再遇亦难 :怎么啦[摊手] 我的意思是你给我转账让我去丰胸，你一天到晚脑子里想什么呢[白眼]  真的是太污 太坏了，哎 居然找了个这么污的男票,<再遇亦难>: 回复 @yoonaaki :小姐姐羞不羞🙈,<胖球要清肺>: 回复 @雪碧姊 :没有的呢！炒鸡情愿,<好市民赵先生>: 回复 @Readyouvery :？？？起床先刷头条,<雪碧姊>: 回复 @胖球要清肺 :图片评论  http://t.cn/R6a6sZF,<雪碧姊>: 回复 @胖球要清肺 :不情不愿的[摊手],<胖球要清肺>: 回复 @雪碧姊 :好的呢,<雪碧姊>: 回复 @胖球要清肺 :图片评论  http://t.cn/R6a6bZ1,<胖球要清肺>: 回复 @雪碧姊 :哇！老婆,<就是不起名啊>: 回复 @Hgg_g :哈哈哈哈哈哈哈,<_MQ__Hhhhhh>: 嘻嘻嘻嘻嘻 @荷包蛋爱喝粥,<大冬冬冬喵>: @我们要不要来开个会,<毛毛啊->: @-小贝壳-   @肥兔子MC,<yoonaaki>: 回复 @再遇亦难 :你的小祖宗在等你来丰胸     嘿咻嘿咻嘿咻[污],<再遇亦难>: @yoonaaki  小姐姐要升级了,<李二姑娘Le>: @Sssssssy__,<Sunshine我是小太阳>: @夭夭了了1166  [doge],<Hgg_g>: @就是不起名啊  [doge],<LuWeiiiii_>: @荔枝zzzZ    快来 哈哈哈哈哈哈]
wxh812218675	扎心！[摊手] ​​​	[<饿尔多思啊>: 图片评论  http://t.cn/R6iwDhp,<凄冬日>: @长腿布利我的爱,<精神离家出走的吸狗阿姨>: 图片评论  http://t.cn/R6iwSXQ,<双截棍的周杰伦i>: [二哈]  http://t.cn/R6iw6v0,<王甜甜想要一只猫>: 图片评论  http://t.cn/R6iwqUS,<橙子讨厌吃香菜>: 。。。扎心了[摊手],<Atropine_>: 图片评论  http://t.cn/R6iZ11u]
wxh812218675	黄鳝表情包[摊手] ​​​	[<-WJH_>: 回复 @卡罗酱_ :有毛病,<我太有才了forever>: 这一拨是从＂男人是鳝变的＂来的吗[挖鼻][挖鼻]  http://t.cn/R6c0iJ8,<ALWAYSTOGETHERLX>: @看见帅哥就腐  扎逼了老铁,<难得垂暮终至>: 看到这些图全他妈是那个视频的阴影  就不该手贱点进去看[拜拜],<阿七大魔王i>: 好恶心，能不能不发关于黄鳝的[吐],<孔你个孔>: @失落人的秘密  可怕。。。。,<Pinks-Pinks-Pink>: 回复 @YOUHUO_ :扎bi了 老铁🤐,<YOUHUO_>: @是你小彤妹  [眼泪] [眼泪] [眼泪],<山有木兮木冇枝>: 心疼皮皮虾[喵喵],<突突兔仔>: [吐][吐]隔了一晚好不容易淡忘的说！,<G-ROCK-C>: 到底发生了啥，吊大的给我讲解下,<不温柔959->: 回复 @阿琛OuO :[吐][吐][吐][吐],<子书萧榛>: @不负如来不负卿YOLO,<珉珉900326>: 好怕这个，抱紧我的皮皮虾,<用户5955446603>: 回复 @别瞌睡啊 :谢谢]
wxh812218675	这只鸟，马上就要火了！ ​​​	[<贵阳邻家小鲜肉>: 鹰酱，你节操掉了!,<你已亭亭无忧亦无惧>: @嘤嘤嘤哭着跑掉,<一只_胡萝卜>: 回复 @你说什么我咋听不到 :祥祥给我的小家伙取了个可爱的名字，然后我就没出息地原谅了他，我也不想这样啊[二哈]  http://t.cn/R6Gykua,<以后要亲切的唤我阿鱼>: @邱成脑壳遭冷瓜了,<ZENG7>: 回复 @Lynne_Peach :可能是假鸟了,<遥远的院长->: 回复 @Charlotte_FT :我没这么挺的鼻子[doge],<Charlotte_FT>: 回复 @遥远的院长- :这是你吧,<阿库纳马塔塔_>: 回复 @二水土八九 :[笑cry][笑cry][笑cry][笑cry][拜拜][拜拜][拜拜][拜拜],<二水土八九>: @阿库纳马塔塔_  是你 快回家,<Jlucsyt>: 好像你 @ciolx,<只是小号买买买>: 咕咕[二哈] @桥本和音   @西海岸的一颗鲸鱼,<betterSherry_>: @下凡历劫的仙女兰,<阿希希的向日葵>: @suki是小太阳,<32A平胸美女的丰满生活>: [二哈]// @法啦利是吾发 : [哆啦A梦微笑],<李蒜勋Tong>: @-Capacity_y,<我要被发现抓回地球了吗>: 也可能马上就变成透明皂了,<土萌萤_Hotaru_SailorSaturn>: @Valbei  傻雕,<迷斯特_王>: @厉害了word谦,<你说什么我咋听不到>: @一只_胡萝卜  在家竟开始爱玩手机了起来,<稚昂仏蒽>: @官博你今天给我激活码吗,<嘀儿哩咯哒>: 回复 @HolySuperCat :[眼泪][眼泪][眼泪][眼泪],<我是你的陌雨啊>: 应该在补一个:你瞅啥，你再瞅我，瞪死你。,<赚差价的中间商>: 别看我，我会羞涩的[喵喵],<Hearken-L>: 图片评论  http://t.cn/R6brIPN,<耒莫>: @荷兰芹仙女  [眼泪],<紫雨翎之拳>: @宁静Angel-   @木矞木,<老堤少年>: 我是谁？我在哪儿？我的航母战斗群呢？,<七笋>: @画茱萸  [doge][doge][doge],<HolySuperCat>: 雕兄？ @嘀儿哩咯哒,<不負落花微雨>: 回复 @熊本熊表情包 :我的内心毫无波动，所以我一动也不动,<dizzychily>: @NOIS罒_罒,<琥珀川底的千寻>: 有点可怕……不想用,<r我可是混世魔王啊>: 清蒸还是红烧[doge],<Lemon_兔兔>: @雕牌雕兄说  雕兄是你嘛[疑问][疑问]  你咋被绑了[偷笑][笑cry],<丢了粥的猪>: 鹰酱[笑cry] @-逆光飞行-,<可乐甜菜>: 有点可怕……[二哈],<遥远的院长->: @Charlotte_FT,<隔壁王哥哥啊>: @雕牌雕兄说  你兄弟被绑了[笑cry],<熊本熊表情包>: 补一个  http://t.cn/R6bnej8,<鹌鹑猫真的掉色了>: 已收[喵喵]好评]
wxh812218675	注意了！ ​​​	[<饿尔多思啊>: 你朋友一点都不担心，因为你减不下来[doge],<旺旺碎大石>: 都比你瘦[doge]  http://t.cn/R6UIxgi,<凄冬日>: @小小小-Monkey,<凄冬日>: @长腿布利我的爱,<艾荣星>: 图片评论  http://t.cn/R6UcgrG,<阿沐儿TcT>: 努力过的自己[干杯]一定比荒废时光或是满嘴道理的人更有说服力 翻翻我的的围脖 让我带你一起make money[爱你][爱你][爱你],<PINOCCHI0->: 背一书包的零食，挨个跟着去捡钱[喵喵][喵喵][喵喵],<永远两岁半的张太太>: 照此推理，那你胖二十斤，你的朋友就会多200块钱咯,<果果会看晗晗溪溪>: 图片评论  http://t.cn/R6UtY5G,<凉雾呀>: 把你朋友的微信都发出来，我加加]
