yurinashan	【史上最全的10种超实用眼线画法】她们颜值变化那么大，那么你呢？手残党不要再葛优躺啦，速度动手，今天搞定眼线，明天搞定眉毛，世界是你滴！【关注➕转发】[强]🏻 美宝莲眼线液、bobbi的眼线胶、mufe防水眼线笔都专宠一位宝宝优里娜的秒拍视频 ​​​	[<大山里的小霸王>: 回复 @用户6204368930 :噢噢原来是这样谢啦,<用户6204368930>: 回复 @大山里的小霸王 :因为你眼睛里面有水呀，所以眼线液在眼睛里面那层不容易画线，不过等稍微干些，就很自然,<大山里的小霸王>: 回复 @用户6204368930 :不知道为什么我用眼线液笔画不了内眼线 感觉没水一样 外眼线就行[眼泪],<用户6204368930>: 回复 @大山里的小霸王 :眼线膏容易晕妆哦,<用户6204368930>: 回复 @噗噗酱pupu :咋们家朵色眼线笔不晕染哦！,<郑文cherish>: 回复 @或希梅西粗哇嘿 :关注了[笑cry][笑cry][笑cry],<小太阳和花花的世界>: 我想问问第一种自然的内眼线的眼线笔的链接 谁有,<邮差与风1993>: 需要彩妆找我 [爱心],<汝家九月>: 心水[鲜花],<睁眼就四点>: 有人 买 christian Louboutan 彩妆 可以找我 不收代购费 就在专柜工作,<弧线长过天>: 转发微博,<张莎666>: 回复 @Jennifer-慕阮 :有缘分啊,<张莎666>: 回复 @Jennifer-慕阮 :[太开心][太开心],<Jennifer-慕阮>: 回复 @张莎666 :巧得嘞～,<张莎666>: 回复 @Jennifer-慕阮 :我也是单眼皮[眼泪],<张莎666>: 回复 @小毛驴跟我回家吧 :哈哈[眼泪],<世界第一喵皇陛下>: 感觉小u做的好用心！,<小英的万花筒>: 超晕眼睛，连kiss me 都会晕[污]求不晕[并不简单],<皮草T台秀>: 回复 @这是一首悲伤的歌 :哪个大神给我P个图呗,<最初的最初_99415>: 招淘宝兼职，私谈,<不管三七是不是二十加一>: [心][心][心],<熊小熊Heidi>: 有没有不晕的眼线膏的推荐呢？,<wan没道理>: bobbi的！！！,<脑出血的你>: @CP呀,<翁柔柔柔柔柔>: I LIKE IT ！GOOD LUCK FOR ME！[心]越努力越幸运,<海绵宝宝哈哈哈哈>: 嘴上说着中不了又偷偷转发的口是心非的仙女 [二哈]不舍得不转 说不定就被幸运女神选中了呢,<别叫我吃五花肉>: 一不小心被撩到了 我要当万里挑一的 幸运儿[笑哈哈][笑哈哈]我控几不住我记几要转花[心],<_我要减肥和运气顔_>: 转发微博,<手机用户3258336411>: 想知道眼线笔是哪个牌子的哪款[色],<我忻里有鬼>: 总画不好可咋整,<慧慧ABBY__>: 转发微博,<-七小兔>: 转发微博,<小妖精506>: 什么时候出新娘妆呢？网上一直没有好看的新娘妆，最好是明星仿妆,<爱没时差vae>: @MTT不是MT,<网红就是皮皮虾>: 这妆好看  喜欢  看完这个就下定决定不要让自己做个手残党了  现在脸上的斑也调理好了  要好好学化妆了[污],<L姑娘好好哒>: 内眼线是用刷子刷的吗,<小鹿的小树>: [鼓掌][鼓掌][鼓掌],<凡霾凡迷>: @优里娜  [嘻嘻][心][嘻嘻][心],<大山里的小霸王>: 回复 @温wAnyInG :这是什么bug???,<温wAnyInG>: 回复 @CHAOWAICHAN :哎哟 我以为你问我 因为你出现在我评论消息了,<哈哈哈郭哈哈>: [笑哈哈][笑哈哈][笑哈哈][笑哈哈],<justforRong>: 回复 @taeyeonounia :看了还是不会哈哈哈,<taeyeonounia>: @justforRong,<大毛鹿吼>: @小有大  来来来瞧一瞧看一看啊,<太阳镜厂家招代理>: 那里会那么多,<casssid>: @原也1,<ABCDG____>: [噢耶][噢耶],<不发光不爆炸>: Repost,<大山里的小霸王>: 回复 @温wAnyInG :你这样都能找到我,<MseaZN>: @沙漠没有骆驼-   我也马一下,<我系帕尼>: 回复 @蝇射状运迈 :怎么在娜娜的评论里发广告[摊手]]
yurinashan	#小U试色#《太阳的后裔》上演真·圆满大结局了！看的我好感动啊！！！心情好来个试色图分享呀， bobbibrown金管唇膏6支试色，【关注+转发】，送2份美妆品哦！ ​​​	[<Forever-曦玥>: 好想要[心][心][心][悲伤][悲伤][悲伤],<薇薇是个好姑娘>: 26和29很爱呢[爱你],<ABUJ>: 上东区红玫瑰！,<洪鞋子_>: [眨眼]好的,<我不再是当年>: 怎么购买呀,<Girl儿儿儿>: 转发微博,<Hunter_mk69>: [憧憬],<一只托比>: [噢耶]买衣服请找我！  http://t.cn/RKZTXxs,<陈伟霆的迷妹biubiubiu>: [求关注],<企鹅橙汁>: 转发微博,<一首儿歌儿>: 小优真是百变女王，什么风格都能驾驭，哈哈哈超级漂亮,<小倩小主x>: 拉低中奖率...,<小一堆卖潮鞋>: 8号挺好看的 @湓盆湓  ,<FluffyAurora>: 刚入了18！嘻嘻嘻嘻嘻嘻,<请问张艺兴今天更博了吗>: [憧憬],<小花花花花花柠檬>: 送我送我,<LLLlidi>: 转发微博,<从来未爱你绵绵的微博昵称>: 8美 26气场满满~,<蘑____菇菇菇菇菇菇菇>: [奥特曼][奥特曼][奥特曼]888888888号,<蘑____菇菇菇菇菇菇菇>: [奥特曼][奥特曼][奥特曼]8888888号,<KikikikiZZZZ>: 888[色][色][色],<hey-ccw>: 8号最美[鲜花],<小皇帝草莓>: 转发微博,<大胖妞的减肥之路HB小星星>: [爱你][爱你][爱你],<半夜敲窗的兔子>: [兔子],<蒙蒙蒙蒙妹子呀>: 小优看这边呦,<喵喵yjf>: 8号色太美了,<liuxy_66>: [爱你][爱你],<唐泡泡baby>: 29号色好美,<捻一瓣清欢>: 这样可以避免中奖号码出场[喵喵][喵喵],<4EveR_Ying>: #bobbibrown金管唇膏#  ,<再遇y见>: #小u试色# 我觉得8号色适合我。,<阿拉蕾喜欢小雨>: [心]14#,<你旺我旺_大家旺>: 转发微博,<佳佳要变白->: 转发微博,<LOVE原来如此_原>: 真的好美！,<随遇而喜0>: 真的？小u.    8号美美哒！不过我知道也抽不到我！[汗] @优里娜  ,<瑶瑶恍恍>: 八号色美美美,<大木木M哦>: 看着都超好看，斑好了以后就想美美哒的撸妆,<smile笑笑m>: 看到在一起特别开心[太开心][太开心]，也祝小姐姐早日脱单[笑而不语][笑而不语][笑而不语]，抽我[笑而不语],<Honey哈呢哈>: [偷乐],<哄哄蚊>: [噢耶]说好的礼物呢？,<宇宙最温柔温大宝>: 关注好久 默默求中！,<大大大西的绿藻头>: [二哈][二哈][二哈],<一个人的另外一个人>: 比较喜欢大红色,<Rayqq_258>: 天哪 这名字戳到我了。。好喜欢,<口十月巴月巴->: 怎么这么多奖品呀,<咕咕咕咕咕_LLLLLL>: 转发微博,<小可爱啦s>: [色][色][色],<兔纸爱吃鱼>: 我买的是7号色[允悲],<一个人的另外一个人>: 激动了好久 ,<爱你的侯老师>: [心][心][心]好]
yurinashan	说到法式It girl，不得不提Jeanne Damas。她一直是是我很喜欢的blogger之一，法式优雅也是我一直所向往的，所以今天我就来一发她的仿妆~所有彩妆All from By Terry，这个法国高定彩妆大师品牌全线终于进驻中国啦~撒花~其中我最推荐的就是的这个明采粉底刷，这款粉底是粉底液和刷子合二为一的设计， ​​​ 全文	[<questpkpk>: 大家都想变得美美我个人非常的像,<丶无奈的苦笑>: 感觉自己真的喜欢上了这款粉底刷。,<夏至nsupr>: 好！女人的颜色看起来特别的可爱,<禅山情思>: 可以说是让我大开眼界了在这里面了解了,<海伦娜love>: 这个妆容显年轻，好漂亮,<田铭瑶>: 求丝绒唇膏笔的链接。,<桃山水库巭>: 我的女朋友说非常的棒。,<十变五>: 护肤品用了真的好白呦。,<所谓伊人f>: 他们这个牌子的粉底液真的必须赞,<农东生>: 粉底是真的很好用的，20号色的唇膏笔也好好看,<scxcsq_老虎>: 我觉得还是自己也可以多买几个。,<只爱佐边那只鞋>: 他们这个牌子的粉底液真的必须赞,<唯恐临清不乱3>: 这是我最喜欢的一款口红。,<初一一3班>: 这些口红的色彩还是比较好看,<天生靓妹>: 图6的这一款唇色我挺喜欢的,<z艺宝>: 性价比这么高的化妆品，太厉害了。,<装蛋需要实力>: 我就喜欢这种颜色，涂上去美美的,<希de向日葵>: 超级棒的感觉的非常好。,<埋藏回忆aa>: 看上去非常的吸引我的眼球让我们行动起来吧,<龙马gx>: 嘴唇颜色也很好看。真是自然。,<Stringery>: 不知道专柜有不有这个可以购买？,<较差加重选育H>: 这口红非常好用，特别喜欢。,<关于薷的爱>: 简直太帅了，这个牌子的用了好久了。,<关于候鸟的神话>: 就在这个口红非常的优秀，特别喜欢的。,<要档>: 看来这个周日特别的开心,<徐徐徐vivian小瓶盖>: 化妆长痘怎么破[泪][泪],<1波风水门>: 现在行动起来去购买还不晚,<小乃灰灰>: 送给闺蜜她礼物，她应该会很开心吧。,<熙组灬小熙>: 这粉底真好，还配着毛刷，真好啊，好想买哦。,<信威姐得永神>: 我是非常想用一下这个产品？,<只爱love武小艺>: 如果你也喜欢还在等什么呢,<染_c_>: 口红这个颜色实在是太可爱了，非常胖。,<Dear丶兴北门>: 这个产品不管搭配什么样的妆都是美美的,<l冰荷>: 我也超级喜欢这个博主的,<西施怎敌你貌美>: 她这次的妆画得很好看，很大方，优雅,<xxxxxxxxxlqy>: [爱你],<玛丽隔壁的->: 好温柔！！！ 美瞳是哪一款呀小优,<charchar_>: 小优 你以前推荐的prescriptive是啥色号啊 我记得在几年前美国读大学的时候跟着你买的色号很合适 现在想重新tb这个粉底液[允悲],<HZX只爱学习>: 我觉得没怎么仿啊 感觉平常精灵妈就是这样的妆面[doge],<Ace婉婉>: 这个粉底液不错啊[鼓掌][鼓掌],<smile园er>: 宝宝怎么在官网买,<好吃懒做的安小菜_>: 以前脸上有斑，为了遮盖，快把自己逼成专业的化妆师了。现在斑没了。想化妆就化妆，不想化妆就素面朝天！[酷],<V超龄儿童>: 转发微博,<hi__Li熙熙丶>: 炒鸡方便啊！,<小妖_格格>: 回复 @END_NO_ING :o哦，明白了，太谢谢咯！~ 我去逛逛哈~[嘻嘻],<行者--雪媛>: 回复 @优里娜 :上海。。。。能快递么[二哈][二哈],<AA-Amy--->: 干皮合适吗,<系阿伊某系阿姨>: 回复 @优里娜 :谢谢[爱你],<飞也可以跳也可以>: 小优每次都实力种草，love you[太开心][太开心][太开心],<Snail·Z>: 感觉小优好百变,<END_NO_ING>: 回复 @小妖_格格 :嘉里中心 K11 恒隆港汇 还有国金都有店 全名叫1010 Apothecary,<幻太郎想>: 我想要~,<小妖_格格>: 回复 @END_NO_ING :麻烦问问1010在上海哪里呀？我怎么收不到呀？,<xx视频oo_小清新58>: 回复 @优里娜 :[心]看[心]pian[心]点[心][心]我[心],<月亮moon-baby>: 这个多少钱？,<月亮moon-baby>: 转了转了 抽我哦,<优里娜>: 回复 @行者--雪媛 :国内上3个色号～1/2/4～]
yurinashan	没有人会一直幸运如今迈过的坎，日后都会变成你脚下的风。 ​​​	[<减肥小魔女Minda>: 秋咪  http://t.cn/Ro1cAyx,<Celia的美丽人生>: 真的吗？听了这句话瞬间会雨过天晴。,<daisy溪>: 来过[微笑],<木子_思颖_sweet>: 此时的我，看到这句话，也许也是一种安慰吧,<吴小陨>: 一张是六星亚特兰蒂斯酒店水族馆餐厅,<鬼马机灵球>: 回复 @优里娜 :好美好美哒 有机会你也去呀[爱你],<WYT与MAYDAY>: 谢赫扎伊德大清真寺 里面的地毯和水晶灯好美]
yurinashan	进入2017年下半年的第一天[耶]Best is yet to come[并不简单]每次上新完就会变得效率很高连续几天拍了好多的干货视频和试色纠结要先剪哪一只[允悲][允悲][允悲]要不你们选个look好啦 ​​​	[<咩咩咩洋洋洋C>: 回复 @优里娜 :谢谢回复…by the way..小优你的妆真的越来越好看了！！！摸着良心说话[心][心],<MsParis女神派>: 回复 @优里娜 :[爱你][爱你],<MsParis女神派>: 回复 @咩咩咩洋洋洋C :谢谢亲喜欢我们的衣服，我们是一个时装月租平台，可以下载我们app-女神派查看[鲜花],<9809oo>: 回复 @优里娜 :好哒[可爱],<优里娜>: 回复 @你掌纹- :台湾康是美买的，叫小丑鱼,<优里娜>: 回复 @bye再见过去423 :没有哦，这款我们没有上,<优里娜>: 回复 @月半蚊噢耶 :是ms Paris 的哦,<优里娜>: 回复 @蜜瓜JUN :好多色号啊[允悲][允悲],<优里娜>: 回复 @咩咩咩洋洋洋C :是ms Paris 一个app,<优里娜>: 回复 @9809oo :应该是7月中旬哦,<出售精准客源>: 出售客源,<咩咩咩洋洋洋C>: 图二的衣服好好看啊…求牌子[失望][失望][失望],<爱上石原贵雅的七清妙音>: 好瘦[爱你][爱你][爱你],<tracy412>: 喜欢图九,<9809oo>: chocker啥时候出啊小优，等你出哦，要皮肤不过敏的材质 @优里娜   [亲亲][亲亲],<不蘸芥末酱油的三文鱼是没灵魂的>: 求图一色号,<古乐05>: 选择困难症[笑cry][笑cry][笑cry],<蜜瓜JUN>: 口红是什么色号啊,<ABUJ>: 图一和图六好看,<胡吃海喝小仙女>: 倒数第二条裙子好好看呀,<xx视频oo-妩媚1>: [心]看[心]pian[心]点[心][心]我[心],<玉米小糊糊>: 666666 好诱惑,<百花深处pxt>: 图8的衣服会上吗,<陈菜菜的臆想世界>: 视频质量一向高[太开心],<w我的昵称实在很土很多人用>: 图3衣服好好看,<月半蚊噢耶>: 粉色系带连衣裙好好看,<六安娜>: 你好 我是杭州的服装厂 如果有意向做服装小单量订单的 可以联系我们,<豆酱的妈咪>: 1.9，觉得小优的唇形很美腻[爱你],<给我一碗紫苏>: 第四张超级好看,<manninini_>: 图[2]️的衣服会出吗？一字控好喜欢,<TheeFreesia>: 眉毛好好看,<不知不随便>: 好看死了[憧憬],<misszhang全国代理晨>: 图2好看,<旅行像你一样>: 你美你说了算,<阁阁控>: 优优姐真的是工作狂～[哈哈][哈哈]   太辛苦了也要注意休息哦,<优里娜>: 回复 @Snail·Z :不会呀～ 我是工作狂[嘻嘻],<吃货宝宝要运动>: 图2衣服美,<我改一个名字>: 99999999,<PANPANPAN潘潘->: 衣服衣服。,<blue宝宝宝>: 图2衣服好看啊,<bye再见过去423>: 图3的耳环！！卖耳环吧？,<你掌纹->: 求美瞳！,<鹿子阳啊>: 1好有感觉,<鹿子阳啊>: 需要眼熟[污],<鹿子阳啊>: 又美又可爱,<Snail·Z>: 好想问优优。你这样累吗。,<Lvy_独立品牌饰品店>: 我我我我我 我才是最美的[微笑]]
yurinashan	杜嘉班纳真爱西西里香水VR体验现场！谁在上海？快来丝芙兰南京西路来面基[花束] #DGBeauty#（来自一直播:优里娜正在直播）APP下载地址：http://t.cn/RXnCCvI 上海 ​​​	[<巴卫死忠粉>: 谢谢主播,<三月Young>: 妆感有点脏啊啊,<巴卫死忠粉>: 哈哈哈，西西里小优,<陨笑>: 唇膏好美,<Susu_桔子小姐>: 留香时间长吗,<巴卫死忠粉>: 磨砂好看诶,<巴卫死忠粉>: 因为也闻不到（笑哭）,<用户5232792164璀璨星光>: 喜欢你爱你爱你,<巴卫死忠粉>: 想看小精灵……,<无赌不博>: 你看 我们怎么办,<用户5232792164璀璨星光>: 你带那个是什么？,<巴卫死忠粉>: 眼影好黑呀,<懒喵oo>: 在新加坡吗,<懒喵oo>: 代我向小精灵问好 hhhh,<懒喵oo>: 代我向小精灵问好 哈哈哈,<懒喵oo>: 你家宝宝好可爱,<懒喵oo>: 我有关注你的公众号,<全麦无蔗糖>: 这也太漂亮了吧！！！！,<用户5232792164璀璨星光>: 喜欢你主播,<大美静1226>: 加拿大人,<用户6118607872>: 你好我是宽宽,<赐我一株獨活>: 赶上了最精华的部分！,<噼里啪啦莎>: 关注晚了，不然穿着美优的衣服来面基！！,<用户5232792164璀璨星光>: 美女吃饭没？,<大美静1226>: 什么网站购买,<大美静1226>: 什么网站,<ejmmjA>: 玫瑰红色那瓶呢,<ejmmjA>: 玫瑰好闻吗,<大美静1226>: 不知道我们这边的丝芙兰有没有卖的,<大美静1226>: 什么花为基调？,<赐我一株獨活>: 就连北京都没有这个待遇？？？,<赐我一株獨活>: UU背后海报的代言人好美,<大院里的小孩>: 上海什么地方有这个香水,<YI_阳>: 你在哪直播啊,<林-初遇>: [眼泪]略显发顶高,<Wendy_Fung_>: 口红是什么色号呀,<奈何一笑笑个屁>: [爱心]️[爱心]️[爱心]️,<林-初遇>: 发型有点怪,<林-初遇>: 今天发型有点怪,<一只猹>: 口红是浆果色吗？,<筱筱de人儿>: 感冒好了么？,<一只猹>: 耳环什么牌子呀，好好看,<木希72587>: 小优你最喜欢什么香水,<赐我一株獨活>: UU 吃饭了没~,<YI_阳>: 想看磨砂的,<福尔摩丝猫>: 主播已经结婚，有一个可爱的女儿,<赐我一株獨活>: 价格其实还好啊 在大牌里已经很实惠了,<福尔摩丝猫>: 主播微博优里娜,<福尔摩丝猫>: 结婚啦，有一个可爱的女儿,<小葵wq123>: 今天为啥画大浓妆,<Y-_君羊>: 呀呀呀呀]
yurinashan	今天一口气画了4个公主[公主] 这两个比较成功，感觉万圣节可以跑趴不重样了[允悲][允悲][下]宝宝们喜欢哪个呀？？ ​​​	[<Iam阿檬檬>: 喜欢茉莉,<西兰花花和胡胡萝卜>: 白雪白雪,<米露是小仙女>: 茉莉的嘴唇颜色是不是要换下[doge],<叫二二>: 不喜欢第一个，我喜欢第二个，口红好好看噢！,<VV王木木>: 回复 @嘉宝滴 :挺早之前就这么觉得……款式很多不喜欢，因为喜欢看她的视频所以还关注着……衣服基本没买了，第一次上运动内衣，问客服有没有适合强度高的，客服说没有，我就没买，后来看小优视频里介绍说适合高强度运动……,<Sign心动>: 白雪公主,<草莓gogogo>: 我优太棒了 这期的衣服也好好看,<cc_dyz>: 请问颧骨是用哪款提亮呢,<tracy412>: elsa公主有没有 或者来个花木兰,<南之5>: 第一个求教 好美 腮红也美,<尿尿大人>: 白雪公主,<Horlickkk>: 白雪公主好好看啊啊啊啊,<千大妞>: 为啥感觉茉莉黑化了[笑cry],<hi__Li熙熙丶>: 喜欢美人鱼,<莹insung>: 哇 这个求出视频教程 太好看,<蒙蒙蒙蒙妹子呀>: 画什么像什么 佩服你小优,<剥了壳的蛋yiyou_>: 回复 @优里娜 :[亲亲][亲亲],<小鼻子溪溪>: 白雪公主,<natural1213>: 第一个，白雪公主,<Teddy_小熊_>: 白雪公主好看！,<好姑娘就是我i>: 万圣节到了吗？[挖鼻],<诗恩的树洞>: 白雪公主和她的后妈[笑cry],<金刚芭比真强大>: 222222,<俄罗斯代购小霸王>: 求衣服链接～～ 每年万圣节不造穿什么～～,<小满坊>: 喜欢白雪公主[鼓掌],<Rth7ym>: 第二个很好看,<手機用戶524784147455545844>: 喜歡左邊,<阿婧冰冰冰冰冰冰>: 第一个画得超美呀,<嘉欲我是潛力股>: 我是觉得图二用裸色唇比较童话,<蘑____菇菇菇菇菇菇菇>: 吼吼看耶[可憐],<硕哈哈_>: 第二个好看！,<Pharah的Hanzo>: 回复 @嘉宝滴 :[允悲]我也觉得越来越难看了,<Sherhbingj>: 图二乳沟是画的[doge],<菓菓咪咕>: 还是喜欢第一个,<嘚得C>: 白雪公主美啊[羞嗒嗒],<甜老板阿>: 请问图一用的是什么色号！谢谢,<游新叶我自己的名字都不能用吗>: 白雪公主的超级美！,<杨洋现任女友本人>: 自带童话风[憧憬],<每分钟都只为自己活着>: 第二个好像男扮女装,<太懒了不起名字了>: 回复 @剥了壳的蛋yiyou_ :介个！介个！美瞳，入了啦～给安利啦 @小棋寶美瞳网  还蛮苏胡哒，推荐啦！,<听说这儿是片海>: 好看好看,<爱你的侯老师>: 好厉害噢[色][色][色][给力][给力][给力],<Wulili小妍妍>: 白雪公主,<苁珊>: 哈哈，居然喜欢第二个,<半寒->: 有没有贝尔公主啊[二哈],<bling玩不停>: 衣服真的，，，不好看,<嘉宝滴>: 小优难道没有发现服装店的销量越来越差了吗？撇开款式不够时尚不说，这次买了件白T，领口好多线头，在最显眼的位置，走线还不平整，要注意下你的货是不是和我们的大货是一批，不要被蒙骗了就好,<要下雪了嘛>: 第一个白雪公主求唇色[偷笑],<Baby脆寶>: 好好看 还想看灰姑娘和美人鱼,<Carrie肥莉>: 都喜欢。你要不要出视频[羞嗒嗒][羞嗒嗒],<饭米粒儿m>: 我喜欢第一个[haha][haha],<llj阿加西>: 白雪公主与后妈？,<Angevill>: 小U要吃肉一点，就更像snow white了,<溝江桃子>: 第二个妆容更像沉睡的魔咒,<萱萱萱萱小画>: [坏笑]喜欢吃小孩茉莉公主]
yurinashan	最近入手了杜嘉班纳真爱西西里香水，就是Dolce&Gabbana香水花园系列之一的Dolce，心水得不得了！聚会的时候总是被朋友询问，所以就想来给大家种草一下！它真的是喷多少都不会刺鼻的那种，前调很香甜。中调是我最喜欢的味道，因为之前很少有香水会用到白色孤挺花这种小众的材料。真的，一闻到这种“神 ​​​ 全文	[<头顶大太阳>: 我我我我我,<小小小_Lily>: @照烧丸bean,<机智少女梦游中>: 看样子就非常喜欢，来嘛，给我点运气~,<Gaga320>: [憧憬],<我梦见我是一只小狮子>: 喜欢的[心],<方晨姐姐->: 瓶子好看 不知道味道怎么样,<大眼_zz>: 买香水往往是被瓶子还有海报吸引[笑cry],<Syp_cloe>: 最近超级想买香水！！,<王小菈>: 回复 @Victoria_蜜蜜蜜 :好似丝芙兰系有,<Victoria_蜜蜜蜜>: 回复 @王小菈 :上次去丝芙兰好像有见到哦,<王小菈>: @Victoria_蜜蜜蜜,<爱哭鬼0w0>: 哇塞 看上去好棒的样子 ,<殷阿姨的大棉袄>: [兔子][兔子],<古乐05>: 哎呦瓶子好美诶[鼓掌][鼓掌],<JOJO_missLucky>: D&G香水,<惹不起躲得起1996>: 已经种草,<萌萌deardear>: 颜色好看。,<椰子Cherrie>: 最爱的D&G,<JUN天蝎宝宝>: 绿绿的 (☆^O^☆) 这很夏天[愛你][愛你][愛你],<小7mama->: 颜控协会表示很想要被抽中,<张艺乔>: 为什么我的是磨砂瓶…,<奶牛妈妈妈妈>: 这个颜值，真让人喜欢得不得了,<in78Ximi>: 早起转一波 生日很想要一瓶香水啊[泪],<不喝水的鸭子>: 想要[偷乐][偷乐][偷乐],<牙牙有缝>: 7试试[二哈],<YOOheart>: [微笑],<鹿水果的小仙贝>: 转发微博,<rose小小小星星>: 包装好美,<末日小丹>: [爱你][爱你][爱你],<crystal水晶小姐>: @WirisY,<XMU拐拐>: 一直觉得杜嘉班纳这个名字就很好听很花园 出的衣服啥也很花 原来香水也是[好喜欢],<辛氏盗果兽>: 攒个rp[祈祷][祈祷][祈祷],<Star_by>: 可以抽中小样试试什么味道吗,<XuQYuan1437>: [坏笑][坏笑][坏笑],<小婧婧只爱古川Yuki>: 瓶子太好看啦！颜控忍不了[舔屏][舔屏],<励丹sayyou>: 这个设计的款好好看，有顔值，好看好看 敲喜欢。,<小婧婧只爱古川Yuki>: @婧化論belief,<朕只是个宝宝>: 好好看的样子,<精神抖擞的Margaret>: 好夏天的颜色啊～～～[熊猫][熊猫][熊猫],<find_out_solution>: 杜嘉班纳的逸蓝不错。希望也能试试这一瓶,<嵘羿妈妈的美好生活>: 好漂亮的瓶子[心],<健忘症的白aa>: [doge],<西瓜不冰怎么变夏天>: 这是浓香还是淡香？,<crystal澄橙>: 一直想买香水，然而不知道买什么，人生第一款香水，会是你送的吗,<G玉梅>: [晕][可怜][可怜][可怜],<Sandy_清醒邊緣>: 趕腳是年紀大了～越來越喜歡DG這牌子了～轉發抽一個唄～,<哈哈哈哈哈哈我是二哈>: 好漂亮的颜色,<胡双stefanie>: 超级夏天的颜色,<哼小曲的樾大妞>: 求中[污],<_小花终究要绽放>: 刚好被种草没多久，淡淡的香味真的好闻,<YaJin-G>: 瓶子上的玫瑰花好喜欢啊,<阁阁控>: 应该说这瓶香水像小优姐一样颜值高[害羞][害羞][害羞],<婉若星晨>: 送了那么多次福利我一次都没中过[委屈][委屈]]
yurinashan	用最简单的化妆品，画最耀眼的妆！[心]今天小U来教你变身夏日吸睛亮白娃娃~夏天就要闪闪惹人爱呀~fo我+转发，抽取5位仙女送玫琳凯美妆套装！优里娜的秒拍视频 ​​​	[<一块很甜的西瓜呀>: 回复 @嫣沁玉儿 :everybody,<刘金枝ljz>: 我喜欢用玫琳凯、特别好用,<你是我一人的岁月神偷>: 回复 @抠出血 :那可能我对微商有啥误解...对对对就是像传销，卖不出去什么东西去，但是不停的发展下线下线下下线。护肤实在不敢用，但是有人说彩妆会比护肤好一些,<抠出血>: 回复 @你是我一人的岁月神偷 :玫琳凯不是微商品牌，只是销售有点像传销，,<打呼噜会菊紧>: 回复 @写碳 :營銷手法像傳銷。。,<写碳>: 回复 @打呼噜会菊紧 :我就说 之前看到一个产品出问题的,<tao宝宝宝宝>: 姐姐肤色很暗沉,<打呼噜会菊紧>: 回复 @你是我一人的岁月神偷 :反正我不敢買哈哈哈,<你是我一人的岁月神偷>: 回复 @打呼噜会菊紧 :微商品牌...之前爆出来很多东西超标，但是还贼贵,<爱你的侯老师>: #时下最IN亮白娃娃包#   #健康绽放年轻美#   #玫琳凯#  [心][心][心][给力][给力][给力][鲜花][鲜花][鲜花],<雨小晴Candice>: 超级可爱🙋[裙子][蝴蝶结],<雨小晴Candice>: 超可爱🙋[裙子][蝴蝶结],<FigiyuaK>: 回复 @Honey-二胡 :这个美妆博主也有问题的，一直蹭热搜的，不知道是不是玫琳凯的传销人员,<YinXi-MK>: 回复 @韦蜖nlonx4437 :我用玫琳凯都用了三年了呢！,<YinXi-MK>: 回复 @套牌路程船舶 :可以咨询我哦！我是玫琳凯的美容顾问！,<YinXi-MK>: 回复 @黒田义贵 :可以找我哦,<宝宝甜Sweety>: 玫琳凯全新彩妆视频,<Vicky晨心>: 没以前好看啦……,<冯夕媛57351>: 我同学用了玫琳凯的护肤品，成了激素脸，以前皮肤超级好。现在她都快后悔死了，买的话还是慎重吧,<少女老奶奶>: 玫琳凯[费解],<爱你的侯老师>: 每天转[色][色][色][给力][给力][给力]好,<用户6289649875>: [嘻嘻],<YinXi-MK>: 回复 @一个臭屁妞 :为什么亲爱的,<YinXi-MK>: 回复 @浅浅嘚僾hu :亲爱的我是玫琳凯的美容顾问，有什么皮肤问题都可以咨询我哦,<爱你的侯老师>: 哇咔咔，再转[心][心][心]好,<打呼噜会菊紧>: 回复 @whowho爱谁谁 :我指得不是它的配方 而是她这个牌子的销售方式 [微笑],<whowho爱谁谁>: 回复 @打呼噜会菊紧 :玫琳凯没有问题，现在是全国销售第二名，不过它是有配方的，要有美容顾问指导你用！,<他的南方梦>: 我也做玫琳凯有需要的小可爱们可以私我呦,<咩咩咩洋洋洋C>: 电眼的那个妆好美！！！,<他给的栗子不甜>: 转发微博,<黄宇Christine>: 回复 @大个星星 :你可以试试，前提修眉,<旅行像你一样>: 酷%>_<%,<大个星星>: @黄宇Christine  看她的头发 我输能行吗,<小萌绘最萌也最瘦>: 回复 @打呼噜会菊紧 :哪里有问题？,<小硕果儿ing>: 美的不要不要的！,<可乐是良心港代>: 最近发现好多不认识的牌子[允悲][允悲][允悲],<Pink少女心语->: 学生党平价口红需要找我εїз,<卖仙女的辣条>: 回复 @打呼噜会菊紧 :招网拍模特[二哈],<MK小闹腾-JJ>: 超电眼～亮白娃娃包好可爱,<ABUJ>: 喜欢电眼妆,<小英的万花筒>: [心][心][心],<迷惑不解的啾>: 试下运气[太开心],<向梦想前进的万花筒>: 真的很赞[偷笑],<杠杠一米吧>: @没有巨兔,<杠杠一米吧>: @巨大巨兔,<kindlyghd>: 美女，你能告诉我怎么淡妆好看。,<就是零下八度>: 就喜欢看你化妆的样子，支持,<V疯魔的犀牛>: 这简直就是给我们最好的福利呢。,<字眼郎抛举郎果位郎>: 我的女神又给我们这么好的福利呀。,<luosi罗四>: 我已转发了，一定要抽我哦,<程子澍_332>: 闺密介绍我用的说是用皮肤超好的,<kpiggypiggy>: 快点交给我怎么花耀眼的妆,<一宗族树支书>: 哇！用了这个牌子的护肤品感觉皮肤水水的]
yurinashan	[喵喵]听说很多人昨天拍的今天已经穿上了哦，有没有收到的来晒晒[来]看心情随机妹子给浮力[哈哈] ​​​	[<吧拉吧啦的吧啦>: 不知道穿什么尺码 客服又不理我,<影潮6256099087>: 回复 @徐哒哒Zzzzzzz :【优里娜】30无门槛，复至粘贴打开手淘就可看到￥ZCcMZBoS230￥ [给力][/cp],<龙-绿色>: 已收到，非常快，质量很好。,<在头顶跳舞的考尔德>: 明天应该就可以到了～,<纠结的双子妹>: 还没发货，昨晚上23:00下叉的[眼泪][眼泪],<桃zhi君>: 衣服已经到家啦，但是我还没回家[挤眼],<鱼小姐爱吃鱼>: 太快了，只是寄家里，星期五才能肥家[摊手],<优里娜>: 回复 @2小猪崽子 :[挤眼],<CC大少女>: 回复 @徐哒哒Zzzzzzz :我我我我，我买了一字肩，我觉得好看，而且也不会老气啊，学生党完全可以]
yurinashan	带病直播新品！[眼泪][眼泪]u总烧晕，乱发优惠劵中... 赶紧进（来自一直播:优里娜正在直播）APP下载地址：http://t.cn/RtGBvZs 上海 ​​​	[<_李家公子_>: 那不放了,<yenika>: 烟花好贵,<哮小le>: 黑色露肚连衣裙,<OCEANNONE>: 哈哈哈 是,<丹妮miss腐国>: 白色连衣去。,<junius0>: 粉色运动,<阁阁控>: 我刷屏了,<阁阁控>: 哈哈哈哈哈哈,<子萱Annebaby>: [开心],<用户5899623982>: mai mai mai,<尚叶然>: 粉色运动衣,<尚叶然>: 白色连衣裙,<哮小le>: 黑色连衣裙,<蒲公英-晓晓>: 粉色运动衣,<靥儿yeer>: 运动短裤,<OCEANNONE>: 黑白百褶裙子连衣裙,<yenika>: 后背好看,<Cindy1120>: 哪款内衣更适合跑步时穿？,<123gww123>: 白色上衣,<junius0>: 粉色运动衣,<vlon刘茹茹茹>: 粉色运动内衣,<_李家公子_>: 白色连衣裙,<懒懒木屋>: 白色连衣裙,<vlon刘茹茹茹>: 运动裤L,<123gww123>: 先喝白色上衣,<曲小妖妖>: 白色连衣裙,<梦想鸟>: 白色连衣裙,<虾米C妞>: 喜欢粉色,<Etibar>: 白色连衣裙,<yenika>: kuzi,<哮小le>: 黑色连衣裙,<虾米C妞>: 喜欢粉色的,<丹妮miss腐国>: 白色裙子,<potatoyan9>: 天啊脸好小,<失败者人生>: 这防晒衣会不会穿着太热了,<曲小妖妖>: 穿的什么码啊,<susi19820111>: 你们的胸都小啊，大胸妹不知道什么效果,<MariaQuimby>: 哈哈哈哈哈哈哈哈,<衣忆雪>: 就买到工字灰色,<__June琼>: 腰部是收紧调节嘛,<咆哮的呱呱>: 看看后面,<咆哮的呱呱>: 嗯嗯，是的,<__June琼>: 白色是米白色嘛,<咆哮的呱呱>: 可以短点吗？我才163,<Lolita_Berry>: 这位身高多少呀,<OCEANNONE>: 不要草帽啦,<咆哮的呱呱>: 我觉得长了，我喜欢短点,<星海lfx>: 小优，下次我可以提供帽子给你呀,<susi19820111>: 你穿的M吗？,<有阳光就够了sunshine>: 我觉得每次上新都好有必要直播试穿哦。。,<OCEANNONE>: 这个裙子好美,<__June琼>: 162体重50kg，这件选什么号码？,<是什么让我遇见这样的你呢>: 天气乐？？？,<是什么让我遇见这样的你呢>: 手臂粗怎么办,<OCEANNONE>: 有口袋吗,<susieruobing5>: 小优好敬业]
yurinashan	【卷发+[强] 秋三个小仙女[得]️100元优惠券】没想到上次大家对运动系列都很满意呢，明天我们会上第二期运动系列。这次真的要好好跟你们安利一下橘粉的插肩运动bra和瑜伽萝卜裤！！上身效果实在是太惊艳，而且还能跟日常搭配结合简直一举两得。上期没抢到裸粉bra的真的强烈推荐收这期新品，也是因为它 ​​​ 全文	[<再造战士2012>: 第二位貌似奚梦瑶，说话声音都像。,<lSTARSl>: 小优，能不能说说怎么瘦手臂上的拜拜肉呢,<Miriambmz>: @wong11937,<STEPHANIE-MIAO>: 真的想买来健身运动呢,<Amber__777>: 身材好好,<F团团_128>: 小优，生宝宝没有妊辰纹也，怎么办到的,<媛媛欧尼lyy>: [兔子][爱你],<beeyu-wu>: 牛仔短裤有吗？,<我也不知道ltt要叫什么>: 身材太好了   还是孩子他妈妈  [泪][泪][泪][泪][泪][泪][泪],<Eilaine>: 抽我抽我[挤眼][挤眼],<Glow小姐>: [爱你][爱你]仙女都爱运动系列,<小小小胖妹吖>: 看我吖  小姐姐,<我就是一陀屎啊>: 我想要牛仔裤,<潮super6285676320>: 回复 @优惠卷宝宝 :低价潮牌:WYY940730,<战略投资分析师>: 瘦子的福利哦，很适合我们呢哈哈 @洋子_yoki  [可爱],<优惠卷宝宝>: 大量优惠卷，请关注。,<大儿童lollipop>: 我我我哦,<小百合868>: 好看耶，鸡皮肤没了，我也可以露腿了,<红福呀->: 支持[心],<爱你的侯老师>: [色][色][色]好,<VeraC薇薇是我呀>: 哇塞难得看你穿这么露,<晚晴0516>: 转发微博,<酒窝迪>: 好羡慕啊，我也要瘦瘦瘦,<不爱吃面面面面面面面>: 转发微博,<优里娜>: 回复 @Lia碎碎念 :TB[放大镜]优里娜试试，有的时候系统抽风,<优里娜>: 回复 @XXYHHSH :是的[并不简单]那个吊带外穿家居都可以,<XXYHHSH>: 欣姐身上的是灰色蕾丝吊带么？,<樱桃小姐不美味>: 转发微博,<Lia碎碎念>: 点开显示商品不存在？？？,<无能而暴躁的喵神思密达>: 没找到背心的链接,<杂果爱BoA>: 运动的不错,<优里娜>: 回复 @索马里无传言 :[允悲]昨晚的药……不过总归是把上新事情弄好了  http://t.cn/RopCTwr,<二敏0820>: 这个长款防晒也是可以的,<优里娜>: 回复 @Forever姚佩琼 :前面有讲解呀，就是这期一起上的。内衣工厂做的，舒适度没话说[并不简单],<Ami--lin>: 作为运动爱好者的福利视频[求关注],<Forever姚佩琼>: 推荐一下搭配吊带背心的无肩带内衣 小胸每次都很烦恼吊带衣服[笑cry][二哈],<林木-Mulin>: 颜色搭配得很好看。,<夏天的小芳>: 这个运动内衣好好看   小优练出这个身材真厉害  不,<二二二二二文呐>: 喜欢粉色和萝卜裤,<爆浆豆丁>: 小优家是唯一一个买了不用等半月一月的店。赞赞赞！,<索马里无传言>: 回复 @优里娜 :补一补呀！心疼,<你咋还有脸胖下去>: [二哈],<苁珊>: 跟你一起运动，健康起来,<十一月的小公举>: 背部设计真的好好看[爱你]]
yurinashan	[允悲]想想还是征求一下大家意见，我自己快纠结死了……本来这期要上的星星系列我们准备了超久的，choker就能有四种搭配方法。可是工厂这边刚刚反馈有些工艺原因货期要延长，这期现货赶不上了[泪]想问喜欢的人多吗？能不能留言choker/耳环/手链。是这期上然后拍预售（约7-15天还不能给到答复）还是等工 ​​​ 全文	[<请叫我Miss_神经大条>: apm的款吗,<北方的南方_NFi>: 手链好看[色],<許yi芳-Fatin>: choker超级好看的，多变，百搭，相当赞,<具子铁塔>: 求大量一点。不然现货抢不到,<大概就是那么可爱的人>: 耳环[心][心],<佳哈宝>: 喜欢喜欢，都好看,<啊啊姚>: 手链手链~,<本宝宝还素个饱饱>: 手链 反面什么样呀[笑cry][笑cry][笑cry],<蔡蔡蔡蜀君>: 手链超美,<CC叶小姐>: 喜欢呀超喜欢,<是颗番茄>: 回复 @优里娜 : @追剧达人阿  ，他微博首页可以领取5和50的卷哦，哈哈哈，好意外[坏笑][坏笑][坏笑][坏笑],<双飞花不语狂>: 手链！！,<是颗番茄>: @追剧达人阿  ，他微博首页可以领取5和50的卷哦，哈哈哈，好意外[抱抱][抱抱][抱抱][抱抱],<臭臭大王不臭>: 好好看，等上新,<追剧小白菜>: @追剧达人阿  他微博首页可以领取优惠卷哦[哈哈][哈哈][哈哈],<优里娜>: 听取大家意见都不想等预售，这次就先不上了，等工厂这边全部入库了再通知大家来拍[并不简单][并不简单][并不简单],<YUAN-Kim>: 耳环 [爱心][爱心][爱心],<胡双stefanie>: 喜欢手链和choker，等工厂全好了吧，感觉等预售太心累了[喵喵],<C牛奶妹>: 耳环[好爱哦],<M-晓蔷>: 好了再上吧,<-言不由衷lin>: chocker好看！！哈哈哈就是感觉会不会扎到哦[doge],<羽小乖小羽>: 想要耳环,<CiCi铅笔>: 纯银饰品找我🙋🙋,<雾中的狐狸_JUNGJINYOUNG>: 手链！！,<演员--黄蓉>: 都很好看啊 喜欢！上吧！,<谁换我的名字>: 还是全部弄好了再上架，买好了东西一直等不如等段时间再买直接发来的爽,<_腊梅L>: 免税店代购we11180510,<Willa爱胜胜>: 回复 @优里娜 :喜欢赶紧上新,<吴安宁warm>: 手链！！！[心],<DaL1nG->: 等入库了再上吧，等的会很难受，有时候等着等着就不想要了。,<积木大小姐>: 手链手链！美美的[太开心],<SpOcK先生>: 手链 耳环 [嘻嘻][鼓掌],<乔木ladys>: 作为一个做饰品的建议你等样版出得差不多再上架[doge][doge][doge],<超能栗栗栗>: 手链好美,<妙妈咪01>: 回复 @优里娜 :美,<mango静>: 耳钉有吗,<然然然為甚麼沒繁體>: 耳环，等好,<可心665>: 我想看白金项链～～,<田柾国的糖心蛋>: 手链耳环！,<陈婷呢>: 手链 choker都要 哈哈哈 就是星星会不会太尖 choker有危险吗[污][污][污],<千爱_>: 全套好不好！我愿意等,<北凝君>: choker和耳环…等到货,<虎爸呆妈萌萌宝>: 啊啊啊，小优超棒！除了最好看的衣服还做饰品，好开心[鼓掌],<静静地坐着装逼>: 回复 @总裁大人万岁万岁万万岁 :明显就是仿apm的嘛,<苁珊>: 喜欢手链和耳环[爱你]，预售好些。想买的人有多少方便你们估算[挤眼],<一天带装怪>: 可以等的，小优,<水果快到碗里来2>: 手链好看,<Cakura->: 个人喜欢choker,我觉得等工厂上好了再上架,预售太难熬了. @优里娜,<饭米粒儿m>: 手链好看,<yenika>: 手链好看一点,<曦曦公主女装馆>: 等好了再上吧，等的很烦,<艾文816>: 耳针手链都喜欢]
yurinashan	【卷发+@一个闺蜜 挑一对闺蜜㮸帽子～】你夏季出门的必备单品还是只有墨镜吗？其实草编帽也是人手必备的实用小物哟，除了日常的防晒，还可以顺便凹个造型，醉醉重要的是！显脸小！对于大脸妹子来说，草帽可比按摩器瘦脸霜都来得立竿见影哦～无论雾霾蓝还是树莓紫都是夏天的专属色～戳底部#微博橱窗# ​​​ 全文	[<S大敏敏>: 回复 @随便打个ID :美图秀秀,<Vin9214>: @那是我的心情  ,<长堇>: @CHEUNG-9  你说我们中不中[允悲],<soshock-serena欣>: @Yeung-Yu   ,<郭郭果而>: @丹紫忆  ,<开心快乐一直走>: 这款[魔术]已经有了,<金智秀的甜心>: @monichi_  [污],<吃货总比痴货好ym>: @啊球球我呀   吼吼看,<剩余23842>: 对对对，就是我们的 @烟花飘扬   ,<剩余23842>: @烟花飘扬   [思考][思考][思考][思考]给我给我给我,<烟花飘扬>: @剩余23842   [鼓掌][鼓掌][鼓掌],<Belindy>: @你好zty   ,<一匹小马甲ma>: @帕丽扎提Parissa  ,<你这么美你知道吗>: @小松鼠U17   ,<不爱说话的Sarah>: 夏天披头发真的不热嘛,<带刺的大脸乌龟>: @丢不掉de喵  虽然一个脸大，一个脸小，但我们都需要帽纸！帽纸！帽纸！（不敲黑板敲桌子！）,<ABUJ>: 好夏天的颜色呀,<G雅婷ting>: 回复 @我想养条金毛狗子 :嗯必须试[笑而不语],<我想养条金毛狗子>: @高雅婷ting  这种碰运气的事，必须试试,<白兔糖也不甜>: @哎呀喂罗罗   [抱抱][抱抱][抱抱]帽子帽子,<晚晴0516>: @NEWS-Negi   ,<阁阁控>: @西西不忧伤  默笙我们戴帽子吧[doge][doge],<梦梦梦嘿>: 来来来 @追疯少女_  ,<猫咪搞笑排行榜>: 中奖绝缘体来了,<张蕊icon>: @zmxxx-   [花痴],<米线yu>: @ZQ桃子   碰碰运气,<柔曼柔兰欣欧尼>: [火焰],<lmj-Cherry>: 必须是你 @hallohallo你好,<省钱小仙女菲儿>: 回复 @省钱小仙女菲儿 :[爱你][爱你],<夜宵小队长>: 回复 @港岛妹妹的西班牙陷阱 :帽子,<夜宵小队长>: 回复 @港岛妹妹的西班牙陷阱 :想要脑子啊,<月野照照>: @TheMissMo,<港岛妹妹的西班牙陷阱>: @夜宵小队长   http://t.cn/Ro0ZKQe,<普通天仙邵女士>: @Bundoora女壮士   [心],<wan没道理>: @Lostcwan   ,<finn-芬>: @冯千敏  来～闺蜜,<popo_a>: 回复 @Yqqq-- :求中！！,<可爱情非>: 超有范儿 @超级上善若水017   ,<毛利小于航>: @工藤俪荧  ,<Yqqq-->: 抽到刚好带去玩 哈哈哈哈 @popo_a,<青柠sagittarius>: @梦哥哥kitty  我们一人一个,<小怪兽打奥特曼hhh>: [拜拜]等我撸完精油再带这个草帽  绝对巴掌脸,<nickEHEH>: 白色遮光度会好吗,<战略投资分析师>: @洋子_yoki  走一个？,<凉拌草莓酱>: @UKELILI00  唔，敢不敢让本宝宝也中一次[太开心][太开心],<优里娜>: 回复 @梦想鸟 :明晚[来],<爱吃草莓的圆滚滚呀>: @cry遗忘9  ,<在头顶跳舞的考尔德>: @芝士蛋糕kola  帽子帽子,<阿拉蕾喜欢小雨>: @皓月惊虹bunny   ,<一个半个西瓜>: 回复 @随便打个ID :用了朋友圈种草的一个瘦脸的面膜。jlypsh她的联系方式一个微商小姐姐，你搜一下好了[闭嘴],<随便打个ID>: 回复 @一个半个西瓜 :怎么做到的,<Annaiyyang>: @努力的少女annajj  好美,<还是叫燃莓酱吧>: @哈尔滨佟丽娅  来来来，你都晒成啥却黑样了，抽到了帽子就能拯救你。,<beebeebeebeebeebee-s>: @爱喝奶茶de女子  ,<追剧小白菜>: @追剧达人阿  ，他微博首页可以领取优惠卷哦[微笑][微笑],<少女心的冬冬姐>: how much]
yurinashan	你们是不是看剧透看累了[允悲][允悲]我来发个九图日常轻松一下哈哈哈 这只兔子长得好像猫，谁知道叫什么品种？想给小精灵买一只～～ ​​​	[<大眼_zz>: 拖鞋挺赞的。有没有打算开发鞋子[兔子],<冷月魂花>: 别给孩子买兔子，身边一朋友的孩子就被兔子给咬了！,<雪糕糕大人>: 小优～兔子一天到晚都要吃，而且粑粑特别臭 它们不会憋粑粑 要训练它们用厕所也挺难的[笑cry]要考虑清楚给小精灵找的伙伴哟,<sistarSS>: 有点像甜馨儿的堆堆儿,<一粒菲子>: 好瘦好美,<养只狗就叫和平星吧>: 图三的唇膏真美~,<小姐姐脾气臭>: 裤子好看,<Ms__花花>: 安哥拉兔,<小9999999999m>: 喜欢耳环，复古风的可以关注下这个博主 @島歌STUDIO 。她家的宝贝都好好看。[抱抱][抱抱][抱抱]  http://t.cn/RoKMWva,<啦啦啦啦啦啦啦啦88啦>: 安哥拉兔,<佳琪佳琪耶>: 盖脸猫猫兔！真的，我家的就是这种，可惜我不是会员没办法发图片[泪],<阿狸也有派大星>: 那为啥不养猫呢[馋嘴],<萨玛>: 鞋子好漂亮,<猪飞太高想尿尿>: 回复 @猪飞太高想尿尿 :我还喜欢你家的衣服鞋子，之前你安利的东西也都超级棒啊,<猪飞太高想尿尿>: 哈哈哈哈，我在玩梦幻西游手游，然后里面也可以养宠物，这只叫做狮子兔，也是安哥拉兔，小优优我真的超爱你，可是我手残，每次撸妆都把自己弄得很丑！你真的好厉害！！！,<憶-遺>: 安哥拉兔,<小哥的正宫凉凉>: 安哥拉兔,<Snail·Z>: 为什么会累。我觉得看你很享受,<9809oo>: @优里娜   裤子好看，要出吗[可爱],<Yue_秦淮月>: 下载个APP搜索一下，哈哈哈哈(ಡωಡ)hiahiahia,<唯一的斌斌123>: 第一张美,<Que-Q-en>: 不然就是哥斯拉  哈哈哈,<猫猫的糖糖>: 长毛兔？,<Que-Q-en>: 安哥拉兔？,<eatingwhole>: 我觉得你没头发帘好看,<王艺文Flora>: 猫猫兔吧,<捡松果滴小松鼠>: 好像狮子兔,<朱磨磨酱>: 安哥拉兔？,<Yui衣衣>: 龙猫？？？,<不一样的爱美丽>: 你穿的凉鞋好好看]
yurinashan	这件藏肉神器你萌真的不收吗[喵喵]～优里娜 2017夏季新款短袖荷叶边露肩一字领松紧上衣T恤女优里娜 2017夏装新款通勤百搭不对称半裙A字裙短裙女 ​​​	[<wzx和wy不分开>: 牛仔短裤有吗[二哈],<一只纸鸢入梦来>: 小优，图九的裙子是你自己配的嘛？,<圆眼姑娘长睫毛>: 后背有痘痘 我能怎么办,<优里娜>: 回复 @随风-到达 :快去看我前面的视频解说，这款是假一字领不会下滑的[喵喵],<ABUJ>: 这么显瘦这么好看 我怎么能不收,<随风-到达>: 想问一下穿一字肩怎么才能让他不上滑,<饭米粒儿m>: 我一直想问一字肩应该怎么穿内衣[摊手][摊手],<OK_Nina>: 这件肯定收了啊，毫不犹豫的[哈哈]]
yurinashan	夏天到了怎么能没有美美的连衣裙呢[裙子]你们喜欢哪件呢～[思考]挑三个有眼缘的妹纸宋美衣一件[爱你]优里娜的秒拍视频优里娜 2017夏季新款优雅淑女蕾丝拼接复收腰无袖连衣裙女优里娜 2017夏季新款收腰显瘦小镂空无袖短袖圆领连衣裙女优里娜 2017夏季新款百褶腰带V领无袖连衣裙背心裙女 ​​​	[<sain西莓樱>: 我眼圆我我我我！哈哈哈哈,<卡卡白的王双牛>: 为什么看评论都是一三啊 我竟然看到第一眼就喜欢图二 我的这蜜汁眼光哟。。。,<Arieslemon灰_>: 你怎么穿都好看[爱你] @Megustade_   ,<凯伦王>: 胖子强烈要求来一些遮手臂遮肚子的款式。。。,<徐小苍>: 最最喜欢第二件哦,<FANGFISH->: 第三件~~可以穿着去玩也可以上班穿[污],<哈咪小哈咪>: [挤眼]喜欢图一，像美人鱼一样迷人,<雅雅bfy>: 回复 @优里娜 :裙子很美,<易棵呀小白杨>: 第一件和第三件露腰的都喜欢！还是第一件吧，因为妈妈比较保守，我穿露肩的衣服她都会嫌弃哈哈哈[污]小优可以给我么[噢耶],<Amm-xia>: 第一件[色][嘻嘻],<巨可爱的撸撸撸>: 好喜欢你和你家的衣服啊[憧憬],<洪鞋子_>: 早晨。喜欢黑白裙,<-陈惠琼>: v领连衣裙好看。喜欢,<江湖人称王哞某>: 第二件很好看哟[笑而不语][笑而不语][笑而不语][笑而不语],<汝家九月>: 超喜欢第三件的,<汝家九月>: 喜欢第三件,<_貝小姐_>: 到底谁是宋美衣？[偷笑]我是没有裙子会死星人。每个夏天都买好多连衣裙！[耶],<Lynn_Cathy>: 第二件！,<没心机的陈小妞>: 小镂空彰显小心机，hin喜欢噢[爱你],<宋依啊>: 我姓宋 名依[哆啦A梦汗],<二维Ervi>: 喜欢第一件[红心],<落梦Celeste>: 黑色镂空好看,<吧拉吧啦的吧啦>: 我我我我 我喜欢第三件[兔子],<很久以后de我>: 喜欢第二件和第三件，感觉应该适合我[嘻嘻],<1你就是阳光>: 都喜欢啦，女神选我选我,<SophieinDaily>: 🙋🙋来报道混个眼熟～,<Mayday_思慕的人>: 喜欢第二个[可爱],<莫俏燕Fanny>: 喜欢2[心],<雉水鱼>: 和我最有缘[哈哈],<翟胖胖呀>: 名媛风，喜欢小优[爱你][爱你][爱你],<金金金金金Tong>: 超级喜欢第二件，喜欢喜欢[飞吻],<_阮不懂>: 第三件，大爱，是第一眼就爱上了,<不会写诗的老狮>: 第一件美美哒,<Agnes小小苏>: 喜欢第三件，镂空显瘦[爱你][爱你][爱你],<正在成长的璐璐>: v领背心裙！[太开心],<用户小灵子>: 第二件好看[求关注],<悠米STUDIO>: 第二季，不，第二件好看。,<难以触碰TA>: 都美美哒,<怕见鬼的肥肥>: 喜欢第二件，下面裙子部分的黑白百褶很有feel~V领设计也很好,<HoneySweet-ZYN>: 喜欢第二件！腰间的设计恰当好处 很有灵动感！[心][心][心],<允馨儿>: 我喜欢第二三件[emoji],<瑶阿瑶瑶到外婆桥>: [爱心]️,<椰子Cherrie>: 小镂空连衣裙很俏皮可爱呀呀呀[噢耶][噢耶][噢耶][噢耶][噢耶][噢耶][噢耶][噢耶],<刘鑫Mavis>: 什么时候能出XL码呢,<刘鑫Mavis>: 回复 @优里娜 :[可爱],<用户muyp3ta1cy>: 两件黑色的都好漂亮啊,<Dmaya99>: 淘宝名是什么呀,<立青戈兀>: 卧槽小黑裙好看死[心][爱你],<老李是不是米粒>: 第一件好看。,<Im_AiMeE酱紫>: 在大学同学的朋友圈看到你和她的合照了[嘻嘻],<过路的风->: 喜欢第二件,<脆弯鱼cwy>: 哇哈哈哈第一件好看！！,<琳达的达令>: 三条都好美！美美的夏天怎能没有美美的连衣裙呢！一定要选一条的话，还是第一条白色的更得我心,<凉_末>: 有气质 喜 欢宽松 休闲款的,<Vin9214>: [坏笑][坏笑][坏笑][坏笑][坏笑],<口红萌爹爹>: 喜欢小黑裙！第三件看起来有点成熟啦,<北海有鱼灬>: 个人比较喜欢第三件，[色]。鸡皮没了，穿啥啥好看，[污][污],<陳先森养的猫>: 你看我眼圆嘛嘻嘻？[可怜][馋嘴][憧憬][爱你][傻眼][吃惊][熊猫]]
yurinashan	【卷发+[强]送一条心机显瘦裙】跟你们介绍了这期超好穿的冰丝短袖T之后怎么能错过跟它搭配的雪纺半裙呢～明线对称交叉的设计跟领口形成呼应，而且还能从视觉上提高腰线。舒适飘逸的面料超好打理，裙边还拼接了网纱花边，中高腰设计让双腿若隐若现更加显瘦～[挤眼]喜欢就点#微博橱窗# e加购吧 ​​​ 全文	[<张阿远Man>: ！！？？,<LF施施>: 真的这期的裙子都是我喜欢我可以hond住的款式真的很难的啊！,<洪鞋子_>: 显瘦[好棒][兔子][好棒],<OK_Nina>: 好看[鼓掌][鼓掌][鼓掌],<宇宙超级无敌意酱>: [羞嗒嗒][羞嗒嗒],<Ami--lin>: v领很喜欢，还是冰丝面料，没有理由不买啊……,<战略投资分析师>: 真心不错呐好好看[haha],<百无聊赖的杨梅君>: 超喜欢！,<苁珊>: 🙋🏻已卷发,<一天带装怪>: 小优姐。好喜欢的每期都必买。,<稳稳的幸福813>: [太开心][太开心][太开心][强][强][强][强][强],<OH-紫微>: [doge],<森林老虎与黄油>: 老粉来啦。每次都抽不到依然在坚强的转发[爱心]️[爱心]️[爱心]️[爱心]️,<聶漢娜>: 第二张后面是我朋友 😶,<朕只是个宝宝>: 很清爽的搭配,<我一点儿都不爱吃零食-LH>: 一套都喜欢,<爱你的小芳哥>: 快看我美优的大长腿[心][心][心],<有一只summer>: [心][心],<vickey_babe>: 卷hua了[哈哈][哈哈],<爱你的侯老师>: [给力][给力][给力]好,<路转溪桥26532>: 那就抽我送吧，我好去把衣服收下搭配,<取不出昵称的小白>: 显瘦[偷乐],<diliugan16868514>: [good][good][good],<吃个好吃的>: @有一只summer,<一只小Song鼠>: 来试试运气,<媛媛欧尼lyy>: [兔子][兔子][兔子],<饭米粒儿m>: 我一直想问卷发➕[强]是什么意思[二哈],<购物小马达>: 一直都好喜欢这条裙子的,<抹茶相思入红豆>: 我我我我我[羞嗒嗒][羞嗒嗒][羞嗒嗒][羞嗒嗒],<佳佳要变白->: 转发微博,<优里娜>: 回复 @妙柏妮 :明天会陆续出的]
yurinashan	【好久没喊停啦，这次喊5次宋美衣一件哦～】pinglun说说你最喜欢的哪件新品以及尺码！这次上新准备真的准备了超超超超超超久！！[允悲]换了新的设计团队产品全面从品质版型上再提升（虽然我们家品质已经秒杀大多店了哈哈哈[喵喵]）关键是全部都是现货！！我真的超烦等待哎！不过现货的数量有限，喜 ​​​ 全文	[<rose小小小星星>: 到我，到我，到我,<AngleFisher>: 黑色一字肩 m,<Yan璐瑶>: me举手,<澄雯涓>: 我我我[爱你],<爱自己的糖豆豆>: 来吧，来我这停机,<青秕>: 美美美，都想带回家[眼泪][眼泪][眼泪],<王yier1212>: 🙋🙋🙋我在举爪～,<我是会喊666的咸鱼啊>: [二哈],<兔酱要减肥>: 太美啦[心],<自由的圏圏>: 我的白T,<柒柒柒Z詹>: 一字领[心],<饭饭饭饭饭呀呀>: 回复 @欧尼呦呦呦 :是呀 好奇怪[笑cry],<欧尼呦呦呦>: 回复 @优里娜 :这个抽错了,<欧尼呦呦呦>: 回复 @饭饭饭饭饭呀呀 :对啊 我看也是你 但是开出来差那么多 根本不是那个人,<有点2静小婧>: 停不停？,<逆袭的蓝胖>: 停停停！快停下,<我是MT>: 好了吗[脸红],<荏momoMomomo沫默>: [爱心]️,<静子hei>: 想要啊啊啊啊,<静子hei>: 爱你小u,<静子hei>: 啊啊啊啊啊,<优里娜>: 回复 @优里娜 :停[5]️了说错[允悲],<优里娜>: 回复 @优里娜 : @YEROVIS  登记一下哦～  http://t.cn/Rop2RS9,<五月sarin>: 准时10点买了白色连衣裙，坐等收货[耶],<优里娜>: [下]️停4,<山有扶苏--CC>: [太阳][太阳][太阳][太阳][太阳][太阳][太阳],<山有扶苏--CC>: [太阳][太阳][太阳][太阳][太阳],<山有扶苏--CC>: [太阳][太阳][太阳][太阳],<山有扶苏--CC>: [太阳][太阳][太阳],<山有扶苏--CC>: [太阳][太阳],<山有扶苏--CC>: [太阳],<_久处>: [悲伤][悲伤][悲伤],<_久处>: ？？？？,<付凡凡凡_>: [允悲][允悲][允悲],<付凡凡凡_>: [擠眼][擠眼],<Ace婉婉>: 大卖大卖大卖,<山有扶苏--CC>: [二哈][二哈][二哈][二哈][二哈],<_久处>: 还有一分钟,<_久处>: [心][心][心],<付凡凡凡_>: [來][來],<_久处>: [二哈][二哈][二哈][二哈],<_久处>: 停停停停停第5次,<_久处>: 不会再最后一分钟,<付凡凡凡_>: [微風],<_久处>: 哈哈哈哈哈哈哈哈哈哈哈哈哈哈哈,<付凡凡凡_>: [來][來],<付凡凡凡_>: [擠眼],<_久处>: 几乎G8提,<_久处>: [眼泪] [眼泪] [眼泪] [眼泪],<Ace婉婉>: 优总大卖,<付凡凡凡_>: [生病],<_久处>: [熊猫][熊猫][熊猫][熊猫],<付凡凡凡_>: [微風][微風],<付凡凡凡_>: [太開心][太開心]]
yurinashan	【评+[强]秋一个小仙女宋👖】裤子一项是我们比较有信心的单品类目，真的非常好穿！！👖九分开叉就是夏季裤装专属长度！凉快显腿长～👖乱麻面料舒适透气不怕皱👖可拆卸式腰带设计，轻松驾驭各种风格→_→什么小吊带t恤，针织polo，一字肩雪纺衫通通都hold住👖黑色显瘦还要我安利吗？如果 ​​​ 全文	[<小小小小倩girl>: 这条裤子显瘦啊啊啊[爱心][爱心][爱心],<鹏鹏淘宝女装小铺>: 回复 @Chanyeol__Cherry :你看看我的店铺哦,<鹏鹏淘宝女装小铺>: 回复 @AShuiiii :22993293  淘宝网店  来看看哦！,<Annaiyyang>: 想买裤子，穿着显腿长[偷笑][偷笑],<xxxyx豆芽菜>: [嘻嘻][嘻嘻][嘻嘻][可爱][可爱],<小蕴_>: 夏天必备啊，炒鸡百搭[太开心][太开心],<Cheryl-Emma>: 169? 199?,<浮世清欢_阿曼达>: 拉长腿[强],<我怎么不能这样呢>: 裤子想要  http://t.cn/RiWo5Fb,<LF逗逗>: 长腿小优，这条裤纸超好看的，就算抽不到也要自己买[兔子][兔子][兔子],<五环最耐看>: 好喜欢啊 真爱粉一定要入[好爱哦],<-言不由衷lin>: 超级显瘦啊！这个好好看！！这期的都好美啊！,<一粒菲子>: 天呐，这个好显瘦!抽我抽我。大粗腿小矮人表示很需要这一条,<Linda仲>: 适合我们这样的大长腿ahhhh,<西瓜妹Cicy>: 超级气质诶,<就叫别人_>: 正好缺🙋🙋🙋,<欢欢hi>: 期待了好久终于又上新啦哈哈,<六安娜>: 你好 我是杭州的服装厂 如果有意向做服装小单量订单的 可以联系我们,<栗小美爱吃鱼>: 我不管  反正不抽我我就不睡觉了[委屈][委屈],<三横一竖很简单>: 上班就缺一条这样的裤子[哈哈],<小楠菇凉>: [强][强][强],<小楠菇凉>: [眼泪][眼泪],<A心心相惜的爱>: 每套都炒鸡美[色][色],<榴莲牛肉>: 啊啊啊啊,<Ami--lin>: 脚步的开衩设计有新意[赞啊],<薰衣草刺鼻>: 优总你也有轻微的拇外翻噢！,<Red-Alert->: [爱你],<-Im愛麗絲醬->: 近期就是想入手一条有点小开叉又有点小喇叭版型的裤子。[鼓掌][鼓掌][鼓掌],<富有四海的城主>: 想要[喵喵][喵喵][喵喵],<超爱饿哒我>: [污][污][污],<SophieinDaily>: 我来啦🙋🙋🙋🙋🙋,<Dear-马毓>: 我喜欢，选我好嘛,<Phantom_wan>: 这期上新小优是在放大招啊，全都吼吼看，果断买买买，开启毕业季暑期狂购！[色],<杨杨得意is婕>: 我入你家的裤子也是不带犹豫的，是不是该送我一条啊,<阿拉蕾喜欢小雨>: 希望好运降临,<_Gao瀛>: 好好看~,<曦曦公主女装馆>: 小优的身高和我差不多[嘻嘻],<杜萍小朋友>: 小优，选我选我，上次有活动买了，好多，决定以后就在小优家买了，款式简单，超级有质感，跟我喜欢的风格一样,<yenika>: 我穿不上啊,<酒醉的芒果粒>: 衣服好看 裤子好看 少女分格,<梦想鸟>: 价格多少，正好缺条喇叭裤,<都说了我是兔子ye>: 139[笑cry],<阁阁控>: 这期都超好看啊！！！,<Du-嘟噜噜>: 给你我的小心心[心]你能看到吗,<o陌上錵开o>: [爱你][爱你][爱你],<桃zhi君>: 159嘛？这条裤子真的敲好看，这次上新每件都好漂亮，每件都好喜欢难以取舍，赶紧到27号吧，我的购物车已经饥渴难耐！！！！,<张阿远Man>: 回复 @优里娜 :睡醒就看到被女神回复啦，真的好开心，美好的一天哟[可爱][可爱],<陈陈陈ChenYa>: 真好看[羞嗒嗒],<小兔嘭嘭>: 这个月等了好久，终于上新啦,<TTaowyi>: 618大促买的衣服满意到不行！是第一次买你家，结果超级喜欢！款式质量都很好，之前都是看你的美妆视频，但没买过衣服，买过一次之后已经路转粉了！,<Chanyeol__Cherry>: 正好想买裤子[挤眼][挤眼][挤眼],<蕙仁米>: 149  抽我啊！！！！！,<西木雪穗>: 正好需要这么一条裤子]
yurinashan	【卷发+[强] 秋3个宝宝 宋 EVELOM套装】[星光]6/27 6/28 10:00AM   TB[放大镜]优里娜夏季最后一大波上新来啦～[星光]听说最近买衣服总要等10天半个月才能穿上哦？咱们家任性全部现货不用等，还提供了更多选择給宝宝们！这次涵盖了美衣饰品帽子运动内衣～想买美衣美裙、饰品、帽子、内衣的记住27号拍～想要运动 ​​​ 全文	[<我一点儿都不爱吃零食-LH>: 套套都喜欢[羞嗒嗒],<峰叶闳茶>: 转发微博,<南方以南nnnn>: 喜欢运动衣服 最近在健身 可是现在我刚刚点了龙虾,<翁柔柔柔柔柔>: 好喜欢[挤眼][挤眼][挤眼],<Nicole-张倩颖>: 什么时候抽呢,<路飞断舍离>: 转发微博,<小胖纸爱吃饼干>: [亲亲][亲亲][亲亲],<Morning_小安>: 没有看到有耳钉啊？ @优里娜,<别叫我吃五花肉>: 趣味相投的人总会相遇[可怜][可怜]很高兴关注你并且喜欢你,<衣忆雪>: 我已经穿身上了 白T,<-SailorSaturn->: [心][心][心],<秋霞太多_我姓文>: 转发微博,<向梦想前进的万花筒>: 减肥的我,<NikikoMia>: 抽我抽我[爱你][爱你][爱你][爱你],<imposeupup>: 支持私信亲[微笑],<shayananny>: 嘤嘤嘤好看,<四十度粉>: Repost,<怪毛儿>: 你们客服回复没有包邮活动！！！！！[二哈],<咪眼的兔子1>: 这期都是黑色和白色,<Jenny-Fan>: 已经买完了，就等着发货啦，好开心，每次买小优家衣服都超级开心,<璎璎宝贝001>: 女神 我该说些什么才能引起你的注意呢 真的好喜欢你 好喜欢你家的美衣 我知道福利不可能每个人都有 重在参与 但还是想女神看到我[爱你][心][羞嗒嗒],<林木-Mulin>: 美到没朋友,<梨要变成香蕉>: 老天请对我公平点,<易炸少女>: [爱你][爱你][爱你],<爆浆豆丁>: 又上新啦……又要剁手了,<smile然安>: 所有一切等待都是值得的[哆啦A梦花心],<青柠sagittarius>: 哈哈哈哈,<Bignova_>: 喜欢6 还喜欢小黑裙 还喜欢这期的裤子 [泪][泪][泪],<哎呀顺妞>: @陌墨默寞陌末  我觉得图6很美,<北方的南方_NFi>: 回复 @北方的南方_NFi :美丽的优里姐 晚安[睡觉][飞吻],<我会发光呀tracy>: 我我我，我喜欢套装,<凉拌草莓酱>: 唔，敢不敢让本宝宝也中一次[太开心][太开心],<xxxyx豆芽菜>: 快点是我吧[绿叶][绿叶],<林美梅mm>: 马上给转走[good],<何必为难自己不该有的事>: [爱你][爱你]美美哒,<Leo_狮子座的小太阳>: 我想要那个帽子。有上新吗[爱你][爱你],<是颗番茄>: @追剧达人阿  ，他微博首页可以领取5和50的卷哦，哈哈哈，好意外,<追剧小白菜>: @追剧达人阿   @追剧达人阿  ，这个博主微博首页可以领取优惠卷哦，5和50的,<果果-不甜>: 我喜欢图四的裙子,<小蕴_>: [来][来],<纸馅饭>: 牛仔短裤出吗,<troublemaker-You>: 回复 @我知道我不是你想要的 :啊,<没兔侠>: [并不简单][并不简单][并不简单],<我怎么不能这样呢>: 抽我[可爱][可爱],<Gemini_佩>: 图3的连接好像没有耶,<矫情得小清新>: [舔屏][舔屏][舔屏][舔屏][舔屏][舔屏],<珍珍好味鱼头煲>: 转起来，好运也转来[噢耶][噢耶][噢耶],<哒拉哒滴啦_>: 好美啊[太开心],<易北Lieber>: [鼓掌][鼓掌][鼓掌],<隐藏券小能手>: [爱你],<急性子的芫妞>: 那个边缘有英文的大草帽也出吧，好好看,<凉秀贤>: 一如既往的喜欢你家的裙子[太阳][胜利]一起来过个清爽的夏天吧[绿叶] @诶木木  ,<I--Vivian>: 求做几款过膝盖的裙裙 腿形不好的人表示很忧伤,<林燥热>: 哇evelow[鲜花],<宇宙超级无敌意酱>: [哈哈][哈哈]]
yurinashan	自己种的草，含着泪也要拔完[二哈][二哈]还get到了鹿晗同款[憧憬][憧憬]小精灵肯定会很爱[允悲]大家想先看哪个？ ​​​	[<筱筱de人儿>: 几号上新[笑而不语],<Minimia_mia>: @Runawaymx,<周一一zzz>: 都想看[舔屏][舔屏],<爱吃香菜_的小爷>: 图五啊[色],<---桃夭之之--->: 最后那三张真的好好看[哈哈],<LH钢铁狍狍侠>: 想看我狍子同款的欧舒丹[羞嗒嗒][羞嗒嗒][兔子][兔子],<你瑶阿姨>: 这个樱花的身体乳有很多小小的亮片！个人不是很喜欢！,<晓琳__嗒嗒linlinlinlin>: 这款sk2真的好好看,<黄小秋October>: 我鹿爷的欧舒丹[眼泪][眼泪] @优里娜,<hello一人静>: 鹿晗同款[太开心][太开心][太开心],<-C童->: 粉粉的还有可爱的鹿角盖子，超好看[花痴],<莹莹朱莹莹-轻燕>: 图⑦[心][心][心]是香水吗？,<晚海未眠>: Skii,<finn-芬>: 图七好可爱，还有鹿角,<林慧茹_>: 都可以～[太开心],<Susususu海>: 每个都好赞[思考],<TST尤物团队创始人爱玲>: 必须粉色的]
yurinashan	夏日美甲合集丨不换美甲，怎么过夏天～[二哈][二哈]仙女们也可以把好看的美甲的图案发评论里给我种草哦！[坏笑][坏笑]（ID：小U说） ​​​	[<my嘜牙糖>: 发不了[二哈],<我就想起个名zzz>: 没人的关注点是怀孕？？？感觉小u并不像有孩子的人呀,<喵不萌何以为喵>: @狐仙大大i,<嘉宝滴>: 没有一个好看的[汗],<杜萍小朋友>: 求小优快点剧透[笑cry],<行走的牛牛>: 店铺几号上新啊，又等着想买了,<王欣怡x>: Comment with pics  http://t.cn/RoxXAuq,<呓尾>: 想问一下香奈儿，迪奥的指甲油真的味道不大么。OPI已经让我觉得窒息了[拜拜],<Cui-兔牙牙牙>: 那个米奇   有没有完整一点的图片呀 [好喜欢]]
yurinashan	夏天必备防晒特辑丨除了安耐晒，还有什么值得买的防晒霜？[喵喵][doge]防晒真的hin重要！毕竟晒黑了我们就不是仙女了[二哈]（ID：小U说） fo我+转发@ 一位老铁，抽2位仙女送上神秘奖品~ ​​​	[<周鱈樰雪>: 回复 @网红就是皮皮虾 :安耐晒小金甁60ml海外代购150 不求赚钱只求推广~[心] 自己和室友都有在用哦 用完滑滑的感觉很舒服~,<周鱈樰雪>: 回复 @HM麦鸽 :安耐晒小金甁60ml海外代购150 不求赚钱只求推广[心],<周鱈樰雪>: 回复 @哐当哐当666 :安耐晒小金甁海外代购150 不求赚钱只求推广[爱你][爱你],<我是小錒媛>: @正牌菊妻   希望能抽中我呀[doge]要不然关注了我的孩子会取关我的[允悲],<你旺我旺_大家旺>: 转发微博,<Analia_Gan>: 转发微博,<苏墨默沫-ich>: 回复 @金有谦大大 :可以用用花青素，我喝了几个月真的白了很多,<苏墨默沫-ich>: 回复 @_我要叫什么呢_ :花青素，,<苏墨默沫-ich>: 回复 @从此不洅爱 :可以用花青素啊，抗氧化能力最高了，我前几个月真的白了很多,<苏墨默沫-ich>: 回复 @cc1zc :可以用花青素，她的葡萄籽是原花青素效果不如花青素,<苏墨默沫-ich>: 好不容易白了些，夏天到了一定要买点防晒[喵喵][喵喵],<金有谦大大>: @谦笔9794   天生就黑，感觉防晒从来没用[泪][泪],<李蝶蝶家的猫_>: @腐乳boy   ,<你旺我旺_大家旺>: @时间是让人猝不及防的东西____  ,<于朦胧的柠檬酱>: [鲜花][鲜花][鲜花],<Joychaokeai>: 一个月都不用就用完一瓶近江小熊[污],<橙子majesty>: 要军训的孩毕备！,<不能吃辣的辣辣>: @我爱狗砸  想要🙊,<_爱吃桃子的桃子>: [加油][加油][加油] @陶桃子8   ,<帅炸的欧尼酱>: @苍业_  ,<坚信有好运的小懒呀>: @李李李李LT  防晒啦,<省钱大可爱>: 防晒防晒。,<豌豆饭哟>: 转发微博,<TST活力黑天鹅家族创始人-芳芳>: 纯植物的防晒霜推荐,<huangjiaq_50528>: 回复 @cc1zc :玫瑰果或葡萄籽。内调外用祛斑才有效噢。v245898767,<歲三董>: 回复 @鱼的摩天轮 :同感呐,<冯阿达>: @倔强小气质,<jenjen小考拉代购>: 安耐晒金色软管 脸部专用、安耐晒小绿瓶防晒bb，碧柔防晒 现huo～  http://t.cn/Ro3ECDU,<jenjen小考拉代购>: 安耐晒脸部专用 安耐晒防晒bb 碧柔防晒乳 碧柔防晒喷雾 娇韵诗防晒 水晶防晒喷雾 图上防晒都有🙋🏻🙋🏻🙋🏻  http://t.cn/Ro3ECJU,<TiffaNiyo>: 回复 @哐当哐当666 :四号飞日本 可人肉代购,<TiffaNiyo>: 四号飞日本 均可人肉代购,<cc1zc>: 回复 @伊珊伊珊亮晶晶 :谢谢哦,<cc1zc>: 回复 @小百合868 :好的谢谢,<繁泛小>: 图上安耐晒60毫升小金甁，泰国商场有卖，我可以帮忙代购，只要200[钱] 买多可优惠！,<狐狸狸狸狸o>: 安耐晒90ml 230免税店入的还剩一支~,<小胖纸爱吃饼干>: @我的大眼儿子,<Roslin香港站>: 香港可代哦[爱你]戳我吧,<他又恋爱了>: 喝了5个月的五谷粉变白了好多 出去浪几天没注意防晒又黑了！！美白十年功 晒黑十分钟！,<允馨儿>: @AnglyG  ,<韩笑lll>: 要安耐晒的找我 便宜好几十 转卖！,<诗诗yy法国代购>: 回复 @黄惠愉 :理肤泉大哥大,<诗诗yy法国代购>: 打扰   可代,<黑与白X刹>: 回复 @HM麦鸽 :资生堂ANESSA。券后价 155.00元 ----------------- 复制这条信息，￥Y3A4ZB4DGwL￥ ，打开【手机淘宝】即可查看,<黑与白X刹>: 回复 @我叫王倩茜芊芡乾啊 :资生堂防晒霜【在售价】176.00元 【券后价】166.00元 复制这条信息，￥OCYCZB4I7UR￥ ，打开【手机淘宝】即可查看,<南瓜绿豆光>: 回复 @土豆丝炒蒋西红柿 :我居然看完了,<土豆丝炒蒋西红柿>: @南瓜绿豆光,<战略投资分析师>: 谢谢分享,<罗你妹小导游各国代购>: 回复 @两支兰州 :来，现货啊,<罗你妹小导游各国代购>: 回复 @雪凝Elfy :有用啊，我用了3瓶，哈哈，出去公司旅游，回来我最白，喷雾随身带,<韩笑lll>: 我转卖安耐晒 只用过一次 便宜一点转,<小胖纸爱吃饼干>: @我的大眼儿子   @我妈叫我出来买   @木小瓜K,<VIVI咩1112>: 回复 @网红就是皮皮虾 :试试英树的，我觉得超好用,<苏某某Susua>: @dengdeng-18  ,<HM麦鸽>: 回复 @HM麦鸽 :我被代购盯上了[允悲],<poinyer>: 回复 @_-ghdbshhxb :安耐晒金瓶60ml.  160包邮，保真]
yurinashan	#饭前唠嗑#有没有杭州的宝宝可以推荐一些咖（pai）灰（zhao）好（hao）喝（kan）的咖啡店呀🙋🏻能带图就更好啦～大家最常用的人像&调色app是哪个呢？不会都是VSCO吧[眼泪]以及今天下午拍了这个月会上的新品，大家猜猜快来是什么[喵喵] ​​​	[<猪宝宝i成>: 小优，最近听说经常喝咖啡容易长斑，你知道吗？,<是波塞冬>: 糖秋千  http://t.cn/RoVjBQc,<Sari啊>: 推荐一家宁波的 繁花 吃燕窝的 很适合拍照  http://t.cn/RoVVXUF,<Sari啊>: 回复 @Yanabaxhy :小仙女这家具体在哪呀,<麦小灰是坨鸟>: 调色 用mix  很强大。。而且重点是，免费。。,<卿卿未wei>: 去四季酒店看看,<Xxxxxx_Jo>: 滨江棉点啊网红的最爱,<杜萍小朋友>: 今天收到了小优的衣服，衣服质量到细节我真的都超喜欢，后悔没有在活动期间多买几件[泪][泪],<圣人彬>: 漫咖啡 蜜桃 都在皇后公园,<鸟人扫把星>: Cozy,<hana_Zhao>: 来我的甜点工作室玩吧[害羞]  http://t.cn/RocMiLU,<胡双stefanie>: 是帽子吧,<Chloe茸茸>: 304 brunch. Ins风,<没带脑子的黄女开>: cotton cake 小黄楼 enjoy room one day,<爱喝奶茶de女子>: 耳钉帽子,<北川_不夏>: 修图的line camera也挺好玩 有好多的贴纸~~拍照也好好看,<被迫改名_就是妖月>: 回复 @优里娜 :要预约，不预约的话人真的很多,<SuN-v>: costa coffee,<自己的小迷妹_man>: 哇哇哇能面基吗,<优里娜>: 回复 @Yanabaxhy :甜品也这么萌，少女心犯了[眼泪],<优里娜>: 回复 @Ungainly苏维亚 :[赛马]一下小红钻，谢谢妹纸。mamala上次昕姐带我去过嘉里中心那家，要预约。就不懂老店是不是也要预约[疑问],<Ungainly苏维亚>: 涌金广场那里的小红钻，上回去有三波人在拍摄…[二哈]mamala西餐厅的老店，装修布置特别有味道，老板很可爱，但是不知道接不接受商业拍摄,<宇宙第一糯糯J>: 图片评论  http://t.cn/Rochp2W,<宇宙第一糯糯J>: 用ins调色 拍照调色一键傻瓜式,<抛抛->: Random  /别止 /富阳区的swan·x,<Yanabaxhy>: 回复 @优里娜 :哈哈哈我也只去过一次，味道一般  http://t.cn/RochZ6U]
yurinashan	午间话题时间🙋：大家对我的美妆/试色视频有什么好的建议吗[憧憬][憧憬]（不过感觉最近视频被pb得我要玩不起wb了[委屈]） ​​​	[<猪是如此机智可爱>: 我超级喜欢你啊   我好像没有什么建议   只有赞美可以么,<水果快到碗里来2>: 大圆脸怎么显脸小,<4EveR_Ying>: 看一次视频被种草一次[doge]我能怎么办  只能吃土了[二哈],<chloechloe00>: 没鼻梁的人怎么修容到有鼻梁 拜托拜托[祈祷],<_梁盅June>: 不要开滤镜 不要打灯打太白 真的,<一见如故53770>: 衣服好久又有折扣了，这次买少了，想再买,<爱上石原贵雅的七清妙音>: 就一个请求，每次可以公布下背景音乐的名字吗[doge][doge][doge],<墨鱼泡泡oO>: 很好 每次都觉得好专业 默默的欣赏着[嘻嘻],<唯一的斌斌123>: 你的微博广告太多了。我们想看点你的日常。,<方为人上人的小瓶子>: 护肤 去痘 去痘印[笑cry],<连名字都跟我作对吗>: 视频快慢我觉得刚刚好，我是个急性子太慢看不下去。不过你已经做得很好咯，,<连名字都跟我作对吗>: 希望出一些比较日常的适合大脸圆脸的妆容，你脸太小估计这个难度很大[喵喵][喵喵],<马小姐和二小姐>: 回复 @优里娜 :可以找个小模特～,<卡兹嘛哈哈哈哈>: 每次视频都会看完的我,<糖吃多了会长痘的>: 最近你的微博被屏蔽得太厉害了好像,<手机用户1153985645>: 说好的装修视频呢？,<幸福小样儿momo>: 回复 @幸福小样儿momo : @优里娜,<幸福小样儿momo>: 打算要宝宝，想问问小优你这个过来人关于孕期能用什么不能用什么，我不想一怀孕天天素颜朝天没有血色啊，怎么能又护肤又健康又漂亮的那种怀孕,<OK_Nina>: 回复 @优里娜 :那个Chanel的ink唇釉试色的视频就很好，整体妆容也很搭，还有服饰的搭配，我看了被你妥妥的种草，忍不住买了一支[嘻嘻][鼓掌],<一个卖口红的>: [心][心][心],<优里娜>: 回复 @yasi儿 :去年就出过好几篇啦[允悲],<优里娜>: 回复 @OK_Nina :可以跟我说一下哪条视频的节奏你比较喜欢嘛,<猫猫仔儿>: 回复 @蜡笔小莉爱吃辣 :对！希望细节多一点,<yasi儿>: 快点出一个夏天防脱妆吧,<OK_Nina>: 试色的时候，视频还是太快了，可以加一点简单的你对这个颜色的感觉，毕竟视频图片都会有色差[哈哈]好了，其他的都很完美[太开心],<violinchan>: 每条都能看见呀,<亦歆>: 回复 @-苏大胖子 :🤗🤗🤗,<亦歆>: 回复 @优里娜 :可以给我们点建议，单眼皮是不是只适合选哑光眼影呢？,<优里娜>: 回复 @Morning露你好呢 :大家想看什么样的妆容or仿妆呀,<蜡笔小莉爱吃辣>: 回复 @优里娜 :喜欢详细点的（前提是你方便），而且你每次的背景音乐都很带感，恨不得跟着扭两下[酷][酷][酷][酷][酷],<优里娜>: 回复 @亦歆 :可是我是双眼皮[允悲]这个比较挑战[笑cry],<优里娜>: 回复 @蜡笔小莉爱吃辣 :这个我也注意到了，因为有时候怕太长你们会看不下去[笑cry]所以大家还是喜欢看比较详细的过程吗？有时候剪视频的时候好纠结[委屈],<蜡笔小莉爱吃辣>: 你的美妆视频很完美很专业啊，就是有时候视频节奏太快，不知道是不是因为上传时间限制的原因。话说你每天微博都能看见,<糯米粉团团>: 想看 腮红唇膏和眼影的色彩搭配,<Morning露你好呢>: 回复 @Morning露你好呢 :话说很久没看小优的化妆视频啦,<Grace范>: 回复 @葡糖糖0304 :单眼皮还是内双啊？,<王小雪在路上>: 长脸妹子妆容，很少有博主写过，大多修容腮红都是针对圆脸,<Morning露你好呢>: 美妆可以更日常，如果仿妆的话可以大胆些,<DooDooIsHere>: 眼妆眼妆,<优里娜>: 回复 @东霓说她要剪短发 :是真爱没错了[笑cry],<-苏大胖子>: 回复 @亦歆 :这个建议比较好,<我对你超动心>: 婴儿肥妹子的妆容！,<亦歆>: 单眼皮如何选眼影和画眼妆,<东霓说她要剪短发>: 每条我都能看到,<葡糖糖0304>: 好像知道单眼皮妹子怎么画眼妆啊,<王艺霖Kiolue>: 多点评指导,<金金金羊羊羊>: 大脸圆脸日常一点的修容拜托,<生命不息AFTER>: 出适合大脸圆脸妹子的视频[眼泪][眼泪][眼泪]肯定[火焰]，还有适合圆脸的发型,<Pash_guo>: 没什么毛病]
yurinashan	这里有世界最美的沿海公路，还有最适合拍照地点top1，即使一天四季，也不需要担心皮肤状态“掉线”！因为#旅行有你更美#！http://t.cn/RSFTiww ​​​	[<2NE1cl宏儒198丿7>: 太喜欢了，赶紧去入手！,<用户5800983340>: 还没用过神仙水，因为太贵了啊。,<没有西瓜的夏天不是美的夏>: 了解了[吃惊],<心茈天天开心肀祈>: 好，支持支持,<叁哥的狸猫视-野>: 用了之后皮肤是变得很滑很滑了,<听腻了对不起的-爱>: 好！！[嘻嘻],<daiyaozi_9399bd>: [lxhx咻4][lxhx咻4][lxhx咻4][lxhx咻4],<细邑济不飞扒偾矩致用搅收>: 说的好[哈哈],<用户5404156375>: 万万没想到！！,<手机用户29丶63769823>: 且行且珍惜,<邑广告franki>: 牛逼烘啊，顶起,<4Aviva>: 远距离转发~[哈哈][哈哈],<用户5799153209>: 震惊了！,<叫个啥啥-啥>: 暖洋洋~,<ANITcYAGhostofa>: 喜欢上这个了，看着很管用的样子哦,<euvyib>: 稀饭[爱你],<wmt2039>: 震惊！！,<林明明玲-珑>: 我最近也是准备在活动的时候入手这一套的。,<辖曼罗>: 超羡慕你的说[可怜],<用户5800911624>: 我一直想买的,<KrisTheObserve>: 实话实说[哈哈][哈哈][爱你],<若然丶5211314>: 牛逼哄哄的样子,<Breezpi>: 包装确实很有气质！心水,<好妹妹yoptm>: 震惊！！,<Jun_Lucifer丶>: 夜再长心总是明亮。,<海那边的歪果>: 真的很不错呀,<灼热之魂>: 牛逼烘啊，顶起,<惟恋梧桐>: [抱抱][抱抱]好棒～,<ly等等w>: 远距离转发~[哈哈][哈哈],<蒋双061>: 一百朵鲜花,<古月哥欠Hu_g>: 又被种草了,<Weather-beaten茵茵>: 给我种草了,<默北先森_>: [雷锋]转给小伙伴们的,<用户5246669459>: SHOW TIME~,<每个愿望都该努力j>: 真是不错哈,<用户5798705953>: 周末去看看,<乌克兰小土>: 哇咔咔 不错,<天津小闫__->: 很喜欢~,<少林寺的小屋1701040272>: 好消息！,<DK_MrH先>: 给我种草了,<狗蛋选择狗>: 好消息！,<曹丶劝炳>: 我早就入手了。,<肉球麻麻爱肉>: [笑哈哈][噢耶]太可爱了,<H冫ORIS私橱>: Good job！,<软__妹妹Mars>: [哈哈][哈哈],<寶xb丶y寶>: 远距离转发~[哈哈][哈哈],<凡啦啦食指f>: 我早就入手了。,<MrMuscleampS>: 包装看起来的确是很好看的了,<钱袋子_迪士尼的糖不带玻璃>: 很赞啊。,<谭海波250885570>: 好！！[嘻嘻],<混血王妃愿AR在天堂幸福安>: 这款偶用过好,<KikiHaappy>: 想知道那个收纳包哪儿买的![鼓掌][鼓掌][鼓掌],<车_通社>: 和我一起入手神仙水吧[兔子][偷笑],<田毛律覀师>: 哈哈 分享了[哈哈],<用户5798868259>: SK2感觉都是好美的,<茜下丶__一卡车>: 新技能get[哈哈],<Herohumo>: 逆天了，这个我转,<杨占报真伟大卍>: 关注你很久了~]
yurinashan	#1元秒杀#各位宝宝下午好，今天是#父亲节#哦不懂你们给爸爸们祝福没有呀？话说最近真的是pb到流泪[二哈]，劳模的我给大家整理一好了18-20号四时段的秒杀🔗快接好～戳评论就能看到啦～记得设好闹钟手慢无哦[开心]#理想生活狂欢节#优里娜的秒拍视频【优里娜】雾霾蓝大翻领系带手工双面羊绒大衣【优里娜】黑色双排扣烟囱领腰带羊毛呢大衣 ​​​ 全文	[<澜本本本本本>: 小U…提个建议…你们这次的文案跟图片排版不太好看啊…没以前好了…,<winnie小瓶盖>: 抢不到啊抢不到啊抢不到啊[泪][泪][泪][泪][泪][泪][泪][泪][泪][泪][泪][泪][泪][泪][泪][泪][泪][泪] @优里娜,<盧小娟_Jane>: 秒到了，哈哈哈,<童心未泯kiki>: 都加入购物车啦[哈哈][哈哈],<童心未泯kiki>: 明天去抢[眼泪][眼泪],<-xiao北>: 拼手气拼人品的时候到了,<艺抹微凉>: 反正抢不到[二哈]]
yurinashan	虽然我最近在带娃但是还是努力准备干货给你萌～～最近pb好严重[泪][泪]刚发的视频又看不到了……能看到这条的都是真爱[允悲] ​​​	[<丹妮miss腐国>: 真爱来了,<高且白>: 真爱真爱,<月圆了-晓玲>: 好喜欢听你声音，多发视频哦！今天刚下单买了你之前介绍的那款运动内衣，期待！,<幸福左撇子>: 很期待，我是混油皮，很想买安耐晒，坐等你的，希望对我有所帮助,<Jacqueline_81>: 防晒特辑[心],<777Quentin>: 加油！[鼓掌][鼓掌][鼓掌],<你不懂猪头say>: 我是真爱粉  爱美优,<蒙蒙蒙蒙妹子呀>: 真爱粉来评论啦[爱你][爱你][爱你],<chow郡要落落大方好好的>: 真爱囖～,<再遇y见>: 能看到啊,<小喵鼬>: 哇期待期待，一到夏天就黑成碳,<陶懒懒v>: 正好发愁买什么防晒[爱你],<吃包子不吐包子皮1>: 好多防晒[污],<明明的昨天she>: 我也在带娃[哈哈],<慢慢慢慢慢慢baby>: 有几个我超级爱的防晒诶,<维粒耶>: 抱歉 真爱来晚了 我是真爱[心],<蘑____菇菇菇菇菇菇菇>: [淚][淚][淚]哪里都断货的资生堂安耐晒,<爱你的侯老师>: Pb是啥,<lucky_王静>: 我们都是真爱,<西木雪穗>: 一眼就看到安耐晒,<Hello小野猴>: 一眼看到安耐晒,<---桃夭之之--->: 真爱粉！,<LAURAWHH>: 我是真爱,<美少女战士o-o>: 看得到啊,<ko你的人可能让你更ok>: 真爱粉在这儿[可爱][可爱],<jelly1-drops>: 哈哈哈，我看到了,<杨楠ynnnn>: 想要小金瓶,<DannyBHQ>: 真爱报道～,<_LLLL__>: 看到我纠结的好几款了，18买,<OK_Nina>: 真爱[憧憬][憧憬],<ixxrrrr>: 呀 比[憧憬],<yoliii>: 真爱[爱心]️,<五月sarin>: 我是真爱,<胡双stefanie>: 是真爱没错了[喵喵],<CC魔王>: 是真爱 小优不要太辛苦啦,<kkkatrina-z>: 所以那么多是要分享给我们嘛[害羞],<Victoriaysy>: 哈哈哈哈真爱,<想想想想清楚>: 加油 哈哈哈,<少女老奶奶>: 报告看到,<林悦兮>: 那看来我是真爱,<Lyno橙子汁>: 真爱哈哈,<cayla美国直邮代购>: 爱爱爱[心],<盐卤林>: 回复 @蜡笔小莉爱吃辣 :兰蔻的是乳 不油 很清爽 并且我还是敏感肌 用这个居然没过敏,<白雪恋人Qn>: 好多防晒,<Cassie娃>: 防晒防晒[色][色][色],<我是大土土土豆>: 真爱来啦,<我有病Q你有药>: 哇哇哇哇,<地铁下里的风>: 祛痘印啊怎么祛啊,<欲蒸>: 真爱[並不簡單][並不簡單],<yessie127>: 看到一个萌物[兔子],<HCAKTF>: 缺身体防晒 其实脸上用的毕竟不快 身体防晒真的不到一个月一瓶 便宜大碗好难找,<Sweety-奵>: 必须真爱啊,<寶寳馨>: 看到了[污]算真爱粉吗？,<心烦意乱棒棒哒>: 回复 @优里娜 :加油大大，我是干皮学生党]
yurinashan	走心吐血大总结！除了宜家，最值得收藏的淘宝软装店铺清单！！（ID：小U说） ​​​	[<A阿瑶啊瑶>: @李恩熙88,<lialiaandloglog>: @一只猫咪饭,<Vicky灿烂吧少女>: 回复 @王小悦悦乐阅跃 :么么哒,<牛牛是只热水瓶>: @丹丹的馒头日记,<甜言蜜語LILZ>: @维维就是豆奶,<up_too>: 转发微博,<YONA尤娜>: 回复 @旺小小仔 :收藏,<67perpor>: @june刘,<旺小小仔>: @YONA尤娜,<傻妹19950612>: 回复 @黃建燦_ :超级咧,<薄云zy>: @苍穹翼39793,<618专属优惠券>: 回复 @周小冉好久没吃烤翅 :【天猫618，理想生活狂欢节】高额优惠卷在这里[爱你]腹制这条信息，￥KlJ8ZxkHsFN￥ 打开[向右]🏻淘宝[向左]🏻即可 [心][心][心],<酥萌Fancy>: @米若抠,<beryl俊羽>: 这些东西有些贵哇,<凌晨五点半了我还没睡>: 是广告吧,<Tellplease>: pinterest 挂了....,<黃建燦_>: 回复 @傻妹19950612 :是不是真的呀,<郁见joey>: @林家二花,<-Muchhichi->: 回复 @优里娜 :等你上照片找灵感,<周小冉好久没吃烤翅>: 回复 @优里娜 :已经关注啦,<旅行荚>: @李慕涵笑笑,<娴不閑不嫻不闲>: 回复 @优里娜 :方便透露名字吗（我也在这边年底要装修）[嘻嘻],<丫头菁菁丷>: 回复 @优里娜 :有好几家店刚好有活动[爱你]可以买起来了,<优里娜>: 回复 @丫头菁菁丷 :为啥,<优里娜>: 回复 @娴不閑不嫻不闲 :是新加坡的一家转运,<优里娜>: 回复 @-Muchhichi- :我们也蛮简单的哦～ 极简现代风,<优里娜>: 回复 @作者ouou :那件我们一下子就空了，但是因为第一次上运动衣可以不补货了哦,<优里娜>: 回复 @暴龍-_-小怪兽 :[并不简单][并不简单],<优里娜>: 回复 @周小冉好久没吃烤翅 :关注我们的公主号会有更多内容哦！公众号搜索“小u说”就有啦,<作者ouou>: 小优你们店里的那件粉色训练罩衣还补货吗？买了件黑色超好搭，想再入件粉色M，然后……没货了……,<seolmm>: 哇 正要装修啊！！,<antares27>: 小优真的好用心[羞嗒嗒],<s75193>: 转发微博,<呀-你是小可乐啊>: get 以后租房子也用得到[心],<whksdw>: @我的妹妹叫日草,<Jinni-Z>: 小优，你家装修完了能分享一下嘛？,<你归我-->: 保存图片了谢谢,<伊伊O_o小铺>: 都记下来了，想问还有没有更性价比高的,<五月sarin>: 小优快上新，夏天过去三分之一了,<_Tantantan>: 最近正好在装修[羞嗒嗒][羞嗒嗒],<PINEAAPPLE>: @Seeu0312   @CeeeChen,<陌生的你像熟悉的阳光0>: @哈倩哈倩,<王小悦悦乐阅跃>: @Vicky灿烂吧少女  送给你～,<我的小名叫李大宝>: @我的小名叫陶陶,<呓尾>: @飞起的黄鸡,<张梅梅梅梅梅梅梅>: @我的印象笔记,<bbbbbblittle>: 就是還要運去海外比較麻煩,<BetterPENNY>: @Hello_gotohell,<一碗粥啊>: 我敢打赌，此刻看到这条状态的人，一定还没睡。 ​​​,<eeyoRel->: @Joey就是歪接歪,<whysobitchy>: 超有用的！,<米露是小仙女>: 小优棒棒[爱心]️以后多出各种总结吧，很喜欢～,<Cheryl-Emma>: 很赞的分享,<淘宝内部优惠控>: 淘宝找[可爱],<一凡_Regina>: @不靠谱-徐先生,<苦的木糖醇>: @歹饭团,<我真的太可爱辣>: @抽疯小鸡坨]
yurinashan	有没有想来跟我一起工作的小伙伴[太开心][太开心]工作室继续招人，快投上你的简历～（具体要求看下图，简历投到jtlovesbeauty@126.com） ​​​	[<猪飞太高想尿尿>: 可惜不是本科,<你说什么我听不到--->: 回复 @这腿我可以粗一年 :咋,<米西米>: [二哈][二哈]何时来北京啊,<睡了小包总>: 只恨自己还是高中狗[眼泪],<我是癫锅锅a>:   #我们的首饰盒# [心][心][色][色][色][给力][给力][给力][汽车],<吴恩童>: 回复 @佩斯佩斯 :英文太烂,<-别叫学姐->: 想去的各位投简历啊,<佩斯佩斯>: @吴恩童,<sucts>: 本科....,<水果快到碗里来2>: 英文专业的想去[允悲][允悲],<yuyucarefree>: 如果在深圳的就好了～,<二兰-小核桃小葡萄西红柿>: 不在上海，扎心,<summer-小窝>: 不是在澳大利亚吗？,<其实我是学姐>: 唉能不能等我一年考上上海的研究生[允悲],<炒鸡美的clothes>: [摊手][摊手][摊手]看完我觉得我合适去扫地。扎心～真扎心,<心太宽该长点心了>: 在南京啊可是…,<程以三x3>: 数字媒体专业的很感兴趣可是在南京啊[允悲][允悲],<元气维他命>: 需要其他职位吗[抱抱],<这腿我可以粗一年>: @你说什么我听不到---,<Z红褂空>: 可惜不会ps,<居里徐夫人>: 可惜我不在上海[泪][泪][泪],<东门孑然>: 招聘北京的吗？,<微笑成徐文的样子>: 我除了长得漂亮 其他什么都不会 可以吗,<懒得要死不想上课>: 小U电影票地址已经发到微信后台了，请查收[爱你][爱你],<落入凡尘的刺猬>: 英文不好，对各大品牌了解一点，设计师不知道，但对美一直很在意并努力着的家庭主妇，可以给机会么？[二哈],<媛媛欧尼lyy>: 全职要不要呀[爱你],<蒙蒙蒙蒙妹子呀>: 我在大连 需不需要远程操作的那种呀 哈哈哈哈[坏笑][坏笑][坏笑],<lucyhy日朗>: 不知道在洛杉矶的人可以视频面试吗？  了解欧美时装，整天去欧洲买衣服的人,<手绘小丑>: 想去，可是去不了[笑cry][笑cry][笑cry]]
yurinashan	爱爱爱爱不完的爱用品合集！五花八门的分享～（ID：小U说） ​​​	[<菠萝芒果草莓酱>: 回复 @-TUYETING :嗯嗯 应该是可以一起吃的,<-TUYETING>: 回复 @菠萝芒果草莓酱 :你都是全部一起吃的吗,<怎么又来偷看我微博啦>: 回复 @蜜饲陈圆滚滚 :799 好贵啊啊啊啊,<王小玙321>: 请问小优swisse三种可以一起吃吗？是早起空腹吃还是随餐吃呀？,<丁剑月>: 三种同时吃吗[眼泪],<蜜饲陈圆滚滚>: 回复 @xiadan168 :Aromatherapy Associates的,<xiadan168>: 回复 @蜜饲陈圆滚滚 :搜什么牌子呢,<-------InFiNiTe>: 回复 @早安xxj :可以帮你代购～,<菠萝芒果草莓酱>: 回复 @伊一心 :也是断断续续的吃，需要坚持吧，暂时看不出什么来[笑cry],<伊一心>: 回复 @菠萝芒果草莓酱 :那个玫瑰果你吃了感觉如何呀,<菠萝芒果草莓酱>: 回复 @jj_fff_ :我是经常忘了吃，但是感觉应该一直坚持的好[笑cry],<jj_fff_>: 回复 @菠萝芒果草莓酱 :请问吃这些保健品要不要吃一段时间然后停一段时间啊？,<蜜饲陈圆滚滚>: 回复 @xiadan168 :淘宝搜搜,<xiadan168>: 回复 @蜜饲陈圆滚滚 :哪里有买，关键是？,<amyling0>: 爱你哦[花痴],<筑梦mmmmm>: 回复 @无心小奇葩 :澳洲留学生 可帮买～,<Earthling-C>: 回复 @无心小奇葩 :我是在澳的留学生 可以代购,<卿卿未wei>: 第一个眼罩哪里有买？,<Sarah澳洲代购>: 看到了我大土澳的保健品，保健品这东西和燕窝一个道理，要长期吃才看出效果,<乐子妹妹是我女神>: 回复 @换个风格可好 :有啊，在洋葱海外仓啊，我吃的就是那里买的[嘻嘻],<赤兔少女的功课录>: 眼罩可以洗的吗。。,<薛之谦的二拉>: Get了 [馋嘴],<UrianaWildLove>: 又被种的草，本来已经快放弃护肝片了,<张buibui>: JS是美国牌子？！what？！,<一颗小慧慧>: 种草眼罩 带了会不会因为遮光效果太好 而睡到天昏地暗啊[污],<蜡笔小莉爱吃辣>: 天鹅绒，和真丝眼罩，那种更好,<莫莫莫小莫喵喵喵小喵>: 回复 @QueenVgChina :快送我一只助眠喷雾,<QueenVgChina>: @莫莫莫小莫喵喵喵小喵,<生如夏花的小雪>: 一直以为Jill stuart 是日货,<希滢11>: 看完又得买买买了[允悲],<姓欧阳的好动>: 我喝的是swiss的胶原蛋口服液[二哈]吃过好多种还是swiss的有感觉,<换个风格可好>: 回复 @无心小奇葩 :对，有靠谱货源吗，天猫旗舰店卖的是真的吗？,<宇宙無敵少年思>: 那个唇膜的包装好骗人啊  一拆开瞬间没有了敷的欲望[允悲][允悲],<王佳铭_>: 那个气垫应该是目前日常品牌中最贵的吧～免税店都要三千多台币，日本机场好像是七百多，好多人推荐，就是贵嘻嘻,<弋弋丶>: 那个软装的文章怎么找不到呀,<菠萝芒果草莓酱>: 忠实的澳洲保健品追随者[并不简单][并不简单]睡眠片给我爸买的，剩下的都是我的，我妈的蔓越莓不知道她放哪里了[笑cry][笑cry]没能一起合照[笑cry][笑cry]  http://t.cn/RSrsLcI,<xiadan168>: 眼罩哪里能买到？,<无心小奇葩>: 回复 @优里娜 :那有靠谱货源吗,<蒙蒙蒙蒙妹子呀>: 收藏[爱你],<优里娜>: 回复 @smile园er :专柜或者官网都可以吧,<优里娜>: 回复 @无心小奇葩 :看个人需求,<优里娜>: 回复 @早安xxj :我在澳洲买的,<优里娜>: 回复 @蜜饲陈圆滚滚 :图上不是写着嘛，Aromatherapy Associates的,<smile园er>: 这个气垫哪里可以买到,<早安xxj>: 药丸在哪买呢,<蜜饲陈圆滚滚>: 所以看你说了这么多，眼罩到底什么牌子呢？估计也不会回复我。,<是静宜不是宜静>: 啊啊啊  我也在装修  也是北欧极简风  感觉装修好心累啊,<无心小奇葩>: 我想弱弱的问一句，澳洲三护，三种都吃还是选择性的。,<W_and_Y_>: 比心[爱心]️,<菜菜菜小四>: 眼罩准备卖吗]
yurinashan	这次来台湾真的一口盐酥鸡都没吃，一口奶茶都没喝[允悲][允悲] 只能说人老了，已经没有本钱吃垃圾食品了[闭眼][闭眼] 对啦，这个帽子你们喜欢吗～ 要不要上啊？ ​​​	[<鱼鱼鱼鱼鱼1>: 我喜欢这个帽子哦,<米露是小仙女>: 小优真节制！好棒！,<Lucy-LX>: 粉色运动内衣中号什么时候上啊？,<小chun姐姐呀>: 回复 @生煎秋刀鱼H :香奈儿雾面57新版,<叫我AuHH>: 想要小U上墨镜和项链的推文，最近这个黑色项链简直不要太火[羞嗒嗒]真的好喜欢，还有墨镜墨镜也好实用的，夏天到了！,<鹿子阳啊>: 开心就好,<张心心-ZOE>: 口红颜色好好看！！！！是哪个牌子哪个色号啊！！！,<是猫小咪>: [喵喵]求个口红色号,<生煎秋刀鱼H>: 回复 @小chun姐姐呀 :口红色号[可怜][可怜][可怜][可怜]谢谢,<Leocardiaaaa>: 台湾不是在下雨吗！,<飞也可以跳也可以>: 帽子好看，可以上！,<恰柴同学少年>: 优姐姐，神仙水和雪肌精可以同时用嘛？怎么搭配好一点啊？混合肌，有痘印，求解答！,<豆豆最美的旧时光>: 口红是啥颜色啊,<把我乐晕啦>: @小黄光小绿光工作室  一家实拍衣服工作室，蛮喜欢的，你们喜欢的拿去不谢[拜拜],<Hey_MaBel>: 想去台湾旅游  美娜有没有什么地方推荐的呀？[太开心],<亲爱的小号君>: 上期那顶草帽好看,<倒鼠>: 想问是b612的哪一个滤镜[馋嘴],<Sylvia下午茶>: 我喜欢你的口红啊 什么牌子和色号啊美U @优里娜,<Morning_小安>: 墨镜和包包,<蒙蒙蒙蒙妹子呀>: 每次都要美翻了,<winnie_杨>: 毫不犹豫的快点上,<楚一_>: 我好喜欢你的嘴呀我的优[doge],<张璐32935>: 要要要，喜欢,<好姑娘就是我i>: 后边的小姐姐在偷看你~,<雨夜杀人魔的腿好细>: 说实话 能不能把上下唇的连接处也涂到口红啊 真的是,<君君个君>: 美腻[好爱哦],<Ai-momo潮牌墨镜>: 墨镜[有],<sara5841>: 喜欢，上,<优里娜>: 回复 @yanggirl-gogo :这个就是小帽檐哦！,<优里娜>: 颈链就是普通forever 21这种，然后墨镜是GM[眼泪] 感觉好多人问,<miracle的饺子>: 食品是没有垃圾的,<阁阁控>: 喜欢墨镜啊！,<妩媚的琪琪baby>: 喜欢 上吧,<用户6224428377>: 姐姐我想要白色的草帽,<SigNaL_Yu>: 其实我更想知道口红色号[doge],<Becky_816>: 喜欢[爱心发光][爱心发光][爱心发光]好看哩,<小chun姐姐呀>: 我也有这个眼镜[开心]  http://t.cn/RS1S2ZG,<叫个蒋姜姜啊行>: 颈链之类的能不能上架啊？,<水果快到碗里来2>: 喜欢墨镜[doge],<彭煜雯Yuk>: 上眼镜吧！,<鲤鱼旗啊>: 眼镜是什么啊？,<桑德里娜>: 回复 @小晓小莱特 :不知道啊，就想出去玩,<Naughtyyee>: 对呀，我现在都不敢乱吃甜食了,<小晓小莱特>: 回复 @桑德里娜 :cn 要带去哪里,<yanggirl-gogo>: 有没有小帽沿的帽子，适合脸小的女孩纸，颜色不要太扎眼就好。,<ycycycii>: V领T!,<Niki蘇丹丹丹丹>: 喜欢你的锁骨[嘻嘻],<赖斯梅朵阿>: 可以出眼镜[并不简单][并不简单]偏光的,<幻想贝壳儿>: 上这件白T[哈哈],<BlackWhitea>: 口红颜色好看[爱心]️,<sarah_0903>: 想要裸色运动内衣 呜呜 为什么只有S码不出M码呢？我一直没想明白,<可心665>: 不喜欢，我喜欢眼镜！！！上的话能上白色吗？,<祈晴娃娃日记>: 还是出墨镜🕶吧！,<纸片人七>: 求能出小头围比如53cm,<nicoo眼镜>: 眼镜眼镜眼镜来找我哟～～～,<一天带装怪>: 优姐可以上一些包包啊，]
yurinashan	面膜评测丨断货王面膜到底哪家强？（ID：小U说） ​​​	[<177汉子妹>: 回复 @Rutakaely :我们私聊啊,<Rutakaely>: 回复 @177汉子妹 :求问怎么祛斑[泪][泪][泪],<澜澜先森003>: 痘印好了之后，不敢乱用，愁,<177汉子妹>: 回复 @_FanIy :我们私聊啊,<枫林听雨在路上5366>: 赞我送迪奥唇膏,<_FanIy>: 回复 @177汉子妹 :同问怎么祛的,<橙黄晨光>: 回复 @你归我-- :我也要防晒，没斑了，特别开心,<缪安勤的第一迷妹>: @大炮和火鸡耶耶耶,<yosiaks>: @-猫的怨念-,<最嘉女主角>: 其实我很想发打广告[允悲]算啦 大家有需要看我微博,<水末几点>: 谢谢小U,<诶嘿嘿-裸小静>: @哟呼_胖胖月,<winnie_杨>: 跟着你变美！,<Jessie_Norwegianwood>: 转发微博,<hlh薯片>: 回复 @冰糖hh :洋葱海外仓app靠谱,<药罐子ORZ>: 回复 @奶油小鼠儿 :非常强势！但是我夏天不乐意敷面膜,<Tuttioa>:  [心][心] #我们的首饰盒# [给力][给力][给力][给力][衰],<米与鱼>: 我觉得日系很多面膜都有点精华过剩，可能是我不喜欢那种粘粘的感觉吧,<泼出去的水连盆都不想要>: 价格说的太便宜啦，代购还怎么赚钱,<容成丶>: 回复 @若一去不回便不回 :想到当初我朋友在我那买的IPSA 黏土。至今没用完,<童富贵StandByMe>: @童阿童港代团,<若一去不回便不回>: @容成丶,<猫猫梅朵>: 回复 @faye-fanni :来我家！,<faye-fanni>: 回复 @猫猫梅朵 :记得用不完寄给我[二哈][二哈],<Lisadaaaa>: 皇后的秘密  哪里可以买到5块一片[脸红][脸红][脸红],<177汉子妹>: 回复 @会扎针的兔子 :我们私聊啊,<会扎针的兔子>: 回复 @177汉子妹 :你的斑怎么祛的,<Roline>: 然而ipsa并不是只有面膜断货 所有都断[摊手][摊手][摊手],<W温天琪>: 惠之本铺的也很好用阿,<哈哈哈皮forever>: 女王秘密面膜居然5块一片，没这么便宜吧？[思考],<生命的江河>: 凡尔赛面膜,<胡双stefanie>: ipsa真的是网红面膜的佼佼者！,<冰糖hh>: 然而我不知道去哪里买这些啊，代购总是不放心啊我怎么办啊[允悲],<吃蕉大仙>: @胖就不是仙女咯,<糯米团儿_YU>: mark,<语默初晴C>: 哪里可以买到，皇后的秘密,<猫猫梅朵>: 回复 @faye-fanni :哈哈哈 除了贵的舍不得其余我都有囤货！,<yoliii>: 小优小优，面膜敷了都要洗脸吗[傻眼],<打包带走喽>: 回复 @faye-fanni :种草种草[鼓掌][鼓掌],<faye-fanni>: @猫猫梅朵    @打包带走喽,<奶油小鼠儿>: @药罐子ORZ  继续面膜测评,<LOL大大大大大>: @韩东君头号女票,<Sa蕭蕭>: 现在用的是20块一片的[允悲] 美国自然兰,<你说我是baby啊>: 真是好及时啊，不过雅诗兰黛的那款敷着我都感觉心在疼呢[伤心],<Fengsainan>: 回复 @YogaBaiBetty娟 :我自己一直在用就觉得还不错 不知道你是啥肤质呢,<哈哈莹爱哈哈>: 正好需要呢~~~~~么么么么么么 好及时~,<MRL_马若琳>: 回复 @张靖晗呀 :你现在给我发是啥意思]
yurinashan	#新木乃伊# 今天上映，反派大BOSS埃及女王木乃伊仿妆来了[惊恐][惊恐] 请叫我速度U[坏笑]这部片子今天上映啦，你们都会去看吗？转➕赞 送你们电影票[导演]明天就开奖！！优里娜的秒拍视频 ​​​	[<Chocolate-of-SEHUN>: @李靓啊,<Vanessa·Mo>: 这么叼嘛？,<doge少女>: 好厉害！！想请问一下同款的美瞳和假发是怎么弄到哒[嘻嘻]到处找不到,<蟹蟹蟹蟹黄堡的蟹蟹蟹蟹>: 国版pony[鼓掌],<小小酥Rio>: 呃。。。个人不太喜欢诶，还有那个神出鬼没的傻男二，简直不要太搞笑,<陈荟茜的偶像>: 感觉要更灰白点更像,<虔诚默鱼>: 看美衣，加ningmengjiade（柠檬）,<BaekDawn7>: @zhaoty_veenkers,<三千烦恼世界风>: 换个微博背景吧，晃死我了！！！都特么不想多呆,<SHYuu_>: @蔡禎鉁,<-迷之JoANna>: @Allenleii  哈哈哈哈哈哈哈,<用户6057785218>: 电影刚出来就会化了，挺牛的666,<LEUNG小意>: 为啥画完像谢娜[眼泪] [眼泪] [眼泪],<是王不是妃>: @话语薄薄3,<皮卡丘丘丘Flora>: 回复 @纯懿_katherine :卧槽屌屌屌，你可以,<Ryooo__Lee>: @c_heeni哩  [喵喵],<欲与雨语hanhan酱>: 电影全程都抓着伙伴的手[允悲]，绝对好看,<装逼只为王晶河>:  [心] @潮流首饰搭配 [心][心][来][萌],<夏至的未名>: 想看电影支持,<变好功课菌>: 没有美颜真的好真实啊 谢谢你的用心,<_C小邓>: 回复 @木乐乐-T :[眼泪] 好诡异,<木乐乐-T>: @_C小邓  妆容还是好吓人[笑cry][笑cry][笑cry],<亲愛的阿卵是个小氣鬼>: 两个都有点 一言难尽阿....,<凉鸢尾花>: 回复 @和西阿 :恐怖呢？,<i_am_zmz>: 为了阿汤哥去看新木乃伊，感觉演得莫名其妙[白眼][白眼],<__双子女>: 看到啦~,<X夏晓芸>: 今天刚看的，挺好看的,<风吹雪柳>: 非常值得期待。等待中。。,<但愿你善后被温柔对待遇健>: 神秘色彩的惊险刺激。,<给我来五x碗饭>: 看起来不错，想要看的,<张二厅大大小橙子>: 居然这么迅速啊，非常给力哦。,<思维思莼是>: 表示很喜欢你做出来的仿妆了诶,<哪里出了错1990>: 不得不佩服你神一般的化妆技巧,<不负相思意c烧烤>: 新木乃伊上映了，大家赶紧来看啊,<rajab淡蓝蓝色>: 我昨天刚看的新木乃伊，好害怕呀。,<尛龘灥>: 虽然很恐怖，但真的不错喔,<mx丶紫>: 预告片都这么棒，一定约上朋友去看,<我yZ是王晓明>: [坏笑]正打算着今晚去看呢。,<雪晶她老公>: 肯定会去看啊，么么哒,<一瓶黄色指甲油>: [doge]透露给大家说是活人木乃伊哟。,<探索者之无敌>: 看起来这真是非常不错的福利啊。,<黑色夏天4>: 阿汤哥宝刀未老！帅气十足，迷死人了,<希樽纯>: 超级精彩的，很喜欢啊,<江湖有谁>: 就喜欢小U这么简单又直接的福利[doge],<娇娇爱BOBO>: 感觉你的化妆技术越来越厉害了。,<Or5d明处MAY>: 看到这个妆容真的很恐怖，很畏惧。,<悦恋涛>: 进一步的去了解埃及的文化很震撼特别有意思。,<思言清静萦绕思197N>: 这么好看的电影肯定是不能错过的。,<开水里养鱼yy>: 谢谢小优推荐这么棒的电影给我们,<季文网休斯>: 我是冲着最后的惊喜来的。,<rajab淡蓝蓝色>: 太霸气了，看完之后对电影增加了好感]
yurinashan	其实....我的事业是阿姨给的[允悲][允悲]#全职妈妈的日常# 台湾 ​​​	[<yenika>: 期待好看的新衣服……,<萨贝瑞娜>: 优优 可以请问 你的每次长文➕图的编辑器是用的什么app？,<曦曦公主女装馆>: 刘海会不会短了一点点[笑cry],<王宝儿20110>: 回复 @优里娜 :当了妈妈的人才看得懂[污],<FanFanCooool>: 真看不出来，女儿都这么大了，一直以为是还是未婚少女,<鼻涕虫阿姨>: 女儿好可爱啊 最后一张太可爱了,<cielcat夏尔猫>: 回复 @我就是ina :感觉整了好多啊,<ET静安>: 每次看到小精灵，说真的，都觉得看到了一个小版的小优，很可爱，[微笑][微笑],<疯丫头_漫步天下_雙>: 反应了一下才懂[笑cry]小优真的已经很棒了，谁说作为母亲不能同时拥有自己的事业？看着小精灵快乐成长，就知道小优平时有多辛苦[心],<Evelyn__xy>: 小精灵太可爱啦[花痴][花痴][花痴],<我就是ina>: 回复 @我就是ina :好吧，你辣么美，说什么都是对肑,<yoliii>: 回复 @我就是ina :说实话，女儿一般都像爸爸，你如果看过小优老公你应该不会问这句话[眼泪],<辛德瑞拉的拖鞋>: 能请到一个好阿姨真的不容易[doge],<大阿sa唔系食货就系剩货>: 一转眼，已经在滑滑梯了[爱你],<麦小灰是坨鸟>: 好可爱的二次元刘海。。。萌。。,<Harper_wooo>: 女儿好可爱超级Q[哈哈][哈哈],<不是代谢是新陈>: 回复 @我就是ina :娃儿跟小优一毛一样啊[二哈][二哈][二哈],<Aimee501CTAWS>: 我发现她老是披头发，小孩扎起来清爽一些，很尴尬的长度,<高浓度乙醚>: 回复 @优里娜 : @优里娜 : 小优好坦诚！[good],<优里娜>: 回复 @cathy_amoy :这是真的！！,<优里娜>: 回复 @垚九尘 :何止只加🍗[泪],<睡不醒的小萝莉zzz>: 吓到了🙈,<Kerena93>: 新发型可爱哦,<优里娜>: 回复 @我就是ina :真的只整了双眼皮啊,<维粒耶>: 发型真可爱[狗],<Darcy-WW>: 回复 @我就是ina :我也觉得整了[二哈],<优里娜>: 回复 @不悲伤的蛾 :会上的哦！6月底就上了,<cathy_amoy>: 当妈的秒懂，女儿还算好带了……,<恰恰尹>: 看多了新闻里摄像头拍下的带娃的鱼儿骚不负责任不敢请她们带呢[泪],<我就是ina>: 你说，你整没整过[允悲],<小维康康>: [嘻嘻],<不悲伤的蛾>: 所以要上新衣服了吗,<黄京京Vivian>: 你的宝宝那么大了啊 好可爱啊,<CestceQue>: 回复 @优里娜 :马上就有阿姨帮带啦[喵喵],<垚九尘>: 回复 @优里娜 :看懂啦哈哈，阿姨帮你把孩子带的好好的，你才没有后顾之忧出去忙事业。要给阿姨加鸡腿🍗,<代购安利的嫄小妞>: 哈哈，身为麻麻，我一妙就懂,<优里娜>: 你们咋没看懂我的文案～ 没有阿姨帮忙带娃，我真的没有事业了[眼泪][眼泪],<蓝鲸呀>: 眼睛好大[看看],<优里娜>: 回复 @cestceque :啊哈我要崩溃了！]
yurinashan	午间话题：最近想写篇仙女唇色合集，提到小仙女你们会想到谁呀？首页宝宝们赶紧在评论帮我安利好看小仙女好吗[憧憬][憧憬][憧憬] ​​​	[<Because_-->: 刘亦菲，,<yeropierce>: 回复 @冰峰蜜味的 :秀智赞，什么风格都可以hold,<爱上石原贵雅的七清妙音>: 小优！[爱你],<陌上洋君颜如玉>: 刘亦菲w,<香香自来>: 迪丽热巴,<王酸宁>: [阴险][阴险][阴险],<最后一曲Lullaby>: 我[笑cry][笑cry],<一闪一闪亮金晶87>: 我觉得刘雯像仙女,<Yvonne顾小枫>: 热巴[太开心][太开心][太开心],<朵蜜天女吖>: 当然是我[摊手],<Hello_kiki哒哒哒>: baby~~,<掉在肉肉里的小星星>: 刘亦菲，刘诗诗，都信刘[允悲],<球球是熊熊的球球>: 迪丽热巴,<陆之昂女友>: baby,<优里娜>: 回复 @一米七猫 :今天抽奖平台抽风了，我让客服之后随机抽到时候会公示的放心,<十元的小老婆>: 迪丽热巴 新垣结衣 石原里美,<李卓书Leila->: 周雨彤 迪丽热巴,<羌荼>: 桥本环奈,<一条可爱又迷人的咸鱼0422>: 石原里美小姐姐！,<YOBITCHES>: 竟然没有人说林小宅？？！,<徐徐徐vivian小瓶盖>: 或者iu,<徐徐徐vivian小瓶盖>: 刘亦菲啊,<ZJLDD>: 水原希子,<蒙蒙蒙蒙妹子呀>: 小优小优 无敌美丽可爱的小优[爱你][爱你][爱你],<一米七猫>: 还有不符合的啊。。  http://t.cn/RSjOJY0,<ZZRYihhhh>: 我哈哈哈哈,<tracy412>: 还有迪丽热巴,<森ny允鹿>: baylee,<爱穿袜子的鞋子>: 看到好多IU呀[哆啦A梦汗][哆啦A梦汗],<伯爵的小孩>: IUIU~~~,<mydear文森特>: 森绘梨佳[哆啦A梦美味],<是徐菁菁1998>: Taylor hill,<-a-云>: 韩孝周 棒子国那种精致的少女裸妆真的很不错,<毛_毛毛毛含_W>: 刘亦菲 从仙剑就觉得她真的是仙女,<小龙喵啾小秋>: 舒畅在大唐荣耀的那种淡粉色[求关注]好难找啊都找不到。。拜托拜托,<fool_sum_l>: 紫霞仙子[爱你],<爱美重症患狗满>: 鹿晗[微笑],<4EveR_Ying>: 比如说  我[doge],<bingo5an>: 林允儿[可爱][可爱],<春天困>: 刘亦菲刘亦菲刘亦菲 仙女用的都是迷之色号,<小小清莞>: 刘亦菲小仙女呀。,<蛟马麻>: 86版西游记嫦娥[喵喵],<烂鸭子有梨>: 睿睿[哆啦A梦花心],<MariaQuimby>: 赛琳娜戈麦斯，selena gomez,<MariaQuimby>: 优里娜才是我的仙女,<Circular_W>: 申敏儿～虽然年纪有点大[可怜],<张张莹z>: 我是小仙女[喵喵]会不会有人打我,<大灰_->: 森绘梨佳[鼓掌],<Yunebiui>: 唐嫣～～～～～,<maomao儿>: 崔雪莉啊！ ！,<手机用户1153985645>: 装修那篇还没看到。]
yurinashan	【新手必学的30s底妆教程】今天教大家如何打造更加轻薄的底妆&学会几个修容tips化出巴掌脸哦。昨天分享了美妆蛋的使用方法，今天跟大家聊聊牙膏刷和波浪轮廓刷的正确用法，get到了能省下很多时间赖个床哈[胜利]️买了不会用怎么行[爱你]#时尚红人周##美妆红人周#优里娜的秒拍视频优里娜 修容必备弧形波浪形万能刷粉底修容腮红散粉刷便携带盖 ​​​ 全文	[<-smilehazel->: @幸福花花1314,<玥仙女儿的杂货铺>: 回复 @橘小叶 :戳我第一条微博加qq微信返红包(´,,•ω•,,)♡,<玥仙女儿的杂货铺>: 回复 @_Cyaya :戳我第一条微博加qq微信返红包(´,,•ω•,,)♡,<一颗爱吃的卤蛋>: 这不就丝芙兰的修容刷吗,<小倩小主x>: 等一下，我去柜台买纪梵希的那款时候柜姐说这是干粉和腮红.....[疑问],<大兵的瑞恩>: 转发微博,<Yenicalll>: 那个粉饼是什么？没听清,<西瓜米米2016>: @Ppi_605,<这里是周胤杉呀>: 女孩子只有瘦下来才知道自己有多美呀！从105减到86的路过🙋🙋,<蓓蓓的bear>: 皮肤底子怎么可以这么好,<joling8>: 刷子是什么牌子的,<星界游神>: @刨冰的夜猫,<没有不二的世界>: @不知名的H青年,<沐子Tia>: 皮肤这么好...,<niki_Cai>: 素颜底子也太好了吧，还以为是画过底妆的样子,<锶-小妞>: 粉底刷   类似牙刷的有链接吗,<Sssssky_>: 我自愿加入，希望大家不要对北电侯亮平相关借楼觉得烦，因为大家都是很无奈用这种方式尽力，北电性侵新浪一直在打压明明是热搜一下子就会没了，所以网友才自愿组团当水军，对方背景估计也是太硬了 #北电侯亮平# #北电熔炉#  ​,<程序媛小露>: 干皮不要买这种刷子,<Kitten224>: 回复 @大手牵小k :真的不理解化妆视频开美颜的，虽然没了美颜我也活不下去[允悲],<睡不醒的little懒猫athome>: 刷子没货啦，拍不了,<Yuanyuanfightingg>: 虫草粉底液还是超模啊，求推荐，混油偏干,<Yuanyuanfightingg>: 好用吗亲，我好纠结要买哪个牌子的粉底液，现在用的娇兰，也还好用，但是想换个别的牌子了，ysl好用吗,<船头爱茶堡>: 不知是开了店还是带娃累着了，女神憔悴了好些,<若为连理>: 你的皮肤很细嫩，好上妆，我的皮肤有点粗糙,<任性的李佳燚>: 那个轮廓刷很好用，超级细腻的毛,<cathymilly>: 回复 @MickyChiu :想睇鞋刷,<点点点点点点酱>: 别开美颜,<小飞侠_1874>: 回复 @LLLLLLLLLLUUUUU :谢谢[微笑],<芸豆恋歌>: 有链接吗？怎么购买,<LLLLLLLLLLUUUUU>: 回复 @小飞侠_1874 :hourglass,<秦z__>: 感觉刷子好吃粉啊,<MickyChiu>: @cathymilly,<ZLia_>: 不要开美颜,<---小敏酱>: 小u指甲油啥牌子啥色号,<大苦逼H_GGggg>: 回复 @小怪兽_哦妮 :就是很难用 要不然送你试试,<小怪兽_哦妮>: @大苦逼H_GGggg  还要看哈子，你用错粉底液，不能怪刷子[笑cry][笑cry],<sunny崔-摩羯>: 鼻子和眼皮整了，因为小孩就是那样的,<xiaomannnnnnn>: 回复 @大手牵小k :真的看不出,<小周199103>: 今天这个视频看的你的黑眼圈了[可怜][可怜] 注意休息啊，小优,<侗咚>: 求粉底色号[祈祷][祈祷][祈祷],<树熊宝宝的秘密>: 用这种声音很难听清楚说什么，感觉浪费了视频,<sunny_小龍龍>: @fanny_小虎虎,<小飞侠_1874>: 高光是？没听清～,<凉凉凉凉凉凉瓜>: 回复 @喜欢吃小朋友的人 :okay哈哈哈哈哈哈哈哈哈,<喜欢矿泉水瓶子>: 还有 小优什么时候上裙子 好喜欢这条裙子 还有同款黑色？ @优里娜,<喜欢矿泉水瓶子>: 请问请问 耳环是什么牌子的 好喜欢 好喜欢 @优里娜,<_Cyaya>: 小优 就开美妆店多好啊 我一直觉得你和那些网红不一样是专业的美妆博主 所以不要再卖衣服了 看到你卖美妆我果断关注了,<我是小不记得不是不是的不>: 想要一套啊！！！鼻影用这个也超级好用的,<蝉鸣三声汗沾裳>: 优酱我觉得柔光太重了,<咕得猫咛越>: [鼓掌],<王HanL>: [爱你],<FENGXIANYUxzq>: 更喜欢小优自己的声音🙊,<哎呀哎呀哎呀哎呀哎呀哎丶>: 小优，可以出港妆教程么,<Amy-777>: 回复 @徐宝宝最可爱了 :一狠心就买了[微笑] 你又不化妆你买了就是浪费,<徐宝宝最可爱了>: 回复 @Amy-777 :99,<Gaooty>: 是我眼花吗...下巴看起来好歪,<52iridescence>: @凉凉凉凉凉凉瓜]
yurinashan	学会这5个妆让你自拍美炸天💥成为称霸票圈的潮酷小仙女哦[阿姨]🏻 转➕赞这条视频送2只纪梵希的魔女粉唇膏哦[口红][口红]优里娜的秒拍视频 ​​​	[<si花花酱呀>: 回复 @阿这样比较好AT :前三个妆真是太好看了[脸红],<来颗糖豆>: tf的哪个色眼影呀,<过时的music>: 转发微博,<ABUJ>: 超喜欢最后一个人妆,<元气少女小九儿>: 小优的视频怎么做的呀,<来颗糖豆>: 什么时候出教程，或者眼影的什么牌子呀,<来颗糖豆>: 什么时候出教程？,<安了个琪_>: 回复 @梁凉良不凉 :你要有这些化妆品我绝对给你化出来🙃,<梁凉良不凉>: @安了个琪_    @焖子快递员   好好学学给我画画,<缓冲待定中>: 求中奖，会是我吗[挖鼻][挖鼻][挖鼻][挖鼻] @优里娜   ,<一粒菲子>: 好喜欢那个双丸子头。,<-bubobobo>: 选我选我[爱你][爱你][爱你],<-bubobobo>: 试色好美，魔女粉超好看[爱心]️,<飘飘有肉>: [喵喵],<鱼小姐爱吃鱼>: 口红控[耶],<暴走小同>: 微博背景的GIF，看的眼花。。。。,<小太阳ah>: 你才是美妆博主啊 其它人…,<小雨hxu>: 能分享下妆容是怎么化的吗,<厉害了我的明会>: 超级棒阿小优,<神秘海淀市民王女士>: 比别的博主专业多了啊,<枫叶的_疯>: 求救，求借10万，借贷无力偿还，之前被一个黑中介借了8000，到手5000，他说前面30天按天还，后面按月份，前面几天一直正常还款，结果莫名其妙说我违约逾期，催收了2万，现在还欠了很多，求救。不想一辈子这样无力活着，求救，希望好心人帮帮我，真的，现在还痛苦，我还是个学生。。 #(泪)# (泪)，,<逆风吃火锅>: @HAI_ERSHUI,<Echo菁菁>: 妆容和口红都喜欢第四套！棒棒哒！！,<大大小小vv>: @幸福的路人藝,<衛YYYY>: 什么色号？,<韩晴天H>: 视频质量越来越高了,<陶桃子8>: [噢耶][噢耶],<胡胡胡萝卜卜hhx>: @ChuckBartBass,<阿这样比较好AT>: @si花花酱呀,<林糖糖>: 赞。。。,<国中女子>: 求你的美瞳色,<无恨的海蓝>: 看了，好想把这五个色都买下[眼泪],<上海无痕接发瑞克3AM>: 你好，我是上海3AM 合伙人，有时间请你过来做造型 我在南京西路四季坊 想要长发及腰也可以来找我[可爱],<AliciaSiYi>: 太美了，太棒了,<林夕彩妆造型团队>: 好美，好美，可以發表每個妝的照片嗎？求點讚,<米与鱼>: 想问每个妆容的眼影和腮红[允悲],<你是不是想吃我的核桃>: 转啦转啦[doge],<蕈22252>: 太好看啦！我喜欢那个性感妆,<江小江你好呀>: 小u的视频和妆容，秒杀n多网红几条大街！！！！,<宝尼尼Khun>: 这个夏天我也想做个小仙女,<壁橱未满>: 今天又重温了一遍，哈哈,<白琉璃_>: 真好看 每个妆都画得那么好,<米与鱼>: 好想看每个妆容单独的教程[憧憬][憧憬][憧憬],<丶Moon月儿>: [鼓掌][鼓掌][鼓掌][鼓掌][鼓掌],<我实在是太cj了comely>: 请问这个小视频是在推荐口红吗,<还好啊yordim>: 太喜欢这次分享的五种妆容啦,<一激怒>: 这几个都很好看。学起来,<tjunge610>: [微笑]这些化妆技巧真的是很有用,<扁平善恶善恶>: 垂涎魔女粉唇膏很久啦，求送,<神经横杆病好了没>: 这个化妆视频真的对我来说很重要,<再续丶已断殇>: 就是喜欢看教妆容的视频[嘻嘻],<真正滋味>: 我想问一下唇膏会送出多少？,<我心本无扰>: 我现在就去转发哦，希望我可以被抽中,<巫姬姬>: 而且会有越来越多的人会关注吧]
yurinashan	教大家【3种极易上手的快速发型教程】简单又可爱的实用发型，超级实用！学会这个每天花五分钟就能美美出门啦！砖+攒 三个妹纸送卷发棒哦[飞吻]优里娜的秒拍视频优里娜 新手必备防烫卷发棒美发棒电卷棒内扣刘海卷 ​​​	[<哔哔FLy>: 有点像古力娜扎,<HiHi-ALOHa>: [笑而不语][笑而不语],<小柠蒙蒙蒙_>: 卷发棒卷发棒[二哈],<Hulcool>: 我个人很喜欢自己用卷发棒卷发，每次出门必卷除非是真心来不及，但是我还真的没有用过这种卷发梳类型的一直很想试试看，期待好运啦啦啦[羞嗒嗒][羞嗒嗒][羞嗒嗒] @孤僻症患者1   @安塔丽亚呢   @Humion  ,<puff不愛吃泡芙>: 回复 @五花贝贝 :[心][心][心],<想个名字太难啦_JWY>: [二哈],<许_大写的天仙_Rain>: 回复 @mauveine :学到了,<Carrie肥莉>: [太陽][太陽]偷偷加入购物车[熊貓],<mauveine>: @许_大写的天仙_Rain,<AfterImetK>: 想去剪个短发做微卷[允悲],<哼哼哈hi_噜噜拉>: 乱七八糟,<煎蛋去吧>: @精fly灵  [坏笑][坏笑],<YogaBaiBetty娟>: 这个看起来不错！,<黛黛·安>: 这个头发真的好难看[黑线],<小周199103>: 这个好像很好用哦，也想要，抽,<ML徐超敏>: 哪里买？叫什么？,<LJY日出日落时>: 实用唉！,<木木呆橙子>: 腮红是哪个色号的呀，非常有元气少女的感觉~,<呀_joongi>: 丸子头怎么弄的,<璐璐大人啊>: 不插电还能当滚梳用[兔子],<free罐>: 好想要卷发棒,<Kiki雪薇>: 感觉超好用的啊，稀饭,<马减一>: 你美瞳是用哪个的呀,<名字都给人非法注册了>: [挖鼻][挖鼻][挖鼻],<上進啾>: [哈哈],<小酒窝甜甜滴>: 好方便[熊猫],<优里娜>: 🔗防烫卷发棒 http://t.cn/RSNfvhb,<袁青争怡>: 告诉我哪里有卖就可以了[眼泪][眼泪],<球球是熊熊的球球>: [good],<陈阿琰>: 弄我好不容易弄起来的刘海又想去剪,<五花贝贝>: @puff不愛吃泡芙,<一个卖口红的>: 口红大甩卖[怒骂],<陪我去可可西里看看海>: @陪你去可可西里看看海   这个卷发棒看起来不错哎,<杂会是你宾果的奶奶>: 指甲油是什么牌子的,<辛未与左勾拳>: 小优是我的幸运博,<莹yk>: [色][色][色][爱你][爱你][爱你],<小么小妞>: [鼓掌],<明靖v>: 瘦了21斤 什么样子都好看,<剥了壳的蛋yiyou_>: 有了这个卷发棒我肯定不会再懒了[亲亲],<Cho寶>: @雯雯不是读书人   你看她的试试吖,<翁柔柔柔柔柔>: 太实用了 我要好好研究我的发型🤗🤗,<小阿贤贤贤>: 对手残来说很友好[污][污],<萌little>: 低估了我们手残程度,<摩羯座的阿苗>: 看你用起来，一点也不会烫手耶,<不带脑子就也别带眼睛>: 第一个简单[可爱],<化妆灵雪>: 已转了呦[嘻嘻],<陈大零cyl>: 转发微博,<人怪咯>: 这个妆容好好看啊！,<纸馅饭>: 天哪因为会烫手而没有用过卷发棒，之前被烫n次，激动，想入,<DeerPPan>: 喜欢喜欢看中极易上手♡),<傲娇于我>: 转发微博,<YOBITCHES>: 小优你看到我了吗！！ 又转又赞 还评论   因为视频好看[笑cry]喜欢！！]
yurinashan	开播啦！怎么能够保持身材，同时又不至于被饿晕[眼泪] 今天讨论健身减肥饮食（来自一直播:优里娜正在直播）APP下载地址：http://t.cn/RXnpR7B 上海 ​​​	[<sarahsoo>: 卷发棒多少钱,<彩色天际>: 长发及腰的长度用效果好吗？,<忆雯_Z>: 卷发棒会有味道吗,<肖明妃>: 是放弃服装了吗？,<幽涧芝兰>: [鼓掌],<超级喜欢吃了几个枣子>: 粉扑是多久换一次啊,<不爱吃面面面面面面面>: 还有点卡,<壞縔>: 粉底液用什么的呢,<忆雯_Z>: 好清洗吗,<cc挖白菜的小姑娘>: 粉色都是小码吗？,<要学会放松>: 会不会很费粉底液,<豆将军622>: 喜欢小优的妆容,<花朵朵转闲置>: 晒了买家秀影响生意了怎么办啊,<甜小蟹儿>: 喜欢粉色,<Dududududuang>: 粉色好好看,<木易青争Janice>: 是我是我是我,<nicaaaa>: 抽到白色 买粉色背心 配一套！,<安娜酱-_->: 黑色黑色,<飞飞牛排>: hi babe!,<要学会放松>: 想要粉丝背心啦,<欣里唱着歌>: 身材棒棒了,<春子er>: 粉色背心只有s号？,<苁珊>: 纠结拉链和镂空的，,<nicaaaa>: 粉色有色差吗,<可心665>: 你都没肥过，怎么减肥…[思考],<是派大星不是派瑞松>: 粉色的没有大码啊……难过,<林哆哆哆>: 鞋子是什么？,<wwwwwwbr>: 妹妹疼不,<拉琪12345>: 可以自己剪,<拉琪12345>: 脚口是随心裁,<曲小妖妖>: 这一身好美,<全麦无蔗糖>: 哇喜欢粉色,<小猫猫莉莉>: 哇塞 小优身材真好,<是派大星不是派瑞松>: 胸垫拿掉了，会漏点吗,<是派大星不是派瑞松>: 我胸就很大🙃,<曲小妖妖>: 运动系列更适合你,<全麦无蔗糖>: 平时逛街也喜欢穿,<丫头菁菁丷>: 买了衣服去跑步！[跑],<小猫猫莉莉>: 刚刚健身完 就看到这个 好开心,<全麦无蔗糖>: 特别喜欢弹力裤,<土的逗比叫土豆>: 美的美的,<土的逗比叫土豆>: 我优shen cai zhen hao,<甜小蟹儿>: 是在北京健身的么,<生产队妇女联合会治保主任>: 大脚优里娜,<是派大星不是派瑞松>: 是我的问题吗,<抹茶味道的吐司>: 有点卡喔,<生产队妇女联合会治保主任>: 你闺女呢？,<佳nn佳>: 太瘦了，好羡慕,<是派大星不是派瑞松>: 一体的吗,<小小少年羊二>: 你说过的ab型血减肥～一直记着等着呢,<死于tbgy胯下的瑞酱>: 正在健身,<死于tbgy胯下的瑞酱>: 现在正在]
yurinashan	【钻+攒 送一条防晒运动裤】想跟你们聊聊这条压力显瘦神裤为什么是每个姑娘健身必备的！[1]️面料是速干的材质，透气舒爽迅速排汗[2]️微压力的设计能对肌肉有更好的支撑显瘦！！[3]️居然还含有UPF50+的防晒指数！配合防晒霜户外运动更安心[胜利]️优里娜的秒拍视频春夏新款紧身小脚高弹力运动裤女跑步瑜伽健身长休闲裤 ​​​ 全文	[<CAMEL43>: 我要防晒运动裤娃娃哇哇哇[花痴][花痴][花痴][花痴][花痴],<棠特儿>: 转发微博,<NANA_yu猫猫>: 转发微博,<荏苒-时光>: 还能防晒？！厉害了,<aimiLynn>: 哈哈 瑜伽入门，很心水呢[嘻嘻][嘻嘻][嘻嘻],<剥了壳的蛋yiyou_>: 这防晒厉害了！ 最后一个屁股的镜头好销魂[笑而不语][笑而不语],<AhnGae>: 好想要这样一条裤子,<杨小红-YANGHONG>: 对于小短腿来说太长了吧[抓狂],<妖妖妖兰达>: U酱，万一中了呢[污],<手机用户2703698472>: 第一次听说防晒裤,<路飞断舍离>: 转发微博,<一枚小小吃货ing>: 喜欢么么哒  @看不尽的迷雾   @H小哑修   @一家y1和y1,<Cynthia凉月满天>: 万一中了呢[开心],<世界第一喵皇陛下>: 身材一级棒,<易小小鸟>: 喜欢优的合伙人,<-Pingpi>: [鼓掌][鼓掌][鼓掌],<Peggie-C>: 为什么内衣只有s码[可怜] @优里娜,<超大大嘴猴hellokitty>: 送我就好了,<shallweshallwe_>: 因为你爱上运动[爱心]️,<莉莉丝J>: [挤眼][来],<asas537_720>: 喜欢喜欢,<Hzzzzzz啊>: 这个喜欢了！好适合我跳舞！,<小蕴_>: [笑而不语][笑而不语],<KlK楠楠>: 买买买太好看了,<s75193>: 转发微博,<森林老虎与黄油>: [微笑],<amiu-谁还不是小仙女>: 转发微博,<ZHaolingyun->: [好喜欢][好喜欢][好喜欢][好喜欢],<少了个猫>: 有身材穿什么都 好看,<爱上一颗天上的星星>: [色][色][色],<小蜜瓜sweety>: 转发微博,<胡i笑笑baby>: [鲜花][鲜花][鲜花],<洪鞋子_>: [心][心][心]贴心防晒设计,<一米-__阳光>: 转发微博,<绿番茄星球>: 基础款，百搭,<阿拉蕾喜欢小雨>: 转发微博,<我爱的少年已不如初12767>: 想要那个白外套,<爱你的侯老师>: [鲜花][鲜花][鲜花]好,<1988我要跟这个世界谈谈>: 转发微博,<名爵艺人文化传媒>: 美美嗒[心][心][心][心],<苁珊>: 看起来不错，血液流通也会顺畅,<Lynn看电影才是正经事>: 刷微博都能刷到我昕。偷偷表白，永远爱你摸摸哒。[爱你][爱你][爱你],<松鼠阿木木>: 走一个抽我,<四十度粉>: Repost,<饭饭爱瑜伽>: @优里娜,<饭饭爱瑜伽>: 厉害了，还能防晒。瑜伽老师的我好想要[色][色][色],<手机用户06031006>: 瑜伽老师的我必须要来一套啊[胜利]️[胜利]️[胜利]️ @优里娜  ,<Missmissmissum>: 厉害了！,<KiAile-小小舒>: 我我我！！,<你咋还有脸胖下去>: [并不简单][并不简单][并不简单]这个可以有啊！,<图拉小姐>: 来一条[来],<爱你的侯老师>: [给力][给力][给力]好,<想取个漂亮名字那么难呢>: 转发微博,<恋雨猫猫>: 有防晒功能真的太好了,<撒浪嘿呀撒浪嘿呀>: 好适合要减肥的我[爱你],<Honey_桢>: 竟然还能防晒？？]
yurinashan	颜值高又实穿的运动衣系列解说来了！！这次带上运动达人昕姐跟大家实力讲解一下这些运动衣的功能性！爱健身的穿上非常吸睛，不爱健身的穿上估计都想去运动啦！这么好穿，真的有什么好不买的[眼泪][眼泪]两款四个配色一定能找到你喜欢的🤗优里娜的秒拍视频春夏新款运动内衣无钢圈聚拢瑜伽健身房背心式薄款文胸春夏新款运动内衣背心款防震聚拢无钢圈健身房瑜伽文胸 ​​​ 全文	[<不爱吃面面面面面面面>: 回复 @优里娜 :U，裸粉色内衣求补m.L码！！！,<优里娜>: 关于粉红无袖罩衫，其实是宽松款式的，店里的妹纸SM都能轻松穿下S，但是如果是大骨架L或者比较肉肉的妹纸大概只能爱莫能助了[泪]我这边也在积极联系工厂这边看看还能不能补货，真的对不起辜负了大家喜爱,<郭郭郭语涵>: 真的粉色的只有S啊怎么买啊。。。,<李莫愁i>: 回复 @不爱吃面面面面面面面 :^_^^_^^_^^_^,<李莫愁i>: 回复 @不爱吃面面面面面面面 :^_^^_^^_^^_^ ^_^ ^_^ ^ ^_^_^  ^_^  ^_,<李莫愁i>: 回复 @不爱吃面面面面面面面 :^_^_ ^_^ ^_^^_^^_^^_^^_^^^_^    ^_^,<苁珊>: 嗯嗯，焦糖色好看，这个若也有粉色就好啦[挤眼],<永不倒下的何小畅>: 回复 @妈勒个巴子王 :哎，越来越胖……,<妈勒个巴子王>: @永不倒下的何小畅,<Leeeeeee-66>: 哪件跑步穿比较好呀,<杏仁哦>: 大胸穿不了,<大雯头很big>: 为什么优里身上这款稻花妈妈也卖过呢,<曾经蔚蓝wzm>: 没胸都舒服,<Zzz_XxYyy>: 回复 @优里娜 :完蛋了，好怕抢不到，昨天以为是今天拍闹好了闹钟结果拍不了以为是一秒没了 ，吓死 还好又看了下日期………,<优里娜>: 回复 @Zzz_XxYyy :因为数量不多[眼泪]目前加购已经超出备货量了。我这边也在联系工厂能不能加，但是运动衣跟普通的衣服在面料和工艺上要求都不一样，货期也比较长,<不爱吃面面面面面面面>: 回复 @优里娜 :就看到只有s呢，m和l都没有[泪],<Zzz_XxYyy>: 为什么说粉色那件不敢推？,<ABUJ>: 喜欢代理穿的那件上衣～,<优里娜>: 回复 @不爱吃面面面面面面面 :可以去店铺看哦能加购的应该都有的，裸粉这件我都不敢推[黑线]货量不多喜欢大概上新要抢一下[眼泪],<咚哩个咚咚是良家腐女>: 粉色的只有s哎]
yurinashan	我不管～！趁你们睡前来卖个萌[吐舌头]今天一天拍了三条彩妆视频快要累die啦～所有底妆工具这次都用了自家的宝贝，其中最爱的就是这个超软萌的美妆蛋了，价格也超实惠只要9.9～这么便宜我就不送啦～哈哈哈🤗喜欢就加购吧～优里娜的秒拍视频葫芦粉扑化妆海绵非乳胶美妆蛋彩妆美容化妆工具 干湿两用 ​​​	[<美少女八十斤>: 从120到80 谁知道我经历什么[失望],<木易青争Janice>: 能不能拍个梳子的视频？？？,<768s>: 不走可爱风 我们还能愉快玩耍,<-赛萌->: 其实可以用彩妆蛋出个上底妆视频都好。。。,<ABUJ>: 卖萌的u总～,<落入凡尘的刺猬>: 选进购物车了，不能单独买[鼻涕],<王咏唱>: 尖脸瘦脸 实在不适合卖萌·····看着有些尴尬。,<郁蒸廿四>: 哇 很好看诶 感觉有点儿混血！,<半夜敲窗的兔子>: 18岁无疑,<战略投资分析师>: 回复 @神经大条的耳朵 :。。。,<神经大条的耳朵>: 半老徐娘了…还,<一只爱吃草莓的猴er>: [笑cry],<CC魔王>: 哈哈 好可爱的小优,<小野不由美>: 买过一次失败的海绵后没再用过[泪],<优里娜>: 蛋蛋是吸水能变大，干湿两用的那种。非乳胶的不容易掉屑也更耐用一些。美妆蛋市面上已经很多啦，这次是选了颜色比较软萌的，化妆的时候看着心情会特好[喵喵]是给大家平时凑单准备的。用法了话之后的很多个仿妆都有用到它，具体讲解可以看后期推的仿妆哦～[haha],<就喝高乐高>: 真的觉得可爱风不适合你,<橘喵医生>: 回复 @橘喵医生 :谁愿意当冤大头谁就买呗，呵呵了[摊手],<琞巛>: 9.9还嫌贵的你岂不是要说beautyblender是在抢钱了？[二哈],<不完美女孩---555>: 笔芯，好可爱，我还说脸上的斑好不容易没了，可以美美的撸妆了[太开心][太开心],<戚质如薇-oo>: 可是要邮费[委屈],<不爱吃面面面面面面面>: 哎呀，我喜欢[飞吻],<小烦了了>: [并不简单],<优里娜>: 回复 @汕头有只小白 :今天刚拍的，等我配音一下教程就上线，等我哈[haha],<优里娜>: 友情提示[喵喵]你们还是想要了话去转发总预览转发微博，50个美妆蛋等着你们呀[挤眼],<yb正品美瞳社>: 这样子真的好好看呢,<我不想当迪士尼公主了>: 感觉很好用]
yurinashan	刚才穿越回高中了[喵喵][喵喵]我今晚也要和上新奋斗到半夜了陪你们一起[爱你][爱你] 高考加油[抱抱]但话说感觉我粉丝年龄貌似成熟点真的有在高考的宝宝吗[眼泪][眼泪] ​​​	[<大QiQimua>: 太好看了吧[舔屏][舔屏][舔屏],<嘉L-K>: 这里这里 还有两天要高考了[并不简单],<堂本刚的腿毛由我守护>: 去年高考来着[害羞],<鲸落95517>: 我明年高考呢🤔,<Roxanne_慧>: 去年高考的粉丝算不算[二哈],<baby10->: 要毕业了[笑cry],<Caixiting298198208>: 我啊[爱你],<张张莹z>: 我毕业狗[并不简单],<LUHAN我>: 这里[污],<翊羽干痕>: 我该高考了，还有两天,<水果快到碗里来2>: [允悲][允悲][允悲]为什么还有这么小的,<miYM->: 明天就高考喽[污],<北岛霖>: 马上学考的粉丝在这里,<Shelly-cheng>: 美瞳在哪入？,<崔一哚>: 小优美瞳是什么呀,<winnieheyingyu>: 回复 @不想吐槽的种花家正义之士 :接住你的抱,<winnieheyingyu>: 回复 @LemonO-O :我是文科生啦,<孙小馨馨>: 举手且明年,<猫窝里有毒>: 有啊有啊喜欢你很多年了,<EEEEvangeline>: 我呀~高考倒计时三天~,<云轨之上>: 有啊，文科狗走起,<不想吐槽的种花家正义熊猫酱酱>: 回复 @winnieheyingyu :文科狗抱你[喵喵],<attentionall>: 回复 @SUGER-娜 :这里 还有23天中考的粉丝,<白云未染上污秽>: 在这里！！[爱你]紧张的睡不了觉！简直,<郭科聪->: 这里……,<单萱璇>: 🙋🏻 还有两天啦,<橘枳o>: 快要中考的我,<迷一样的妹子呀小迷妹>: 已毕业[笑cry],<LemonO-O>: 回复 @winnieheyingyu :理科狗抱住了你[doge][doge][doge]加油啊,<叶蕙心啊>: 举手🤗🤗🤗🤗,<菠萝果冻布丁>: 那会有黑眼圈🙈,<陈宗早易经咨询>: 高考期间，考生宜穿黑色衣物，不宜穿红色、艳丽色衣物。 [钱],<mikaop>: 有的呢~刚刚放学回到家 [笑cry][笑cry][笑cry][笑cry],<毛嘉芮嘉毛>: 这啊这啊,<9nix>: 我[二哈],<咩咩大丸子66>: 好可爱 小优 有不有祛痘的产品啊 什么好啊,<圆眼姑娘长睫毛>: [doge]我一个95的老女人,<圆眼姑娘长睫毛>: [doge]我一个95的老女人,<是想养一只猫的>: 美呆了我的优,<胖友你好阿>: 高考过两年的老宝宝了[作揖],<PANDANFENGA>: 有的有的 姐姐 我马上要高考了[可爱],<1999椼>: 我[拜拜]但是我真的一点儿都不没有紧张感[眼泪],<左甜甜甜甜>: 好漂亮啊，有点儿像娜扎,<高贵冷艳的团灯牌>: 还有三天高考的我什么都背不进去了[二哈],<winnieheyingyu>: 在这呢～～～ 还有3天就高考了～～～,<今天别迟到>: 希望自己能考个好成绩，加油[太开心],<SUGER-娜>: 哈哈，姐姐你还有要中考的粉丝[嘻嘻]这里[来][来],<SEHUNYUYI>: 啊啊啊啊真的超美！！！！！[心],<胡i笑笑baby>: 好可爱啊,<小君依依>: 好嫩[挤眼],<顾的喵咛>: 一直关注 但确实没有合适我这21岁年龄的衣服 太成熟了不敢穿[奥特曼],<小潘潘潘思如>: 这里[太开心]]
yurinashan	【上新价69 砖+攒 song一件运动背心】关于这款运动背心本来想找一些健身肉体图来卖安利的，没想到女明星们也太爱拿它做日常搭配了[眼泪]这件版型确实好看，宽松却不臃肿。后背的镂空小性感搭配本期上的运动bra平时出街也完全OK[好]完全小心机。给你们准备了两个颜色，这个裸粉我给它颁发显白第一名🥇 ​​​ 全文	[<DEMO-迷离>: 喜欢，超赞的[笑哈哈] @字迹潦草-夏   @闫夏之轶   @如意明月1  ,<s75193>: 颜色好美,<四十度粉>: [哆啦A梦美味][哆啦A梦美味][哆啦A梦美味],<芊芊奶罩客栈>: 回复 @不行我得改个名儿_ :分享她家美背内衣哦 @芊芊奶罩客栈   http://t.cn/RS9OfiW,<甜钰moxingking->: @优里娜   送什么背心,<乄--yy>: 一直都很忠爱粉色，能送我吗？,<左子了>: 转发微博,<-Pingpi>: [馋嘴][馋嘴],<Jennifer6_jin>: 至正在减肥的我,<Ami--lin>: 彰显身材的时刻到了,<Saren->: 系起来好好看[羞嗒嗒][羞嗒嗒][羞嗒嗒][羞嗒嗒],<Grace最爱草莓>: 好看啊！,<碎碎落繁花>: 赞，轻松利落的搭配，是真送内衣吗,<qinshuanghanz>: [爱你][爱你],<小小棉瓜>: 转发微博,<疼爱疼>: 转发微博,<sssssssuperH>: 粉背心好少女[爱心]️,<啊我痛痛痛痛>: 这能不能成为我减肥的理由[二哈],<我一点儿都不爱吃零食-LH>: 夏天就要多出汗,<Tong129yu>: 夏天就是要减肥,<撕家是小公举>: 可以说很萌了,<Snail·Z>: 我爱运动，也少了一件特色的上衣。看上就转了。,<胡i笑笑baby>: [色][色][色],<summer-小窝>: 健身 [费解],<我是秦俊杰>: 想练瑜伽的时候穿,<你咋还有脸胖下去>: 转发微博,<南方以南nnnn>: 真的好看 想买,<-今天瘦了吗->: 这个好看，而且运动内衣也好看，完全可以当美背穿[喵喵],<不行我得改个名儿_>: 求里边内搭链接,<hcaryon>: 是时候运动了,<最好的自己T>: 粉色 [爱心]️ ,<KitsanLau>: 我啊！！,<陈佳和美>: [来][来][来],<粉红小噜猪>: 粉色我的爱,<可口甜心go>: 太美了，感觉穿上会爱上做运动呢！,<奕奕Jane>: 买买买！,<憶-遺>: [色][色][色],<p1sces_amo>: @婷_14,<Yruinbbruirui>: @奥巴大能   我要买，送内衣耶,<米线yu>: [好爱哦],<取个名字可真难_>: [可爱][可爱][可爱],<来先背一遍社会主义核心价值观>: 喜欢里面的运动内衣[心],<_王小铭>: 这个是两件套嘛？,<YaJin-G>: 感觉穿了都会爱上运动了[笑cry],<超想火的短发少女>: 正适合现在健身的我[作揖][作揖][作揖],<不爱吃面面面面面面面>: 好喜欢这种搭配[心],<不爱吃面面面面面面面>: 转发微博,<MieMieTing>: [太开心],<甜钰moxingking->: 送的是什么背心,<CeeCvin_Kristy>: 太好看了[愛你][愛你][愛你]喜欢喜欢,<义星星吖>: 好喜欢 希望被小优翻次牌[色],<丫丫_fairy>: 好看好看，希望能抽中，中不了就买买买,<嘿我是你的小可爱吗>: @减肥的小甜心呀,<miracle的饺子>: pink赞,<玖_Sylll>: [委屈][委屈][委屈][委屈]宝宝，翻个牌吧,<肖丸子Katherine>: 粉色的竟然这么好看,<爱你的侯老师>: 美[色][色][色]好]
yurinashan	【光洙+卷发】[5]️[0]️份美妆蛋等着你❗️具体看海报TB[放大镜]优里娜YEROVIS  6.6 10:00上新啦！首页预览已出快去加购！本期除了之前剧透的运动系列[跑]涵盖了高中低强度的运动内衣、罩衫、速干裤等，一定能找到适合你的那一款，除此还准备了性价比爆炸的实用美妆工具～我都说啦！变美的事情交给我！ ​​​ 全文	[<VV王木木>: 客服跟我说这次没有适合高强度运动的内衣……,<徐徐徐vivian小瓶盖>: 我的天啊，超美好吗，图五口红什么色号啊，哈哈刚要买，就恢复原价了[泪],<云朵的SuperAngel>: 哇塞，身材真的好炸,<蒙蒙蒙蒙妹子呀>: 我去加购美妆蛋啦[笑cry][坏笑][坏笑],<路飞断舍离>: 转发微博,<小小小小麦-mai>: 鞋子是什么牌子的呀,<一枚小小吃货ing>: 转发微博,<王嘉尔的laopo>: 美妆蛋[鼓掌][鼓掌][鼓掌],<王嘉尔的laopo>: 美妆蛋[鼓掌][鼓掌][鼓掌][鼓掌],<crazyhua219>: 转发微博,<M米琪>: 转发微博,<Ann1790>: 图二的墨镜 是什么,<大眼_zz>: 感觉穿起来不运动也敲美的。,<绿水菠萝>: 喜欢[飞吻],<汝家九月>: [兔子],<Ivy_c>: 可以多出些上班穿的衬衣吗,<Tina_Shum>: 卷发棒有视频教学吗？[羞嗒嗒],<樱小羽Cassie>: [干杯][干杯][干杯],<壞縔>: 有没有长款的背心啊，有肚肚，有肉肉[眼泪],<ai诺乖乖>: 美美哒，一直默默关注中,<iillynn>: 粉色的运动内衣没有M[泪],<肖明妃>: 希望运动装品质好点，衣服真的不敢恭维！,<saigan酱>: @Allure丶扑街   [眼泪],<苁珊>: 粉色的好看，又有点担心会有点漏[笑cry],<影潮6256099087>: 回复 @XIONGSHUYI熊 :【优里娜YEROVIS】复制这条信息，￥gGVKZw0aCZM￥ ，后打开[向右]手机淘宝[向左][/cp],<-言不由衷lin>: [doge][doge][doge],<-言不由衷lin>: 拉低中奖率[doge],<Vega3>: @Katttttherine,<dA毛_MM>: 快到碗里来。以前买过，用来涂BB的。,<路转溪桥26532>: 听说彩妆蛋好用,<想当海豚的潜水艇>: 刚想买运动装，小优家就出了，真是大爱[哈哈],<白衣少年她寄几>: 运动套装不错！,<优里娜>: 回复 @妞妞fai :有呀，高中低强度bra都有的这次,<盛宴易散>: 转发微博,<胡i笑笑baby>: [鼓掌][鼓掌][鼓掌][鼓掌][鼓掌][鼓掌],<寻寻you觅me>: 小u身材好棒,<蝌蚪心情a>: 好美的运动衣,<love宋兴琳>: 中奖绝缘体来拉低中奖率啦,<佞幸之物>: [二哈][二哈][二哈]，看人品啦，希望希望希望,<小胖纸爱吃饼干>: 美妆蛋哦！宝宝的rt坏掉了[求关注],<蜜糖魔头>: 粉色运动文胸 不能跑步吧？支撑不够,<软妹朦>: 美妆蛋转一发[憧憬],<wydxnl>: 想要想要！！！,<巴卫sama的媳妇儿>: 厉害了噢,<阿水ya>: 讲真设计感十足诶 后背都蛮美的～期待,<妞妞fai>: 运动内衣有卖吗,<安娜酱-_->: 最近刚好想买运动衣，小优太及时了,<hello我是微光>: 期待解说,<sddddy>: 好棒[强],<迪迪籽不说话>: 试试美妆蛋[思考],<Circular_W>: 为什么这一期我提起了十分的精神什么都要get哇哇哇,<小小晓筱>: 这期好好看]
yurinashan	这几天一个人带娃打怪中，新阿姨月底才能到😫 这个空窗期简直太折磨人！昨天坐了[樱花]hello kitty的飞机去找堂弟，想着有个弟弟陪应该比较好，没想到两人年龄一样大一直抢玩具吵架😅 结论就是不要随便生娃，因为带娃可是比工作辛苦100倍的[微笑] #辣妈红人周# ​​​	[<优里娜>: 回复 @張丹_heart :全职妈妈真的很6,<优里娜>: 回复 @胡双stefanie :🤔🤔🤔🤔,<优里娜>: 来个小精灵OOTD，都是她自己搭配的～ 上衣baby gap绿色的（她说要和小美人鱼一样），裤子是意大利品牌的leggings，外套Burberry baby，鞋子frozen，背包mini from Disney。所有的都是在国外对折的时候买的[眼泪][眼泪],<林皓BB>: 我每次单独带两个儿子上街，身边的大爷大妈都好像看女超人经过一样[允悲],<胡双stefanie>: 哈哈哈，小u是不是不敢生二胎了呀[笑而不语][笑而不语],<水果快到碗里来2>: 不是听说六号有个上新吗，为啥没看到剧透[偷笑],<静静想当女侠>: 大了就好多啦,<黄油小蘑菇>: 好像韩国那个 秋小爱~ 可爱,<alyse-zhu>: 这架飞机好可爱[心],<張丹_heart>: 哈哈哈那我这种全职带娃的可能已经死过几回了[二哈],<一路乘风愿岁月安好>: 姑娘很帅,<LovebabyVivian->: 这么快就这么大了 关注你的时候你还没怀孕,<蒙蒙蒙蒙妹子呀>: 小精灵真可爱,<肥肥小婷>: 上班比带娃轻松多了！,<小小叶和小小周>: 哈哈哈，你绝对是昧着良心说话的,<亭子Wasabi>: 哈哈，杰奎琳穿很时髦呀,<爱上石原贵雅的七清妙音>: 甜蜜的负担[爱你],<lou猪31782>: 哈哈哈，真的不要随便生娃,<我就是要叫张大宝>: 但是见不到又想到不行，还会内疚呢,<橘子味失眠中>: 我想问你之前孕期出现妊娠纹了吗？有没有用什么防护或修复的产品能推荐吗？,<洋子_Yoki>: 宝贝长大了！[兔子],<赵只只YLY>: [心][心],<开微博以来第一次改名>: 不能更赞，小孩就是麻烦,<小沫酱w>: 回复 @优里娜 :哈哈哈，跟我们小时候被粑粑麻麻嫌弃并被爱着一样，见不得离不得[嘻嘻],<kakayami>: 所以朋友说我好开心整天带娃出去玩她也不想上班带娃，我就呵呵哒……,<一个只想赚钱的老仙女>: 想了想身边的有孩子的人 再脑补了一下你说的画面 嗯 结婚生孩子果然是耽搁玩的时间 [二哈][二哈],<优里娜>: 回复 @小沫酱w :不要说一年了，之前连着出差快一个月都想的不行[泪],<小姑娘吃大大饼>: 谁说不是呢……[泪]]
yurinashan	趁着假期搞收纳！！顺便给你们分享一下平时在用的洗浴产品和头发造型产品[耶]都是已经历经好几轮淘汰留下来的了[眼泪][并不简单] 这次搬家搬到吐血，道理都懂可就是忍不住买买买。点赞这条想送大家一些闲置，都是之前买来囤货的库存，全新哦～ 因为我决定要当极简主义了[眼泪][眼泪] ​​​	[<卉卉-angel>: 我啥都不介意,<小酸菜小酸菜>: 都是美美哒的好货呀,<Defertoneminem-L>: 小优有没有洗完头发蓬松的洗发水推荐啊[失望]发量少顺毛星人痛苦[失望],<黑凤梨菠萝酱>: 看到了像火龙果的磨砂膏,<蒙蒙蒙蒙妹子呀>: 回复 @Diane乔 :被你种草了[笑而不语][笑而不语][笑而不语],<Diane乔>: 回复 @蒙蒙蒙蒙妹子呀 :喜欢伊索too[哈哈][哈哈],<小鹿的小树>: 不知道我能不能这么幸运被小优选中,<Ace婉婉>: 想要你的闲置[悲伤],<花卷儿-123>: 求推荐好用的造型产品！！！,<蒙蒙蒙蒙妹子呀>: 喜欢伊索,<WAD3-罗珊珊>: 网红最近怎么个个都搬家[允悲],<Dreamer_荣儿>: 我真的要好好收纳一下[笑cry],<青更1229>: 那很棒棒哦。,<GYHSLUCKY>: 会不会被小姐姐抽到  http://t.cn/RSfnJaR,<虚浮不定->: 交给我你放心,<没错-是我酱子鱼>: 头发的养护很需要啊[鼓掌][鼓掌][鼓掌],<水果快到碗里来2>: 回复 @Lliuwell :我感觉也就一般吧，没有说用着特别惊喜,<Lliuwell>: 回复 @水果快到碗里来2 :去油效果怎么样,<王_令_>: 1我也要当极简主义 但是做不到[允悲],<喻勤-yuqin0108a>: 点赞压力太大，我还是来评价下好[嘻嘻],<阳光海伦花园>: 急需洗浴产品推荐,<Diane乔>: 小优看这边,<杜萍小朋友>: 小优求剧透,<虹色washabi>: [挤眼][挤眼][挤眼],<在白云上唱歌>: 回复 @梦中的神火 :求瘦 私你了,<Cheryl-Emma>: 女生的通病，买了很多东西，最后却可能一直放在那都没开封[汗],<nicaaaa>: 伊索好用～,<ABUJ>: 哈哈哈哈lush的好用,<沈Xxxs>: 看的很很过瘾,<Evelyn_FFz>: 我也在用丝蕴,<Onion110>: 我看到了coco,<水果快到碗里来2>: 回复 @Lliuwell :我觉得一般般,<梦中的神火>: 上两月减了28斤 现在也在研究化妆[眼泪],<小怪兽_59535>: 想要伊索[太开心],<叶紫儿happy>: 鼓掌鼓掌,<冥顽不灵的我一本正经地快乐着>: 同样的心得！就算有了同样的东西还是忍不住买买买！屯着！,<Zy-君君君君>: 我要伊索·我要伊索····,<Q灿灿Q>: 呀呀呀，同款面膜,<muan奢侈品原单复刻>: 回复 @胡双stefanie :[心],<muan奢侈品原单复刻>: 回复 @CC魔王 :大量网红同款鞋包[心][心],<半夜敲窗的兔子>: 小尾巴翘起来[哈哈],<五月sarin>: 快上新吧，种草直播里的黑蕾丝白裙子,<小小王O_oW>: 哇刚剪了短发的我,<Ajing静静静>: 我用的碧欧泉绿水，很补水，但是他家没有乳，只有霜，我觉得夏天用太油了……求推荐好用的乳，搭配用,<我种下一颗浆果>: 好多产品含硅哦 不好的,<Vengo-我们走>: [赞][赞][赞],<不是你的eggegg>: 买买买的时候是不需要理智的哈哈,<弹你个大大的脑瓜嘣>: 想要[爱你],<茹茹小李李>: 回复 @仙仙xue :澳洲留学 有需要的找我 lorna0108微信,<D-nite>: 回复 @Moka最甜 :真的么 哪里体现了[可怜]]
